level	page_num	block_num	par_num	line_num	word_num	left	top	width	height	conf	text
1	1	0	0	0	0	0	0	6844	3518	-1	
2	1	1	0	0	0	2035	5	94	3	-1	
3	1	1	1	0	0	2035	5	94	3	-1	
4	1	1	1	1	0	2035	5	94	3	-1	
5	1	1	1	1	1	2035	5	94	3	12.853271	as
2	1	2	0	0	0	3497	5	378	4	-1	
3	1	2	1	0	0	3497	5	378	4	-1	
4	1	2	1	1	0	3497	5	378	4	-1	
5	1	2	1	1	1	3493	0	68	18	0.000000	SNe
2	1	3	0	0	0	209	199	395	95	-1	
3	1	3	1	0	0	209	199	395	95	-1	
4	1	3	1	1	0	209	199	395	95	-1	
5	1	3	1	1	1	209	199	95	95	0.000000	/D
5	1	3	1	1	2	352	203	81	75	92.198456	MAIN
5	1	3	1	1	3	479	203	125	75	92.198456	P.C.B
2	1	4	0	0	0	2486	202	430	95	-1	
3	1	4	1	0	0	2486	202	430	95	-1	
4	1	4	1	1	0	2486	202	430	95	-1	
5	1	4	1	1	1	2486	202	91	95	12.735298	oO
5	1	4	1	1	2	2632	235	150	33	90.750648	AUDIO
5	1	4	1	1	3	2802	236	114	33	88.582489	P.C.B
2	1	5	0	0	0	4788	221	1189	94	-1	
3	1	5	1	0	0	4788	221	1189	94	-1	
4	1	5	1	1	0	4788	221	1189	94	-1	
5	1	5	1	1	1	4788	225	51	86	58.381165	J
5	1	5	1	1	2	4862	221	16	94	70.700188	|
5	1	5	1	1	3	4907	254	167	34	96.474312	POWER
5	1	5	1	1	4	5092	254	195	35	92.658577	SOURCE
5	1	5	1	1	5	5306	255	116	34	85.544411	P.C.B.
5	1	5	1	1	6	5454	256	87	40	96.148499	(For
5	1	5	1	1	7	5558	256	117	34	95.568665	U.S.A.
5	1	5	1	1	8	5704	259	76	32	96.242935	and
5	1	5	1	1	9	5798	258	179	41	96.141632	Canada)
2	1	6	0	0	0	4097	312	289	38	-1	
3	1	6	1	0	0	4097	312	289	38	-1	
4	1	6	1	1	0	4097	312	289	38	-1	
5	1	6	1	1	1	4097	312	289	38	96.016167	REGULATOR
2	1	7	0	0	0	972	400	39	9	-1	
3	1	7	1	0	0	972	400	39	9	-1	
4	1	7	1	1	0	972	400	39	9	-1	
5	1	7	1	1	1	972	400	39	9	35.547379	ohh}
2	1	8	0	0	0	4096	370	118	36	-1	
3	1	8	1	0	0	4096	370	118	36	-1	
4	1	8	1	1	0	4096	370	118	36	-1	
5	1	8	1	1	1	4096	370	118	36	91.868698	P.C.B
2	1	9	0	0	0	5922	395	66	13	-1	
3	1	9	1	0	0	5922	395	66	13	-1	
4	1	9	1	1	0	5922	395	66	13	-1	
5	1	9	1	1	1	5922	395	66	13	52.942932	——7
2	1	10	0	0	0	405	413	31	10	-1	
3	1	10	1	0	0	405	413	31	10	-1	
4	1	10	1	1	0	405	413	31	10	-1	
5	1	10	1	1	1	405	413	31	10	29.321259	CN
2	1	11	0	0	0	2737	414	46	4	-1	
3	1	11	1	0	0	2737	414	46	4	-1	
4	1	11	1	1	0	2737	414	46	4	-1	
5	1	11	1	1	1	2737	414	46	4	62.702213	—
2	1	12	0	0	0	310	425	219	46	-1	
3	1	12	1	0	0	310	425	219	46	-1	
4	1	12	1	1	0	310	425	219	46	-1	
5	1	12	1	1	1	310	425	55	45	18.383369	1e7
5	1	12	1	1	2	377	441	95	30	93.939735	6543
5	1	12	1	1	3	478	426	51	44	72.277222	21)
2	1	13	0	0	0	537	458	98	5	-1	
3	1	13	1	0	0	537	458	98	5	-1	
4	1	13	1	1	0	537	458	98	5	-1	
5	1	13	1	1	1	537	458	98	5	31.086464	a
2	1	14	0	0	0	563	442	25	6	-1	
3	1	14	1	0	0	563	442	25	6	-1	
4	1	14	1	1	0	563	442	25	6	-1	
5	1	14	1	1	1	563	442	25	6	87.910202	c2
2	1	15	0	0	0	751	434	41	19	-1	
3	1	15	1	0	0	751	434	41	19	-1	
4	1	15	1	1	0	751	434	41	19	-1	
5	1	15	1	1	1	751	434	41	19	84.432800	cis
2	1	16	0	0	0	876	425	38	18	-1	
3	1	16	1	0	0	876	425	38	18	-1	
4	1	16	1	1	0	876	425	38	18	-1	
5	1	16	1	1	1	876	425	38	18	76.343300	Rit
2	1	17	0	0	0	1069	438	57	17	-1	
3	1	17	1	0	0	1069	438	57	17	-1	
4	1	17	1	1	0	1069	438	57	17	-1	
5	1	17	1	1	1	1069	438	57	17	0.000000	RiG3
2	1	18	0	0	0	2622	431	28	14	-1	
3	1	18	1	0	0	2622	431	28	14	-1	
4	1	18	1	1	0	2622	431	28	14	-1	
5	1	18	1	1	1	2622	431	28	14	65.705208	rt
2	1	19	0	0	0	2622	455	45	5	-1	
3	1	19	1	0	0	2622	455	45	5	-1	
4	1	19	1	1	0	2622	455	45	5	-1	
5	1	19	1	1	1	2622	455	45	5	42.991924	hee
5	1	19	1	1	2	2657	441	13	28	33.849869	=
2	1	20	0	0	0	404	468	58	52	-1	
3	1	20	1	0	0	404	468	58	52	-1	
4	1	20	1	1	0	404	468	58	52	-1	
5	1	20	1	1	1	404	468	58	52	9.950195	i.
2	1	21	0	0	0	866	448	43	25	-1	
3	1	21	1	0	0	866	448	43	25	-1	
4	1	21	1	1	0	866	448	43	25	-1	
5	1	21	1	1	1	866	448	43	25	72.004570	Bre
2	1	22	0	0	0	1671	450	108	37	-1	
3	1	22	1	0	0	1671	450	108	37	-1	
4	1	22	1	1	0	1671	450	108	37	-1	
5	1	22	1	1	1	1671	473	17	14	0.000000	»
5	1	22	1	1	2	1704	450	75	37	37.684177	QI0!
2	1	23	0	0	0	1885	458	52	17	-1	
3	1	23	1	0	0	1885	458	52	17	-1	
4	1	23	1	1	0	1885	458	52	17	-1	
5	1	23	1	1	1	1885	458	52	17	0.000000	CiO3
2	1	24	0	0	0	1958	465	27	14	-1	
3	1	24	1	0	0	1958	465	27	14	-1	
4	1	24	1	1	0	1958	465	27	14	-1	
5	1	24	1	1	1	1958	465	27	14	85.400452	or
2	1	25	0	0	0	2545	467	48	18	-1	
3	1	25	1	0	0	2545	467	48	18	-1	
4	1	25	1	1	0	2545	467	48	18	-1	
5	1	25	1	1	1	2545	467	48	18	37.422943	carr
2	1	26	0	0	0	2770	466	126	19	-1	
3	1	26	1	0	0	2770	466	126	19	-1	
4	1	26	1	1	0	2770	466	126	19	-1	
5	1	26	1	1	1	2770	466	56	18	37.894951	7803
5	1	26	1	1	2	2854	466	42	19	72.260468	cer
2	1	27	0	0	0	3093	468	41	16	-1	
3	1	27	1	0	0	3093	468	41	16	-1	
4	1	27	1	1	0	3093	468	41	16	-1	
5	1	27	1	1	1	3093	468	41	16	71.331955	809
2	1	28	0	0	0	3164	468	29	17	-1	
3	1	28	1	0	0	3164	468	29	17	-1	
4	1	28	1	1	0	3164	468	29	17	-1	
5	1	28	1	1	1	3164	468	29	17	73.305885	ce
2	1	29	0	0	0	5629	397	143	84	-1	
3	1	29	1	0	0	5629	397	143	84	-1	
4	1	29	1	1	0	5629	397	143	84	-1	
5	1	29	1	1	1	5629	404	41	77	67.136765	{
5	1	29	1	1	2	5736	397	36	51	56.546219	a
2	1	30	0	0	0	240	491	44	26	-1	
3	1	30	1	0	0	240	491	44	26	-1	
4	1	30	1	1	0	240	491	44	26	-1	
5	1	30	1	1	1	240	491	44	26	63.636452	wl
2	1	31	0	0	0	327	503	29	12	-1	
3	1	31	1	0	0	327	503	29	12	-1	
4	1	31	1	1	0	327	503	29	12	-1	
5	1	31	1	1	1	327	503	29	12	32.063057	7
2	1	32	0	0	0	495	443	209	103	-1	
3	1	32	1	0	0	495	443	211	103	-1	
4	1	32	1	1	0	495	443	209	103	-1	
5	1	32	1	1	1	495	443	209	103	9.518852	ea
2	1	33	0	0	0	832	494	38	20	-1	
3	1	33	1	0	0	832	494	38	20	-1	
4	1	33	1	1	0	832	494	38	20	-1	
5	1	33	1	1	1	832	494	38	20	24.191193	O14
2	1	34	0	0	0	968	486	22	14	-1	
3	1	34	1	0	0	968	486	22	14	-1	
4	1	34	1	1	0	968	486	22	14	-1	
5	1	34	1	1	1	968	486	22	14	54.613361	i?
2	1	35	0	0	0	1276	496	150	5	-1	
3	1	35	1	0	0	1276	496	150	5	-1	
4	1	35	1	1	0	1276	496	150	5	-1	
5	1	35	1	1	1	1276	496	150	5	37.824574	2S
2	1	36	0	0	0	1957	481	29	22	-1	
3	1	36	1	0	0	1957	481	29	22	-1	
4	1	36	1	1	0	1957	481	29	22	-1	
5	1	36	1	1	1	1957	481	29	22	43.809509	aI
2	1	37	0	0	0	2542	499	141	19	-1	
3	1	37	1	0	0	2542	499	141	19	-1	
4	1	37	1	1	0	2542	499	141	19	-1	
5	1	37	1	1	1	2542	499	54	14	0.000000	—™r
5	1	37	1	1	2	2626	499	57	19	41.735527	980i
2	1	38	0	0	0	3193	491	48	17	-1	
3	1	38	1	0	0	3193	491	48	17	-1	
4	1	38	1	1	0	3193	491	48	17	-1	
5	1	38	1	1	1	3193	491	48	17	30.290405	a
2	1	39	0	0	0	4045	484	85	32	-1	
3	1	39	1	0	0	4045	484	85	32	-1	
4	1	39	1	1	0	4045	484	85	32	-1	
5	1	39	1	1	1	4045	484	85	32	37.919586	iC.12
2	1	40	0	0	0	5609	478	48	27	-1	
3	1	40	1	0	0	5609	478	48	27	-1	
4	1	40	1	1	0	5609	478	48	27	-1	
5	1	40	1	1	1	5609	478	48	27	92.810402	fac
2	1	41	0	0	0	6227	512	89	4	-1	
3	1	41	1	0	0	6227	512	89	4	-1	
4	1	41	1	1	0	6227	512	89	4	-1	
5	1	41	1	1	1	6223	497	24	28	19.757683	aoe
5	1	41	1	1	2	6260	512	56	4	44.395866	cue
2	1	42	0	0	0	687	527	11	12	-1	
3	1	42	1	0	0	687	527	11	12	-1	
4	1	42	1	1	0	687	527	11	12	-1	
5	1	42	1	1	1	687	527	11	12	36.246723	v
2	1	43	0	0	0	1072	542	24	4	-1	
3	1	43	1	0	0	1072	542	24	4	-1	
4	1	43	1	1	0	1072	542	24	4	-1	
5	1	43	1	1	1	1072	542	24	4	44.310684	_
2	1	44	0	0	0	1881	524	58	19	-1	
3	1	44	1	0	0	1881	524	58	19	-1	
4	1	44	1	1	0	1881	524	58	19	-1	
5	1	44	1	1	1	1881	524	58	19	79.247475	R'05
2	1	45	0	0	0	1958	504	28	20	-1	
3	1	45	1	0	0	1958	504	28	20	-1	
4	1	45	1	1	0	1958	504	28	20	-1	
5	1	45	1	1	1	1958	504	28	20	84.678497	al
2	1	46	0	0	0	2780	511	116	14	-1	
3	1	46	1	0	0	2780	511	116	14	-1	
4	1	46	1	1	0	2780	511	116	14	-1	
5	1	46	1	1	1	2780	511	116	14	0.000000	—peor
2	1	47	0	0	0	3271	499	146	34	-1	
3	1	47	1	0	0	3271	499	146	34	-1	
4	1	47	1	1	0	3271	499	146	34	-1	
5	1	47	1	1	1	3271	520	20	13	22.514030	a
5	1	47	1	1	2	3378	499	39	34	33.067719	ae
2	1	48	0	0	0	4231	496	78	30	-1	
3	1	48	1	0	0	4231	496	78	30	-1	
4	1	48	1	1	0	4231	496	78	30	-1	
5	1	48	1	1	1	4231	496	35	30	25.808449	1C.1
5	1	48	1	1	2	4297	498	12	27	62.881996	|
2	1	49	0	0	0	407	555	40	19	-1	
3	1	49	1	0	0	407	555	40	19	-1	
4	1	49	1	1	0	407	555	40	19	-1	
5	1	49	1	1	1	407	555	40	19	71.427994	224
2	1	50	0	0	0	626	560	3	10	-1	
3	1	50	1	0	0	626	560	3	10	-1	
4	1	50	1	1	0	626	560	3	10	-1	
5	1	50	1	1	1	626	560	3	10	36.492859	'
2	1	51	0	0	0	1170	472	383	111	-1	
3	1	51	1	0	0	1170	472	387	111	-1	
4	1	51	1	1	0	1170	472	383	111	-1	
5	1	51	1	1	1	1170	552	1	3	26.146729	|
5	1	51	1	1	2	1235	510	60	46	18.364731	Daa
5	1	51	1	1	3	1314	472	140	111	0.000000	paFTE
5	1	51	1	1	4	1483	496	70	30	8.525078	Rs
2	1	52	0	0	0	2016	555	56	5	-1	
3	1	52	1	0	0	2016	555	56	5	-1	
4	1	52	1	1	0	2016	555	56	5	-1	
5	1	52	1	1	1	2016	555	56	5	29.313576	=
2	1	53	0	0	0	4343	544	45	27	-1	
3	1	53	1	0	0	4343	544	45	27	-1	
4	1	53	1	1	0	4343	544	45	27	-1	
5	1	53	1	1	1	4343	544	45	27	64.679108	ter
2	1	54	0	0	0	5780	540	28	16	-1	
3	1	54	1	0	0	5780	540	28	16	-1	
4	1	54	1	1	0	5780	540	28	16	-1	
5	1	54	1	1	1	5780	540	28	16	93.698578	Ni
2	1	55	0	0	0	5788	559	28	10	-1	
3	1	55	1	0	0	5788	559	28	10	-1	
4	1	55	1	1	0	5788	559	28	10	-1	
5	1	55	1	1	1	5788	559	28	10	34.668892	me
5	1	55	1	1	2	5814	550	5	28	73.683334	]
2	1	56	0	0	0	262	584	43	18	-1	
3	1	56	1	0	0	262	584	43	18	-1	
4	1	56	1	1	0	262	584	43	18	-1	
5	1	56	1	1	1	262	584	43	18	75.695709	c23
2	1	57	0	0	0	1504	567	27	33	-1	
3	1	57	1	0	0	1504	567	27	33	-1	
4	1	57	1	1	0	1504	567	27	33	-1	
5	1	57	1	1	1	1504	567	27	33	48.757458	Jc
2	1	58	0	0	0	1771	547	128	51	-1	
3	1	58	1	0	0	1771	547	128	51	-1	
4	1	58	1	1	0	1771	547	128	51	-1	
5	1	58	1	1	1	1771	547	17	22	33.332413	2
5	1	58	1	1	2	1835	548	64	50	13.335579	o-
2	1	59	0	0	0	1931	569	18	10	-1	
3	1	59	1	0	0	1931	569	18	10	-1	
4	1	59	1	1	0	1931	569	18	10	-1	
5	1	59	1	1	1	1931	569	18	10	16.624084	he)
2	1	60	0	0	0	2029	592	55	5	-1	
3	1	60	1	0	0	2029	592	55	5	-1	
4	1	60	1	1	0	2029	592	55	5	-1	
5	1	60	1	1	1	2029	592	55	5	63.182018	SAS
2	1	61	0	0	0	4344	579	28	20	-1	
3	1	61	1	0	0	4344	579	28	20	-1	
4	1	61	1	1	0	4344	579	28	20	-1	
5	1	61	1	1	1	4344	579	28	20	76.952209	15
2	1	62	0	0	0	5761	572	58	19	-1	
3	1	62	1	0	0	5761	572	58	19	-1	
4	1	62	1	1	0	5761	572	58	19	-1	
5	1	62	1	1	1	5761	572	58	19	70.565903	tir
2	1	63	0	0	0	6013	510	190	80	-1	
3	1	63	1	0	0	6013	510	190	80	-1	
4	1	63	1	1	0	6013	510	190	80	-1	
5	1	63	1	1	1	6013	510	190	80	44.312027	lo!
2	1	64	0	0	0	260	609	59	23	-1	
3	1	64	1	0	0	260	609	59	23	-1	
4	1	64	1	1	0	260	609	59	23	-1	
5	1	64	1	1	1	260	609	59	23	48.747543	4b
2	1	65	0	0	0	419	578	37	32	-1	
3	1	65	1	0	0	419	578	37	32	-1	
4	1	65	1	1	0	419	578	37	32	-1	
5	1	65	1	1	1	419	578	37	32	70.129776	He
2	1	66	0	0	0	714	565	145	47	-1	
3	1	66	1	0	0	714	565	145	47	-1	
4	1	66	1	1	0	714	565	145	47	-1	
5	1	66	1	1	1	714	596	41	14	45.018921	oe
5	1	66	1	1	2	779	565	80	47	3.842171	Qt
2	1	67	0	0	0	956	611	54	18	-1	
3	1	67	1	0	0	956	611	54	18	-1	
4	1	67	1	1	0	956	611	54	18	-1	
5	1	67	1	1	1	956	611	54	18	12.557640	<i
2	1	68	0	0	0	1246	616	52	17	-1	
3	1	68	1	0	0	1246	616	52	17	-1	
4	1	68	1	1	0	1246	616	52	17	-1	
5	1	68	1	1	1	1246	616	52	17	49.729988	cr09
2	1	69	0	0	0	1320	558	140	71	-1	
3	1	69	1	0	0	1320	558	140	71	-1	
4	1	69	1	1	0	1320	558	140	71	-1	
5	1	69	1	1	1	1320	558	140	71	35.901886	0166
2	1	70	0	0	0	1569	498	189	112	-1	
3	1	70	1	0	0	1569	498	189	112	-1	
4	1	70	1	1	0	1569	498	189	112	-1	
5	1	70	1	1	1	1569	498	189	112	66.095627	Qe
2	1	71	0	0	0	1908	615	57	18	-1	
3	1	71	1	0	0	1908	615	57	18	-1	
4	1	71	1	1	0	1908	615	57	18	-1	
5	1	71	1	1	1	1908	615	57	18	46.144794	RIOG
2	1	72	0	0	0	1910	585	55	23	-1	
3	1	72	1	0	0	1910	585	55	23	-1	
4	1	72	1	1	0	1910	585	55	23	-1	
5	1	72	1	1	1	1910	585	55	23	0.000000	+H
2	1	73	0	0	0	4013	614	44	18	-1	
3	1	73	1	0	0	4013	614	44	18	-1	
4	1	73	1	1	0	4013	614	44	18	-1	
5	1	73	1	1	1	4013	614	44	18	35.227486	Ci?
2	1	74	0	0	0	4168	614	44	19	-1	
3	1	74	1	0	0	4168	614	44	19	-1	
4	1	74	1	1	0	4168	614	44	19	-1	
5	1	74	1	1	1	4168	614	44	19	69.937897	cié
2	1	75	0	0	0	4343	604	45	24	-1	
3	1	75	1	0	0	4343	604	45	24	-1	
4	1	75	1	1	0	4343	604	45	24	-1	
5	1	75	1	1	1	4343	604	45	24	66.374870	4
5	1	75	1	1	2	4376	600	17	32	80.394684	|
2	1	76	0	0	0	5497	599	76	15	-1	
3	1	76	1	0	0	5497	599	76	15	-1	
4	1	76	1	1	0	5497	599	76	15	-1	
5	1	76	1	1	1	5497	599	76	15	0.000000	-—
2	1	77	0	0	0	6002	596	38	34	-1	
3	1	77	1	0	0	6002	596	38	34	-1	
4	1	77	1	1	0	6002	596	38	34	-1	
5	1	77	1	1	1	6002	596	38	34	54.157295	=]
2	1	78	0	0	0	485	617	58	27	-1	
3	1	78	1	0	0	485	617	58	27	-1	
4	1	78	1	1	0	485	617	58	27	-1	
5	1	78	1	1	1	485	617	58	27	33.523849	Ce
2	1	79	0	0	0	598	614	50	30	-1	
3	1	79	1	0	0	598	614	50	30	-1	
4	1	79	1	1	0	598	614	50	30	-1	
5	1	79	1	1	1	598	614	50	30	67.753830	Ty
2	1	80	0	0	0	709	619	58	21	-1	
3	1	80	1	0	0	709	619	58	21	-1	
4	1	80	1	1	0	709	619	58	21	-1	
5	1	80	1	1	1	709	619	58	21	63.604080	yay.
2	1	81	0	0	0	1012	655	37	4	-1	
3	1	81	1	0	0	1012	655	37	4	-1	
4	1	81	1	1	0	1012	655	37	4	-1	
5	1	81	1	1	1	1012	655	37	4	26.771408	~—
2	1	82	0	0	0	1349	648	53	5	-1	
3	1	82	1	0	0	1349	648	53	5	-1	
4	1	82	1	1	0	1349	648	53	5	-1	
5	1	82	1	1	1	1349	648	53	5	48.674309	~_—
2	1	83	0	0	0	1732	637	29	20	-1	
3	1	83	1	0	0	1732	637	29	20	-1	
4	1	83	1	1	0	1732	637	29	20	-1	
5	1	83	1	1	1	1732	637	29	20	70.557060	ci
2	1	84	0	0	0	1831	628	27	16	-1	
3	1	84	1	0	0	1831	628	27	16	-1	
4	1	84	1	1	0	1831	628	27	16	-1	
5	1	84	1	1	1	1831	628	27	16	63.918537	o7
2	1	85	0	0	0	4010	639	56	22	-1	
3	1	85	1	0	0	4010	639	56	22	-1	
4	1	85	1	1	0	4010	639	56	22	-1	
5	1	85	1	1	1	4010	639	56	22	58.738155	st
2	1	86	0	0	0	4342	629	46	27	-1	
3	1	86	1	0	0	4342	629	46	27	-1	
4	1	86	1	1	0	4342	629	46	27	-1	
5	1	86	1	1	1	4342	629	46	27	59.275124	131
2	1	87	0	0	0	5513	637	29	16	-1	
3	1	87	1	0	0	5513	637	29	16	-1	
4	1	87	1	1	0	5513	637	29	16	-1	
5	1	87	1	1	1	5513	637	29	16	67.624580	SV
2	1	88	0	0	0	5562	636	89	18	-1	
3	1	88	1	0	0	5562	636	89	18	-1	
4	1	88	1	1	0	5562	636	89	18	-1	
5	1	88	1	1	1	5562	636	89	18	57.616482	Booms
2	1	89	0	0	0	5762	627	62	28	-1	
3	1	89	1	0	0	5762	627	62	28	-1	
4	1	89	1	1	0	5762	627	62	28	-1	
5	1	89	1	1	1	5762	627	62	28	44.695442	ber
2	1	90	0	0	0	6001	630	29	26	-1	
3	1	90	1	0	0	6001	630	29	26	-1	
4	1	90	1	1	0	6001	630	29	26	-1	
5	1	90	1	1	1	6001	630	14	12	24.413345	a
2	1	91	0	0	0	6264	547	111	89	-1	
3	1	91	1	0	0	6264	547	111	89	-1	
4	1	91	1	1	0	6264	547	111	89	-1	
5	1	91	1	1	1	6264	547	111	89	13.838463	Zz
2	1	92	0	0	0	246	627	74	49	-1	
3	1	92	1	0	0	246	627	74	49	-1	
4	1	92	1	1	0	246	627	74	49	-1	
5	1	92	1	1	1	246	627	74	49	38.149071	ICI3
2	1	93	0	0	0	394	660	55	6	-1	
3	1	93	1	0	0	394	660	55	6	-1	
4	1	93	1	1	0	394	660	55	6	-1	
5	1	93	1	1	1	394	660	55	6	37.016403	=
2	1	94	0	0	0	891	660	39	13	-1	
3	1	94	1	0	0	891	660	39	13	-1	
4	1	94	1	1	0	891	660	39	13	-1	
5	1	94	1	1	1	891	660	39	13	77.438400	aa
2	1	95	0	0	0	1229	666	49	22	-1	
3	1	95	1	0	0	1229	666	49	22	-1	
4	1	95	1	1	0	1229	666	49	22	-1	
5	1	95	1	1	1	1229	666	49	22	39.362030	as%
2	1	96	0	0	0	1242	640	56	24	-1	
3	1	96	1	0	0	1242	640	56	24	-1	
4	1	96	1	1	0	1242	640	56	24	-1	
5	1	96	1	1	1	1242	640	56	24	38.806442	the
2	1	97	0	0	0	1776	654	17	15	-1	
3	1	97	1	0	0	1776	654	17	15	-1	
4	1	97	1	1	0	1776	654	17	15	-1	
5	1	97	1	1	1	1776	654	17	15	67.429817	&
2	1	98	0	0	0	1865	669	26	13	-1	
3	1	98	1	0	0	1865	669	26	13	-1	
4	1	98	1	1	0	1865	669	26	13	-1	
5	1	98	1	1	1	1865	669	26	13	28.004646	=
2	1	99	0	0	0	1900	636	254	36	-1	
3	1	99	1	0	0	1900	636	254	36	-1	
4	1	99	1	1	0	1900	636	254	36	-1	
5	1	99	1	1	1	1900	636	106	36	31.555557	1cio3
5	1	99	1	1	2	2035	648	119	7	18.042610	--*—
2	1	100	0	0	0	3145	674	51	11	-1	
3	1	100	1	0	0	3145	674	51	11	-1	
4	1	100	1	1	0	3145	674	51	11	-1	
5	1	100	1	1	1	3145	674	51	11	11.885590	a
2	1	101	0	0	0	3293	680	117	7	-1	
3	1	101	1	0	0	3293	680	117	7	-1	
4	1	101	1	1	0	3293	680	117	7	-1	
5	1	101	1	1	1	3293	680	117	7	0.000000	-_——.
2	1	102	0	0	0	3314	662	103	7	-1	
3	1	102	1	0	0	3314	662	103	7	-1	
4	1	102	1	1	0	3314	662	103	7	-1	
5	1	102	1	1	1	3314	665	12	2	68.074463	—
5	1	102	1	1	2	3342	662	75	7	32.472794	=
2	1	103	0	0	0	4167	636	62	36	-1	
3	1	103	1	0	0	4167	636	62	36	-1	
4	1	103	1	1	0	4167	636	62	36	-1	
5	1	103	1	1	1	4167	636	62	36	5.028564	He
2	1	104	0	0	0	4342	655	31	26	-1	
3	1	104	1	0	0	4342	655	31	26	-1	
4	1	104	1	1	0	4342	655	31	26	-1	
5	1	104	1	1	1	4342	655	31	26	93.235374	12
2	1	105	0	0	0	6346	635	23	34	-1	
3	1	105	1	0	0	6346	635	23	34	-1	
4	1	105	1	1	0	6346	635	23	34	-1	
5	1	105	1	1	1	6346	635	23	34	0.000000	z)
2	1	106	0	0	0	487	682	169	35	-1	
3	1	106	1	0	0	487	682	169	35	-1	
4	1	106	1	1	0	487	682	169	35	-1	
5	1	106	1	1	1	487	698	6	19	45.355522	|
5	1	106	1	1	2	519	682	137	30	10.895241	68432)
2	1	107	0	0	0	1004	706	33	4	-1	
3	1	107	1	0	0	1004	706	33	4	-1	
4	1	107	1	1	0	1004	706	33	4	-1	
5	1	107	1	1	1	1004	706	33	4	51.743172	—
2	1	108	0	0	0	1078	706	41	10	-1	
3	1	108	1	0	0	1078	706	41	10	-1	
4	1	108	1	1	0	1078	706	41	10	-1	
5	1	108	1	1	1	1078	706	41	10	26.847702	—{
2	1	109	0	0	0	2029	678	119	15	-1	
3	1	109	1	0	0	2029	678	119	15	-1	
4	1	109	1	1	0	2029	678	119	15	-1	
5	1	109	1	1	1	2029	678	119	15	31.869514	--—
2	1	110	0	0	0	5151	689	51	17	-1	
3	1	110	1	0	0	5151	689	51	17	-1	
4	1	110	1	1	0	5151	689	51	17	-1	
5	1	110	1	1	1	5151	689	51	17	52.688416	CN2
2	1	111	0	0	0	5583	685	54	20	-1	
3	1	111	1	0	0	5583	685	54	20	-1	
4	1	111	1	1	0	5583	685	54	20	-1	
5	1	111	1	1	1	5583	685	54	20	0.000000	CNn3
2	1	112	0	0	0	6345	677	28	17	-1	
3	1	112	1	0	0	6345	677	28	17	-1	
4	1	112	1	1	0	6345	677	28	17	-1	
5	1	112	1	1	1	6345	677	28	17	61.800655	ett
2	1	113	0	0	0	633	730	71	5	-1	
3	1	113	1	0	0	633	730	71	5	-1	
4	1	113	1	1	0	633	730	71	5	-1	
5	1	113	1	1	1	633	730	71	5	43.956917	——
2	1	114	0	0	0	1185	706	54	18	-1	
3	1	114	1	0	0	1185	706	54	18	-1	
4	1	114	1	1	0	1185	706	54	18	-1	
5	1	114	1	1	1	1185	706	54	18	19.875114	#29
2	1	115	0	0	0	1301	706	54	18	-1	
3	1	115	1	0	0	1301	706	54	18	-1	
4	1	115	1	1	0	1301	706	54	18	-1	
5	1	115	1	1	1	1301	706	64	29	0.000000	Ri22
2	1	116	0	0	0	1407	705	38	19	-1	
3	1	116	1	0	0	1407	705	38	19	-1	
4	1	116	1	1	0	1407	705	38	19	-1	
5	1	116	1	1	1	1407	705	38	19	28.146660	Riz
2	1	117	0	0	0	1672	714	30	16	-1	
3	1	117	1	0	0	1672	714	30	16	-1	
4	1	117	1	1	0	1672	714	30	16	-1	
5	1	117	1	1	1	1672	714	30	16	66.920952	Rit
2	1	118	0	0	0	1777	699	77	26	-1	
3	1	118	1	0	0	1777	699	77	26	-1	
4	1	118	1	1	0	1777	699	77	26	-1	
5	1	118	1	1	1	1777	699	32	19	81.708153	16
5	1	118	1	1	2	1826	702	28	23	42.731216	ol
2	1	119	0	0	0	4303	712	29	20	-1	
3	1	119	1	0	0	4303	712	29	20	-1	
4	1	119	1	1	0	4303	712	29	20	-1	
5	1	119	1	1	1	4303	712	29	20	42.254826	eT
2	1	120	0	0	0	5014	714	174	5	-1	
3	1	120	1	0	0	5014	714	174	5	-1	
4	1	120	1	1	0	5014	714	174	5	-1	
5	1	120	1	1	1	5014	714	174	5	17.390381	=
2	1	121	0	0	0	5259	730	29	14	-1	
3	1	121	1	0	0	5259	730	29	14	-1	
4	1	121	1	1	0	5259	730	29	14	-1	
5	1	121	1	1	1	5259	730	29	14	78.271553	Pr)
2	1	122	0	0	0	5450	713	233	16	-1	
3	1	122	1	0	0	5450	713	233	16	-1	
4	1	122	1	1	0	5450	713	233	16	-1	
5	1	122	1	1	1	5450	713	233	16	0.000000	c--S-s
2	1	123	0	0	0	5716	711	80	11	-1	
3	1	123	1	0	0	5716	711	80	11	-1	
4	1	123	1	1	0	5716	711	80	11	-1	
5	1	123	1	1	1	5716	713	7	3	3.889511	-
2	1	124	0	0	0	714	705	238	61	-1	
3	1	124	1	0	0	714	705	238	61	-1	
4	1	124	1	1	0	714	705	238	61	-1	
5	1	124	1	1	1	714	705	238	61	10.577576	9412
2	1	125	0	0	0	959	748	20	18	-1	
3	1	125	1	0	0	959	748	20	18	-1	
4	1	125	1	1	0	959	748	20	18	-1	
5	1	125	1	1	1	959	748	20	18	74.385818	2
2	1	126	0	0	0	1190	752	36	10	-1	
3	1	126	1	0	0	1190	752	36	10	-1	
4	1	126	1	1	0	1190	752	36	10	-1	
5	1	126	1	1	1	1190	752	36	10	1.225861	&'S
2	1	127	0	0	0	1564	740	33	19	-1	
3	1	127	1	0	0	1564	740	33	19	-1	
4	1	127	1	1	0	1564	740	33	19	-1	
5	1	127	1	1	1	1564	743	4	14	70.853241	1
5	1	127	1	1	2	1576	740	21	19	61.056915	1S
2	1	128	0	0	0	1646	750	57	19	-1	
3	1	128	1	0	0	1646	750	57	19	-1	
4	1	128	1	1	0	1646	750	57	19	-1	
5	1	128	1	1	1	1646	750	57	19	76.274597	clo?
2	1	129	0	0	0	1745	744	40	15	-1	
3	1	129	1	0	0	1745	744	40	15	-1	
4	1	129	1	1	0	1745	744	40	15	-1	
5	1	129	1	1	1	1745	744	40	15	32.602394	a
2	1	130	0	0	0	1825	747	28	16	-1	
3	1	130	1	0	0	1825	747	28	16	-1	
4	1	130	1	1	0	1825	747	28	16	-1	
5	1	130	1	1	1	1825	747	28	16	65.254379	a
2	1	131	0	0	0	3335	723	112	31	-1	
3	1	131	1	0	0	3335	723	112	31	-1	
4	1	131	1	1	0	3335	723	112	31	-1	
5	1	131	1	1	1	3335	723	112	31	76.178360	1C803
2	1	132	0	0	0	5054	723	40	33	-1	
3	1	132	1	0	0	5054	723	40	33	-1	
4	1	132	1	1	0	5054	723	40	33	-1	
5	1	132	1	1	1	5054	723	40	33	50.344757	€2
2	1	133	0	0	0	216	738	96	47	-1	
3	1	133	1	0	0	216	738	96	47	-1	
4	1	133	1	1	0	216	738	96	47	-1	
5	1	133	1	1	1	216	738	96	47	27.371948	cre
2	1	134	0	0	0	412	745	132	51	-1	
3	1	134	1	0	0	412	745	132	51	-1	
4	1	134	1	1	0	412	745	132	51	-1	
5	1	134	1	1	1	412	753	24	22	0.000000	=
2	1	135	0	0	0	615	757	42	19	-1	
3	1	135	1	0	0	615	757	42	19	-1	
4	1	135	1	1	0	615	757	42	19	-1	
5	1	135	1	1	1	615	757	42	19	86.644463	cis
2	1	136	0	0	0	1208	782	56	16	-1	
3	1	136	1	0	0	1208	782	56	16	-1	
4	1	136	1	1	0	1208	782	56	16	-1	
5	1	136	1	1	1	1208	782	56	16	16.754829	pis2
2	1	137	0	0	0	1319	763	48	15	-1	
3	1	137	1	0	0	1319	763	48	15	-1	
4	1	137	1	1	0	1319	763	48	15	-1	
5	1	137	1	1	1	1319	763	48	15	70.768753	chi
2	1	138	0	0	0	1422	759	55	17	-1	
3	1	138	1	0	0	1422	759	55	17	-1	
4	1	138	1	1	0	1422	759	55	17	-1	
5	1	138	1	1	1	1422	759	55	17	57.395576	RI26
2	1	139	0	0	0	1424	780	56	6	-1	
3	1	139	1	0	0	1424	780	56	6	-1	
4	1	139	1	1	0	1424	780	56	6	-1	
5	1	139	1	1	1	1424	780	56	6	4.791580	~—
2	1	140	0	0	0	1530	777	54	17	-1	
3	1	140	1	0	0	1530	777	54	17	-1	
4	1	140	1	1	0	1530	777	54	17	-1	
5	1	140	1	1	1	1530	777	54	17	28.328331	R'23
2	1	141	0	0	0	1647	768	83	30	-1	
3	1	141	1	0	0	1647	768	83	30	-1	
4	1	141	1	1	0	1647	768	83	30	-1	
5	1	141	1	1	1	1647	768	83	30	24.887321	++-Q
2	1	142	0	0	0	2557	747	115	32	-1	
3	1	142	1	0	0	2557	747	115	32	-1	
4	1	142	1	1	0	2557	747	115	32	-1	
5	1	142	1	1	1	2557	747	115	32	59.059273	1C802
2	1	143	0	0	0	6229	759	92	22	-1	
3	1	143	1	0	0	6229	759	92	22	-1	
4	1	143	1	1	0	6229	759	92	22	-1	
5	1	143	1	1	1	6229	759	92	22	19.838364	oo
2	1	144	0	0	0	448	794	40	14	-1	
3	1	144	1	0	0	448	794	40	14	-1	
4	1	144	1	1	0	448	794	40	14	-1	
5	1	144	1	1	1	448	794	40	14	48.628014	Cig
2	1	145	0	0	0	589	779	79	29	-1	
3	1	145	1	0	0	589	779	79	29	-1	
4	1	145	1	1	0	589	779	79	29	-1	
5	1	145	1	1	1	589	779	79	29	1.205711	6th
2	1	146	0	0	0	722	806	54	16	-1	
3	1	146	1	0	0	722	806	54	16	-1	
4	1	146	1	1	0	722	806	54	16	-1	
5	1	146	1	1	1	722	806	54	16	32.477158	on
2	1	147	0	0	0	875	800	17	12	-1	
3	1	147	1	0	0	875	800	17	12	-1	
4	1	147	1	1	0	875	800	17	12	-1	
5	1	147	1	1	1	875	800	17	12	22.410080	ba
2	1	148	0	0	0	937	796	99	18	-1	
3	1	148	1	0	0	937	796	99	18	-1	
4	1	148	1	1	0	937	796	99	18	-1	
5	1	148	1	1	1	937	808	8	6	60.568466	py_
5	1	148	1	1	2	973	796	63	18	68.229240	0408
2	1	149	0	0	0	1316	783	54	24	-1	
3	1	149	1	0	0	1316	783	54	24	-1	
4	1	149	1	1	0	1316	783	54	24	-1	
5	1	149	1	1	1	1316	783	54	24	12.726212	Sal
5	1	149	1	1	2	1353	778	21	41	34.902359	as
2	1	150	0	0	0	1719	810	28	16	-1	
3	1	150	1	0	0	1719	810	28	16	-1	
4	1	150	1	1	0	1719	810	28	16	-1	
5	1	150	1	1	1	1719	810	28	16	55.950504	vr
2	1	151	0	0	0	1896	807	50	18	-1	
3	1	151	1	0	0	1896	807	50	18	-1	
4	1	151	1	1	0	1896	807	50	18	-1	
5	1	151	1	1	1	1896	807	50	18	36.424164	Role
2	1	152	0	0	0	2023	800	55	16	-1	
3	1	152	1	0	0	2023	800	55	16	-1	
4	1	152	1	1	0	2023	800	55	16	-1	
5	1	152	1	1	1	2023	800	55	16	31.251862	ste
2	1	153	0	0	0	5071	819	147	6	-1	
3	1	153	1	0	0	5071	819	147	6	-1	
4	1	153	1	1	0	5071	819	147	6	-1	
5	1	153	1	1	1	5071	819	147	6	32.760277	oe
2	1	154	0	0	0	5527	815	54	9	-1	
3	1	154	1	0	0	5527	815	54	9	-1	
4	1	154	1	1	0	5527	815	54	9	-1	
5	1	154	1	1	1	5527	815	54	9	0.000000	—-
2	1	155	0	0	0	342	827	56	8	-1	
3	1	155	1	0	0	342	827	56	8	-1	
4	1	155	1	1	0	342	827	56	8	-1	
5	1	155	1	1	1	342	827	56	8	0.000000	—.
2	1	156	0	0	0	721	840	53	14	-1	
3	1	156	1	0	0	721	840	53	14	-1	
4	1	156	1	1	0	721	840	53	14	-1	
5	1	156	1	1	1	721	840	53	14	53.483421	<i¢
2	1	157	0	0	0	721	825	54	15	-1	
3	1	157	1	0	0	721	825	54	15	-1	
4	1	157	1	1	0	721	825	54	15	-1	
5	1	157	1	1	1	721	825	54	15	17.689583	1
2	1	158	0	0	0	1269	825	58	17	-1	
3	1	158	1	0	0	1269	825	58	17	-1	
4	1	158	1	1	0	1269	825	58	17	-1	
5	1	158	1	1	1	1269	825	58	17	28.856384	R'S9
2	1	159	0	0	0	1380	819	59	18	-1	
3	1	159	1	0	0	1380	819	59	18	-1	
4	1	159	1	1	0	1380	819	59	18	-1	
5	1	159	1	1	1	1380	825	11	11	23.685745	R
5	1	159	1	1	2	1412	819	27	18	92.804672	30
2	1	160	0	0	0	1479	825	56	19	-1	
3	1	160	1	0	0	1479	825	56	19	-1	
4	1	160	1	1	0	1479	825	56	19	-1	
5	1	160	1	1	1	1479	825	56	19	33.077644	Ri2s
2	1	161	0	0	0	1574	806	92	32	-1	
3	1	161	1	0	0	1574	806	92	32	-1	
4	1	161	1	1	0	1574	806	92	32	-1	
5	1	161	1	1	1	1574	806	92	32	72.374405	Q104
2	1	162	0	0	0	1718	825	28	16	-1	
3	1	162	1	0	0	1718	825	28	16	-1	
4	1	162	1	1	0	1718	825	28	16	-1	
5	1	162	1	1	1	1718	825	28	16	85.851250	mi
2	1	163	0	0	0	2022	823	55	25	-1	
3	1	163	1	0	0	2022	823	55	25	-1	
4	1	163	1	1	0	2022	823	55	25	-1	
5	1	163	1	1	1	2022	823	55	25	43.574963	RCo
2	1	164	0	0	0	348	851	22	12	-1	
3	1	164	1	0	0	348	851	22	12	-1	
4	1	164	1	1	0	348	851	22	12	-1	
5	1	164	1	1	1	348	851	22	12	91.373230	ri
2	1	165	0	0	0	578	841	65	26	-1	
3	1	165	1	0	0	578	841	65	26	-1	
4	1	165	1	1	0	578	841	65	26	-1	
5	1	165	1	1	1	578	841	65	26	0.000000	»Bu8
2	1	166	0	0	0	776	763	115	115	-1	
3	1	166	1	0	0	776	763	115	115	-1	
4	1	166	1	1	0	776	763	115	115	-1	
5	1	166	1	1	1	776	763	115	115	29.257439	{|i
2	1	167	0	0	0	910	837	63	24	-1	
3	1	167	1	0	0	910	837	63	24	-1	
4	1	167	1	1	0	910	837	63	24	-1	
5	1	167	1	1	1	910	837	63	24	9.176270	539
2	1	168	0	0	0	1006	879	114	5	-1	
3	1	168	1	0	0	1006	879	114	5	-1	
4	1	168	1	1	0	1006	879	114	5	-1	
5	1	168	1	1	1	1006	879	114	5	21.820549	———
2	1	169	0	0	0	1155	854	66	15	-1	
3	1	169	1	0	0	1155	854	66	15	-1	
4	1	169	1	1	0	1155	854	66	15	-1	
5	1	169	1	1	1	1155	850	15	28	11.203224	1!
5	1	169	1	1	2	1187	854	34	14	49.088665	owt
2	1	170	0	0	0	1272	849	34	17	-1	
3	1	170	1	0	0	1272	849	34	17	-1	
4	1	170	1	1	0	1272	849	34	17	-1	
5	1	170	1	1	1	1272	849	34	17	16.617859	ait
2	1	171	0	0	0	1480	862	57	18	-1	
3	1	171	1	0	0	1480	862	57	18	-1	
4	1	171	1	1	0	1480	862	57	18	-1	
5	1	171	1	1	1	1480	862	57	18	67.853584	Ri28
2	1	172	0	0	0	2023	879	55	7	-1	
3	1	172	1	0	0	2023	879	55	7	-1	
4	1	172	1	1	0	2023	879	55	7	-1	
5	1	172	1	1	1	2019	865	10	28	50.091866	;
2	1	173	0	0	0	353	874	20	18	-1	
3	1	173	1	0	0	353	874	20	18	-1	
4	1	173	1	1	0	353	874	20	18	-1	
5	1	173	1	1	1	353	874	20	18	62.030884	Ci
2	1	174	0	0	0	422	857	69	31	-1	
3	1	174	1	0	0	422	857	69	31	-1	
4	1	174	1	1	0	422	857	69	31	-1	
5	1	174	1	1	1	422	857	69	31	63.554474	Q13
2	1	175	0	0	0	582	877	45	18	-1	
3	1	175	1	0	0	582	877	45	18	-1	
4	1	175	1	1	0	582	877	45	18	-1	
5	1	175	1	1	1	582	877	45	18	29.498260	R'é
2	1	176	0	0	0	686	896	30	12	-1	
3	1	176	1	0	0	686	896	30	12	-1	
4	1	176	1	1	0	686	896	30	12	-1	
5	1	176	1	1	1	686	896	30	12	36.427158	ter
2	1	177	0	0	0	1127	884	40	23	-1	
3	1	177	1	0	0	1127	884	40	23	-1	
4	1	177	1	1	0	1127	884	40	23	-1	
5	1	177	1	1	1	1127	884	40	23	42.815735	OF,
2	1	178	0	0	0	1271	879	59	20	-1	
3	1	178	1	0	0	1271	879	59	20	-1	
4	1	178	1	1	0	1271	879	59	20	-1	
5	1	178	1	1	1	1271	879	59	20	0.000000	a+
2	1	179	0	0	0	1485	886	56	6	-1	
3	1	179	1	0	0	1485	886	56	6	-1	
4	1	179	1	1	0	1485	886	56	6	-1	
5	1	179	1	1	1	1485	886	56	6	50.234066	_—=
2	1	180	0	0	0	1904	871	56	23	-1	
3	1	180	1	0	0	1904	871	56	23	-1	
4	1	180	1	1	0	1904	871	56	23	-1	
5	1	180	1	1	1	1904	871	56	23	62.161404	ar
2	1	181	0	0	0	6220	871	104	20	-1	
3	1	181	1	0	0	6220	871	104	20	-1	
4	1	181	1	1	0	6220	871	104	20	-1	
5	1	181	1	1	1	6220	871	104	20	96.180557	POWER
2	1	182	0	0	0	428	912	41	18	-1	
3	1	182	1	0	0	428	912	41	18	-1	
4	1	182	1	1	0	428	912	41	18	-1	
5	1	182	1	1	1	428	912	41	18	43.870983	cl3
2	1	183	0	0	0	577	897	100	39	-1	
3	1	183	1	0	0	577	897	100	39	-1	
4	1	183	1	1	0	577	897	100	39	-1	
5	1	183	1	1	1	577	897	100	39	86.090034	0413
2	1	184	0	0	0	686	912	29	15	-1	
3	1	184	1	0	0	686	912	29	15	-1	
4	1	184	1	1	0	686	912	29	15	-1	
5	1	184	1	1	1	686	912	29	15	58.523354	m,
2	1	185	0	0	0	825	936	119	5	-1	
3	1	185	1	0	0	825	936	119	5	-1	
4	1	185	1	1	0	825	936	119	5	-1	
5	1	185	1	1	1	825	936	119	5	0.000000	--—-—
2	1	186	0	0	0	862	911	75	19	-1	
3	1	186	1	0	0	862	911	75	19	-1	
4	1	186	1	1	0	862	911	75	19	-1	
5	1	186	1	1	1	862	911	75	19	7.365608	CNiGe
2	1	187	0	0	0	1136	919	36	16	-1	
3	1	187	1	0	0	1136	919	36	16	-1	
4	1	187	1	1	0	1136	919	36	16	-1	
5	1	187	1	1	1	1136	919	36	16	27.733871	yee
2	1	188	0	0	0	1385	912	55	18	-1	
3	1	188	1	0	0	1385	912	55	18	-1	
4	1	188	1	1	0	1385	912	55	18	-1	
5	1	188	1	1	1	1385	912	55	18	48.870705	ar
2	1	189	0	0	0	1481	901	53	16	-1	
3	1	189	1	0	0	1481	901	53	16	-1	
4	1	189	1	1	0	1481	901	53	16	-1	
5	1	189	1	1	1	1481	901	53	16	0.000000	Rio7
2	1	190	0	0	0	1484	924	57	6	-1	
3	1	190	1	0	0	1484	924	57	6	-1	
4	1	190	1	1	0	1484	924	57	6	-1	
5	1	190	1	1	1	1484	924	57	6	56.886147	—
2	1	191	0	0	0	1712	920	28	13	-1	
3	1	191	1	0	0	1712	920	28	13	-1	
4	1	191	1	1	0	1712	920	28	13	-1	
5	1	191	1	1	1	1712	920	28	13	32.541687	an
5	1	191	1	1	2	1736	915	7	26	32.541687	|
2	1	192	0	0	0	1713	904	27	16	-1	
3	1	192	1	0	0	1713	904	27	16	-1	
4	1	192	1	1	0	1713	904	27	16	-1	
5	1	192	1	1	1	1713	904	27	16	40.283859	rod
5	1	192	1	1	2	1739	900	4	24	79.954514	|
2	1	193	0	0	0	1792	872	25	56	-1	
3	1	193	1	0	0	1792	872	25	56	-1	
4	1	193	1	1	0	1792	872	25	56	-1	
5	1	193	1	1	1	1792	872	25	56	50.842850	1
2	1	194	0	0	0	1911	913	53	18	-1	
3	1	194	1	0	0	1911	913	53	18	-1	
4	1	194	1	1	0	1911	913	53	18	-1	
5	1	194	1	1	1	1911	913	53	18	46.136909	RS
2	1	195	0	0	0	2034	925	37	17	-1	
3	1	195	1	0	0	2034	925	37	17	-1	
4	1	195	1	1	0	2034	925	37	17	-1	
5	1	195	1	1	1	2034	925	37	17	25.146988	C'S
2	1	196	0	0	0	2838	933	9	4	-1	
3	1	196	1	0	0	2838	933	9	4	-1	
4	1	196	1	1	0	2838	933	9	4	-1	
5	1	196	1	1	1	2838	933	9	4	78.626724	8
2	1	197	0	0	0	3326	904	116	33	-1	
3	1	197	1	0	0	3326	904	116	33	-1	
4	1	197	1	1	0	3326	904	116	33	-1	
5	1	197	1	1	1	3326	904	116	33	35.635841	1c804
2	1	198	0	0	0	240	924	30	19	-1	
3	1	198	1	0	0	240	924	30	19	-1	
4	1	198	1	1	0	240	924	30	19	-1	
5	1	198	1	1	1	240	924	30	19	26.476677	U2
2	1	199	0	0	0	323	921	61	32	-1	
3	1	199	1	0	0	323	921	61	32	-1	
4	1	199	1	1	0	323	921	61	32	-1	
5	1	199	1	1	1	323	921	61	32	81.050385	Qi2
2	1	200	0	0	0	444	935	34	32	-1	
3	1	200	1	0	0	444	935	34	32	-1	
4	1	200	1	1	0	444	935	34	32	-1	
5	1	200	1	1	1	444	935	34	32	28.131699	HS
2	1	201	0	0	0	687	937	29	20	-1	
3	1	201	1	0	0	687	937	29	20	-1	
4	1	201	1	1	0	687	937	29	20	-1	
5	1	201	1	1	1	687	937	29	20	65.583809	al
2	1	202	0	0	0	794	936	237	46	-1	
3	1	202	1	0	0	794	936	237	46	-1	
4	1	202	1	1	0	794	936	237	46	-1	
5	1	202	1	1	1	794	936	23	29	48.654060	5
5	1	202	1	1	2	832	947	64	20	96.108063	234
5	1	202	1	1	3	898	946	23	36	34.580429	§
5	1	202	1	1	4	932	948	14	32	74.925049	€
5	1	202	1	1	5	956	936	39	45	83.247841	78
5	1	202	1	1	6	1004	937	27	44	55.129246	3
2	1	203	0	0	0	1223	960	57	7	-1	
3	1	203	1	0	0	1223	960	57	7	-1	
4	1	203	1	1	0	1223	960	57	7	-1	
5	1	203	1	1	1	1223	960	57	7	0.647621	pas
5	1	203	1	1	2	1275	946	10	28	74.668053	|
2	1	204	0	0	0	1224	939	37	14	-1	
3	1	204	1	0	0	1224	939	37	14	-1	
4	1	204	1	1	0	1224	939	37	14	-1	
5	1	204	1	1	1	1224	939	37	14	39.467525	Pid
2	1	205	0	0	0	1267	900	104	51	-1	
3	1	205	1	0	0	1267	900	104	51	-1	
4	1	205	1	1	0	1267	900	104	51	-1	
5	1	205	1	1	1	1267	900	104	51	27.115730	gos
2	1	206	0	0	0	1845	942	21	19	-1	
3	1	206	1	0	0	1845	942	21	19	-1	
4	1	206	1	1	0	1845	942	21	19	-1	
5	1	206	1	1	1	1845	942	21	19	42.500931	2
2	1	207	0	0	0	2036	945	55	19	-1	
3	1	207	1	0	0	2036	945	55	19	-1	
4	1	207	1	1	0	2036	945	55	19	-1	
5	1	207	1	1	1	2036	945	55	19	2.014008	—
2	1	208	0	0	0	2547	927	106	33	-1	
3	1	208	1	0	0	2547	927	106	33	-1	
4	1	208	1	1	0	2547	927	106	33	-1	
5	1	208	1	1	1	2547	927	106	33	1.411758	1C801
2	1	209	0	0	0	3106	929	27	17	-1	
3	1	209	1	0	0	3106	929	27	17	-1	
4	1	209	1	1	0	3106	929	27	17	-1	
5	1	209	1	1	1	3106	929	27	17	76.147232	C8
2	1	210	0	0	0	829	977	56	5	-1	
3	1	210	1	0	0	829	977	56	5	-1	
4	1	210	1	1	0	829	977	56	5	-1	
5	1	210	1	1	1	829	977	56	5	4.059052	—
2	1	211	0	0	0	1322	955	54	21	-1	
3	1	211	1	0	0	1322	955	54	21	-1	
4	1	211	1	1	0	1322	955	54	21	-1	
5	1	211	1	1	1	1322	955	54	21	66.823486	ae
2	1	212	0	0	0	1816	965	55	24	-1	
3	1	212	1	0	0	1816	965	55	24	-1	
4	1	212	1	1	0	1816	965	55	24	-1	
5	1	212	1	1	1	1816	965	55	24	25.895935	ar
2	1	213	0	0	0	2792	951	117	26	-1	
3	1	213	1	0	0	2792	951	117	26	-1	
4	1	213	1	1	0	2792	951	117	26	-1	
5	1	213	1	1	1	2792	951	117	26	4.955971	flee
2	1	214	0	0	0	1140	987	49	15	-1	
3	1	214	1	0	0	1140	987	49	15	-1	
4	1	214	1	1	0	1140	987	49	15	-1	
5	1	214	1	1	1	1140	987	49	15	49.732899	14>
2	1	215	0	0	0	1223	983	54	18	-1	
3	1	215	1	0	0	1223	983	54	18	-1	
4	1	215	1	1	0	1223	983	54	18	-1	
5	1	215	1	1	1	1223	983	54	18	0.000000	R42
2	1	216	0	0	0	1322	998	56	7	-1	
3	1	216	1	0	0	1322	998	56	7	-1	
4	1	216	1	1	0	1322	998	56	7	-1	
5	1	216	1	1	1	1322	998	56	7	66.852295	_
2	1	217	0	0	0	1435	976	106	37	-1	
3	1	217	1	0	0	1435	976	106	37	-1	
4	1	217	1	1	0	1435	976	106	37	-1	
5	1	217	1	1	1	1435	976	106	37	24.750435	Baek
2	1	218	0	0	0	1597	979	98	30	-1	
3	1	218	1	0	0	1597	979	98	30	-1	
4	1	218	1	1	0	1597	979	98	30	-1	
5	1	218	1	1	1	1597	979	98	30	50.093430	ICid2
2	1	219	0	0	0	1824	1001	56	16	-1	
3	1	219	1	0	0	1824	1001	56	16	-1	
4	1	219	1	1	0	1824	1001	56	16	-1	
5	1	219	1	1	1	1824	1001	56	16	13.372391	o19e
2	1	220	0	0	0	2029	993	121	33	-1	
3	1	220	1	0	0	2029	993	121	33	-1	
4	1	220	1	1	0	2029	993	121	33	-1	
5	1	220	1	1	1	2029	993	121	33	0.000000	Cipicis
2	1	221	0	0	0	5016	991	60	13	-1	
3	1	221	1	0	0	5016	991	60	13	-1	
4	1	221	1	1	0	5016	991	60	13	-1	
5	1	221	1	1	1	5016	991	60	13	68.427773	—
2	1	222	0	0	0	5919	996	45	3	-1	
3	1	222	1	0	0	5919	996	45	3	-1	
4	1	222	1	1	0	5919	996	45	3	-1	
5	1	222	1	1	1	5919	996	45	3	73.329338	—
2	1	223	0	0	0	482	1009	63	20	-1	
3	1	223	1	0	0	482	1009	63	20	-1	
4	1	223	1	1	0	482	1009	63	20	-1	
5	1	223	1	1	1	482	1009	63	20	70.182755	o40e
2	1	224	0	0	0	560	938	107	112	-1	
3	1	224	1	0	0	560	938	107	112	-1	
4	1	224	1	1	0	560	938	107	112	-1	
5	1	224	1	1	1	560	938	107	112	45.230942	(GE
2	1	225	0	0	0	742	1011	54	18	-1	
3	1	225	1	0	0	742	1011	54	18	-1	
4	1	225	1	1	0	742	1011	54	18	-1	
5	1	225	1	1	1	742	1011	54	18	76.571518	ci29
2	1	226	0	0	0	1158	1017	36	18	-1	
3	1	226	1	0	0	1158	1017	36	18	-1	
4	1	226	1	1	0	1158	1017	36	18	-1	
5	1	226	1	1	1	1158	1017	36	18	40.542759	av
2	1	227	0	0	0	1318	1014	51	18	-1	
3	1	227	1	0	0	1318	1014	51	18	-1	
4	1	227	1	1	0	1318	1014	51	18	-1	
5	1	227	1	1	1	1318	1014	51	18	47.472881	R35
2	1	228	0	0	0	1458	1018	14	15	-1	
3	1	228	1	0	0	1458	1018	14	15	-1	
4	1	228	1	1	0	1458	1018	14	15	-1	
5	1	228	1	1	1	1458	1018	14	15	14.543808	wv
2	1	229	0	0	0	1513	1006	188	65	-1	
3	1	229	1	0	0	1513	1006	188	65	-1	
4	1	229	1	1	0	1513	1006	188	65	-1	
5	1	229	1	1	1	1513	1006	65	65	0.000000	zh2|
5	1	229	1	1	2	1597	1006	104	61	29.461983	1C104
2	1	230	0	0	0	1878	1033	39	10	-1	
3	1	230	1	0	0	1878	1033	39	10	-1	
4	1	230	1	1	0	1878	1033	39	10	-1	
5	1	230	1	1	1	1878	1033	39	19	31.458595	O10
2	1	231	0	0	0	5576	1041	154	4	-1	
3	1	231	1	0	0	5576	1041	154	4	-1	
4	1	231	1	1	0	5576	1041	154	4	-1	
5	1	231	1	1	1	5576	1041	154	4	35.172806	——
2	1	232	0	0	0	6156	995	48	44	-1	
3	1	232	1	0	0	6156	995	48	44	-1	
4	1	232	1	1	0	6156	995	48	44	-1	
5	1	232	1	1	1	6156	995	48	44	0.000000	|
2	1	233	0	0	0	410	1041	30	17	-1	
3	1	233	1	0	0	410	1041	30	17	-1	
4	1	233	1	1	0	410	1041	30	17	-1	
5	1	233	1	1	1	410	1041	30	17	66.270744	CN
2	1	234	0	0	0	701	1061	18	16	-1	
3	1	234	1	0	0	701	1061	18	16	-1	
4	1	234	1	1	0	701	1061	18	16	-1	
5	1	234	1	1	1	701	1061	18	16	34.024544	ut
2	1	235	0	0	0	741	1033	55	23	-1	
3	1	235	1	0	0	741	1033	55	23	-1	
4	1	235	1	1	0	741	1033	55	23	-1	
5	1	235	1	1	1	741	1033	55	23	29.912636	aie
2	1	236	0	0	0	1407	1070	8	5	-1	
3	1	236	1	0	0	1407	1070	8	5	-1	
4	1	236	1	1	0	1407	1070	8	5	-1	
5	1	236	1	1	1	1407	1070	8	5	36.686176	4
2	1	237	0	0	0	2035	1036	56	26	-1	
3	1	237	1	0	0	2035	1036	56	26	-1	
4	1	237	1	1	0	2035	1036	56	26	-1	
5	1	237	1	1	1	2035	1036	56	26	40.047298	Rie
2	1	238	0	0	0	2907	1049	143	19	-1	
3	1	238	1	0	0	2907	1049	143	19	-1	
4	1	238	1	1	0	2907	1049	143	19	-1	
5	1	238	1	1	1	2907	1049	79	19	10.636124	SNOW)
5	1	238	1	1	2	3009	1049	41	18	38.298016	GANT
2	1	239	0	0	0	285	1085	117	6	-1	
3	1	239	1	0	0	285	1085	117	6	-1	
4	1	239	1	1	0	285	1085	117	6	-1	
5	1	239	1	1	1	285	1085	117	6	26.955917	——
2	1	240	0	0	0	450	1074	36	18	-1	
3	1	240	1	0	0	450	1074	36	18	-1	
4	1	240	1	1	0	450	1074	36	18	-1	
5	1	240	1	1	1	450	1074	36	18	70.477623	2!
2	1	241	0	0	0	697	1084	56	23	-1	
3	1	241	1	0	0	697	1084	56	23	-1	
4	1	241	1	1	0	697	1084	56	23	-1	
5	1	241	1	1	1	697	1084	56	23	47.529331	sh
2	1	242	0	0	0	1158	1048	120	46	-1	
3	1	242	1	0	0	1158	1048	120	46	-1	
4	1	242	1	1	0	1158	1048	120	46	-1	
5	1	242	1	1	1	1158	1048	40	46	0.000000	-)
5	1	242	1	1	2	1222	1060	56	7	11.439529	—_
2	1	243	0	0	0	1386	1079	54	6	-1	
3	1	243	1	0	0	1386	1079	54	6	-1	
4	1	243	1	1	0	1386	1079	54	6	-1	
5	1	243	1	1	1	1386	1079	54	6	26.681145	—_
2	1	244	0	0	0	1759	1049	271	49	-1	
3	1	244	1	0	0	1759	1049	271	49	-1	
4	1	244	1	1	0	1759	1049	271	49	-1	
5	1	244	1	1	1	1759	1049	56	47	37.478760	Sk
5	1	244	1	1	2	1865	1044	57	39	44.753223	>
5	1	244	1	1	3	1951	1068	79	30	49.830338	Ic10
2	1	245	0	0	0	2710	1067	6	23	-1	
3	1	245	1	0	0	2710	1067	6	23	-1	
4	1	245	1	1	0	2710	1067	6	23	-1	
5	1	245	1	1	1	2710	1067	6	23	42.077034	'
2	1	246	0	0	0	3199	1079	47	20	-1	
3	1	246	1	0	0	3199	1079	47	20	-1	
4	1	246	1	1	0	3199	1079	47	20	-1	
5	1	246	1	1	1	3199	1079	47	20	40.010727	JR?
2	1	247	0	0	0	5273	1075	210	23	-1	
3	1	247	1	0	0	5273	1075	210	23	-1	
4	1	247	1	1	0	5273	1075	210	23	-1	
5	1	247	1	1	1	5273	1093	155	2	2.117882	—------_—_
5	1	247	1	1	2	5436	1075	47	23	56.652901	L,
2	1	248	0	0	0	5748	1053	58	41	-1	
3	1	248	1	0	0	5748	1053	58	41	-1	
4	1	248	1	1	0	5748	1053	58	41	-1	
5	1	248	1	1	1	5748	1053	58	41	70.389900	1_
2	1	249	0	0	0	439	1086	65	29	-1	
3	1	249	1	0	0	439	1086	65	29	-1	
4	1	249	1	1	0	439	1086	65	29	-1	
5	1	249	1	1	1	439	1086	65	29	0.000000	Cer
2	1	250	0	0	0	966	1129	55	5	-1	
3	1	250	1	0	0	966	1129	55	5	-1	
4	1	250	1	1	0	966	1129	55	5	-1	
5	1	250	1	1	1	966	1129	55	5	0.000000	——
2	1	251	0	0	0	1455	1094	57	18	-1	
3	1	251	1	0	0	1455	1094	57	18	-1	
4	1	251	1	1	0	1455	1094	57	18	-1	
5	1	251	1	1	1	1455	1094	57	18	34.719360	R49
2	1	252	0	0	0	1436	1117	111	52	-1	
3	1	252	1	0	0	1436	1117	111	52	-1	
4	1	252	1	1	0	1436	1117	111	52	-1	
5	1	252	1	1	1	1436	1142	12	8	11.141525	g
5	1	252	1	1	2	1484	1117	63	52	40.464615	Ds
2	1	253	0	0	0	3264	1101	67	19	-1	
3	1	253	1	0	0	3264	1101	67	19	-1	
4	1	253	1	1	0	3264	1101	67	19	-1	
5	1	253	1	1	1	3264	1101	38	19	14.349884	15V
2	1	254	0	0	0	4969	1088	263	36	-1	
3	1	254	1	0	0	4969	1088	263	36	-1	
4	1	254	1	1	0	4969	1088	263	36	-1	
5	1	254	1	1	1	4969	1088	55	36	0.000000	To
2	1	255	0	0	0	467	1123	186	27	-1	
3	1	255	1	0	0	467	1123	186	27	-1	
4	1	255	1	1	0	467	1123	186	27	-1	
5	1	255	1	1	1	467	1127	59	23	63.139580	He
5	1	255	1	1	2	547	1123	75	26	1.708290	ali
5	1	255	1	1	3	649	1131	4	16	89.001045	|
2	1	256	0	0	0	738	1136	40	18	-1	
3	1	256	1	0	0	738	1136	40	18	-1	
4	1	256	1	1	0	738	1136	40	18	-1	
5	1	256	1	1	1	738	1136	40	18	6.730972	Ri6
2	1	257	0	0	0	740	1160	56	6	-1	
3	1	257	1	0	0	740	1160	56	6	-1	
4	1	257	1	1	0	740	1160	56	6	-1	
5	1	257	1	1	1	740	1160	56	6	15.675995	—_—<
2	1	258	0	0	0	845	1128	58	19	-1	
3	1	258	1	0	0	845	1128	58	19	-1	
4	1	258	1	1	0	845	1128	58	19	-1	
5	1	258	1	1	1	845	1128	58	19	0.000000	C28
2	1	259	0	0	0	1862	1124	244	19	-1	
3	1	259	1	0	0	1862	1124	244	19	-1	
4	1	259	1	1	0	1862	1124	244	19	-1	
5	1	259	1	1	1	1862	1125	16	18	90.333084	9
5	1	259	1	1	2	1894	1125	14	18	63.749386	1
5	1	259	1	1	3	1927	1127	16	15	72.684906	it
5	1	259	1	1	4	1959	1124	49	19	89.659065	1213
5	1	259	1	1	5	2020	1124	53	18	70.999908	1415
5	1	259	1	1	6	2080	1120	26	33	70.999908	16
2	1	260	0	0	0	2504	1138	141	20	-1	
3	1	260	1	0	0	2504	1138	141	20	-1	
4	1	260	1	1	0	2504	1138	141	20	-1	
5	1	260	1	1	1	2504	1138	141	41	16.561592	+l)
5	1	260	1	1	2	2611	1125	34	58	48.092537	~'s
2	1	261	0	0	0	2692	1120	24	24	-1	
3	1	261	1	0	0	2692	1120	24	24	-1	
4	1	261	1	1	0	2692	1120	24	24	-1	
5	1	261	1	1	1	2692	1120	24	24	30.149529	7
2	1	262	0	0	0	332	1156	64	14	-1	
3	1	262	1	0	0	332	1156	64	14	-1	
4	1	262	1	1	0	332	1156	64	14	-1	
5	1	262	1	1	1	332	1156	64	14	0.000000	¥RLOE
2	1	263	0	0	0	349	1180	51	5	-1	
3	1	263	1	0	0	349	1180	51	5	-1	
4	1	263	1	1	0	349	1180	51	5	-1	
5	1	263	1	1	1	349	1180	51	5	74.531479	—
2	1	264	0	0	0	465	1168	56	19	-1	
3	1	264	1	0	0	465	1168	56	19	-1	
4	1	264	1	1	0	465	1168	56	19	-1	
5	1	264	1	1	1	465	1168	56	19	0.000000	R64
2	1	265	0	0	0	847	1155	57	20	-1	
3	1	265	1	0	0	847	1155	57	20	-1	
4	1	265	1	1	0	847	1155	57	20	-1	
5	1	265	1	1	1	847	1155	57	20	49.598175	4h
2	1	266	0	0	0	1031	1167	52	5	-1	
3	1	266	1	0	0	1031	1167	52	5	-1	
4	1	266	1	1	0	1031	1167	52	5	-1	
5	1	266	1	1	1	1031	1168	10	3	42.656830	—
5	1	266	1	1	2	1064	1167	19	5	28.219673	2
2	1	267	0	0	0	1130	1162	116	5	-1	
3	1	267	1	0	0	1130	1162	116	5	-1	
4	1	267	1	1	0	1130	1162	116	5	-1	
5	1	267	1	1	1	1130	1148	55	28	0.000000	———
5	1	267	1	1	2	1196	1162	50	5	30.961258	ay
2	1	268	0	0	0	2710	1164	6	23	-1	
3	1	268	1	0	0	2710	1164	6	23	-1	
4	1	268	1	1	0	2710	1164	6	23	-1	
5	1	268	1	1	1	2710	1164	6	23	27.261597	i
2	1	269	0	0	0	5759	1145	448	43	-1	
3	1	269	1	0	0	5759	1145	448	43	-1	
4	1	269	1	1	0	5759	1145	448	43	-1	
5	1	269	1	1	1	5759	1145	448	43	13.081528	as
2	1	270	0	0	0	580	1158	66	52	-1	
3	1	270	1	0	0	580	1158	66	52	-1	
4	1	270	1	1	0	580	1158	66	52	-1	
5	1	270	1	1	1	580	1158	66	52	47.678619	ih
2	1	271	0	0	0	795	1192	57	18	-1	
3	1	271	1	0	0	795	1192	57	18	-1	
4	1	271	1	1	0	795	1192	57	18	-1	
5	1	271	1	1	1	795	1192	57	18	67.677559	Rise
2	1	272	0	0	0	1027	1181	35	17	-1	
3	1	272	1	0	0	1027	1181	35	17	-1	
4	1	272	1	1	0	1027	1181	35	17	-1	
5	1	272	1	1	1	1027	1181	35	17	65.082146	pe
2	1	273	0	0	0	1182	1198	63	5	-1	
3	1	273	1	0	0	1182	1198	63	5	-1	
4	1	273	1	1	0	1182	1198	63	5	-1	
5	1	273	1	1	1	1182	1198	63	5	0.000000	S-=
2	1	274	0	0	0	1290	1131	308	89	-1	
3	1	274	1	0	0	1290	1131	308	89	-1	
4	1	274	1	1	0	1290	1131	308	89	-1	
5	1	274	1	1	1	1290	1181	57	30	36.928116	8
5	1	274	1	1	2	1312	1131	21	30	10.024658	2
5	1	274	1	1	3	1356	1132	187	82	0.000000	ICI08gigg
5	1	274	1	1	4	1566	1160	32	60	24.878197	«|
2	1	275	0	0	0	2536	1165	30	37	-1	
3	1	275	1	0	0	2536	1165	30	37	-1	
4	1	275	1	1	0	2536	1165	30	37	-1	
5	1	275	1	1	1	2536	1165	30	37	88.193352	O
2	1	276	0	0	0	2634	1167	34	35	-1	
3	1	276	1	0	0	2634	1167	34	35	-1	
4	1	276	1	1	0	2634	1167	34	35	-1	
5	1	276	1	1	1	2634	1167	34	35	70.118622	O
2	1	277	0	0	0	2781	1186	57	19	-1	
3	1	277	1	0	0	2781	1186	57	19	-1	
4	1	277	1	1	0	2781	1186	57	19	-1	
5	1	277	1	1	1	2777	1182	19	32	42.545982	(ot
5	1	277	1	1	2	2801	1182	14	32	31.124199	-)
5	1	277	1	1	3	2822	1188	16	17	43.627705	FI
2	1	278	0	0	0	2965	1176	101	31	-1	
3	1	278	1	0	0	2965	1176	101	31	-1	
4	1	278	1	1	0	2965	1176	101	31	-1	
5	1	278	1	1	1	2965	1176	101	31	21.942703	ic82!
2	1	279	0	0	0	5007	1192	54	4	-1	
3	1	279	1	0	0	5007	1192	54	4	-1	
4	1	279	1	1	0	5007	1192	54	4	-1	
5	1	279	1	1	1	5007	1192	54	4	18.476631	—_—
2	1	280	0	0	0	5770	1203	429	5	-1	
3	1	280	1	0	0	5770	1203	429	5	-1	
4	1	280	1	1	0	5770	1203	429	5	-1	
5	1	280	1	1	1	5770	1204	371	4	0.000000	SS
2	1	281	0	0	0	270	1217	39	17	-1	
3	1	281	1	0	0	270	1217	39	17	-1	
4	1	281	1	1	0	270	1217	39	17	-1	
5	1	281	1	1	1	270	1217	39	17	49.857529	trol
2	1	282	0	0	0	468	1206	57	19	-1	
3	1	282	1	0	0	468	1206	57	19	-1	
4	1	282	1	1	0	468	1206	57	19	-1	
5	1	282	1	1	1	468	1206	57	19	46.362003	R65
2	1	283	0	0	0	911	1233	28	13	-1	
3	1	283	1	0	0	911	1233	28	13	-1	
4	1	283	1	1	0	911	1233	28	13	-1	
5	1	283	1	1	1	911	1233	28	13	50.600643	2
2	1	284	0	0	0	1130	1226	117	22	-1	
3	1	284	1	0	0	1130	1226	117	22	-1	
4	1	284	1	1	0	1130	1226	117	22	-1	
5	1	284	1	1	1	1130	1226	117	22	22.692490	ae
2	1	285	0	0	0	1288	1201	53	45	-1	
3	1	285	1	0	0	1288	1201	53	45	-1	
4	1	285	1	1	0	1288	1201	53	45	-1	
5	1	285	1	1	1	1288	1201	53	45	22.952888	bibs
2	1	286	0	0	0	1316	1235	27	8	-1	
3	1	286	1	0	0	1316	1235	27	8	-1	
4	1	286	1	1	0	1316	1235	27	8	-1	
5	1	286	1	1	1	1316	1235	27	8	79.115036	33
2	1	287	0	0	0	1670	1194	57	55	-1	
3	1	287	1	0	0	1670	1194	57	55	-1	
4	1	287	1	1	0	1670	1194	57	55	-1	
5	1	287	1	1	1	1670	1206	14	43	29.283394	4
5	1	287	1	1	2	1690	1194	37	48	63.801468	4
2	1	288	0	0	0	1864	1224	204	20	-1	
3	1	288	1	0	0	1864	1224	204	20	-1	
4	1	288	1	1	0	1864	1224	204	20	-1	
5	1	288	1	1	1	1864	1224	204	20	0.000000	®8765432
2	1	289	0	0	0	2540	1229	64	20	-1	
3	1	289	1	0	0	2540	1229	64	20	-1	
4	1	289	1	1	0	2540	1229	64	20	-1	
5	1	289	1	1	1	2540	1229	64	20	72.012848	0304
2	1	290	0	0	0	2661	1230	46	19	-1	
3	1	290	1	0	0	2661	1230	46	19	-1	
4	1	290	1	1	0	2661	1230	46	19	-1	
5	1	290	1	1	1	2661	1230	46	19	40.896904	8O3
2	1	291	0	0	0	2977	1217	18	18	-1	
3	1	291	1	0	0	2977	1217	18	18	-1	
4	1	291	1	1	0	2977	1217	18	18	-1	
5	1	291	1	1	1	2977	1217	18	18	15.146111	*.
2	1	292	0	0	0	3316	1212	26	18	-1	
3	1	292	1	0	0	3316	1212	26	18	-1	
4	1	292	1	1	0	3316	1212	26	18	-1	
5	1	292	1	1	1	3316	1212	26	18	68.073524	a?
2	1	293	0	0	0	5006	1218	315	29	-1	
3	1	293	1	0	0	5006	1218	315	29	-1	
4	1	293	1	1	0	5006	1218	315	29	-1	
5	1	293	1	1	1	5006	1219	126	25	20.712654	—
5	1	293	1	1	2	5193	1218	128	29	71.096115	—
2	1	294	0	0	0	5759	1218	445	30	-1	
3	1	294	1	0	0	5759	1218	445	30	-1	
4	1	294	1	1	0	5759	1218	445	30	-1	
5	1	294	1	1	1	5759	1220	67	25	42.250767	ee
5	1	294	1	1	2	5905	1214	34	45	47.762531	ee
5	1	294	1	1	3	5968	1219	38	27	46.315948	ee
5	1	294	1	1	4	6032	1214	35	45	55.038681	ee
5	1	294	1	1	5	6081	1214	49	45	0.108521	Oe
5	1	294	1	1	6	6136	1218	68	28	58.045788	|
2	1	295	0	0	0	890	1251	56	24	-1	
3	1	295	1	0	0	890	1251	56	24	-1	
4	1	295	1	1	0	890	1251	56	24	-1	
5	1	295	1	1	1	890	1251	56	24	59.350075	Hie
2	1	296	0	0	0	1063	1260	14	8	-1	
3	1	296	1	0	0	1063	1260	14	8	-1	
4	1	296	1	1	0	1063	1260	14	8	-1	
5	1	296	1	1	1	1063	1260	14	8	67.208832	te
2	1	297	0	0	0	1751	1235	28	17	-1	
3	1	297	1	0	0	1751	1235	28	17	-1	
4	1	297	1	1	0	1751	1235	28	17	-1	
5	1	297	1	1	1	1751	1235	28	17	30.190926	or
2	1	298	0	0	0	3339	1270	30	8	-1	
3	1	298	1	0	0	3339	1270	30	8	-1	
4	1	298	1	1	0	3339	1270	30	8	-1	
5	1	298	1	1	1	3339	1270	30	8	58.759289	ie
2	1	299	0	0	0	242	1235	109	50	-1	
3	1	299	1	0	0	242	1235	162	50	-1	
4	1	299	1	1	0	242	1235	109	50	-1	
5	1	299	1	1	1	242	1235	42	50	10.577995	at
5	1	299	1	1	2	304	1235	47	50	10.094673	eon
2	1	300	0	0	0	464	1267	62	19	-1	
3	1	300	1	0	0	464	1267	62	19	-1	
4	1	300	1	1	0	464	1267	62	19	-1	
5	1	300	1	1	1	464	1267	62	19	0.000000	Rié6
2	1	301	0	0	0	564	1276	60	18	-1	
3	1	301	1	0	0	564	1276	60	18	-1	
4	1	301	1	1	0	564	1276	60	18	-1	
5	1	301	1	1	1	564	1276	60	18	10.334564	R'6é8
2	1	302	0	0	0	711	1292	117	5	-1	
3	1	302	1	0	0	711	1292	117	5	-1	
4	1	302	1	1	0	711	1292	117	5	-1	
5	1	302	1	1	1	711	1292	117	5	62.723396	—
2	1	303	0	0	0	1079	1293	19	11	-1	
3	1	303	1	0	0	1079	1293	19	11	-1	
4	1	303	1	1	0	1079	1293	19	11	-1	
5	1	303	1	1	1	1079	1293	19	11	66.640213	2<
2	1	304	0	0	0	1218	1273	32	17	-1	
3	1	304	1	0	0	1218	1273	32	17	-1	
4	1	304	1	1	0	1218	1273	32	17	-1	
5	1	304	1	1	1	1218	1273	32	17	59.842903	Bt
2	1	305	0	0	0	1289	1278	60	23	-1	
3	1	305	1	0	0	1289	1278	60	23	-1	
4	1	305	1	1	0	1289	1278	60	23	-1	
5	1	305	1	1	1	1289	1278	60	23	17.489456	—s
2	1	306	0	0	0	1704	1262	73	30	-1	
3	1	306	1	0	0	1704	1262	73	30	-1	
4	1	306	1	1	0	1704	1262	73	30	-1	
5	1	306	1	1	1	1704	1262	73	30	43.245979	rel
2	1	307	0	0	0	2035	1286	58	6	-1	
3	1	307	1	0	0	2035	1286	58	6	-1	
4	1	307	1	1	0	2035	1286	58	6	-1	
5	1	307	1	1	1	2035	1286	58	6	43.267761	-t=
2	1	308	0	0	0	342	1287	88	44	-1	
3	1	308	1	0	0	342	1287	88	44	-1	
4	1	308	1	1	0	342	1287	88	44	-1	
5	1	308	1	1	1	342	1287	88	44	4.314774	ee
2	1	309	0	0	0	482	1307	57	18	-1	
3	1	309	1	0	0	482	1307	57	18	-1	
4	1	309	1	1	0	482	1307	57	18	-1	
5	1	309	1	1	1	482	1307	57	18	0.000000	R'E7
2	1	310	0	0	0	1034	1313	55	11	-1	
3	1	310	1	0	0	1034	1313	55	11	-1	
4	1	310	1	1	0	1034	1313	55	11	-1	
5	1	310	1	1	1	1034	1313	55	11	38.209263	=r
2	1	311	0	0	0	1218	1299	31	26	-1	
3	1	311	1	0	0	1218	1299	31	26	-1	
4	1	311	1	1	0	1218	1299	31	26	-1	
5	1	311	1	1	1	1218	1299	31	26	0.000000	Cc}
2	1	312	0	0	0	1290	1303	56	17	-1	
3	1	312	1	0	0	1290	1303	56	17	-1	
4	1	312	1	1	0	1290	1303	56	17	-1	
5	1	312	1	1	1	1290	1303	56	17	0.000000	R'S4
2	1	313	0	0	0	1878	1290	82	37	-1	
3	1	313	1	0	0	1878	1290	82	37	-1	
4	1	313	1	1	0	1878	1290	82	37	-1	
5	1	313	1	1	1	1878	1290	82	37	60.595760	lO7
5	1	313	1	1	2	1944	1286	21	47	0.000000	@
2	1	314	0	0	0	3340	1293	46	20	-1	
3	1	314	1	0	0	3340	1293	46	20	-1	
4	1	314	1	1	0	3340	1293	46	20	-1	
5	1	314	1	1	1	3340	1293	46	20	45.034973	ge
2	1	315	0	0	0	573	1324	60	18	-1	
3	1	315	1	0	0	573	1324	60	18	-1	
4	1	315	1	1	0	573	1324	60	18	-1	
5	1	315	1	1	1	573	1324	60	18	0.000000	R89
2	1	316	0	0	0	749	1317	62	30	-1	
3	1	316	1	0	0	749	1317	62	30	-1	
4	1	316	1	1	0	749	1317	62	30	-1	
5	1	316	1	1	1	749	1324	5	11	12.004288	4
5	1	316	1	1	2	776	1317	35	30	46.629860	62
2	1	317	0	0	0	1292	1156	346	205	-1	
3	1	317	1	0	0	1292	1156	346	205	-1	
4	1	317	1	1	0	1292	1156	346	205	-1	
5	1	317	1	1	1	1292	1156	346	205	63.160339	2002
2	1	318	0	0	0	2691	1330	56	15	-1	
3	1	318	1	0	0	2691	1330	56	15	-1	
4	1	318	1	1	0	2691	1330	56	15	-1	
5	1	318	1	1	1	2691	1330	56	15	15.715271	csi4
2	1	319	0	0	0	3263	1325	36	25	-1	
3	1	319	1	0	0	3263	1325	36	25	-1	
4	1	319	1	1	0	3263	1325	36	25	-1	
5	1	319	1	1	1	3263	1325	36	25	69.916229	a
2	1	320	0	0	0	5193	1330	3	9	-1	
3	1	320	1	0	0	5193	1330	3	9	-1	
4	1	320	1	1	0	5193	1330	3	9	-1	
5	1	320	1	1	1	5193	1330	3	9	15.823837	'
2	1	321	0	0	0	460	1360	56	29	-1	
3	1	321	1	0	0	460	1360	56	29	-1	
4	1	321	1	1	0	460	1360	56	29	-1	
5	1	321	1	1	1	460	1360	56	29	40.445271	RiSS
2	1	322	0	0	0	748	1340	63	44	-1	
3	1	322	1	0	0	748	1340	63	44	-1	
4	1	322	1	1	0	748	1340	63	44	-1	
5	1	322	1	1	1	748	1340	63	44	72.372284	Ries
2	1	323	0	0	0	1045	1344	59	73	-1	
3	1	323	1	0	0	1045	1344	59	73	-1	
4	1	323	1	1	0	1045	1344	59	73	-1	
5	1	323	1	1	1	1045	1368	32	49	28.610962	pa
5	1	323	1	1	2	1050	1344	54	71	9.713280	ciBo
2	1	324	0	0	0	1528	1367	31	5	-1	
3	1	324	1	0	0	1528	1367	31	5	-1	
4	1	324	1	1	0	1528	1367	31	5	-1	
5	1	324	1	1	1	1528	1367	31	5	39.377293	—
2	1	325	0	0	0	1822	1354	64	21	-1	
3	1	325	1	0	0	1822	1354	64	21	-1	
4	1	325	1	1	0	1822	1354	64	21	-1	
5	1	325	1	1	1	1822	1354	64	21	9.845428	SK?
2	1	326	0	0	0	2690	1349	60	31	-1	
3	1	326	1	0	0	2690	1349	60	31	-1	
4	1	326	1	1	0	2690	1349	60	31	-1	
5	1	326	1	1	1	2690	1349	60	31	13.028603	“5
2	1	327	0	0	0	3356	1346	29	17	-1	
3	1	327	1	0	0	3356	1346	29	17	-1	
4	1	327	1	1	0	3356	1346	29	17	-1	
5	1	327	1	1	1	3356	1346	29	17	66.972107	Si
2	1	328	0	0	0	1171	1364	165	40	-1	
3	1	328	1	0	0	1171	1364	165	40	-1	
4	1	328	1	1	0	1171	1364	165	40	-1	
5	1	328	1	1	1	1171	1372	96	32	50.819263	Qiog
5	1	328	1	1	2	1313	1364	23	30	87.481468	@
2	1	329	0	0	0	1342	1364	80	51	-1	
3	1	329	1	0	0	1342	1364	80	51	-1	
4	1	329	1	1	0	1342	1364	80	51	-1	
5	1	329	1	1	1	1342	1364	80	51	40.526127	Ait
2	1	330	0	0	0	1615	1300	168	111	-1	
3	1	330	1	0	0	1615	1300	168	111	-1	
4	1	330	1	1	0	1615	1300	168	111	-1	
5	1	330	1	1	1	1615	1300	126	111	26.564842	“Race
5	1	330	1	1	2	1768	1355	15	52	62.141537	,
2	1	331	0	0	0	1878	1398	55	7	-1	
3	1	331	1	0	0	1878	1398	55	7	-1	
4	1	331	1	1	0	1878	1398	55	7	-1	
5	1	331	1	1	1	1878	1398	55	7	81.181709	—
2	1	332	0	0	0	3294	1371	135	41	-1	
3	1	332	1	0	0	3294	1371	135	41	-1	
4	1	332	1	1	0	3294	1371	135	41	-1	
5	1	332	1	1	1	3294	1395	7	9	0.000000	r
5	1	332	1	1	2	3312	1371	86	41	20.231583	ae
5	1	332	1	1	3	3419	1378	10	2	29.017967	~
2	1	333	0	0	0	3709	1324	494	96	-1	
3	1	333	1	0	0	3709	1324	494	96	-1	
4	1	333	1	1	0	3709	1324	494	96	-1	
5	1	333	1	1	1	3709	1324	96	96	0.000000	/ND
5	1	333	1	1	2	3850	1355	102	35	96.061264	LINE
5	1	333	1	1	3	3973	1329	80	73	92.123924	OUT
5	1	333	1	1	4	4077	1361	126	34	87.199577	P.C.B
2	1	334	0	0	0	497	1423	80	5	-1	
3	1	334	1	0	0	497	1423	80	5	-1	
4	1	334	1	1	0	497	1423	80	5	-1	
5	1	334	1	1	1	497	1403	80	25	56.749992	jo.
2	1	335	0	0	0	595	1399	117	57	-1	
3	1	335	1	0	0	595	1399	117	57	-1	
4	1	335	1	1	0	595	1399	117	57	-1	
5	1	335	1	1	1	595	1399	78	57	0.000000	QHe
5	1	335	1	1	2	693	1400	19	56	29.633362	|
2	1	336	0	0	0	726	1379	121	65	-1	
3	1	336	1	0	0	726	1379	121	65	-1	
4	1	336	1	1	0	726	1379	121	65	-1	
5	1	336	1	1	1	726	1379	84	65	0.000000	IC10|
5	1	336	1	1	2	832	1389	15	22	16.001343	e
2	1	337	0	0	0	831	1303	201	156	-1	
3	1	337	1	0	0	831	1303	201	156	-1	
4	1	337	1	1	0	831	1303	201	156	-1	
5	1	337	1	1	1	831	1303	201	156	44.881248	me
2	1	338	0	0	0	1467	1428	23	26	-1	
3	1	338	1	0	0	1467	1428	23	26	-1	
4	1	338	1	1	0	1467	1428	23	26	-1	
5	1	338	1	1	1	1467	1428	23	26	50.565487	tr,
2	1	339	0	0	0	1779	1410	19	25	-1	
3	1	339	1	0	0	1779	1410	19	25	-1	
4	1	339	1	1	0	1779	1410	19	25	-1	
5	1	339	1	1	1	1779	1410	19	25	0.000000	\-
2	1	340	0	0	0	1921	1422	59	18	-1	
3	1	340	1	0	0	1921	1422	59	18	-1	
4	1	340	1	1	0	1921	1422	59	18	-1	
5	1	340	1	1	1	1921	1422	59	18	44.408829	NS02
2	1	341	0	0	0	3298	1419	57	14	-1	
3	1	341	1	0	0	3298	1419	57	14	-1	
4	1	341	1	1	0	3298	1419	57	14	-1	
5	1	341	1	1	1	3298	1419	57	14	41.748024	eed
2	1	342	0	0	0	1060	1448	37	14	-1	
3	1	342	1	0	0	1060	1448	37	14	-1	
4	1	342	1	1	0	1060	1448	37	14	-1	
5	1	342	1	1	1	1060	1448	37	14	53.412304	4
2	1	343	0	0	0	1527	1456	58	17	-1	
3	1	343	1	0	0	1527	1456	58	17	-1	
4	1	343	1	1	0	1527	1456	58	17	-1	
5	1	343	1	1	1	1527	1456	58	17	89.839325	R405
2	1	344	0	0	0	1916	1443	45	10	-1	
3	1	344	1	0	0	1916	1443	45	10	-1	
4	1	344	1	1	0	1916	1443	45	10	-1	
5	1	344	1	1	1	1916	1443	45	10	0.000000	oten
5	1	344	1	1	2	1960	1434	6	29	82.962738	|
2	1	345	0	0	0	2476	1434	177	30	-1	
3	1	345	1	0	0	2476	1434	177	30	-1	
4	1	345	1	1	0	2476	1434	177	30	-1	
5	1	345	1	1	1	2476	1434	99	30	61.861031	IC8O6
5	1	345	1	1	2	2598	1444	55	5	4.760620	---
2	1	346	0	0	0	4967	1403	518	66	-1	
3	1	346	1	0	0	4967	1403	518	66	-1	
4	1	346	1	1	0	4967	1403	518	66	-1	
5	1	346	1	1	1	4967	1407	60	61	42.244930	{©
5	1	346	1	1	2	5035	1407	56	62	0.000000	A)
5	1	346	1	1	3	5109	1410	30	58	43.347572	©
5	1	346	1	1	4	5166	1448	28	19	86.050262	¢
5	1	346	1	1	5	5178	1410	75	26	30.446953	ac
5	1	346	1	1	6	5282	1417	34	50	5.908707	 &
5	1	346	1	1	7	5365	1403	32	31	92.116852	a
5	1	346	1	1	8	5440	1408	45	25	41.413033	Al
2	1	347	0	0	0	5822	1427	136	33	-1	
3	1	347	1	0	0	5822	1427	136	33	-1	
4	1	347	1	1	0	5822	1427	136	33	-1	
5	1	347	1	1	1	5822	1429	78	31	0.000000	Ie
5	1	347	1	1	2	5929	1427	29	33	0.000000	&
2	1	348	0	0	0	6118	1416	103	45	-1	
3	1	348	1	0	0	6118	1416	103	45	-1	
4	1	348	1	1	0	6118	1416	103	45	-1	
5	1	348	1	1	1	6118	1416	103	45	11.144829	©
2	1	349	0	0	0	364	1440	167	38	-1	
3	1	349	1	0	0	364	1440	167	38	-1	
4	1	349	1	1	0	364	1440	167	38	-1	
5	1	349	1	1	1	360	1418	77	77	0.000000	To
5	1	349	1	1	2	469	1422	62	56	23.257530	ae
2	1	350	0	0	0	672	1460	90	39	-1	
3	1	350	1	0	0	672	1460	90	39	-1	
4	1	350	1	1	0	672	1460	90	39	-1	
5	1	350	1	1	1	672	1438	90	61	16.695236	aia
2	1	351	0	0	0	1416	1435	74	52	-1	
3	1	351	1	0	0	1416	1435	74	52	-1	
4	1	351	1	1	0	1416	1435	74	52	-1	
5	1	351	1	1	1	1416	1435	74	52	59.822998	EE
2	1	352	0	0	0	1527	1479	56	5	-1	
3	1	352	1	0	0	1527	1479	56	5	-1	
4	1	352	1	1	0	1527	1479	56	5	-1	
5	1	352	1	1	1	1527	1479	56	5	28.123711	_—
2	1	353	0	0	0	1816	1483	31	14	-1	
3	1	353	1	0	0	1816	1483	31	14	-1	
4	1	353	1	1	0	1816	1483	31	14	-1	
5	1	353	1	1	1	1816	1483	31	14	42.374306	ic
2	1	354	0	0	0	1932	1479	28	20	-1	
3	1	354	1	0	0	1932	1479	28	20	-1	
4	1	354	1	1	0	1932	1479	28	20	-1	
5	1	354	1	1	1	1932	1479	28	20	72.267517	2!
2	1	355	0	0	0	2746	1445	111	32	-1	
3	1	355	1	0	0	2746	1445	111	32	-1	
4	1	355	1	1	0	2746	1445	111	32	-1	
5	1	355	1	1	1	2746	1445	111	32	56.216183	IC805
2	1	356	0	0	0	534	1499	13	18	-1	
3	1	356	1	0	0	534	1499	13	18	-1	
4	1	356	1	1	0	534	1499	13	18	-1	
5	1	356	1	1	1	534	1499	13	18	95.874413	6
2	1	357	0	0	0	1025	1430	241	89	-1	
3	1	357	1	0	0	1025	1430	241	89	-1	
4	1	357	1	1	0	1025	1430	241	89	-1	
5	1	357	1	1	1	1025	1430	71	84	12.298088	ak
5	1	357	1	1	2	1132	1460	134	59	47.707901	ee
2	1	358	0	0	0	1932	1501	28	23	-1	
3	1	358	1	0	0	1932	1501	28	23	-1	
4	1	358	1	1	0	1932	1501	28	23	-1	
5	1	358	1	1	1	1932	1506	12	18	96.639946	3
5	1	358	1	1	2	1958	1501	2	12	65.622467	i
2	1	359	0	0	0	3995	1502	107	19	-1	
3	1	359	1	0	0	3995	1502	107	19	-1	
4	1	359	1	1	0	3995	1502	107	19	-1	
5	1	359	1	1	1	3995	1502	34	19	93.738129	NE
5	1	359	1	1	2	4048	1489	54	36	71.125877	OUT
2	1	360	0	0	0	5912	1509	42	18	-1	
3	1	360	1	0	0	5912	1509	42	18	-1	
4	1	360	1	1	0	5912	1509	42	18	-1	
5	1	360	1	1	1	5912	1509	42	18	33.845718	Cnt
2	1	361	0	0	0	654	1503	73	39	-1	
3	1	361	1	0	0	654	1503	73	39	-1	
4	1	361	1	1	0	654	1503	73	39	-1	
5	1	361	1	1	1	654	1492	73	50	44.901764	pt
2	1	362	0	0	0	1230	1517	27	16	-1	
3	1	362	1	0	0	1230	1517	27	16	-1	
4	1	362	1	1	0	1230	1517	27	16	-1	
5	1	362	1	1	1	1230	1517	27	16	32.864914	i>
2	1	363	0	0	0	1930	1530	30	22	-1	
3	1	363	1	0	0	1930	1530	30	22	-1	
4	1	363	1	1	0	1930	1530	30	22	-1	
5	1	363	1	1	1	1930	1530	30	22	61.623596	4)
2	1	364	0	0	0	2536	1539	55	18	-1	
3	1	364	1	0	0	2536	1539	55	18	-1	
4	1	364	1	1	0	2536	1539	55	18	-1	
5	1	364	1	1	1	2536	1539	55	18	22.911499	8'6
2	1	365	0	0	0	2706	1538	37	20	-1	
3	1	365	1	0	0	2706	1538	37	20	-1	
4	1	365	1	1	0	2706	1538	37	20	-1	
5	1	365	1	1	1	2706	1538	37	20	47.272282	eit
2	1	366	0	0	0	2986	1539	9	8	-1	
3	1	366	1	0	0	2986	1539	9	8	-1	
4	1	366	1	1	0	2986	1539	9	8	-1	
5	1	366	1	1	1	2986	1539	9	8	48.937435	«
2	1	367	0	0	0	3269	1519	86	18	-1	
3	1	367	1	0	0	3269	1519	86	18	-1	
4	1	367	1	1	0	3269	1519	86	18	-1	
5	1	367	1	1	1	3269	1519	86	18	1.591431	S232
2	1	368	0	0	0	5878	1533	105	5	-1	
3	1	368	1	0	0	5878	1533	105	5	-1	
4	1	368	1	1	0	5878	1533	105	5	-1	
5	1	368	1	1	1	5878	1533	72	5	0.000000	——.
2	1	369	0	0	0	476	1560	40	18	-1	
3	1	369	1	0	0	476	1560	40	18	-1	
4	1	369	1	1	0	476	1560	40	18	-1	
5	1	369	1	1	1	476	1560	40	18	86.057434	cia
2	1	370	0	0	0	1060	1550	66	14	-1	
3	1	370	1	0	0	1060	1550	66	14	-1	
4	1	370	1	1	0	1060	1550	66	14	-1	
5	1	370	1	1	1	1060	1550	66	14	56.005779	iat
2	1	371	0	0	0	1580	1546	46	17	-1	
3	1	371	1	0	0	1580	1546	46	17	-1	
4	1	371	1	1	0	1580	1546	46	17	-1	
5	1	371	1	1	1	1580	1546	46	17	32.288292	404
2	1	372	0	0	0	1666	1552	88	30	-1	
3	1	372	1	0	0	1666	1552	88	30	-1	
4	1	372	1	1	0	1666	1552	88	30	-1	
5	1	372	1	1	1	1666	1552	88	30	38.413677	aorer
2	1	373	0	0	0	3275	1557	45	11	-1	
3	1	373	1	0	0	3275	1557	45	11	-1	
4	1	373	1	1	0	3275	1557	45	11	-1	
5	1	373	1	1	1	3275	1557	45	11	65.286819	eTs
2	1	374	0	0	0	3435	1564	55	4	-1	
3	1	374	1	0	0	3435	1564	55	4	-1	
4	1	374	1	1	0	3435	1564	55	4	-1	
5	1	374	1	1	1	3435	1564	55	4	36.198418	—_—
2	1	375	0	0	0	3925	1552	38	19	-1	
3	1	375	1	0	0	3925	1552	38	19	-1	
4	1	375	1	1	0	3925	1552	38	19	-1	
5	1	375	1	1	1	3925	1552	38	19	76.548866	(R)
2	1	376	0	0	0	3935	1579	34	4	-1	
3	1	376	1	0	0	3935	1579	34	4	-1	
4	1	376	1	1	0	3935	1579	34	4	-1	
5	1	376	1	1	1	3935	1579	34	4	32.132500	—,
2	1	377	0	0	0	4120	1553	38	20	-1	
3	1	377	1	0	0	4120	1553	38	20	-1	
4	1	377	1	1	0	4120	1553	38	20	-1	
5	1	377	1	1	1	4120	1553	38	20	76.586441	iL)
2	1	378	0	0	0	5827	1531	225	56	-1	
3	1	378	1	0	0	5827	1531	225	56	-1	
4	1	378	1	1	0	5827	1531	225	56	-1	
5	1	378	1	1	1	5827	1531	225	56	53.422699	(87654321;
2	1	379	0	0	0	471	1583	57	22	-1	
3	1	379	1	0	0	471	1583	57	22	-1	
4	1	379	1	1	0	471	1583	57	22	-1	
5	1	379	1	1	1	471	1583	57	22	64.242126	pers
2	1	380	0	0	0	702	1572	28	16	-1	
3	1	380	1	0	0	702	1572	28	16	-1	
4	1	380	1	1	0	702	1572	28	16	-1	
5	1	380	1	1	1	702	1572	28	16	60.080715	at
2	1	381	0	0	0	1165	1581	23	17	-1	
3	1	381	1	0	0	1165	1581	23	17	-1	
4	1	381	1	1	0	1165	1581	23	17	-1	
5	1	381	1	1	1	1165	1581	23	17	60.611237	43
2	1	382	0	0	0	1228	1542	178	49	-1	
3	1	382	1	0	0	1228	1542	178	49	-1	
4	1	382	1	1	0	1228	1542	178	49	-1	
5	1	382	1	1	1	1228	1542	38	36	0.000000	';
5	1	382	1	1	2	1298	1576	1	15	61.032463	|
5	1	382	1	1	3	1307	1542	99	49	45.081707	iz
2	1	383	0	0	0	1529	1591	42	14	-1	
3	1	383	1	0	0	1529	1591	42	14	-1	
4	1	383	1	1	0	1529	1591	42	14	-1	
5	1	383	1	1	1	1529	1591	42	14	38.408737	aor
2	1	384	0	0	0	1567	1567	59	31	-1	
3	1	384	1	0	0	1567	1567	59	31	-1	
4	1	384	1	1	0	1567	1567	59	31	-1	
5	1	384	1	1	1	1567	1567	59	31	63.606876	->-
2	1	385	0	0	0	2000	1571	16	40	-1	
3	1	385	1	0	0	2000	1571	16	40	-1	
4	1	385	1	1	0	2000	1571	16	40	-1	
5	1	385	1	1	1	2000	1571	16	40	0.000000	:
2	1	386	0	0	0	4968	1463	434	134	-1	
3	1	386	1	0	0	4968	1463	434	134	-1	
4	1	386	1	1	0	4968	1463	434	134	-1	
5	1	386	1	1	1	4968	1463	434	134	16.230621	846.068
2	1	387	0	0	0	678	1595	54	26	-1	
3	1	387	1	0	0	678	1595	54	26	-1	
4	1	387	1	1	0	678	1595	54	26	-1	
5	1	387	1	1	1	678	1595	54	26	52.029655	tht
2	1	388	0	0	0	913	1623	37	17	-1	
3	1	388	1	0	0	913	1623	37	17	-1	
4	1	388	1	1	0	913	1623	37	17	-1	
5	1	388	1	1	1	913	1623	37	17	34.713730	ci
2	1	389	0	0	0	1024	1579	82	37	-1	
3	1	389	1	0	0	1024	1579	82	37	-1	
4	1	389	1	1	0	1024	1579	82	37	-1	
5	1	389	1	1	1	1024	1594	6	8	48.077473	7
5	1	389	1	1	2	1058	1579	48	37	41.462437	pth
2	1	390	0	0	0	1803	1617	55	5	-1	
3	1	390	1	0	0	1803	1617	55	5	-1	
4	1	390	1	1	0	1803	1617	55	5	-1	
5	1	390	1	1	1	1803	1617	55	5	4.701118	se
2	1	391	0	0	0	1932	1595	29	27	-1	
3	1	391	1	0	0	1932	1595	29	27	-1	
4	1	391	1	1	0	1932	1595	29	27	-1	
5	1	391	1	1	1	1932	1595	29	27	54.227348	71
2	1	392	0	0	0	2040	1605	76	32	-1	
3	1	392	1	0	0	2040	1605	76	32	-1	
4	1	392	1	1	0	2040	1605	76	32	-1	
5	1	392	1	1	1	2040	1605	76	32	63.561234	@—
2	1	393	0	0	0	2789	1588	111	30	-1	
3	1	393	1	0	0	2789	1588	111	30	-1	
4	1	393	1	1	0	2789	1588	111	30	-1	
5	1	393	1	1	1	2789	1588	31	30	42.417381	IC
5	1	393	1	1	2	2834	1588	66	30	42.417381	822
2	1	394	0	0	0	3161	1590	100	29	-1	
3	1	394	1	0	0	3161	1590	100	29	-1	
4	1	394	1	1	0	3161	1590	100	29	-1	
5	1	394	1	1	1	3161	1590	100	29	95.233284	C823
2	1	395	0	0	0	526	1651	57	10	-1	
3	1	395	1	0	0	526	1651	57	10	-1	
4	1	395	1	1	0	526	1651	57	10	-1	
5	1	395	1	1	1	526	1651	57	10	0.000000	re
2	1	396	0	0	0	621	1624	72	29	-1	
3	1	396	1	0	0	621	1624	72	29	-1	
4	1	396	1	1	0	621	1624	72	29	-1	
5	1	396	1	1	1	621	1624	72	29	61.819004	Mig
2	1	397	0	0	0	915	1653	56	13	-1	
3	1	397	1	0	0	915	1653	56	13	-1	
4	1	397	1	1	0	915	1653	56	13	-1	
5	1	397	1	1	1	915	1653	56	13	0.000000	its
2	1	398	0	0	0	1267	1653	35	16	-1	
3	1	398	1	0	0	1267	1653	35	16	-1	
4	1	398	1	1	0	1267	1653	35	16	-1	
5	1	398	1	1	1	1267	1653	35	16	18.305435	tt
2	1	399	0	0	0	1412	1634	35	21	-1	
3	1	399	1	0	0	1412	1634	35	21	-1	
4	1	399	1	1	0	1412	1634	35	21	-1	
5	1	399	1	1	1	1412	1634	35	21	54.576702	la
2	1	400	0	0	0	1796	1654	54	6	-1	
3	1	400	1	0	0	1796	1654	54	6	-1	
4	1	400	1	1	0	1796	1654	54	6	-1	
5	1	400	1	1	1	1796	1654	54	6	0.542267	—
2	1	401	0	0	0	1929	1627	32	22	-1	
3	1	401	1	0	0	1929	1627	32	22	-1	
4	1	401	1	1	0	1929	1627	32	22	-1	
5	1	401	1	1	1	1929	1627	32	22	87.413811	6!
2	1	402	0	0	0	2606	1642	286	20	-1	
3	1	402	1	0	0	2606	1642	286	20	-1	
4	1	402	1	1	0	2606	1642	286	20	-1	
5	1	402	1	1	1	2606	1642	75	20	0.000000	S468
5	1	402	1	1	2	2701	1643	191	18	0.000000	67890:
2	1	403	0	0	0	2930	1644	39	17	-1	
3	1	403	1	0	0	2930	1644	39	17	-1	
4	1	403	1	1	0	2930	1644	39	17	-1	
5	1	403	1	1	1	2930	1644	39	17	47.713608	314
2	1	404	0	0	0	3053	1645	254	17	-1	
3	1	404	1	0	0	3053	1645	254	17	-1	
4	1	404	1	1	0	3053	1645	254	17	-1	
5	1	404	1	1	1	3053	1645	254	17	0.000000	2734567895
5	1	404	1	1	2	3291	1634	20	32	0.000000	*«
2	1	405	0	0	0	3367	1645	81	18	-1	
3	1	405	1	0	0	3367	1645	81	18	-1	
4	1	405	1	1	0	3367	1645	81	18	-1	
5	1	405	1	1	1	3367	1645	81	18	11.311272	231.
2	1	406	0	0	0	772	1683	196	9	-1	
3	1	406	1	0	0	772	1683	196	9	-1	
4	1	406	1	1	0	772	1683	196	9	-1	
5	1	406	1	1	1	772	1683	196	9	12.454140	a
2	1	407	0	0	0	964	1661	13	17	-1	
3	1	407	1	0	0	964	1661	13	17	-1	
4	1	407	1	1	0	964	1661	13	17	-1	
5	1	407	1	1	1	964	1661	13	17	35.211754	a
2	1	408	0	0	0	1023	1654	183	40	-1	
3	1	408	1	0	0	1023	1654	183	40	-1	
4	1	408	1	1	0	1023	1654	183	40	-1	
5	1	408	1	1	1	1023	1654	183	40	10.806206	+E
2	1	409	0	0	0	1386	1686	22	3	-1	
3	1	409	1	0	0	1386	1686	22	3	-1	
4	1	409	1	1	0	1386	1686	22	3	-1	
5	1	409	1	1	1	1386	1686	22	3	51.433708	ad
2	1	410	0	0	0	1916	1653	44	26	-1	
3	1	410	1	0	0	1916	1653	44	26	-1	
4	1	410	1	1	0	1916	1653	44	26	-1	
5	1	410	1	1	1	1916	1653	44	26	24.866135	U9
2	1	411	0	0	0	715	1652	47	71	-1	
3	1	411	1	0	0	715	1652	47	71	-1	
4	1	411	1	1	0	715	1652	47	71	-1	
5	1	411	1	1	1	715	1652	47	71	38.180893	4
2	1	412	0	0	0	1758	1695	109	29	-1	
3	1	412	1	0	0	1758	1695	109	29	-1	
4	1	412	1	1	0	1758	1695	109	29	-1	
5	1	412	1	1	1	1758	1695	109	29	57.059906	IC401
2	1	413	0	0	0	3676	1704	60	6	-1	
3	1	413	1	0	0	3676	1704	60	6	-1	
4	1	413	1	1	0	3676	1704	60	6	-1	
5	1	413	1	1	1	3676	1704	60	6	52.008289	_—
2	1	414	0	0	0	471	1731	38	7	-1	
3	1	414	1	0	0	471	1731	38	7	-1	
4	1	414	1	1	0	471	1731	38	7	-1	
5	1	414	1	1	1	471	1731	38	7	25.493309	Cie
2	1	415	0	0	0	833	1731	23	16	-1	
3	1	415	1	0	0	833	1731	23	16	-1	
4	1	415	1	1	0	833	1731	23	16	-1	
5	1	415	1	1	1	833	1731	23	16	37.079082	R'
2	1	416	0	0	0	1133	1749	88	5	-1	
3	1	416	1	0	0	1133	1749	88	5	-1	
4	1	416	1	1	0	1133	1749	88	5	-1	
5	1	416	1	1	1	1133	1749	36	4	20.126953	_—
2	1	417	0	0	0	1491	1712	113	16	-1	
3	1	417	1	0	0	1491	1712	113	16	-1	
4	1	417	1	1	0	1491	1712	113	16	-1	
5	1	417	1	1	1	1491	1712	113	16	18.534256	——
2	1	418	0	0	0	2056	1717	44	18	-1	
3	1	418	1	0	0	2056	1717	44	18	-1	
4	1	418	1	1	0	2056	1717	44	18	-1	
5	1	418	1	1	1	2056	1717	44	18	76.186989	303
2	1	419	0	0	0	3742	1735	43	15	-1	
3	1	419	1	0	0	3742	1735	43	15	-1	
4	1	419	1	1	0	3742	1735	43	15	-1	
5	1	419	1	1	1	3742	1735	43	15	52.320637	pas
2	1	420	0	0	0	336	1755	56	18	-1	
3	1	420	1	0	0	336	1755	56	18	-1	
4	1	420	1	1	0	336	1755	56	18	-1	
5	1	420	1	1	1	336	1755	56	18	52.994572	Ri04
2	1	421	0	0	0	471	1747	57	25	-1	
3	1	421	1	0	0	471	1747	57	25	-1	
4	1	421	1	1	0	471	1747	57	25	-1	
5	1	421	1	1	1	471	1747	57	25	48.310829	sr
2	1	422	0	0	0	938	1746	56	27	-1	
3	1	422	1	0	0	938	1746	56	27	-1	
4	1	422	1	1	0	938	1746	56	27	-1	
5	1	422	1	1	1	938	1746	56	27	0.000000	fs
2	1	423	0	0	0	1266	1745	37	29	-1	
3	1	423	1	0	0	1266	1745	37	29	-1	
4	1	423	1	1	0	1266	1745	37	29	-1	
5	1	423	1	1	1	1266	1745	37	29	75.872391	id
2	1	424	0	0	0	3739	1764	91	15	-1	
3	1	424	1	0	0	3739	1764	91	15	-1	
4	1	424	1	1	0	3739	1764	91	15	-1	
5	1	424	1	1	1	3739	1764	91	15	16.525185	a
2	1	425	0	0	0	3877	1719	352	48	-1	
3	1	425	1	0	0	3877	1719	352	48	-1	
4	1	425	1	1	0	3877	1719	352	48	-1	
5	1	425	1	1	1	3877	1719	73	46	29.561981	ait”
5	1	425	1	1	2	3977	1731	114	26	29.974182	206)
5	1	425	1	1	3	4111	1749	19	14	0.000000	—
5	1	425	1	1	4	4165	1726	64	41	16.158562	ae
2	1	426	0	0	0	4902	1717	798	45	-1	
3	1	426	1	0	0	4902	1717	798	45	-1	
4	1	426	1	1	0	4902	1717	798	45	-1	
5	1	426	1	1	1	4902	1718	168	35	96.069481	POWER
5	1	426	1	1	2	5088	1717	196	36	92.890823	SOURCE
5	1	426	1	1	3	5302	1718	130	36	91.373734	P.C.B.
5	1	426	1	1	4	5450	1719	88	42	96.303574	(For
5	1	426	1	1	5	5553	1722	147	40	96.371017	others)
2	1	427	0	0	0	387	1760	44	38	-1	
3	1	427	1	0	0	387	1760	44	38	-1	
4	1	427	1	1	0	387	1760	44	38	-1	
5	1	427	1	1	1	387	1760	44	38	27.953537	3
2	1	428	0	0	0	603	1791	116	5	-1	
3	1	428	1	0	0	603	1791	116	5	-1	
4	1	428	1	1	0	603	1791	116	5	-1	
5	1	428	1	1	1	603	1791	116	5	0.000000	—.—
2	1	429	0	0	0	1259	1793	52	4	-1	
3	1	429	1	0	0	1259	1793	52	4	-1	
4	1	429	1	1	0	1259	1793	52	4	-1	
5	1	429	1	1	1	1259	1793	52	4	0.000000	—s
2	1	430	0	0	0	1364	1786	64	5	-1	
3	1	430	1	0	0	1364	1786	64	5	-1	
4	1	430	1	1	0	1364	1786	64	5	-1	
5	1	430	1	1	1	1364	1786	64	5	0.000000	—
2	1	431	0	0	0	1532	1766	101	36	-1	
3	1	431	1	0	0	1532	1766	101	36	-1	
4	1	431	1	1	0	1532	1766	101	36	-1	
5	1	431	1	1	1	1532	1770	73	32	49.222359	R423)
5	1	431	1	1	2	1628	1766	5	16	92.607094	|
2	1	432	0	0	0	1913	1785	25	17	-1	
3	1	432	1	0	0	1913	1785	25	17	-1	
4	1	432	1	1	0	1913	1785	25	17	-1	
5	1	432	1	1	1	1913	1785	25	17	63.146381	35
2	1	433	0	0	0	2033	1774	48	22	-1	
3	1	433	1	0	0	2033	1774	48	22	-1	
4	1	433	1	1	0	2033	1774	48	22	-1	
5	1	433	1	1	1	2033	1774	48	22	22.984283	ia!
2	1	434	0	0	0	3876	1773	64	18	-1	
3	1	434	1	0	0	3876	1773	64	18	-1	
4	1	434	1	1	0	3876	1773	64	18	-1	
5	1	434	1	1	1	3876	1773	64	18	16.535843	+—
2	1	435	0	0	0	4164	1771	66	22	-1	
3	1	435	1	0	0	4164	1771	66	22	-1	
4	1	435	1	1	0	4164	1771	66	22	-1	
5	1	435	1	1	1	4164	1771	66	22	48.063744	ah
2	1	436	0	0	0	5330	1796	65	5	-1	
3	1	436	1	0	0	5330	1796	65	5	-1	
4	1	436	1	1	0	5330	1796	65	5	-1	
5	1	436	1	1	1	5330	1796	65	12	37.877701	rane
2	1	437	0	0	0	5442	1795	83	12	-1	
3	1	437	1	0	0	5442	1795	83	12	-1	
4	1	437	1	1	0	5442	1795	83	12	-1	
5	1	437	1	1	1	5442	1795	83	20	95.677185	ELECT
2	1	438	0	0	0	5550	1802	13	7	-1	
3	1	438	1	0	0	5550	1802	13	7	-1	
4	1	438	1	1	0	5550	1802	13	7	-1	
5	1	438	1	1	1	5550	1802	13	7	28.929855	Fe
2	1	439	0	0	0	5551	1795	10	3	-1	
3	1	439	1	0	0	5551	1795	10	3	-1	
4	1	439	1	1	0	5551	1795	10	3	-1	
5	1	439	1	1	1	5551	1795	10	3	0.000000	_
2	1	440	0	0	0	546	1823	29	4	-1	
3	1	440	1	0	0	546	1823	29	4	-1	
4	1	440	1	1	0	546	1823	29	4	-1	
5	1	440	1	1	1	546	1823	29	4	78.315430	~
2	1	441	0	0	0	623	1824	39	4	-1	
3	1	441	1	0	0	623	1824	39	4	-1	
4	1	441	1	1	0	623	1824	39	4	-1	
5	1	441	1	1	1	623	1824	39	4	9.960419	—"
2	1	442	0	0	0	2033	1803	28	21	-1	
3	1	442	1	0	0	2033	1803	28	21	-1	
4	1	442	1	1	0	2033	1803	28	21	-1	
5	1	442	1	1	1	2033	1803	28	21	0.000000	;3
2	1	443	0	0	0	3884	1801	57	18	-1	
3	1	443	1	0	0	3884	1801	57	18	-1	
4	1	443	1	1	0	3884	1801	57	18	-1	
5	1	443	1	1	1	3884	1801	57	18	13.043091	6S3
2	1	444	0	0	0	4005	1761	102	53	-1	
3	1	444	1	0	0	4005	1761	102	53	-1	
4	1	444	1	1	0	4005	1761	102	53	-1	
5	1	444	1	1	1	4005	1761	102	53	79.861847	vie
2	1	445	0	0	0	4173	1804	29	17	-1	
3	1	445	1	0	0	4173	1804	29	17	-1	
4	1	445	1	1	0	4173	1804	29	17	-1	
5	1	445	1	1	1	4173	1804	29	17	71.471596	RB.
2	1	446	0	0	0	5314	1812	10	3	-1	
3	1	446	1	0	0	5314	1812	10	3	-1	
4	1	446	1	1	0	5314	1812	10	3	-1	
5	1	446	1	1	1	5314	1812	10	3	33.149254	L
2	1	447	0	0	0	592	1856	26	4	-1	
3	1	447	1	0	0	592	1856	26	4	-1	
4	1	447	1	1	0	592	1856	26	4	-1	
5	1	447	1	1	1	592	1856	26	4	41.360188	—
2	1	448	0	0	0	832	1790	217	58	-1	
3	1	448	1	0	0	832	1790	217	58	-1	
4	1	448	1	1	0	832	1790	217	58	-1	
5	1	448	1	1	1	832	1804	53	18	65.482094	ce
5	1	448	1	1	2	910	1790	15	58	21.807899	e
5	1	448	1	1	3	958	1794	91	50	8.124908	Ql!
2	1	449	0	0	0	1519	1812	105	37	-1	
3	1	449	1	0	0	1519	1812	105	37	-1	
4	1	449	1	1	0	1519	1812	105	37	-1	
5	1	449	1	1	1	1519	1832	26	15	59.749531	42
5	1	449	1	1	2	1598	1812	26	37	56.494530	bP
2	1	450	0	0	0	2049	1830	33	21	-1	
3	1	450	1	0	0	2049	1830	33	21	-1	
4	1	450	1	1	0	2049	1830	33	21	-1	
5	1	450	1	1	1	2049	1830	33	21	78.592865	4)
2	1	451	0	0	0	2536	1841	435	21	-1	
3	1	451	1	0	0	2536	1841	435	21	-1	
4	1	451	1	1	0	2536	1841	435	21	-1	
5	1	451	1	1	1	2536	1842	20	19	96.277306	28
5	1	451	1	1	2	2568	1841	21	21	95.708015	27
5	1	451	1	1	3	2601	1842	18	20	94.873329	26
5	1	451	1	1	4	2631	1843	24	19	88.759964	25
5	1	451	1	1	5	2664	1843	21	19	88.759964	24
5	1	451	1	1	6	2697	1842	21	20	92.385941	23
5	1	451	1	1	7	2730	1843	47	19	70.842667	2221
5	1	451	1	1	8	2827	1843	48	17	58.185120	2913
5	1	451	1	1	9	2862	1837	12	36	69.454437	6
5	1	451	1	1	10	2886	1837	20	36	46.408443	17
5	1	451	1	1	11	2920	1844	20	16	80.563232	16
5	1	451	1	1	12	2959	1843	12	18	61.476376	15
2	1	452	0	0	0	3011	1844	234	19	-1	
3	1	452	1	0	0	3011	1844	234	19	-1	
4	1	452	1	1	0	3011	1844	234	19	-1	
5	1	452	1	1	1	3011	1844	25	18	47.145576	2s
5	1	452	1	1	2	3046	1844	47	17	47.145576	27
5	1	452	1	1	3	3111	1844	134	19	0.000000	Se
5	1	452	1	1	4	3177	1840	14	32	16.125710	GB
5	1	452	1	1	5	3201	1844	44	19	45.409714	222
2	1	453	0	0	0	3268	1844	82	18	-1	
3	1	453	1	0	0	3268	1844	82	18	-1	
4	1	453	1	1	0	3268	1844	82	18	-1	
5	1	453	1	1	1	3268	1844	82	18	23.561409	z2e6
2	1	454	0	0	0	3367	1843	77	19	-1	
3	1	454	1	0	0	3367	1843	77	19	-1	
4	1	454	1	1	0	3367	1843	77	19	-1	
5	1	454	1	1	1	3367	1843	77	19	5.780014	vr6S
2	1	455	0	0	0	3914	1833	30	21	-1	
3	1	455	1	0	0	3914	1833	30	21	-1	
4	1	455	1	1	0	3914	1833	30	21	-1	
5	1	455	1	1	1	3914	1833	30	21	21.147148	A
2	1	456	0	0	0	489	1878	36	14	-1	
3	1	456	1	0	0	489	1878	36	14	-1	
4	1	456	1	1	0	489	1878	36	14	-1	
5	1	456	1	1	1	489	1878	36	14	46.785446	192
2	1	457	0	0	0	827	1861	140	30	-1	
3	1	457	1	0	0	827	1861	140	30	-1	
4	1	457	1	1	0	827	1861	140	30	-1	
5	1	457	1	1	1	827	1865	77	18	0.000000	jb
5	1	457	1	1	2	929	1861	38	30	0.000000	0/5
2	1	458	0	0	0	1141	1886	49	4	-1	
3	1	458	1	0	0	1141	1886	49	4	-1	
4	1	458	1	1	0	1141	1886	49	4	-1	
5	1	458	1	1	1	1141	1886	49	4	24.218605	—
2	1	459	0	0	0	1304	1885	26	9	-1	
3	1	459	1	0	0	1304	1885	26	9	-1	
4	1	459	1	1	0	1304	1885	26	9	-1	
5	1	459	1	1	1	1304	1885	26	9	83.190445	2
2	1	460	0	0	0	1312	1850	55	19	-1	
3	1	460	1	0	0	1312	1850	55	19	-1	
4	1	460	1	1	0	1312	1850	55	19	-1	
5	1	460	1	1	1	1312	1850	55	19	85.634216	#43;
2	1	461	0	0	0	1672	1851	26	18	-1	
3	1	461	1	0	0	1672	1851	26	18	-1	
4	1	461	1	1	0	1672	1851	26	18	-1	
5	1	461	1	1	1	1672	1851	26	18	73.673859	27
2	1	462	0	0	0	1911	1874	29	18	-1	
3	1	462	1	0	0	1911	1874	29	18	-1	
4	1	462	1	1	0	1911	1874	29	18	-1	
5	1	462	1	1	1	1911	1874	29	18	96.279083	39
2	1	463	0	0	0	3680	1878	120	7	-1	
3	1	463	1	0	0	3680	1878	120	7	-1	
4	1	463	1	1	0	3680	1878	120	7	-1	
5	1	463	1	1	1	3680	1878	120	7	0.000000	_—--
2	1	464	0	0	0	3794	1863	51	8	-1	
3	1	464	1	0	0	3794	1863	51	8	-1	
4	1	464	1	1	0	3794	1863	51	8	-1	
5	1	464	1	1	1	3794	1863	51	8	55.591682	—
2	1	465	0	0	0	5414	1883	28	5	-1	
3	1	465	1	0	0	5414	1883	28	5	-1	
4	1	465	1	1	0	5414	1883	28	5	-1	
5	1	465	1	1	1	5414	1883	28	5	44.542351	s2
2	1	466	0	0	0	6062	1882	65	8	-1	
3	1	466	1	0	0	6062	1882	65	8	-1	
4	1	466	1	1	0	6062	1882	65	8	-1	
5	1	466	1	1	1	6062	1882	65	8	55.796871	mee
2	1	467	0	0	0	6158	1879	184	11	-1	
3	1	467	1	0	0	6158	1879	184	11	-1	
4	1	467	1	1	0	6158	1879	184	11	-1	
5	1	467	1	1	1	6158	1883	9	7	0.000000	eo
5	1	467	1	1	2	6191	1882	6	7	0.000000	4
5	1	467	1	1	3	6218	1879	124	11	44.723854	220-2404
2	1	468	0	0	0	573	1886	15	11	-1	
3	1	468	1	0	0	573	1886	15	11	-1	
4	1	468	1	1	0	573	1886	15	11	-1	
5	1	468	1	1	1	573	1886	15	11	32.729156	at
2	1	469	0	0	0	701	1904	118	5	-1	
3	1	469	1	0	0	701	1904	118	5	-1	
4	1	469	1	1	0	701	1904	118	5	-1	
5	1	469	1	1	1	701	1904	118	5	0.000000	es
2	1	470	0	0	0	873	1889	20	17	-1	
3	1	470	1	0	0	873	1889	20	17	-1	
4	1	470	1	1	0	873	1889	20	17	-1	
5	1	470	1	1	1	873	1889	20	17	27.366570	56
2	1	471	0	0	0	1275	1909	45	6	-1	
3	1	471	1	0	0	1275	1909	45	6	-1	
4	1	471	1	1	0	1275	1909	45	6	-1	
5	1	471	1	1	1	1275	1909	8	6	57.198601	~
5	1	471	1	1	2	1304	1910	16	3	82.851738	=
2	1	472	0	0	0	1303	1897	25	5	-1	
3	1	472	1	0	0	1303	1897	25	5	-1	
4	1	472	1	1	0	1303	1897	25	5	-1	
5	1	472	1	1	1	1303	1897	25	5	64.248520	30
2	1	473	0	0	0	1549	1872	55	26	-1	
3	1	473	1	0	0	1549	1872	55	26	-1	
4	1	473	1	1	0	1549	1872	55	26	-1	
5	1	473	1	1	1	1549	1872	55	26	51.490215	~~
2	1	474	0	0	0	1909	1895	31	18	-1	
3	1	474	1	0	0	1909	1895	31	18	-1	
4	1	474	1	1	0	1909	1895	31	18	-1	
5	1	474	1	1	1	1909	1895	31	18	53.128319	40
2	1	475	0	0	0	2051	1904	30	12	-1	
3	1	475	1	0	0	2051	1904	30	12	-1	
4	1	475	1	1	0	2051	1904	30	12	-1	
5	1	475	1	1	1	2051	1904	30	12	25.613922	T!
2	1	476	0	0	0	2544	1891	34	16	-1	
3	1	476	1	0	0	2544	1891	34	16	-1	
4	1	476	1	1	0	2544	1891	34	16	-1	
5	1	476	1	1	1	2544	1891	34	16	27.309731	rN
2	1	477	0	0	0	2626	1894	29	17	-1	
3	1	477	1	0	0	2626	1894	29	17	-1	
4	1	477	1	1	0	2626	1894	29	17	-1	
5	1	477	1	1	1	2626	1894	29	17	45.219620	c8.
2	1	478	0	0	0	2718	1892	33	15	-1	
3	1	478	1	0	0	2718	1892	33	15	-1	
4	1	478	1	1	0	2718	1892	33	15	-1	
5	1	478	1	1	1	2718	1892	33	15	64.892822	rN
2	1	479	0	0	0	2887	1909	27	10	-1	
3	1	479	1	0	0	2887	1909	27	10	-1	
4	1	479	1	1	0	2887	1909	27	10	-1	
5	1	479	1	1	1	2887	1909	27	10	88.927795	Re
2	1	480	0	0	0	3365	1910	58	9	-1	
3	1	480	1	0	0	3365	1910	58	9	-1	
4	1	480	1	1	0	3365	1910	58	9	-1	
5	1	480	1	1	1	3365	1910	58	9	41.642071	PRP
2	1	481	0	0	0	3681	1912	191	10	-1	
3	1	481	1	0	0	3681	1912	191	10	-1	
4	1	481	1	1	0	3681	1912	191	10	-1	
5	1	481	1	1	1	3681	1912	191	10	21.619080	ee
2	1	482	0	0	0	4149	1842	21	58	-1	
3	1	482	1	0	0	4149	1842	21	58	-1	
4	1	482	1	1	0	4149	1842	21	58	-1	
5	1	482	1	1	1	4149	1842	21	58	31.338684	\
2	1	483	0	0	0	6199	1909	12	7	-1	
3	1	483	1	0	0	6199	1909	12	7	-1	
4	1	483	1	1	0	6199	1909	12	7	-1	
5	1	483	1	1	1	6199	1909	12	7	3.211075	~
2	1	484	0	0	0	346	1901	180	43	-1	
3	1	484	1	0	0	346	1901	180	43	-1	
4	1	484	1	1	0	346	1901	180	43	-1	
5	1	484	1	1	1	346	1901	180	43	22.791489	Sisk
2	1	485	0	0	0	1584	1928	55	7	-1	
3	1	485	1	0	0	1584	1928	55	7	-1	
4	1	485	1	1	0	1584	1928	55	7	-1	
5	1	485	1	1	1	1584	1928	55	7	37.468674	—_—
2	1	486	0	0	0	1584	1906	57	18	-1	
3	1	486	1	0	0	1584	1906	57	18	-1	
4	1	486	1	1	0	1584	1906	57	18	-1	
5	1	486	1	1	1	1584	1906	57	18	2.701126	Paog
2	1	487	0	0	0	1908	1917	26	17	-1	
3	1	487	1	0	0	1908	1917	26	17	-1	
4	1	487	1	1	0	1908	1917	26	17	-1	
5	1	487	1	1	1	1908	1917	26	17	72.696625	4!
2	1	488	0	0	0	2499	1931	85	19	-1	
3	1	488	1	0	0	2499	1931	85	19	-1	
4	1	488	1	1	0	2499	1931	85	19	-1	
5	1	488	1	1	1	2499	1931	85	19	0.000000	~“1SV'L)
2	1	489	0	0	0	2626	1918	57	30	-1	
3	1	489	1	0	0	2626	1918	57	30	-1	
4	1	489	1	1	0	2626	1918	57	30	-1	
5	1	489	1	1	1	2626	1918	57	30	57.094055	“3
2	1	490	0	0	0	3104	1924	54	9	-1	
3	1	490	1	0	0	3104	1924	54	9	-1	
4	1	490	1	1	0	3104	1924	54	9	-1	
5	1	490	1	1	1	3104	1924	54	9	0.000000	—{}
2	1	491	0	0	0	3947	1926	59	17	-1	
3	1	491	1	0	0	3947	1926	59	17	-1	
4	1	491	1	1	0	3947	1926	59	17	-1	
5	1	491	1	1	1	3947	1926	59	17	11.093201	>\et
2	1	492	0	0	0	4038	1928	88	17	-1	
3	1	492	1	0	0	4038	1928	88	17	-1	
4	1	492	1	1	0	4038	1928	88	17	-1	
5	1	492	1	1	1	4038	1928	88	17	39.373627	~—
2	1	493	0	0	0	4150	1907	19	39	-1	
3	1	493	1	0	0	4150	1907	19	39	-1	
4	1	493	1	1	0	4150	1907	19	39	-1	
5	1	493	1	1	1	4150	1907	19	39	26.254486	|
2	1	494	0	0	0	5527	1925	57	25	-1	
3	1	494	1	0	0	5527	1925	57	25	-1	
4	1	494	1	1	0	5527	1925	57	25	-1	
5	1	494	1	1	1	5527	1925	57	25	13.581017	tt
2	1	495	0	0	0	1082	1931	166	21	-1	
3	1	495	1	0	0	1082	1931	166	21	-1	
4	1	495	1	1	0	1082	1931	166	21	-1	
5	1	495	1	1	1	1082	1931	74	21	33.157104	au,
5	1	495	1	1	2	1181	1937	67	15	37.401726	_._
2	1	496	0	0	0	1285	1943	52	22	-1	
3	1	496	1	0	0	1285	1943	52	22	-1	
4	1	496	1	1	0	1285	1943	52	22	-1	
5	1	496	1	1	1	1285	1943	52	22	63.424088	43:
2	1	497	0	0	0	1457	1954	58	5	-1	
3	1	497	1	0	0	1457	1954	58	5	-1	
4	1	497	1	1	0	1457	1954	58	5	-1	
5	1	497	1	1	1	1457	1954	58	5	36.319626	Lene
2	1	498	0	0	0	1573	1946	60	17	-1	
3	1	498	1	0	0	1573	1946	60	17	-1	
4	1	498	1	1	0	1573	1946	60	17	-1	
5	1	498	1	1	1	1573	1946	60	17	36.563610	Rate
2	1	499	0	0	0	1672	1940	27	18	-1	
3	1	499	1	0	0	1672	1940	27	18	-1	
4	1	499	1	1	0	1672	1940	27	18	-1	
5	1	499	1	1	1	1672	1940	27	18	94.649185	23
2	1	500	0	0	0	1910	1941	29	18	-1	
3	1	500	1	0	0	1910	1941	29	18	-1	
4	1	500	1	1	0	1910	1941	29	18	-1	
5	1	500	1	1	1	1910	1941	29	18	95.543831	42
2	1	501	0	0	0	2626	1968	56	7	-1	
3	1	501	1	0	0	2626	1968	56	7	-1	
4	1	501	1	1	0	2626	1968	56	7	-1	
5	1	501	1	1	1	2626	1968	56	7	50.534000	_
2	1	502	0	0	0	2887	1954	29	16	-1	
3	1	502	1	0	0	2887	1954	29	16	-1	
4	1	502	1	1	0	2887	1954	29	16	-1	
5	1	502	1	1	1	2887	1954	29	16	78.838089	#5.
2	1	503	0	0	0	2983	1941	45	11	-1	
3	1	503	1	0	0	2983	1941	45	11	-1	
4	1	503	1	1	0	2983	1941	45	11	-1	
5	1	503	1	1	1	2983	1941	8	3	52.924274	-
5	1	503	1	1	2	3008	1941	20	11	0.000000	SV
2	1	504	0	0	0	3382	1952	45	16	-1	
3	1	504	1	0	0	3382	1952	45	16	-1	
4	1	504	1	1	0	3382	1952	45	16	-1	
5	1	504	1	1	1	3382	1952	45	16	14.286713	$.o4
2	1	505	0	0	0	4150	1942	36	16	-1	
3	1	505	1	0	0	4150	1942	36	16	-1	
4	1	505	1	1	0	4150	1942	36	16	-1	
5	1	505	1	1	1	4150	1942	36	16	0.000000	we
2	1	506	0	0	0	467	1975	51	16	-1	
3	1	506	1	0	0	467	1975	51	16	-1	
4	1	506	1	1	0	467	1975	51	16	-1	
5	1	506	1	1	1	467	1975	51	16	0.000000	RIT4
2	1	507	0	0	0	470	1997	54	6	-1	
3	1	507	1	0	0	470	1997	54	6	-1	
4	1	507	1	1	0	470	1997	54	6	-1	
5	1	507	1	1	1	470	1997	54	6	11.569489	—_—=
2	1	508	0	0	0	610	1987	26	15	-1	
3	1	508	1	0	0	610	1987	26	15	-1	
4	1	508	1	1	0	610	1987	26	15	-1	
5	1	508	1	1	1	610	1987	26	15	27.502747	ay
2	1	509	0	0	0	688	1973	12	11	-1	
3	1	509	1	0	0	688	1973	12	11	-1	
4	1	509	1	1	0	688	1973	12	11	-1	
5	1	509	1	1	1	688	1973	12	11	60.708450	at
2	1	510	0	0	0	788	1959	143	36	-1	
3	1	510	1	0	0	788	1959	143	36	-1	
4	1	510	1	1	0	788	1959	143	36	-1	
5	1	510	1	1	1	788	1959	143	36	3.146599	ai.
2	1	511	0	0	0	1179	1987	28	10	-1	
3	1	511	1	0	0	1179	1987	28	10	-1	
4	1	511	1	1	0	1179	1987	28	10	-1	
5	1	511	1	1	1	1179	1987	28	10	80.489151	CN
2	1	512	0	0	0	1216	1974	24	17	-1	
3	1	512	1	0	0	1216	1974	24	17	-1	
4	1	512	1	1	0	1216	1974	24	17	-1	
5	1	512	1	1	1	1216	1974	24	17	40.978207	at
2	1	513	0	0	0	1397	1985	33	6	-1	
3	1	513	1	0	0	1397	1985	33	6	-1	
4	1	513	1	1	0	1397	1985	33	6	-1	
5	1	513	1	1	1	1397	1985	33	6	70.486099	--
2	1	514	0	0	0	1459	1985	54	5	-1	
3	1	514	1	0	0	1459	1985	54	5	-1	
4	1	514	1	1	0	1459	1985	54	5	-1	
5	1	514	1	1	1	1459	1985	54	5	61.465984	—
2	1	515	0	0	0	1568	1981	58	18	-1	
3	1	515	1	0	0	1568	1981	58	18	-1	
4	1	515	1	1	0	1568	1981	58	18	-1	
5	1	515	1	1	1	1568	1981	58	18	57.251698	R44
2	1	516	0	0	0	1673	1986	23	17	-1	
3	1	516	1	0	0	1673	1986	23	17	-1	
4	1	516	1	1	0	1673	1986	23	17	-1	
5	1	516	1	1	1	1673	1986	23	17	69.923073	2:
2	1	517	0	0	0	1909	1962	29	18	-1	
3	1	517	1	0	0	1909	1962	29	18	-1	
4	1	517	1	1	0	1909	1962	29	18	-1	
5	1	517	1	1	1	1909	1962	29	18	82.443436	a3
2	1	518	0	0	0	2017	1984	48	17	-1	
3	1	518	1	0	0	2017	1984	48	17	-1	
4	1	518	1	1	0	2017	1984	48	17	-1	
5	1	518	1	1	1	2017	1984	48	17	30.997559	cN@
2	1	519	0	0	0	3366	1976	55	5	-1	
3	1	519	1	0	0	3366	1976	55	5	-1	
4	1	519	1	1	0	3366	1976	55	5	-1	
5	1	519	1	1	1	3366	1976	55	5	10.693604	_—~
2	1	520	0	0	0	4029	1965	139	40	-1	
3	1	520	1	0	0	4029	1965	139	40	-1	
4	1	520	1	1	0	4029	1965	139	40	-1	
5	1	520	1	1	1	4029	1977	73	21	0.000000	etgos
5	1	520	1	1	2	4112	1960	18	50	31.999046	__
5	1	520	1	1	3	4142	1965	26	40	31.999046	||!
2	1	521	0	0	0	5326	1969	31	19	-1	
3	1	521	1	0	0	5326	1969	31	19	-1	
4	1	521	1	1	0	5326	1969	31	19	-1	
5	1	521	1	1	1	5326	1969	31	19	62.103981	‘2
2	1	522	0	0	0	5622	1924	163	82	-1	
3	1	522	1	0	0	5622	1924	163	82	-1	
4	1	522	1	1	0	5622	1924	163	82	-1	
5	1	522	1	1	1	5622	1924	163	82	57.618927	t+
2	1	523	0	0	0	5962	1974	87	27	-1	
3	1	523	1	0	0	5962	1974	87	27	-1	
4	1	523	1	1	0	5962	1974	87	27	-1	
5	1	523	1	1	1	5962	1974	87	27	34.623428	——
2	1	524	0	0	0	485	2010	36	17	-1	
3	1	524	1	0	0	485	2010	36	17	-1	
4	1	524	1	1	0	485	2010	36	17	-1	
5	1	524	1	1	1	485	2010	36	17	53.045525	139
2	1	525	0	0	0	1281	1977	101	31	-1	
3	1	525	1	0	0	1281	1977	101	31	-1	
4	1	525	1	1	0	1281	1977	101	31	-1	
5	1	525	1	1	1	1281	1977	101	31	44.753075	1¢301
2	1	526	0	0	0	1451	2016	63	6	-1	
3	1	526	1	0	0	1451	2016	63	6	-1	
4	1	526	1	1	0	1451	2016	63	6	-1	
5	1	526	1	1	1	1451	2016	63	6	63.308331	—
2	1	527	0	0	0	1570	2003	28	5	-1	
3	1	527	1	0	0	1570	2003	28	5	-1	
4	1	527	1	1	0	1570	2003	28	5	-1	
5	1	527	1	1	1	1570	2003	28	5	41.407532	—
2	1	528	0	0	0	1909	2006	30	18	-1	
3	1	528	1	0	0	1909	2006	30	18	-1	
4	1	528	1	1	0	1909	2006	30	18	-1	
5	1	528	1	1	1	1909	2006	30	18	83.666367	4s
2	1	529	0	0	0	2498	1992	86	21	-1	
3	1	529	1	0	0	2498	1992	86	21	-1	
4	1	529	1	1	0	2498	1992	86	21	-1	
5	1	529	1	1	1	2498	1992	86	21	0.000000	+1ViL)
2	1	530	0	0	0	2889	2019	56	6	-1	
3	1	530	1	0	0	2889	2019	56	6	-1	
4	1	530	1	1	0	2889	2019	56	6	-1	
5	1	530	1	1	1	2889	2019	56	6	0.000000	—s
2	1	531	0	0	0	2982	1994	29	14	-1	
3	1	531	1	0	0	2982	1994	29	14	-1	
4	1	531	1	1	0	2982	1994	29	14	-1	
5	1	531	1	1	1	2982	1994	29	14	0.000000	+“
2	1	532	0	0	0	3364	1998	57	18	-1	
3	1	532	1	0	0	3364	1998	57	18	-1	
4	1	532	1	1	0	3364	1998	57	18	-1	
5	1	532	1	1	1	3364	1998	57	18	15.839546	Rae
2	1	533	0	0	0	3929	2014	41	5	-1	
3	1	533	1	0	0	3929	2014	41	5	-1	
4	1	533	1	1	0	3929	2014	41	5	-1	
5	1	533	1	1	1	3929	2014	20	5	52.812286	a
5	1	533	1	1	2	3957	1999	17	28	2.382133	5S
2	1	534	0	0	0	3986	1972	20	44	-1	
3	1	534	1	0	0	3986	1972	20	44	-1	
4	1	534	1	1	0	3986	1972	20	44	-1	
5	1	534	1	1	1	3986	1972	20	44	65.090530	y
2	1	535	0	0	0	4021	1999	79	17	-1	
3	1	535	1	0	0	4021	1999	79	17	-1	
4	1	535	1	1	0	4021	1999	79	17	-1	
5	1	535	1	1	1	4021	1999	79	17	0.000000	c=
2	1	536	0	0	0	4035	2012	88	21	-1	
3	1	536	1	0	0	4035	2012	88	21	-1	
4	1	536	1	1	0	4035	2012	88	21	-1	
5	1	536	1	1	1	4035	2012	88	21	92.913368	1234
2	1	537	0	0	0	5394	1989	140	22	-1	
3	1	537	1	0	0	5394	1989	140	22	-1	
4	1	537	1	1	0	5394	1989	140	22	-1	
5	1	537	1	1	1	5394	1989	140	22	17.471481	-—-
2	1	538	0	0	0	5727	2007	58	18	-1	
3	1	538	1	0	0	5727	2007	58	18	-1	
4	1	538	1	1	0	5727	2007	58	18	-1	
5	1	538	1	1	1	5727	2007	58	18	42.807976	uaa
2	1	539	0	0	0	6213	2023	147	6	-1	
3	1	539	1	0	0	6213	2023	147	6	-1	
4	1	539	1	1	0	6213	2023	147	6	-1	
5	1	539	1	1	1	6213	2023	147	6	0.000000	—<——-
2	1	540	0	0	0	345	2033	67	7	-1	
3	1	540	1	0	0	345	2033	67	7	-1	
4	1	540	1	1	0	345	2033	67	7	-1	
5	1	540	1	1	1	341	2019	7	28	0.000000	,
5	1	540	1	1	2	345	2033	67	7	17.206787	ake
2	1	541	0	0	0	470	2040	55	14	-1	
3	1	541	1	0	0	470	2040	55	14	-1	
4	1	541	1	1	0	470	2040	55	14	-1	
5	1	541	1	1	1	470	2040	55	14	18.372154	ao
2	1	542	0	0	0	698	2022	57	21	-1	
3	1	542	1	0	0	698	2022	57	21	-1	
4	1	542	1	1	0	698	2022	57	21	-1	
5	1	542	1	1	1	698	2022	57	21	0.000000	N3g6
2	1	543	0	0	0	898	2005	66	40	-1	
3	1	543	1	0	0	898	2005	66	40	-1	
4	1	543	1	1	0	898	2005	66	40	-1	
5	1	543	1	1	1	898	2005	66	40	16.236862	|——
2	1	544	0	0	0	1264	2048	22	14	-1	
3	1	544	1	0	0	1264	2048	22	14	-1	
4	1	544	1	1	0	1264	2048	22	14	-1	
5	1	544	1	1	1	1264	2048	22	14	54.390297	Py)
2	1	545	0	0	0	1571	2019	56	19	-1	
3	1	545	1	0	0	1571	2019	56	19	-1	
4	1	545	1	1	0	1571	2019	56	19	-1	
5	1	545	1	1	1	1571	2019	56	19	0.000000	r4Si2
2	1	546	0	0	0	1676	2029	26	17	-1	
3	1	546	1	0	0	1676	2029	26	17	-1	
4	1	546	1	1	0	1676	2029	26	17	-1	
5	1	546	1	1	1	1676	2029	26	17	44.599922	ig
2	1	547	0	0	0	2033	2020	23	15	-1	
3	1	547	1	0	0	2033	2020	23	15	-1	
4	1	547	1	1	0	2033	2020	23	15	-1	
5	1	547	1	1	1	2033	2020	23	15	21.346809	tt
2	1	548	0	0	0	2033	2038	48	21	-1	
3	1	548	1	0	0	2033	2038	48	21	-1	
4	1	548	1	1	0	2033	2038	48	21	-1	
5	1	548	1	1	1	2033	2038	48	21	40.906036	,2i
2	1	549	0	0	0	3370	2040	54	19	-1	
3	1	549	1	0	0	3370	2040	54	19	-1	
4	1	549	1	1	0	3370	2040	54	19	-1	
5	1	549	1	1	1	3370	2040	23	17	0.000000	VE
5	1	549	1	1	2	3398	2047	26	12	0.000000	26
2	1	550	0	0	0	4023	2040	77	6	-1	
3	1	550	1	0	0	4023	2040	77	6	-1	
4	1	550	1	1	0	4023	2040	77	6	-1	
5	1	550	1	1	1	4023	2040	77	6	21.927536	Se
5	1	550	1	1	2	4086	2026	17	28	38.572655	«
2	1	551	0	0	0	832	2055	55	10	-1	
3	1	551	1	0	0	832	2055	55	10	-1	
4	1	551	1	1	0	832	2055	55	10	-1	
5	1	551	1	1	1	832	2055	55	10	50.400120	ota
2	1	552	0	0	0	1568	2055	59	19	-1	
3	1	552	1	0	0	1568	2055	59	19	-1	
4	1	552	1	1	0	1568	2055	59	19	-1	
5	1	552	1	1	1	1568	2055	59	19	57.860229	R4i3
2	1	553	0	0	0	1676	2074	22	16	-1	
3	1	553	1	0	0	1676	2074	22	16	-1	
4	1	553	1	1	0	1676	2074	22	16	-1	
5	1	553	1	1	1	1676	2074	22	16	68.906601	iv
2	1	554	0	0	0	1677	2051	24	17	-1	
3	1	554	1	0	0	1677	2051	24	17	-1	
4	1	554	1	1	0	1677	2051	24	17	-1	
5	1	554	1	1	1	1677	2051	24	17	48.700481	2
2	1	555	0	0	0	1910	2051	28	17	-1	
3	1	555	1	0	0	1910	2051	28	17	-1	
4	1	555	1	1	0	1910	2051	28	17	-1	
5	1	555	1	1	1	1910	2051	28	17	48.264011	47
2	1	556	0	0	0	2048	2065	32	20	-1	
3	1	556	1	0	0	2048	2065	32	20	-1	
4	1	556	1	1	0	2048	2065	32	20	-1	
5	1	556	1	1	1	2048	2065	32	20	83.740982	3!
2	1	557	0	0	0	3734	1955	115	112	-1	
3	1	557	1	0	0	3734	1955	115	112	-1	
4	1	557	1	1	0	3734	1955	115	112	-1	
5	1	557	1	1	1	3734	1955	115	112	20.421600	Gl
2	1	558	0	0	0	5133	2072	13	17	-1	
3	1	558	1	0	0	5133	2072	13	17	-1	
4	1	558	1	1	0	5133	2072	13	17	-1	
5	1	558	1	1	1	5133	2072	13	17	69.271706	F
2	1	559	0	0	0	5221	2073	70	16	-1	
3	1	559	1	0	0	5221	2073	70	16	-1	
4	1	559	1	1	0	5221	2073	70	16	-1	
5	1	559	1	1	1	5221	2073	70	16	27.453140	16Oma
2	1	560	0	0	0	5673	2078	30	8	-1	
3	1	560	1	0	0	5673	2078	30	8	-1	
4	1	560	1	1	0	5673	2078	30	8	-1	
5	1	560	1	1	1	5673	2078	30	8	48.286987	me
2	1	561	0	0	0	6103	2066	39	11	-1	
3	1	561	1	0	0	6103	2066	39	11	-1	
4	1	561	1	1	0	6103	2066	39	11	-1	
5	1	561	1	1	1	6103	2066	39	11	41.071053	om
2	1	562	0	0	0	830	2072	62	19	-1	
3	1	562	1	0	0	830	2072	62	19	-1	
4	1	562	1	1	0	830	2072	62	19	-1	
5	1	562	1	1	1	830	2072	62	19	67.717293	P4268
2	1	563	0	0	0	953	2086	114	30	-1	
3	1	563	1	0	0	953	2086	114	30	-1	
4	1	563	1	1	0	953	2086	114	30	-1	
5	1	563	1	1	1	953	2086	114	30	66.110428	1C302
2	1	564	0	0	0	1261	2096	25	13	-1	
3	1	564	1	0	0	1261	2096	25	13	-1	
4	1	564	1	1	0	1261	2096	25	13	-1	
5	1	564	1	1	1	1261	2096	25	13	58.261314	=:
2	1	565	0	0	0	1316	2082	18	16	-1	
3	1	565	1	0	0	1316	2082	18	16	-1	
4	1	565	1	1	0	1316	2082	18	16	-1	
5	1	565	1	1	1	1316	2082	18	16	63.353737	13
2	1	566	0	0	0	1367	2091	24	9	-1	
3	1	566	1	0	0	1367	2091	24	9	-1	
4	1	566	1	1	0	1367	2091	24	9	-1	
5	1	566	1	1	1	1367	2091	24	9	5.045616	rc?
2	1	567	0	0	0	1565	2094	61	18	-1	
3	1	567	1	0	0	1565	2094	61	18	-1	
4	1	567	1	1	0	1565	2094	61	18	-1	
5	1	567	1	1	1	1565	2094	61	18	1.883789	Rai6
2	1	568	0	0	0	1676	2097	25	17	-1	
3	1	568	1	0	0	1676	2097	25	17	-1	
4	1	568	1	1	0	1676	2097	25	17	-1	
5	1	568	1	1	1	1676	2097	25	17	87.791702	16
2	1	569	0	0	0	1908	2096	31	18	-1	
3	1	569	1	0	0	1908	2096	31	18	-1	
4	1	569	1	1	0	1908	2096	31	18	-1	
5	1	569	1	1	1	1908	2096	31	18	87.272026	39
2	1	570	0	0	0	2570	2072	57	20	-1	
3	1	570	1	0	0	2570	2072	57	20	-1	
4	1	570	1	1	0	2570	2072	57	20	-1	
5	1	570	1	1	1	2570	2072	57	20	8.325951	cs23
2	1	571	0	0	0	2676	2075	117	24	-1	
3	1	571	1	0	0	2676	2075	117	24	-1	
4	1	571	1	1	0	2676	2075	117	24	-1	
5	1	571	1	1	1	2676	2093	42	6	42.011776	=
5	1	571	1	1	2	2756	2075	37	24	39.326965	>
2	1	572	0	0	0	3094	2079	28	18	-1	
3	1	572	1	0	0	3094	2079	28	18	-1	
4	1	572	1	1	0	3094	2079	28	18	-1	
5	1	572	1	1	1	3094	2079	28	18	85.453445	ce
2	1	573	0	0	0	3097	2102	56	12	-1	
3	1	573	1	0	0	3097	2102	56	12	-1	
4	1	573	1	1	0	3097	2102	56	12	-1	
5	1	573	1	1	1	3097	2102	56	12	47.773590	oa
2	1	574	0	0	0	3216	2088	69	13	-1	
3	1	574	1	0	0	3216	2088	69	13	-1	
4	1	574	1	1	0	3216	2088	69	13	-1	
5	1	574	1	1	1	3216	2088	69	13	4.256653	—s
2	1	575	0	0	0	3348	2072	82	30	-1	
3	1	575	1	0	0	3348	2072	82	30	-1	
4	1	575	1	1	0	3348	2072	82	30	-1	
5	1	575	1	1	1	3348	2072	28	30	1.419434	IC
5	1	575	1	1	2	3388	2072	42	30	1.419434	82
2	1	576	0	0	0	3738	2076	80	27	-1	
3	1	576	1	0	0	3738	2076	80	27	-1	
4	1	576	1	1	0	3738	2076	80	27	-1	
5	1	576	1	1	1	3738	2076	80	27	52.552177	Q691
2	1	577	0	0	0	548	2133	47	11	-1	
3	1	577	1	0	0	548	2133	47	11	-1	
4	1	577	1	1	0	548	2133	47	11	-1	
5	1	577	1	1	1	548	2133	47	11	70.178665	use
2	1	578	0	0	0	1317	2129	15	13	-1	
3	1	578	1	0	0	1317	2129	15	13	-1	
4	1	578	1	1	0	1317	2129	15	13	-1	
5	1	578	1	1	1	1317	2129	15	13	43.353287	tt
2	1	579	0	0	0	1317	2105	18	17	-1	
3	1	579	1	0	0	1317	2105	18	17	-1	
4	1	579	1	1	0	1317	2105	18	17	-1	
5	1	579	1	1	1	1317	2105	18	17	66.296875	i2
2	1	580	0	0	0	1677	2119	23	17	-1	
3	1	580	1	0	0	1677	2119	23	17	-1	
4	1	580	1	1	0	1677	2119	23	17	-1	
5	1	580	1	1	1	1677	2119	23	17	49.814663	1s
2	1	581	0	0	0	2033	2116	48	25	-1	
3	1	581	1	0	0	2033	2116	48	25	-1	
4	1	581	1	1	0	2033	2116	48	25	-1	
5	1	581	1	1	1	2033	2116	48	25	50.066338	iS,
2	1	582	0	0	0	2571	2099	57	23	-1	
3	1	582	1	0	0	2571	2099	57	23	-1	
4	1	582	1	1	0	2571	2099	57	23	-1	
5	1	582	1	1	1	2571	2099	57	23	43.737370	dh
2	1	583	0	0	0	2673	2119	22	18	-1	
3	1	583	1	0	0	2673	2119	22	18	-1	
4	1	583	1	1	0	2673	2119	22	18	-1	
5	1	583	1	1	1	2673	2119	22	18	69.891571	16
2	1	584	0	0	0	3379	2128	28	18	-1	
3	1	584	1	0	0	3379	2128	28	18	-1	
4	1	584	1	1	0	3379	2128	28	18	-1	
5	1	584	1	1	1	3379	2128	28	18	66.581024	ee
2	1	585	0	0	0	694	2149	52	17	-1	
3	1	585	1	0	0	694	2149	52	17	-1	
4	1	585	1	1	0	694	2149	52	17	-1	
5	1	585	1	1	1	694	2149	52	17	83.386505	1353
2	1	586	0	0	0	1316	2149	22	16	-1	
3	1	586	1	0	0	1316	2149	22	16	-1	
4	1	586	1	1	0	1316	2149	22	16	-1	
5	1	586	1	1	1	1316	2149	22	16	89.880463	10
2	1	587	0	0	0	1366	2123	12	4	-1	
3	1	587	1	0	0	1366	2114	93	52	-1	
4	1	587	1	1	0	1366	2123	12	4	-1	
5	1	587	1	1	1	1366	2123	12	4	0.000000	a
2	1	588	0	0	0	1427	2167	56	6	-1	
3	1	588	1	0	0	1427	2167	56	6	-1	
4	1	588	1	1	0	1427	2167	56	6	-1	
5	1	588	1	1	1	1427	2167	56	6	32.825485	=
2	1	589	0	0	0	1567	2131	57	18	-1	
3	1	589	1	0	0	1567	2131	57	18	-1	
4	1	589	1	1	0	1567	2131	57	18	-1	
5	1	589	1	1	1	1567	2131	57	18	15.854355	Rai6
2	1	590	0	0	0	1677	2142	24	15	-1	
3	1	590	1	0	0	1677	2142	24	15	-1	
4	1	590	1	1	0	1677	2142	24	15	-1	
5	1	590	1	1	1	1677	2142	24	15	87.235016	i4
2	1	591	0	0	0	1910	2141	23	17	-1	
3	1	591	1	0	0	1910	2141	23	17	-1	
4	1	591	1	1	0	1910	2141	23	17	-1	
5	1	591	1	1	1	1910	2141	23	17	42.226139	St
2	1	592	0	0	0	2839	2149	54	23	-1	
3	1	592	1	0	0	2839	2149	54	23	-1	
4	1	592	1	1	0	2839	2149	54	23	-1	
5	1	592	1	1	1	2839	2149	54	23	21.717728	vik
2	1	593	0	0	0	3200	2150	22	19	-1	
3	1	593	1	0	0	3200	2150	22	19	-1	
4	1	593	1	1	0	3200	2150	22	19	-1	
5	1	593	1	1	1	3200	2150	22	19	76.389587	15
2	1	594	0	0	0	3365	2152	53	22	-1	
3	1	594	1	0	0	3365	2152	53	22	-1	
4	1	594	1	1	0	3365	2152	53	22	-1	
5	1	594	1	1	1	3365	2152	53	22	43.460735	“iF
2	1	595	0	0	0	5532	2095	293	64	-1	
3	1	595	1	0	0	5532	2095	293	64	-1	
4	1	595	1	1	0	5532	2095	293	64	-1	
5	1	595	1	1	1	5532	2095	141	53	32.805321	GS
2	1	596	0	0	0	318	2132	111	60	-1	
3	1	596	1	0	0	318	2132	111	60	-1	
4	1	596	1	1	0	318	2132	111	60	-1	
5	1	596	1	1	1	318	2138	9	10	78.530502	v
5	1	596	1	1	2	334	2132	95	60	18.031601	“8
2	1	597	0	0	0	1223	2157	24	20	-1	
3	1	597	1	0	0	1223	2157	24	20	-1	
4	1	597	1	1	0	1223	2157	24	20	-1	
5	1	597	1	1	1	1223	2157	24	20	67.446640	vt
2	1	598	0	0	0	1571	2191	55	6	-1	
3	1	598	1	0	0	1571	2191	55	6	-1	
4	1	598	1	1	0	1571	2191	55	6	-1	
5	1	598	1	1	1	1571	2191	55	6	0.000000	—
2	1	599	0	0	0	1676	2186	22	16	-1	
3	1	599	1	0	0	1676	2186	22	16	-1	
4	1	599	1	1	0	1676	2186	22	16	-1	
5	1	599	1	1	1	1676	2186	22	16	67.202835	12
2	1	600	0	0	0	1677	2163	22	17	-1	
3	1	600	1	0	0	1677	2163	22	17	-1	
4	1	600	1	1	0	1677	2163	22	17	-1	
5	1	600	1	1	1	1677	2163	22	17	88.147858	13
2	1	601	0	0	0	1910	2164	28	17	-1	
3	1	601	1	0	0	1910	2164	28	17	-1	
4	1	601	1	1	0	1910	2164	28	17	-1	
5	1	601	1	1	1	1910	2164	28	17	82.234642	52
2	1	602	0	0	0	2033	2167	30	21	-1	
3	1	602	1	0	0	2033	2167	30	21	-1	
4	1	602	1	1	0	2033	2167	30	21	-1	
5	1	602	1	1	1	2033	2167	30	21	85.671898	i7
2	1	603	0	0	0	2571	2182	54	6	-1	
3	1	603	1	0	0	2571	2182	54	6	-1	
4	1	603	1	1	0	2571	2182	54	6	-1	
5	1	603	1	1	1	2571	2182	54	6	58.091427	—<
2	1	604	0	0	0	2590	2158	26	17	-1	
3	1	604	1	0	0	2590	2158	26	17	-1	
4	1	604	1	1	0	2590	2158	26	17	-1	
5	1	604	1	1	1	2590	2158	26	17	94.837456	ac
2	1	605	0	0	0	2837	2184	24	10	-1	
3	1	605	1	0	0	2837	2184	24	10	-1	
4	1	605	1	1	0	2837	2184	24	10	-1	
5	1	605	1	1	1	2837	2184	24	10	68.303017	pe
2	1	606	0	0	0	3103	2164	29	12	-1	
3	1	606	1	0	0	3103	2164	29	12	-1	
4	1	606	1	1	0	3103	2164	29	12	-1	
5	1	606	1	1	1	3103	2164	29	12	71.867401	re
2	1	607	0	0	0	3364	2183	60	17	-1	
3	1	607	1	0	0	3364	2183	60	17	-1	
4	1	607	1	1	0	3364	2183	60	17	-1	
5	1	607	1	1	1	3364	2183	60	17	20.753105	PEO
2	1	608	0	0	0	6103	2183	33	9	-1	
3	1	608	1	0	0	6103	2183	33	9	-1	
4	1	608	1	1	0	6103	2183	33	9	-1	
5	1	608	1	1	1	6103	2183	33	9	44.885708	ou
2	1	609	0	0	0	6358	2188	34	10	-1	
3	1	609	1	0	0	6358	2188	34	10	-1	
4	1	609	1	1	0	6358	2188	34	10	-1	
5	1	609	1	1	1	6358	2188	34	10	0.000000	lnee
2	1	610	0	0	0	1676	2210	18	15	-1	
3	1	610	1	0	0	1676	2210	18	15	-1	
4	1	610	1	1	0	1676	2210	18	15	-1	
5	1	610	1	1	1	1676	2210	18	15	52.489380	"
2	1	611	0	0	0	2050	2192	31	20	-1	
3	1	611	1	0	0	2050	2192	31	20	-1	
4	1	611	1	1	0	2050	2192	31	20	-1	
5	1	611	1	1	1	2050	2192	31	20	32.473534	si
2	1	612	0	0	0	2571	2197	58	19	-1	
3	1	612	1	0	0	2571	2197	58	19	-1	
4	1	612	1	1	0	2571	2197	58	19	-1	
5	1	612	1	1	1	2571	2197	58	19	0.000000	<80F
2	1	613	0	0	0	2839	2208	56	5	-1	
3	1	613	1	0	0	2839	2208	56	5	-1	
4	1	613	1	1	0	2839	2208	56	5	-1	
5	1	613	1	1	1	2839	2208	56	5	0.000000	—_—<—
2	1	614	0	0	0	3022	2202	23	7	-1	
3	1	614	1	0	0	3022	2202	23	7	-1	
4	1	614	1	1	0	3022	2202	23	7	-1	
5	1	614	1	1	1	3022	2202	23	7	38.565598	=}
2	1	615	0	0	0	3121	2198	24	16	-1	
3	1	615	1	0	0	3121	2198	24	16	-1	
4	1	615	1	1	0	3121	2198	24	16	-1	
5	1	615	1	1	1	3121	2198	24	16	1.439323	Ss!
2	1	616	0	0	0	5172	2206	20	13	-1	
3	1	616	1	0	0	5172	2206	20	13	-1	
4	1	616	1	1	0	5172	2206	20	13	-1	
5	1	616	1	1	1	5172	2206	20	13	39.557922	3
2	1	617	0	0	0	6075	2222	37	4	-1	
3	1	617	1	0	0	6075	2222	37	4	-1	
4	1	617	1	1	0	6075	2222	37	4	-1	
5	1	617	1	1	1	6075	2222	37	4	64.100449	—
2	1	618	0	0	0	692	2212	58	23	-1	
3	1	618	1	0	0	692	2212	58	23	-1	
4	1	618	1	1	0	692	2212	58	23	-1	
5	1	618	1	1	1	692	2212	58	23	0.000000	R309
2	1	619	0	0	0	1565	2231	61	17	-1	
3	1	619	1	0	0	1565	2231	61	17	-1	
4	1	619	1	1	0	1565	2231	61	17	-1	
5	1	619	1	1	1	1565	2231	61	17	93.981903	R408
2	1	620	0	0	0	1677	2230	22	17	-1	
3	1	620	1	0	0	1677	2230	22	17	-1	
4	1	620	1	1	0	1677	2230	22	17	-1	
5	1	620	1	1	1	1677	2230	22	17	90.575272	10
2	1	621	0	0	0	2033	2217	31	22	-1	
3	1	621	1	0	0	2033	2217	31	22	-1	
4	1	621	1	1	0	2033	2217	31	22	-1	
5	1	621	1	1	1	2033	2217	31	22	94.189835	19
2	1	622	0	0	0	2570	2223	61	29	-1	
3	1	622	1	0	0	2570	2223	61	29	-1	
4	1	622	1	1	0	2570	2223	61	29	-1	
5	1	622	1	1	1	2570	2223	61	29	46.192966	ath
2	1	623	0	0	0	2675	2213	21	20	-1	
3	1	623	1	0	0	2675	2213	21	20	-1	
4	1	623	1	1	0	2675	2213	21	20	-1	
5	1	623	1	1	1	2675	2213	21	20	60.715412	13
2	1	624	0	0	0	2838	2220	59	11	-1	
3	1	624	1	0	0	2838	2220	59	11	-1	
4	1	624	1	1	0	2838	2220	59	11	-1	
5	1	624	1	1	1	2838	2220	59	11	0.000000	-a08
2	1	625	0	0	0	2841	2250	52	8	-1	
3	1	625	1	0	0	2841	2250	52	8	-1	
4	1	625	1	1	0	2841	2250	52	8	-1	
5	1	625	1	1	1	2841	2250	52	8	77.367325	-ite
2	1	626	0	0	0	3103	2221	58	32	-1	
3	1	626	1	0	0	3103	2221	58	32	-1	
4	1	626	1	1	0	3103	2221	58	32	-1	
5	1	626	1	1	1	3103	2221	58	32	27.660591	Sit
2	1	627	0	0	0	3201	2214	22	18	-1	
3	1	627	1	0	0	3201	2214	22	18	-1	
4	1	627	1	1	0	3201	2214	22	18	-1	
5	1	627	1	1	1	3201	2214	22	18	81.268288	13
2	1	628	0	0	0	3366	2220	52	18	-1	
3	1	628	1	0	0	3366	2220	52	18	-1	
4	1	628	1	1	0	3366	2220	52	18	-1	
5	1	628	1	1	1	3366	2220	52	18	29.671539	cau
2	1	629	0	0	0	4955	2217	400	32	-1	
3	1	629	1	0	0	4955	2217	400	32	-1	
4	1	629	1	1	0	4955	2217	400	32	-1	
5	1	629	1	1	1	4955	2220	150	26	0.000000	CN2Re
5	1	629	1	1	2	5087	2213	31	40	43.023521	=
5	1	629	1	1	3	5150	2217	100	22	23.870224	2S
5	1	629	1	1	4	5266	2222	89	27	29.860878	YS
2	1	630	0	0	0	5511	2220	95	17	-1	
3	1	630	1	0	0	5511	2220	95	17	-1	
4	1	630	1	1	0	5511	2220	95	17	-1	
5	1	630	1	1	1	5511	2220	95	17	22.440781	a
2	1	631	0	0	0	5767	2230	26	6	-1	
3	1	631	1	0	0	5767	2230	26	6	-1	
4	1	631	1	1	0	5767	2230	26	6	-1	
5	1	631	1	1	1	5767	2230	26	6	0.000000	~-
2	1	632	0	0	0	818	2261	19	15	-1	
3	1	632	1	0	0	818	2261	19	15	-1	
4	1	632	1	1	0	818	2261	19	15	-1	
5	1	632	1	1	1	818	2261	19	15	26.866219	%
2	1	633	0	0	0	1365	2189	185	80	-1	
3	1	633	1	0	0	1365	2189	185	80	-1	
4	1	633	1	1	0	1365	2189	185	80	-1	
5	1	633	1	1	1	1365	2189	185	80	22.546219	ts
2	1	634	0	0	0	2018	2272	26	10	-1	
3	1	634	1	0	0	2018	2272	26	10	-1	
4	1	634	1	1	0	2018	2272	26	10	-1	
5	1	634	1	1	1	2018	2272	26	10	68.959091	No
2	1	635	0	0	0	2519	2245	55	18	-1	
3	1	635	1	0	0	2519	2245	55	18	-1	
4	1	635	1	1	0	2519	2245	55	18	-1	
5	1	635	1	1	1	2519	2245	55	18	49.388462	0605
2	1	636	0	0	0	2554	2258	19	6	-1	
3	1	636	1	0	0	2554	2258	19	6	-1	
4	1	636	1	1	0	2554	2258	19	6	-1	
5	1	636	1	1	1	2554	2258	19	6	0.000000	o)
2	1	637	0	0	0	2674	2244	23	20	-1	
3	1	637	1	0	0	2674	2244	23	20	-1	
4	1	637	1	1	0	2674	2244	23	20	-1	
5	1	637	1	1	1	2674	2244	23	20	95.113480	12
2	1	638	0	0	0	3201	2247	21	19	-1	
3	1	638	1	0	0	3201	2247	21	19	-1	
4	1	638	1	1	0	3201	2247	21	19	-1	
5	1	638	1	1	1	3201	2247	21	19	94.184654	12
2	1	639	0	0	0	5525	2245	76	18	-1	
3	1	639	1	0	0	5525	2245	76	18	-1	
4	1	639	1	1	0	5525	2245	76	18	-1	
5	1	639	1	1	1	5521	2240	29	32	30.882576	oF
5	1	639	1	1	2	5579	2247	22	14	32.040924	6
2	1	640	0	0	0	5662	2246	125	19	-1	
3	1	640	1	0	0	5662	2246	125	19	-1	
4	1	640	1	1	0	5662	2246	125	19	-1	
5	1	640	1	1	1	5662	2247	26	18	88.299217	P2
5	1	640	1	1	2	5716	2246	23	11	66.481750	73
5	1	640	1	1	3	5764	2246	23	17	35.176147	PY
2	1	641	0	0	0	6213	2265	119	21	-1	
3	1	641	1	0	0	6213	2265	119	21	-1	
4	1	641	1	1	0	6213	2265	119	21	-1	
5	1	641	1	1	1	6213	2265	119	21	11.212570	tp
2	1	642	0	0	0	1567	2270	60	18	-1	
3	1	642	1	0	0	1567	2270	60	18	-1	
4	1	642	1	1	0	1567	2270	60	18	-1	
5	1	642	1	1	1	1567	2270	60	18	94.458893	R407
2	1	643	0	0	0	1910	2274	26	16	-1	
3	1	643	1	0	0	1910	2274	26	16	-1	
4	1	643	1	1	0	1910	2274	26	16	-1	
5	1	643	1	1	1	1910	2274	26	16	47.725025	87
2	1	644	0	0	0	2046	2291	100	18	-1	
3	1	644	1	0	0	2046	2291	100	18	-1	
4	1	644	1	1	0	2046	2291	100	18	-1	
5	1	644	1	1	1	2046	2291	100	18	27.613724	sa
2	1	645	0	0	0	2677	2279	18	16	-1	
3	1	645	1	0	0	2677	2279	18	16	-1	
4	1	645	1	1	0	2677	2279	18	16	-1	
5	1	645	1	1	1	2677	2279	18	16	0.000000	"W
2	1	646	0	0	0	2840	2287	55	22	-1	
3	1	646	1	0	0	2840	2287	55	22	-1	
4	1	646	1	1	0	2840	2287	55	22	-1	
5	1	646	1	1	1	2840	2287	55	22	16.901176	fa
2	1	647	0	0	0	2895	2274	57	18	-1	
3	1	647	1	0	0	2895	2274	57	18	-1	
4	1	647	1	1	0	2895	2274	57	18	-1	
5	1	647	1	1	1	2895	2274	57	18	16.973038	peoc
2	1	648	0	0	0	3201	2279	19	17	-1	
3	1	648	1	0	0	3201	2279	19	17	-1	
4	1	648	1	1	0	3201	2279	19	17	-1	
5	1	648	1	1	1	3201	2279	19	17	66.682007	"
2	1	649	0	0	0	3421	2279	59	17	-1	
3	1	649	1	0	0	3421	2279	59	17	-1	
4	1	649	1	1	0	3421	2279	59	17	-1	
5	1	649	1	1	1	3417	2274	30	28	0.000000	Le
5	1	649	1	1	2	3452	2274	28	28	0.000000	0R
2	1	650	0	0	0	286	2304	201	31	-1	
3	1	650	1	0	0	286	2304	201	31	-1	
4	1	650	1	1	0	286	2304	201	31	-1	
5	1	650	1	1	1	286	2315	50	7	35.333466	—=
5	1	650	1	1	2	370	2304	117	31	60.149902	IC303
2	1	651	0	0	0	495	2256	116	90	-1	
3	1	651	1	0	0	495	2256	116	90	-1	
4	1	651	1	1	0	495	2256	116	90	-1	
5	1	651	1	1	1	495	2256	116	90	38.995689	300
2	1	652	0	0	0	1164	2316	53	20	-1	
3	1	652	1	0	0	1164	2316	53	20	-1	
4	1	652	1	1	0	1164	2316	53	20	-1	
5	1	652	1	1	1	1164	2321	18	15	23.064850	»
5	1	652	1	1	2	1208	2316	9	12	11.891647	&
2	1	653	0	0	0	1734	2310	116	6	-1	
3	1	653	1	0	0	1734	2310	116	6	-1	
4	1	653	1	1	0	1734	2310	116	6	-1	
5	1	653	1	1	1	1734	2310	116	6	0.000000	od
2	1	654	0	0	0	2568	2316	58	20	-1	
3	1	654	1	0	0	2568	2316	58	20	-1	
4	1	654	1	1	0	2568	2316	58	20	-1	
5	1	654	1	1	1	2568	2316	58	20	43.793884	ca32
2	1	655	0	0	0	2676	2309	23	18	-1	
3	1	655	1	0	0	2676	2309	23	18	-1	
4	1	655	1	1	0	2676	2309	23	18	-1	
5	1	655	1	1	1	2676	2309	23	18	78.979355	19
2	1	656	0	0	0	5128	2331	100	5	-1	
3	1	656	1	0	0	5128	2331	100	5	-1	
4	1	656	1	1	0	5128	2331	100	5	-1	
5	1	656	1	1	1	5128	2331	100	5	0.000000	———
2	1	657	0	0	0	5264	2331	18	5	-1	
3	1	657	1	0	0	5264	2331	18	5	-1	
4	1	657	1	1	0	5264	2331	18	5	-1	
5	1	657	1	1	1	5264	2331	18	5	46.890137	—
2	1	658	0	0	0	5552	2330	36	5	-1	
3	1	658	1	0	0	5552	2330	36	5	-1	
4	1	658	1	1	0	5552	2330	36	5	-1	
5	1	658	1	1	1	5552	2330	11	4	10.869217	—
5	1	658	1	1	2	5581	2331	7	4	10.869217	+
2	1	659	0	0	0	1208	2332	44	21	-1	
3	1	659	1	0	0	1208	2332	44	21	-1	
4	1	659	1	1	0	1208	2332	44	21	-1	
5	1	659	1	1	1	1208	2332	44	21	62.651619	ai
2	1	660	0	0	0	1355	2307	107	64	-1	
3	1	660	1	0	0	1355	2307	107	64	-1	
4	1	660	1	1	0	1355	2307	107	64	-1	
5	1	660	1	1	1	1355	2307	107	64	0.000000	le
2	1	661	0	0	0	1908	2342	30	17	-1	
3	1	661	1	0	0	1908	2342	30	17	-1	
4	1	661	1	1	0	1908	2342	30	17	-1	
5	1	661	1	1	1	1908	2342	30	17	78.817238	€0
2	1	662	0	0	0	1959	2332	77	29	-1	
3	1	662	1	0	0	1959	2332	77	29	-1	
4	1	662	1	1	0	1959	2332	77	29	-1	
5	1	662	1	1	1	1959	2332	77	29	39.770622	19301!
2	1	663	0	0	0	2048	2317	98	26	-1	
3	1	663	1	0	0	2048	2317	98	26	-1	
4	1	663	1	1	0	2048	2317	98	26	-1	
5	1	663	1	1	1	2048	2317	98	26	34.117798	zie
2	1	664	0	0	0	3103	2352	54	6	-1	
3	1	664	1	0	0	3103	2352	54	6	-1	
4	1	664	1	1	0	3103	2352	54	6	-1	
5	1	664	1	1	1	3103	2352	54	6	15.658348	wets
2	1	665	0	0	0	3354	2316	106	30	-1	
3	1	665	1	0	0	3354	2316	106	30	-1	
4	1	665	1	1	0	3354	2316	106	30	-1	
5	1	665	1	1	1	3354	2316	106	30	76.166435	1C825
2	1	666	0	0	0	6264	2350	40	6	-1	
3	1	666	1	0	0	6264	2350	40	6	-1	
4	1	666	1	1	0	6264	2350	40	6	-1	
5	1	666	1	1	1	6260	2337	5	28	84.173576	|
5	1	666	1	1	2	6264	2350	40	6	25.457443	os
2	1	667	0	0	0	541	2373	48	23	-1	
3	1	667	1	0	0	541	2373	48	23	-1	
4	1	667	1	1	0	541	2373	48	23	-1	
5	1	667	1	1	1	541	2373	48	23	18.904274	1,33
2	1	668	0	0	0	645	2390	56	6	-1	
3	1	668	1	0	0	645	2390	56	6	-1	
4	1	668	1	1	0	645	2390	56	6	-1	
5	1	668	1	1	1	645	2390	56	6	50.716713	ae
2	1	669	0	0	0	1186	2381	17	14	-1	
3	1	669	1	0	0	1186	2381	17	14	-1	
4	1	669	1	1	0	1186	2381	17	14	-1	
5	1	669	1	1	1	1186	2381	17	14	57.744179	o
2	1	670	0	0	0	1207	2353	61	38	-1	
3	1	670	1	0	0	1207	2353	61	38	-1	
4	1	670	1	1	0	1207	2353	61	38	-1	
5	1	670	1	1	1	1207	2353	61	38	4.560806	oT
2	1	671	0	0	0	1381	2362	55	18	-1	
3	1	671	1	0	0	1381	2362	55	18	-1	
4	1	671	1	1	0	1381	2362	55	18	-1	
5	1	671	1	1	1	1381	2362	55	18	40.613647	C286
2	1	672	0	0	0	1398	2387	40	6	-1	
3	1	672	1	0	0	1398	2387	40	6	-1	
4	1	672	1	1	0	1398	2387	40	6	-1	
5	1	672	1	1	1	1398	2387	40	6	0.000000	—ae
2	1	673	0	0	0	1910	2364	25	16	-1	
3	1	673	1	0	0	1910	2364	25	16	-1	
4	1	673	1	1	0	1910	2364	25	16	-1	
5	1	673	1	1	1	1910	2364	25	16	62.713310	6!
2	1	674	0	0	0	3366	2372	53	5	-1	
3	1	674	1	0	0	3366	2372	53	5	-1	
4	1	674	1	1	0	3366	2372	53	5	-1	
5	1	674	1	1	1	3366	2372	53	5	0.000000	—
2	1	675	0	0	0	659	2408	51	17	-1	
3	1	675	1	0	0	659	2408	51	17	-1	
4	1	675	1	1	0	659	2408	51	17	-1	
5	1	675	1	1	1	659	2408	51	17	58.053185	R30}
2	1	676	0	0	0	1440	2403	48	18	-1	
3	1	676	1	0	0	1440	2403	48	18	-1	
4	1	676	1	1	0	1440	2403	48	18	-1	
5	1	676	1	1	1	1440	2403	48	18	0.000000	C30
2	1	677	0	0	0	2033	2386	28	31	-1	
3	1	677	1	0	0	2033	2386	28	31	-1	
4	1	677	1	1	0	2033	2386	28	31	-1	
5	1	677	1	1	1	2033	2386	28	31	49.460697	ls
2	1	678	0	0	0	2585	2379	110	30	-1	
3	1	678	1	0	0	2585	2379	110	30	-1	
4	1	678	1	1	0	2585	2379	110	30	-1	
5	1	678	1	1	1	2585	2379	110	30	40.626392	IC824
2	1	679	0	0	0	2727	2408	34	5	-1	
3	1	679	1	0	0	2727	2408	34	5	-1	
4	1	679	1	1	0	2727	2408	34	5	-1	
5	1	679	1	1	1	2727	2408	34	5	22.091675	+
2	1	680	0	0	0	2839	2394	55	9	-1	
3	1	680	1	0	0	2839	2394	55	9	-1	
4	1	680	1	1	0	2839	2394	55	9	-1	
5	1	680	1	1	1	2839	2394	55	9	44.265862	ie
2	1	681	0	0	0	3212	2383	57	22	-1	
3	1	681	1	0	0	3212	2383	57	22	-1	
4	1	681	1	1	0	3212	2383	57	22	-1	
5	1	681	1	1	1	3212	2383	57	22	0.000000	~—J
2	1	682	0	0	0	6281	2387	57	17	-1	
3	1	682	1	0	0	6281	2387	57	17	-1	
4	1	682	1	1	0	6281	2387	57	17	-1	
5	1	682	1	1	1	6281	2387	57	17	65.597824	wer
2	1	683	0	0	0	602	2428	137	18	-1	
3	1	683	1	0	0	602	2428	137	18	-1	
4	1	683	1	1	0	602	2428	137	18	-1	
5	1	683	1	1	1	602	2428	137	18	19.013382	\—~t—
2	1	684	0	0	0	1114	2397	154	51	-1	
3	1	684	1	0	0	1114	2397	154	51	-1	
4	1	684	1	1	0	1114	2397	154	51	-1	
5	1	684	1	1	1	1114	2397	154	51	44.663574	kL
2	1	685	0	0	0	1273	2412	24	20	-1	
3	1	685	1	0	0	1273	2412	24	20	-1	
4	1	685	1	1	0	1273	2412	24	20	-1	
5	1	685	1	1	1	1273	2412	24	20	71.124954	iv
2	1	686	0	0	0	1454	2430	29	16	-1	
3	1	686	1	0	0	1454	2430	29	16	-1	
4	1	686	1	1	0	1454	2430	29	16	-1	
5	1	686	1	1	1	1454	2430	29	16	78.638687	at
2	1	687	0	0	0	1569	2442	58	6	-1	
3	1	687	1	0	0	1569	2442	58	6	-1	
4	1	687	1	1	0	1569	2442	58	6	-1	
5	1	687	1	1	1	1569	2442	58	6	3.293465	<=
2	1	688	0	0	0	2032	2414	46	28	-1	
3	1	688	1	0	0	2032	2414	46	28	-1	
4	1	688	1	1	0	2032	2414	46	28	-1	
5	1	688	1	1	1	2032	2414	46	28	66.987656	ie!
2	1	689	0	0	0	3209	2415	61	23	-1	
3	1	689	1	0	0	3209	2415	61	23	-1	
4	1	689	1	1	0	3209	2415	61	23	-1	
5	1	689	1	1	1	3209	2415	61	23	15.202492	21
2	1	690	0	0	0	625	2466	118	6	-1	
3	1	690	1	0	0	625	2466	118	6	-1	
4	1	690	1	1	0	625	2466	118	6	-1	
5	1	690	1	1	1	625	2466	18	6	64.134125	—
5	1	690	1	1	2	693	2467	50	5	35.853798	a)
2	1	691	0	0	0	1272	2440	27	23	-1	
3	1	691	1	0	0	1272	2440	27	23	-1	
4	1	691	1	1	0	1272	2440	27	23	-1	
5	1	691	1	1	1	1272	2440	27	23	67.649124	ty
2	1	692	0	0	0	1301	2406	87	73	-1	
3	1	692	1	0	0	1301	2406	87	73	-1	
4	1	692	1	1	0	1301	2406	87	73	-1	
5	1	692	1	1	1	1301	2406	87	73	21.587601	3
2	1	693	0	0	0	1990	2443	88	25	-1	
3	1	693	1	0	0	1990	2443	88	25	-1	
4	1	693	1	1	0	1990	2443	88	25	-1	
5	1	693	1	1	1	1990	2443	20	25	63.555195	A
5	1	693	1	1	2	2033	2445	45	23	32.673279	17
2	1	694	0	0	0	2569	2448	20	17	-1	
3	1	694	1	0	0	2569	2448	20	17	-1	
4	1	694	1	1	0	2569	2448	20	17	-1	
5	1	694	1	1	1	2569	2448	20	17	50.108826	10
2	1	695	0	0	0	2719	2452	25	17	-1	
3	1	695	1	0	0	2719	2452	25	17	-1	
4	1	695	1	1	0	2719	2452	25	17	-1	
5	1	695	1	1	1	2719	2452	25	17	58.479469	2°
2	1	696	0	0	0	3245	2452	28	17	-1	
3	1	696	1	0	0	3245	2452	28	17	-1	
4	1	696	1	1	0	3245	2452	28	17	-1	
5	1	696	1	1	1	3245	2452	28	17	60.687424	ce
2	1	697	0	0	0	3414	2449	20	17	-1	
3	1	697	1	0	0	3414	2449	20	17	-1	
4	1	697	1	1	0	3414	2449	20	17	-1	
5	1	697	1	1	1	3414	2449	20	17	88.230103	10
2	1	698	0	0	0	5978	2467	79	3	-1	
3	1	698	1	0	0	5978	2467	79	3	-1	
4	1	698	1	1	0	5978	2467	79	3	-1	
5	1	698	1	1	1	5978	2467	79	3	14.043770	——
2	1	699	0	0	0	627	2498	116	5	-1	
3	1	699	1	0	0	627	2498	116	5	-1	
4	1	699	1	1	0	627	2498	116	5	-1	
5	1	699	1	1	1	627	2498	116	5	0.000000	—t——
2	1	700	0	0	0	1140	2497	92	12	-1	
3	1	700	1	0	0	1140	2497	92	12	-1	
4	1	700	1	1	0	1140	2497	92	12	-1	
5	1	700	1	1	1	1140	2497	92	12	0.000000	ow,
2	1	701	0	0	0	1379	2477	125	31	-1	
3	1	701	1	0	0	1379	2477	125	31	-1	
4	1	701	1	1	0	1379	2477	125	31	-1	
5	1	701	1	1	1	1379	2485	60	20	84.037354	R302
5	1	701	1	1	2	1451	2477	53	31	40.431999	C338
2	1	702	0	0	0	1866	2469	53	14	-1	
3	1	702	1	0	0	1866	2469	53	14	-1	
4	1	702	1	1	0	1866	2469	53	14	-1	
5	1	702	1	1	1	1866	2469	53	14	2.201935	+=
2	1	703	0	0	0	2032	2474	46	24	-1	
3	1	703	1	0	0	2032	2474	46	24	-1	
4	1	703	1	1	0	2032	2474	46	24	-1	
5	1	703	1	1	1	2032	2474	46	24	27.580856	18!
2	1	704	0	0	0	3249	2478	55	27	-1	
3	1	704	1	0	0	3249	2478	55	27	-1	
4	1	704	1	1	0	3249	2478	55	27	-1	
5	1	704	1	1	1	3249	2478	55	27	59.950043	“3
2	1	705	0	0	0	626	2529	89	5	-1	
3	1	705	1	0	0	626	2529	89	5	-1	
4	1	705	1	1	0	626	2529	89	5	-1	
5	1	705	1	1	1	626	2529	45	5	25.919075	——
5	1	705	1	1	2	689	2530	26	4	22.917603	Se
2	1	706	0	0	0	977	2510	117	6	-1	
3	1	706	1	0	0	977	2510	117	6	-1	
4	1	706	1	1	0	977	2510	117	6	-1	
5	1	706	1	1	1	977	2511	43	4	39.318043	——
2	1	707	0	0	0	1571	2501	52	20	-1	
3	1	707	1	0	0	1571	2501	52	20	-1	
4	1	707	1	1	0	1571	2501	52	20	-1	
5	1	707	1	1	1	1571	2501	52	20	15.187057	A7-
2	1	708	0	0	0	1987	2499	89	28	-1	
3	1	708	1	0	0	1987	2499	89	28	-1	
4	1	708	1	1	0	1987	2499	89	28	-1	
5	1	708	1	1	1	1987	2499	89	28	21.752075	~$U95
2	1	709	0	0	0	2622	2486	22	42	-1	
3	1	709	1	0	0	2622	2486	22	42	-1	
4	1	709	1	1	0	2622	2486	22	42	-1	
5	1	709	1	1	1	2622	2486	22	42	94.005043	>|
2	1	710	0	0	0	2822	2519	28	11	-1	
3	1	710	1	0	0	2822	2519	28	11	-1	
4	1	710	1	1	0	2822	2519	28	11	-1	
5	1	710	1	1	1	2822	2519	28	11	30.217186	re
2	1	711	0	0	0	5888	2512	71	17	-1	
3	1	711	1	0	0	5888	2512	71	17	-1	
4	1	711	1	1	0	5888	2512	71	17	-1	
5	1	711	1	1	1	5888	2512	71	17	0.000000	—\
2	1	712	0	0	0	973	2531	61	17	-1	
3	1	712	1	0	0	973	2531	61	17	-1	
4	1	712	1	1	0	973	2531	61	17	-1	
5	1	712	1	1	1	973	2531	61	17	66.239288	R204
2	1	713	0	0	0	1277	2536	55	5	-1	
3	1	713	1	0	0	1277	2536	55	5	-1	
4	1	713	1	1	0	1277	2536	55	5	-1	
5	1	713	1	1	1	1277	2536	55	5	0.000000	—
2	1	714	0	0	0	1821	2500	91	39	-1	
3	1	714	1	0	0	1821	2500	91	39	-1	
4	1	714	1	1	0	1821	2500	91	39	-1	
5	1	714	1	1	1	1821	2500	91	39	40.633781	Q40i
2	1	715	0	0	0	2003	2533	62	17	-1	
3	1	715	1	0	0	2003	2533	62	17	-1	
4	1	715	1	1	0	2003	2533	62	17	-1	
5	1	715	1	1	1	2003	2533	62	17	0.000000	N46
2	1	716	0	0	0	2009	2554	43	6	-1	
3	1	716	1	0	0	2009	2554	43	6	-1	
4	1	716	1	1	0	2009	2554	43	6	-1	
5	1	716	1	1	1	2009	2554	43	6	38.424622	pap
2	1	717	0	0	0	2088	2512	77	31	-1	
3	1	717	1	0	0	2088	2512	77	31	-1	
4	1	717	1	1	0	2088	2512	77	31	-1	
5	1	717	1	1	1	2088	2512	77	31	77.073532	IC40
2	1	718	0	0	0	2703	2534	42	11	-1	
3	1	718	1	0	0	2703	2534	42	11	-1	
4	1	718	1	1	0	2703	2534	42	11	-1	
5	1	718	1	1	1	2703	2534	42	11	63.238529	eer
2	1	719	0	0	0	2824	2551	57	15	-1	
3	1	719	1	0	0	2824	2551	57	15	-1	
4	1	719	1	1	0	2824	2551	57	15	-1	
5	1	719	1	1	1	2824	2551	57	15	0.000000	-3a-5
2	1	720	0	0	0	2826	2540	54	4	-1	
3	1	720	1	0	0	2826	2540	54	4	-1	
4	1	720	1	1	0	2826	2540	54	4	-1	
5	1	720	1	1	1	2826	2540	54	4	33.223785	-<
2	1	721	0	0	0	5824	2538	22	4	-1	
3	1	721	1	0	0	5824	2538	22	4	-1	
4	1	721	1	1	0	5824	2538	22	4	-1	
5	1	721	1	1	1	5824	2538	22	4	36.346706	—~
2	1	722	0	0	0	275	2559	58	18	-1	
3	1	722	1	0	0	275	2559	58	18	-1	
4	1	722	1	1	0	275	2559	58	18	-1	
5	1	722	1	1	1	275	2559	58	18	24.115379	©307
2	1	723	0	0	0	984	2570	62	18	-1	
3	1	723	1	0	0	984	2570	62	18	-1	
4	1	723	1	1	0	984	2570	62	18	-1	
5	1	723	1	1	1	984	2570	62	18	95.802620	R305
2	1	724	0	0	0	1254	2564	50	12	-1	
3	1	724	1	0	0	1254	2564	50	12	-1	
4	1	724	1	1	0	1254	2564	50	12	-1	
5	1	724	1	1	1	1254	2564	50	12	54.573589	cot
2	1	725	0	0	0	1330	2558	65	12	-1	
3	1	725	1	0	0	1330	2558	65	12	-1	
4	1	725	1	1	0	1330	2558	65	12	-1	
5	1	725	1	1	1	1330	2551	22	28	14.215843	hs
5	1	725	1	1	2	1365	2558	30	12	34.050148	ae
2	1	726	0	0	0	1458	2575	22	11	-1	
3	1	726	1	0	0	1458	2575	22	11	-1	
4	1	726	1	1	0	1458	2575	22	11	-1	
5	1	726	1	1	1	1458	2575	22	11	27.911613	a)
2	1	727	0	0	0	1554	2543	29	25	-1	
3	1	727	1	0	0	1554	2543	29	25	-1	
4	1	727	1	1	0	1554	2543	29	25	-1	
5	1	727	1	1	1	1554	2543	29	25	52.118156	at
2	1	728	0	0	0	1666	2533	98	44	-1	
3	1	728	1	0	0	1666	2533	98	44	-1	
4	1	728	1	1	0	1666	2533	98	44	-1	
5	1	728	1	1	1	1666	2533	98	44	93.505310	0405
2	1	729	0	0	0	2006	2565	71	27	-1	
3	1	729	1	0	0	2006	2565	71	27	-1	
4	1	729	1	1	0	2006	2565	71	27	-1	
5	1	729	1	1	1	2006	2565	46	27	20.669891	i
5	1	729	1	1	2	2074	2569	3	16	84.641846	|
2	1	730	0	0	0	2704	2581	44	8	-1	
3	1	730	1	0	0	2704	2581	44	8	-1	
4	1	730	1	1	0	2704	2581	44	8	-1	
5	1	730	1	1	1	2704	2581	44	8	40.385803	oss
2	1	731	0	0	0	2826	2576	56	13	-1	
3	1	731	1	0	0	2826	2576	56	13	-1	
4	1	731	1	1	0	2826	2576	56	13	-1	
5	1	731	1	1	1	2826	2576	56	13	39.037842	alee
2	1	732	0	0	0	3101	2561	42	9	-1	
3	1	732	1	0	0	3101	2561	42	9	-1	
4	1	732	1	1	0	3101	2561	42	9	-1	
5	1	732	1	1	1	3101	2561	42	9	53.711250	CSS
2	1	733	0	0	0	3246	2555	61	18	-1	
3	1	733	1	0	0	3246	2555	61	18	-1	
4	1	733	1	1	0	3246	2555	61	18	-1	
5	1	733	1	1	1	3246	2555	61	18	52.835884	RES6
2	1	734	0	0	0	3247	2577	56	7	-1	
3	1	734	1	0	0	3247	2577	56	7	-1	
4	1	734	1	1	0	3247	2577	56	7	-1	
5	1	734	1	1	1	3247	2577	56	7	41.850891	-———
2	1	735	0	0	0	282	2584	56	21	-1	
3	1	735	1	0	0	282	2584	56	21	-1	
4	1	735	1	1	0	282	2584	56	21	-1	
5	1	735	1	1	1	282	2584	56	21	62.520290	ah
2	1	736	0	0	0	1254	2594	47	16	-1	
3	1	736	1	0	0	1254	2594	47	16	-1	
4	1	736	1	1	0	1254	2594	47	16	-1	
5	1	736	1	1	1	1254	2594	47	16	53.660259	te
2	1	737	0	0	0	1254	2576	171	24	-1	
3	1	737	1	0	0	1254	2576	171	24	-1	
4	1	737	1	1	0	1254	2576	171	24	-1	
5	1	737	1	1	1	1254	2576	171	24	0.000000	,765432:
2	1	738	0	0	0	1875	2588	29	26	-1	
3	1	738	1	0	0	1875	2588	29	26	-1	
4	1	738	1	1	0	1875	2588	29	26	-1	
5	1	738	1	1	1	1875	2588	29	26	14.923485	jc
2	1	739	0	0	0	2949	2588	88	9	-1	
3	1	739	1	0	0	2949	2588	88	9	-1	
4	1	739	1	1	0	2949	2588	88	9	-1	
5	1	739	1	1	1	2949	2578	34	28	31.750862	og
5	1	739	1	1	2	3010	2578	31	28	19.110954	aed
2	1	740	0	0	0	3246	2599	60	17	-1	
3	1	740	1	0	0	3246	2599	60	17	-1	
4	1	740	1	1	0	3246	2599	60	17	-1	
5	1	740	1	1	1	3246	2599	60	17	17.369186	Re36
2	1	741	0	0	0	4979	2589	185	35	-1	
3	1	741	1	0	0	4979	2589	185	35	-1	
4	1	741	1	1	0	4979	2589	185	35	-1	
5	1	741	1	1	1	4979	2590	25	29	47.121872	--
5	1	741	1	1	2	5025	2589	139	35	29.192245	-t+-+---
2	1	742	0	0	0	5223	2593	133	16	-1	
3	1	742	1	0	0	5223	2593	133	16	-1	
4	1	742	1	1	0	5223	2593	133	16	-1	
5	1	742	1	1	1	5223	2593	51	16	27.374619	fh
2	1	743	0	0	0	5421	2603	60	4	-1	
3	1	743	1	0	0	5421	2603	60	4	-1	
4	1	743	1	1	0	5421	2603	60	4	-1	
5	1	743	1	1	1	5421	2603	60	4	20.085678	—_
2	1	744	0	0	0	5759	2600	61	7	-1	
3	1	744	1	0	0	5759	2600	61	7	-1	
4	1	744	1	1	0	5759	2600	61	7	-1	
5	1	744	1	1	1	5759	2600	61	7	0.000000	—~}-
2	1	745	0	0	0	6115	2601	135	6	-1	
3	1	745	1	0	0	6115	2601	135	6	-1	
4	1	745	1	1	0	6115	2601	135	6	-1	
5	1	745	1	1	1	6115	2601	135	6	57.035706	—
5	1	745	1	1	2	6220	2586	34	28	9.564056	|
2	1	746	0	0	0	260	2632	77	9	-1	
3	1	746	1	0	0	260	2632	77	9	-1	
4	1	746	1	1	0	260	2632	77	9	-1	
5	1	746	1	1	1	260	2632	77	9	0.000000	e-s
2	1	747	0	0	0	300	2612	119	18	-1	
3	1	747	1	0	0	300	2612	119	18	-1	
4	1	747	1	1	0	300	2612	119	18	-1	
5	1	747	1	1	1	300	2612	81	18	43.095173	CN3OS
5	1	747	1	1	2	401	2612	18	18	41.190826	*&
2	1	748	0	0	0	701	2611	56	19	-1	
3	1	748	1	0	0	701	2611	56	19	-1	
4	1	748	1	1	0	701	2611	56	19	-1	
5	1	748	1	1	1	701	2611	56	19	17.260498	te
2	1	749	0	0	0	911	2599	136	50	-1	
3	1	749	1	0	0	911	2599	136	50	-1	
4	1	749	1	1	0	911	2599	136	50	-1	
5	1	749	1	1	1	911	2626	39	15	30.535156	cr
5	1	749	1	1	2	992	2599	55	50	50.655121	he
2	1	750	0	0	0	1571	2600	11	28	-1	
3	1	750	1	0	0	1571	2600	11	28	-1	
4	1	750	1	1	0	1571	2600	11	28	-1	
5	1	750	1	1	1	1571	2600	11	28	5.037064	‘}
2	1	751	0	0	0	1702	2625	116	5	-1	
3	1	751	1	0	0	1702	2625	116	5	-1	
4	1	751	1	1	0	1702	2625	116	5	-1	
5	1	751	1	1	1	1702	2625	116	5	22.472397	a
2	1	752	0	0	0	1876	2619	28	19	-1	
3	1	752	1	0	0	1876	2619	28	19	-1	
4	1	752	1	1	0	1876	2619	28	19	-1	
5	1	752	1	1	1	1876	2619	28	19	49.237221	iB
2	1	753	0	0	0	1945	2591	65	33	-1	
3	1	753	1	0	0	1945	2591	65	33	-1	
4	1	753	1	1	0	1945	2591	65	33	-1	
5	1	753	1	1	1	1945	2591	65	33	24.892448	er!
2	1	754	0	0	0	2049	2593	28	31	-1	
3	1	754	1	0	0	2049	2593	28	31	-1	
4	1	754	1	1	0	2049	2593	28	31	-1	
5	1	754	1	1	1	2049	2593	28	31	30.994125	rl
2	1	755	0	0	0	2704	2621	63	13	-1	
3	1	755	1	0	0	2704	2621	63	13	-1	
4	1	755	1	1	0	2704	2621	63	13	-1	
5	1	755	1	1	1	2704	2621	63	13	23.845963	Raaz
2	1	756	0	0	0	2841	2637	42	8	-1	
3	1	756	1	0	0	2841	2637	42	8	-1	
4	1	756	1	1	0	2841	2637	42	8	-1	
5	1	756	1	1	1	2841	2637	42	8	49.955044	839
2	1	757	0	0	0	5146	2636	21	5	-1	
3	1	757	1	0	0	5146	2636	21	5	-1	
4	1	757	1	1	0	5146	2636	21	5	-1	
5	1	757	1	1	1	5146	2636	21	5	44.944630	=
2	1	758	0	0	0	5770	2619	37	18	-1	
3	1	758	1	0	0	5770	2619	37	18	-1	
4	1	758	1	1	0	5770	2619	37	18	-1	
5	1	758	1	1	1	5770	2619	37	18	67.899704	nt
2	1	759	0	0	0	5889	2555	166	73	-1	
3	1	759	1	0	0	5889	2555	166	73	-1	
4	1	759	1	1	0	5889	2555	166	73	-1	
5	1	759	1	1	1	5889	2555	166	73	38.395477	ty.
2	1	760	0	0	0	5912	2629	80	17	-1	
3	1	760	1	0	0	5912	2629	80	17	-1	
4	1	760	1	1	0	5912	2629	80	17	-1	
5	1	760	1	1	1	5912	2629	80	17	40.706287	cc
2	1	761	0	0	0	269	2647	116	21	-1	
3	1	761	1	0	0	269	2647	116	21	-1	
4	1	761	1	1	0	269	2647	116	21	-1	
5	1	761	1	1	1	269	2647	116	21	96.834793	65432
2	1	762	0	0	0	947	2658	49	18	-1	
3	1	762	1	0	0	947	2658	49	18	-1	
4	1	762	1	1	0	947	2658	49	18	-1	
5	1	762	1	1	1	947	2658	49	18	47.820435	C49.
2	1	763	0	0	0	1202	2641	61	13	-1	
3	1	763	1	0	0	1202	2641	61	13	-1	
4	1	763	1	1	0	1202	2641	61	13	-1	
5	1	763	1	1	1	1202	2641	61	13	28.504181	reece
2	1	764	0	0	0	1833	2668	54	5	-1	
3	1	764	1	0	0	1833	2668	54	5	-1	
4	1	764	1	1	0	1833	2668	54	5	-1	
5	1	764	1	1	1	1833	2668	54	5	45.499374	=
2	1	765	0	0	0	3102	2658	55	5	-1	
3	1	765	1	0	0	3102	2658	55	5	-1	
4	1	765	1	1	0	3102	2658	55	5	-1	
5	1	765	1	1	1	3102	2658	55	5	0.000000	—<
2	1	766	0	0	0	3243	2641	42	13	-1	
3	1	766	1	0	0	3243	2641	42	13	-1	
4	1	766	1	1	0	3243	2641	42	13	-1	
5	1	766	1	1	1	3243	2641	42	13	51.694241	Ree
2	1	767	0	0	0	393	2649	28	30	-1	
3	1	767	1	0	0	393	2649	28	30	-1	
4	1	767	1	1	0	393	2649	28	30	-1	
5	1	767	1	1	1	393	2649	28	30	43.531090	4
2	1	768	0	0	0	1207	2666	55	14	-1	
3	1	768	1	0	0	1207	2666	55	14	-1	
4	1	768	1	1	0	1207	2666	55	14	-1	
5	1	768	1	1	1	1207	2666	55	14	48.848194	=
2	1	769	0	0	0	1380	2666	56	14	-1	
3	1	769	1	0	0	1380	2666	56	14	-1	
4	1	769	1	1	0	1380	2666	56	14	-1	
5	1	769	1	1	1	1380	2666	56	14	12.342255	o40€
2	1	770	0	0	0	2062	2671	90	29	-1	
3	1	770	1	0	0	2062	2671	90	29	-1	
4	1	770	1	1	0	2062	2671	90	29	-1	
5	1	770	1	1	1	2062	2671	90	29	84.038483	Q414
2	1	771	0	0	0	2497	2679	32	25	-1	
3	1	771	1	0	0	2497	2679	32	25	-1	
4	1	771	1	1	0	2497	2679	32	25	-1	
5	1	771	1	1	1	2497	2691	13	13	28.754234	=
5	1	771	1	1	2	2524	2679	5	22	21.761169	f
2	1	772	0	0	0	5820	2663	273	26	-1	
3	1	772	1	0	0	5820	2663	273	26	-1	
4	1	772	1	1	0	5820	2663	273	26	-1	
5	1	772	1	1	1	5820	2676	13	3	30.799500	—
5	1	772	1	1	2	5850	2674	12	6	47.208946	+
5	1	772	1	1	3	5879	2670	39	11	32.757072	--4--
5	1	772	1	1	4	5938	2663	155	26	0.000000	+}-—__—4
2	1	773	0	0	0	931	2677	96	33	-1	
3	1	773	1	0	0	931	2677	96	33	-1	
4	1	773	1	1	0	931	2677	96	33	-1	
5	1	773	1	1	1	931	2677	96	33	61.259033	@HKO
2	1	774	0	0	0	1217	2690	46	26	-1	
3	1	774	1	0	0	1217	2690	46	26	-1	
4	1	774	1	1	0	1217	2690	46	26	-1	
5	1	774	1	1	1	1217	2690	46	26	79.839890	422
2	1	775	0	0	0	1647	2676	97	31	-1	
3	1	775	1	0	0	1647	2676	97	31	-1	
4	1	775	1	1	0	1647	2676	97	31	-1	
5	1	775	1	1	1	1647	2676	97	31	92.409172	Q403
2	1	776	0	0	0	2839	2694	40	14	-1	
3	1	776	1	0	0	2839	2694	40	14	-1	
4	1	776	1	1	0	2839	2694	40	14	-1	
5	1	776	1	1	1	2839	2694	40	14	46.466084	23
2	1	777	0	0	0	2941	2704	5	12	-1	
3	1	777	1	0	0	2941	2704	5	12	-1	
4	1	777	1	1	0	2941	2704	5	12	-1	
5	1	777	1	1	1	2941	2704	5	12	86.864365	i
2	1	778	0	0	0	3034	2698	34	18	-1	
3	1	778	1	0	0	3034	2698	34	18	-1	
4	1	778	1	1	0	3034	2698	34	18	-1	
5	1	778	1	1	1	3034	2698	34	18	60.110931	7.)
2	1	779	0	0	0	3115	2694	28	17	-1	
3	1	779	1	0	0	3115	2694	28	17	-1	
4	1	779	1	1	0	3115	2694	28	17	-1	
5	1	779	1	1	1	3115	2694	28	17	92.510063	83
2	1	780	0	0	0	5855	2685	235	34	-1	
3	1	780	1	0	0	5855	2685	235	34	-1	
4	1	780	1	1	0	5855	2685	235	34	-1	
5	1	780	1	1	1	5855	2700	60	19	34.191887	we
5	1	780	1	1	2	5958	2685	132	34	43.399826	el
2	1	781	0	0	0	611	2674	14	75	-1	
3	1	781	1	0	0	611	2674	14	75	-1	
4	1	781	1	1	0	611	2674	14	75	-1	
5	1	781	1	1	1	611	2674	14	75	75.919914	|
2	1	782	0	0	0	785	2694	35	52	-1	
3	1	782	1	0	0	785	2694	35	52	-1	
4	1	782	1	1	0	785	2694	35	52	-1	
5	1	782	1	1	1	785	2694	35	52	15.541260	ir
2	1	783	0	0	0	1105	2690	123	53	-1	
3	1	783	1	0	0	1105	2690	123	53	-1	
4	1	783	1	1	0	1105	2690	123	53	-1	
5	1	783	1	1	1	1105	2690	123	53	19.870697	aaog
2	1	784	0	0	0	1165	2726	45	18	-1	
3	1	784	1	0	0	1165	2726	45	18	-1	
4	1	784	1	1	0	1165	2726	45	18	-1	
5	1	784	1	1	1	1165	2726	45	18	63.114632	c40
2	1	785	0	0	0	1449	2719	74	30	-1	
3	1	785	1	0	0	1449	2719	74	30	-1	
4	1	785	1	1	0	1449	2719	74	30	-1	
5	1	785	1	1	1	1449	2719	74	30	96.430687	406
2	1	786	0	0	0	1603	2713	42	32	-1	
3	1	786	1	0	0	1603	2713	42	32	-1	
4	1	786	1	1	0	1603	2713	42	32	-1	
5	1	786	1	1	1	1603	2713	42	32	9.348404	iy
2	1	787	0	0	0	1700	2725	27	18	-1	
3	1	787	1	0	0	1700	2725	27	18	-1	
4	1	787	1	1	0	1700	2725	27	18	-1	
5	1	787	1	1	1	1700	2725	27	18	48.207993	'€
2	1	788	0	0	0	1994	2735	69	23	-1	
3	1	788	1	0	0	1994	2735	69	23	-1	
4	1	788	1	1	0	1994	2735	69	23	-1	
5	1	788	1	1	1	1994	2735	69	23	48.636086	Hise
2	1	789	0	0	0	2824	2720	55	30	-1	
3	1	789	1	0	0	2824	2720	55	30	-1	
4	1	789	1	1	0	2824	2720	55	30	-1	
5	1	789	1	1	1	2824	2720	55	30	42.442837	>it
2	1	790	0	0	0	2960	2713	60	46	-1	
3	1	790	1	0	0	2960	2713	60	46	-1	
4	1	790	1	1	0	2960	2713	60	46	-1	
5	1	790	1	1	1	2960	2713	60	46	60.889503	Xz
2	1	791	0	0	0	5022	2741	70	4	-1	
3	1	791	1	0	0	5022	2741	70	4	-1	
4	1	791	1	1	0	5022	2741	70	4	-1	
5	1	791	1	1	1	5022	2741	70	4	60.150459	—
2	1	792	0	0	0	5099	2741	249	4	-1	
3	1	792	1	0	0	5099	2741	249	4	-1	
4	1	792	1	1	0	5099	2741	249	4	-1	
5	1	792	1	1	1	5099	2741	249	4	8.500793	—————<———
2	1	793	0	0	0	5775	2740	34	4	-1	
3	1	793	1	0	0	5775	2740	34	4	-1	
4	1	793	1	1	0	5775	2740	34	4	-1	
5	1	793	1	1	1	5775	2740	34	4	76.380875	—
2	1	794	0	0	0	1699	2754	29	17	-1	
3	1	794	1	0	0	1699	2754	29	17	-1	
4	1	794	1	1	0	1699	2754	29	17	-1	
5	1	794	1	1	1	1699	2754	29	17	94.162102	ic
2	1	795	0	0	0	1915	2752	43	17	-1	
3	1	795	1	0	0	1915	2752	43	17	-1	
4	1	795	1	1	0	1915	2752	43	17	-1	
5	1	795	1	1	1	1915	2752	43	17	58.168907	430
2	1	796	0	0	0	2942	2752	126	22	-1	
3	1	796	1	0	0	2942	2752	126	22	-1	
4	1	796	1	1	0	2942	2752	126	22	-1	
5	1	796	1	1	1	2942	2752	126	22	14.862000	el
2	1	797	0	0	0	3085	2719	74	87	-1	
3	1	797	1	0	0	3085	2719	74	87	-1	
4	1	797	1	1	0	3085	2719	74	87	-1	
5	1	797	1	1	1	3085	2719	74	87	82.500153	+
2	1	798	0	0	0	587	2783	60	18	-1	
3	1	798	1	0	0	587	2783	60	18	-1	
4	1	798	1	1	0	587	2783	60	18	-1	
5	1	798	1	1	1	587	2791	3	8	80.357094	»
5	1	798	1	1	2	604	2783	43	18	93.429642	GND
2	1	799	0	0	0	753	2785	15	10	-1	
3	1	799	1	0	0	753	2785	15	10	-1	
4	1	799	1	1	0	753	2785	15	10	-1	
5	1	799	1	1	1	753	2785	15	10	41.448589	=)
2	1	800	0	0	0	1089	2777	29	18	-1	
3	1	800	1	0	0	1089	2777	29	18	-1	
4	1	800	1	1	0	1089	2777	29	18	-1	
5	1	800	1	1	1	1089	2777	29	18	36.744392	al
2	1	801	0	0	0	1160	2775	30	19	-1	
3	1	801	1	0	0	1160	2775	30	19	-1	
4	1	801	1	1	0	1160	2775	30	19	-1	
5	1	801	1	1	1	1160	2775	30	19	84.768349	R4
2	1	802	0	0	0	1194	2753	30	42	-1	
3	1	802	1	0	0	1194	2753	30	42	-1	
4	1	802	1	1	0	1194	2753	30	42	-1	
5	1	802	1	1	1	1194	2753	30	42	90.548676	5
2	1	803	0	0	0	1998	2812	27	4	-1	
3	1	803	1	0	0	1998	2812	27	4	-1	
4	1	803	1	1	0	1998	2812	27	4	-1	
5	1	803	1	1	1	1998	2812	27	4	24.815056	_~
2	1	804	0	0	0	2002	2757	85	43	-1	
3	1	804	1	0	0	2002	2757	85	43	-1	
4	1	804	1	1	0	2002	2757	85	43	-1	
5	1	804	1	1	1	2002	2757	85	43	16.331802	us//
2	1	805	0	0	0	2480	2785	48	28	-1	
3	1	805	1	0	0	2480	2785	48	28	-1	
4	1	805	1	1	0	2480	2785	48	28	-1	
5	1	805	1	1	1	2480	2785	48	28	21.508553	45
2	1	806	0	0	0	2927	2755	106	49	-1	
3	1	806	1	0	0	2927	2755	106	49	-1	
4	1	806	1	1	0	2927	2755	106	49	-1	
5	1	806	1	1	1	2927	2755	106	49	18.795532	arate
2	1	807	0	0	0	862	2829	102	8	-1	
3	1	807	1	0	0	862	2829	102	8	-1	
4	1	807	1	1	0	862	2829	102	8	-1	
5	1	807	1	1	1	862	2829	102	8	0.000000	———
2	1	808	0	0	0	1042	2823	82	18	-1	
3	1	808	1	0	0	1042	2823	82	18	-1	
4	1	808	1	1	0	1042	2823	82	18	-1	
5	1	808	1	1	1	1042	2824	47	17	0.000000	ONS
5	1	808	1	1	2	1096	2823	28	8	0.000000	O7
2	1	809	0	0	0	1160	2811	63	19	-1	
3	1	809	1	0	0	1160	2811	63	19	-1	
4	1	809	1	1	0	1160	2811	63	19	-1	
5	1	809	1	1	1	1160	2811	63	19	79.947945	R425
2	1	810	0	0	0	1950	2827	43	16	-1	
3	1	810	1	0	0	1950	2827	43	16	-1	
4	1	810	1	1	0	1950	2827	43	16	-1	
5	1	810	1	1	1	1950	2827	43	16	76.586884	P43
2	1	811	0	0	0	2700	2811	29	11	-1	
3	1	811	1	0	0	2700	2811	29	11	-1	
4	1	811	1	1	0	2700	2811	29	11	-1	
5	1	811	1	1	1	2700	2811	29	11	66.670952	Pa
2	1	812	0	0	0	2777	2809	103	30	-1	
3	1	812	1	0	0	2777	2809	103	30	-1	
4	1	812	1	1	0	2777	2809	103	30	-1	
5	1	812	1	1	1	2777	2809	103	30	71.169716	IC828
2	1	813	0	0	0	3028	2789	24	38	-1	
3	1	813	1	0	0	3028	2789	24	38	-1	
4	1	813	1	1	0	3028	2789	24	38	-1	
5	1	813	1	1	1	3028	2789	24	38	5.046165	1
2	1	814	0	0	0	1523	2843	64	11	-1	
3	1	814	1	0	0	1523	2843	64	11	-1	
4	1	814	1	1	0	1523	2843	64	11	-1	
5	1	814	1	1	1	1523	2843	64	11	24.883629	——
2	1	815	0	0	0	1779	2820	100	30	-1	
3	1	815	1	0	0	1779	2820	100	30	-1	
4	1	815	1	1	0	1779	2820	100	30	-1	
5	1	815	1	1	1	1779	2820	100	30	90.622993	Q402
2	1	816	0	0	0	3028	2831	5	16	-1	
3	1	816	1	0	0	3028	2831	5	16	-1	
4	1	816	1	1	0	3028	2831	5	16	-1	
5	1	816	1	1	1	3028	2831	5	16	51.704063	4
2	1	817	0	0	0	3083	2824	255	36	-1	
3	1	817	1	0	0	3083	2824	255	36	-1	
4	1	817	1	1	0	3083	2824	255	36	-1	
5	1	817	1	1	1	3083	2828	57	6	34.230011	7"
5	1	817	1	1	2	3154	2824	111	30	74.090080	1C829
5	1	817	1	1	3	3276	2835	62	25	34.897057	ga
2	1	818	0	0	0	1025	2848	194	43	-1	
3	1	818	1	0	0	1025	2848	194	43	-1	
4	1	818	1	1	0	1025	2848	194	43	-1	
5	1	818	1	1	1	1025	2860	74	31	73.252258	(432
5	1	818	1	1	2	1116	2848	20	17	55.246464	;)
5	1	818	1	1	3	1163	2856	56	18	37.824654	Rae?
2	1	819	0	0	0	2714	2870	75	19	-1	
3	1	819	1	0	0	2714	2870	75	19	-1	
4	1	819	1	1	0	2714	2870	75	19	-1	
5	1	819	1	1	1	2714	2870	75	19	24.068863	CNBCL
2	1	820	0	0	0	3090	2873	4	8	-1	
3	1	820	1	0	0	3090	2873	4	8	-1	
4	1	820	1	1	0	3090	2873	4	8	-1	
5	1	820	1	1	1	3090	2861	27	20	0.000000	:-
2	1	821	0	0	0	3256	2879	7	16	-1	
3	1	821	1	0	0	3256	2879	7	16	-1	
4	1	821	1	1	0	3256	2879	7	16	-1	
5	1	821	1	1	1	3256	2879	7	16	91.051605	J
2	1	822	0	0	0	244	2839	56	91	-1	
3	1	822	1	0	0	244	2839	56	91	-1	
4	1	822	1	1	0	244	2839	56	91	-1	
5	1	822	1	1	1	244	2839	56	91	64.245331	q
2	1	823	0	0	0	820	2846	153	59	-1	
3	1	823	1	0	0	820	2846	153	59	-1	
4	1	823	1	1	0	820	2846	153	59	-1	
5	1	823	1	1	1	820	2846	153	59	21.547318	ay
2	1	824	0	0	0	951	2904	20	23	-1	
3	1	824	1	0	0	951	2904	20	23	-1	
4	1	824	1	1	0	951	2904	20	23	-1	
5	1	824	1	1	1	951	2904	20	23	0.000000	')
2	1	825	0	0	0	1005	2900	47	19	-1	
3	1	825	1	0	0	1005	2900	47	19	-1	
4	1	825	1	1	0	1005	2900	47	19	-1	
5	1	825	1	1	1	1005	2900	47	19	0.000000	CN
2	1	826	0	0	0	1056	2900	28	9	-1	
3	1	826	1	0	0	1056	2900	28	9	-1	
4	1	826	1	1	0	1056	2900	28	9	-1	
5	1	826	1	1	1	1056	2900	28	9	14.820831	rot
2	1	827	0	0	0	1057	2911	27	7	-1	
3	1	827	1	0	0	1057	2911	27	7	-1	
4	1	827	1	1	0	1057	2911	27	7	-1	
5	1	827	1	1	1	1057	2911	27	7	76.773438	os
2	1	828	0	0	0	1162	2892	61	20	-1	
3	1	828	1	0	0	1162	2892	61	20	-1	
4	1	828	1	1	0	1162	2892	61	20	-1	
5	1	828	1	1	1	1162	2892	61	20	20.938354	C408
2	1	829	0	0	0	1470	2925	48	4	-1	
3	1	829	1	0	0	1470	2925	48	4	-1	
4	1	829	1	1	0	1470	2925	48	4	-1	
5	1	829	1	1	1	1470	2925	48	4	71.837921	—
2	1	830	0	0	0	2482	2897	111	31	-1	
3	1	830	1	0	0	2482	2897	111	31	-1	
4	1	830	1	1	0	2482	2897	111	31	-1	
5	1	830	1	1	1	2482	2897	111	31	23.642181	IC830
2	1	831	0	0	0	2649	2900	27	25	-1	
3	1	831	1	0	0	2649	2900	27	25	-1	
4	1	831	1	1	0	2649	2900	27	25	-1	
5	1	831	1	1	1	2649	2900	27	25	67.970955	>
2	1	832	0	0	0	2729	2909	26	15	-1	
3	1	832	1	0	0	2729	2909	26	15	-1	
4	1	832	1	1	0	2729	2909	26	15	-1	
5	1	832	1	1	1	2729	2909	26	15	24.345444	vt
2	1	833	0	0	0	3196	2896	119	37	-1	
3	1	833	1	0	0	3196	2896	119	37	-1	
4	1	833	1	1	0	3196	2896	119	37	-1	
5	1	833	1	1	1	3196	2897	18	6	58.704811	-
5	1	833	1	1	2	3221	2896	94	37	58.387379	i
2	1	834	0	0	0	3418	2886	96	31	-1	
3	1	834	1	0	0	3418	2886	96	31	-1	
4	1	834	1	1	0	3418	2886	96	31	-1	
5	1	834	1	1	1	3418	2886	96	31	0.664444	IC83)
2	1	835	0	0	0	370	2804	267	136	-1	
3	1	835	1	0	0	370	2804	267	136	-1	
4	1	835	1	1	0	370	2804	267	136	-1	
5	1	835	1	1	1	370	2804	267	136	23.276382	hal
2	1	836	0	0	0	5735	2879	107	66	-1	
3	1	836	1	0	0	5735	2879	107	66	-1	
4	1	836	1	1	0	5735	2879	107	66	-1	
5	1	836	1	1	1	5735	2879	49	66	23.604652	ib
2	1	837	0	0	0	6070	2895	101	56	-1	
3	1	837	1	0	0	6070	2895	101	56	-1	
4	1	837	1	1	0	6070	2895	101	56	-1	
5	1	837	1	1	1	6070	2895	33	56	61.280548	A
5	1	837	1	1	2	6139	2897	32	53	51.430153	A
2	1	838	0	0	0	578	2942	57	33	-1	
3	1	838	1	0	0	578	2942	57	33	-1	
4	1	838	1	1	0	578	2942	57	33	-1	
5	1	838	1	1	1	578	2942	57	33	81.478058	*O
2	1	839	0	0	0	785	2958	57	19	-1	
3	1	839	1	0	0	785	2958	57	19	-1	
4	1	839	1	1	0	785	2958	57	19	-1	
5	1	839	1	1	1	785	2958	57	19	73.544571	RI79
2	1	840	0	0	0	967	2949	39	22	-1	
3	1	840	1	0	0	967	2949	39	22	-1	
4	1	840	1	1	0	967	2949	39	22	-1	
5	1	840	1	1	1	967	2949	39	22	69.009232	ye
2	1	841	0	0	0	1020	2936	103	31	-1	
3	1	841	1	0	0	1020	2936	103	31	-1	
4	1	841	1	1	0	1020	2936	103	31	-1	
5	1	841	1	1	1	1020	2936	103	31	16.030838	4321\)
2	1	842	0	0	0	1164	2940	60	19	-1	
3	1	842	1	0	0	1164	2940	60	19	-1	
4	1	842	1	1	0	1164	2940	60	19	-1	
5	1	842	1	1	1	1161	2940	63	28	93.525452	R424
2	1	843	0	0	0	1245	2852	257	138	-1	
3	1	843	1	0	0	1245	2852	257	138	-1	
4	1	843	1	1	0	1245	2852	257	138	-1	
5	1	843	1	1	1	1245	2852	257	138	41.576050	fry,
5	1	843	1	1	2	1467	2848	39	151	90.464508	=
2	1	844	0	0	0	1477	2962	54	4	-1	
3	1	844	1	0	0	1477	2962	54	4	-1	
4	1	844	1	1	0	1477	2962	54	4	-1	
5	1	844	1	1	1	1477	2962	54	4	0.000000	a
2	1	845	0	0	0	2728	2955	47	22	-1	
3	1	845	1	0	0	2728	2955	47	22	-1	
4	1	845	1	1	0	2728	2955	47	22	-1	
5	1	845	1	1	1	2728	2955	47	22	26.311859	t3i
2	1	846	0	0	0	3042	2919	57	70	-1	
3	1	846	1	0	0	3042	2919	57	70	-1	
4	1	846	1	1	0	3042	2919	57	70	-1	
5	1	846	1	1	1	3042	2919	57	70	53.371773	the
2	1	847	0	0	0	5001	2899	105	71	-1	
3	1	847	1	0	0	5001	2899	105	71	-1	
4	1	847	1	1	0	5001	2899	105	71	-1	
5	1	847	1	1	1	5001	2899	105	71	88.132957	ad
2	1	848	0	0	0	5121	2901	103	81	-1	
3	1	848	1	0	0	5121	2901	103	81	-1	
4	1	848	1	1	0	5121	2901	103	81	-1	
5	1	848	1	1	1	5121	2901	103	81	74.116043	bd
2	1	849	0	0	0	5252	2920	101	51	-1	
3	1	849	1	0	0	5252	2920	101	51	-1	
4	1	849	1	1	0	5252	2920	101	51	-1	
5	1	849	1	1	1	5252	2920	38	50	87.157501	©
5	1	849	1	1	2	5317	2944	36	27	87.157501	©
2	1	850	0	0	0	5378	2895	41	77	-1	
3	1	850	1	0	0	5378	2895	41	77	-1	
4	1	850	1	1	0	5378	2895	41	77	-1	
5	1	850	1	1	1	5378	2895	41	77	0.000000	&
2	1	851	0	0	0	5439	2899	36	72	-1	
3	1	851	1	0	0	5439	2899	36	72	-1	
4	1	851	1	1	0	5439	2899	36	72	-1	
5	1	851	1	1	1	5439	2899	36	72	37.335720	€
2	1	852	0	0	0	5734	2941	117	44	-1	
3	1	852	1	0	0	5734	2941	117	44	-1	
4	1	852	1	1	0	5734	2941	117	44	-1	
5	1	852	1	1	1	5734	2941	56	44	63.130749	ise
5	1	852	1	1	2	5819	2955	32	17	81.860313	&
2	1	853	0	0	0	5882	2935	140	40	-1	
3	1	853	1	0	0	5882	2935	140	40	-1	
4	1	853	1	1	0	5882	2935	140	40	-1	
5	1	853	1	1	1	5882	2935	140	40	2.241753	OROR:
2	1	854	0	0	0	5989	2978	218	6	-1	
3	1	854	1	0	0	5989	2978	218	6	-1	
4	1	854	1	1	0	5989	2978	218	6	-1	
5	1	854	1	1	1	5989	2978	128	6	46.748138	——
2	1	855	0	0	0	6070	2956	38	17	-1	
3	1	855	1	0	0	6070	2956	38	17	-1	
4	1	855	1	1	0	6070	2956	38	17	-1	
5	1	855	1	1	1	6070	2956	38	17	0.000000	Ys
2	1	856	0	0	0	6146	2924	80	50	-1	
3	1	856	1	0	0	6146	2924	80	50	-1	
4	1	856	1	1	0	6146	2924	80	50	-1	
5	1	856	1	1	1	6146	2947	27	26	50.905628	)
5	1	856	1	1	2	6194	2924	32	50	21.550003	Ge
2	1	857	0	0	0	446	2971	192	33	-1	
3	1	857	1	0	0	446	2971	192	33	-1	
4	1	857	1	1	0	446	2971	192	33	-1	
5	1	857	1	1	1	446	2971	116	31	64.245560	1C304
5	1	857	1	1	2	597	2986	41	18	74.318863	sv
2	1	858	0	0	0	685	2986	115	10	-1	
3	1	858	1	0	0	685	2986	115	10	-1	
4	1	858	1	1	0	685	2986	115	10	-1	
5	1	858	1	1	1	685	2986	115	10	24.019348	A
2	1	859	0	0	0	2745	2984	29	23	-1	
3	1	859	1	0	0	2745	2984	29	23	-1	
4	1	859	1	1	0	2745	2984	29	23	-1	
5	1	859	1	1	1	2745	2984	29	23	68.234810	A}
2	1	860	0	0	0	1217	2976	311	55	-1	
3	1	860	1	0	0	1217	2976	311	55	-1	
4	1	860	1	1	0	1217	2976	311	55	-1	
5	1	860	1	1	1	1217	2959	267	72	0.000000	aaiosaag7
5	1	860	1	1	2	1517	3000	11	4	35.400772	©
2	1	861	0	0	0	3039	2990	78	27	-1	
3	1	861	1	0	0	3039	2990	78	27	-1	
4	1	861	1	1	0	3039	2990	78	27	-1	
5	1	861	1	1	1	3039	2990	78	27	0.000000	Neoa™
2	1	862	0	0	0	3025	3021	146	49	-1	
3	1	862	1	0	0	3025	3021	146	49	-1	
4	1	862	1	1	0	3025	3021	146	49	-1	
5	1	862	1	1	1	3025	3021	146	49	0.000000	a823
2	1	863	0	0	0	3121	2949	379	118	-1	
3	1	863	1	0	0	3121	2949	379	118	-1	
4	1	863	1	1	0	3121	2949	379	118	-1	
5	1	863	1	1	1	3086	2883	414	184	51.456253	Be,
2	1	864	0	0	0	5842	3047	224	50	-1	
3	1	864	1	0	0	5842	3047	224	50	-1	
4	1	864	1	1	0	5842	3047	224	50	-1	
5	1	864	1	1	1	5842	3047	28	50	67.737961	[8
5	1	864	1	1	2	5883	3063	139	21	95.509933	765432
5	1	864	1	1	3	6039	3065	27	31	0.000000	';
2	1	865	0	0	0	2439	3101	91	4	-1	
3	1	865	1	0	0	2439	3101	91	4	-1	
4	1	865	1	1	0	2439	3101	91	4	-1	
5	1	865	1	1	1	2439	3101	91	4	0.000000	—
2	1	866	0	0	0	3351	3106	149	4	-1	
3	1	866	1	0	0	3351	3106	149	4	-1	
4	1	866	1	1	0	3351	3106	149	4	-1	
5	1	866	1	1	1	3351	3106	149	4	14.625435	a
2	1	867	0	0	0	3526	3073	91	37	-1	
3	1	867	1	0	0	3526	3073	91	37	-1	
4	1	867	1	1	0	3526	3073	91	37	-1	
5	1	867	1	1	1	3526	3073	91	37	42.920578	—)
2	1	868	0	0	0	4970	3022	211	89	-1	
3	1	868	1	0	0	4970	3022	211	89	-1	
4	1	868	1	1	0	4970	3022	211	89	-1	
5	1	868	1	1	1	4970	3047	40	64	83.790504	&
5	1	868	1	1	2	5038	3022	143	87	14.242996	PBS
2	1	869	0	0	0	5197	3024	210	85	-1	
3	1	869	1	0	0	5197	3024	210	85	-1	
4	1	869	1	1	0	5197	3024	210	85	-1	
5	1	869	1	1	1	5197	3046	30	63	92.658257	é
5	1	869	1	1	2	5253	3024	154	76	39.990211	e2€
2	1	870	0	0	0	1087	3211	33	24	-1	
3	1	870	1	0	0	1087	3211	33	24	-1	
4	1	870	1	1	0	1087	3211	33	24	-1	
5	1	870	1	1	1	1087	3211	33	24	96.556847	52
2	1	871	0	0	0	3314	3215	63	25	-1	
3	1	871	1	0	0	3314	3215	63	25	-1	
4	1	871	1	1	0	3314	3215	63	25	-1	
5	1	871	1	1	1	3314	3215	33	25	85.569695	53
5	1	871	1	1	2	3370	3229	7	2	89.675873	-
2	1	872	0	0	0	5654	3220	127	25	-1	
3	1	872	1	0	0	5654	3220	127	25	-1	
4	1	872	1	1	0	5654	3220	127	25	-1	
5	1	872	1	1	1	5654	3233	27	3	76.941620	—
5	1	872	1	1	2	5702	3220	33	25	86.248367	54
5	1	872	1	1	3	5757	3234	24	3	86.248367	—
