level	page_num	block_num	par_num	line_num	word_num	left	top	width	height	conf	text
1	1	0	0	0	0	0	0	3518	6844	-1	
2	1	1	0	0	0	589	261	119	8	-1	
3	1	1	1	0	0	589	261	119	8	-1	
4	1	1	1	1	0	589	261	119	8	-1	
5	1	1	1	1	1	589	261	119	8	2.374718	os
2	1	2	0	0	0	588	293	120	7	-1	
3	1	2	1	0	0	588	293	120	7	-1	
4	1	2	1	1	0	588	293	120	7	-1	
5	1	2	1	1	1	588	293	120	7	11.770233	———
2	1	3	0	0	0	839	260	47	23	-1	
3	1	3	1	0	0	839	260	47	23	-1	
4	1	3	1	1	0	839	260	47	23	-1	
5	1	3	1	1	1	839	260	47	23	69.158279	fol
2	1	4	0	0	0	2838	250	95	37	-1	
3	1	4	1	0	0	2838	250	95	37	-1	
4	1	4	1	1	0	2838	250	95	37	-1	
5	1	4	1	1	1	2838	250	34	31	41.981148	-a
5	1	4	1	1	2	2886	260	47	27	28.057480	Lo
2	1	5	0	0	0	2972	261	55	23	-1	
3	1	5	1	0	0	2972	261	55	23	-1	
4	1	5	1	1	0	2972	261	55	23	-1	
5	1	5	1	1	1	2972	261	55	23	49.499165	si
2	1	6	0	0	0	839	282	95	31	-1	
3	1	6	1	0	0	839	282	95	31	-1	
4	1	6	1	1	0	839	282	95	31	-1	
5	1	6	1	1	1	839	282	95	31	12.945389	total
2	1	7	0	0	0	2509	262	256	68	-1	
3	1	7	1	0	0	2509	262	256	68	-1	
4	1	7	1	1	0	2509	262	256	68	-1	
5	1	7	1	1	1	2509	266	64	60	62.102066	ab
5	1	7	1	1	2	2595	262	62	68	42.252419	(88
5	1	7	1	1	3	2736	286	29	26	77.773537	at
2	1	8	0	0	0	2877	287	57	36	-1	
3	1	8	1	0	0	2877	287	57	36	-1	
4	1	8	1	1	0	2877	287	57	36	-1	
5	1	8	1	1	1	2877	287	57	36	69.048279	oy
2	1	9	0	0	0	764	294	23	55	-1	
3	1	9	1	0	0	764	294	23	55	-1	
4	1	9	1	1	0	764	294	23	55	-1	
5	1	9	1	1	1	764	294	23	55	56.758987	|-
2	1	10	0	0	0	840	314	118	35	-1	
3	1	10	1	0	0	840	314	118	35	-1	
4	1	10	1	1	0	840	314	118	35	-1	
5	1	10	1	1	1	840	314	118	35	9.947807	ples
2	1	11	0	0	0	851	342	34	22	-1	
3	1	11	1	0	0	851	342	34	22	-1	
4	1	11	1	1	0	851	342	34	22	-1	
5	1	11	1	1	1	851	342	34	22	37.913670	wo!
2	1	12	0	0	0	1145	232	169	122	-1	
3	1	12	1	0	0	1145	232	169	122	-1	
4	1	12	1	1	0	1145	232	169	122	-1	
5	1	12	1	1	1	1145	232	169	122	0.000000	eth
2	1	13	0	0	0	1479	340	24	17	-1	
3	1	13	1	0	0	1479	340	24	17	-1	
4	1	13	1	1	0	1479	340	24	17	-1	
5	1	13	1	1	1	1479	340	24	17	79.532654	2
2	1	14	0	0	0	1604	339	29	19	-1	
3	1	14	1	0	0	1604	339	29	19	-1	
4	1	14	1	1	0	1604	339	29	19	-1	
5	1	14	1	1	1	1604	339	29	19	53.136135	+z
2	1	15	0	0	0	2399	301	49	49	-1	
3	1	15	1	0	0	2399	301	49	49	-1	
4	1	15	1	1	0	2399	301	49	49	-1	
5	1	15	1	1	1	2399	301	49	49	47.107773	on
2	1	16	0	0	0	2655	341	57	21	-1	
3	1	16	1	0	0	2655	341	57	21	-1	
4	1	16	1	1	0	2655	341	57	21	-1	
5	1	16	1	1	1	2655	348	12	14	89.199585	»
5	1	16	1	1	2	2685	341	27	21	28.045288	1/2
2	1	17	0	0	0	3059	310	34	26	-1	
3	1	17	1	0	0	3059	310	34	26	-1	
4	1	17	1	1	0	3059	310	34	26	-1	
5	1	17	1	1	1	3059	310	34	26	43.705101	a!
2	1	18	0	0	0	839	354	67	39	-1	
3	1	18	1	0	0	839	354	67	39	-1	
4	1	18	1	1	0	839	354	67	39	-1	
5	1	18	1	1	1	839	354	30	39	42.521267	boo
5	1	18	1	1	2	880	371	4	18	11.389511	1
5	1	18	1	1	3	893	366	13	15	0.000000	#
2	1	19	0	0	0	1730	346	33	46	-1	
3	1	19	1	0	0	1730	346	33	46	-1	
4	1	19	1	1	0	1730	346	33	46	-1	
5	1	19	1	1	1	1730	346	33	46	60.399887	Ig
2	1	20	0	0	0	2333	343	32	24	-1	
3	1	20	1	0	0	2333	343	32	24	-1	
4	1	20	1	1	0	2333	343	32	24	-1	
5	1	20	1	1	1	2333	343	32	24	80.354622	1?
2	1	21	0	0	0	3059	344	33	26	-1	
3	1	21	1	0	0	3059	344	33	26	-1	
4	1	21	1	1	0	3059	344	33	26	-1	
5	1	21	1	1	1	3059	344	33	26	65.747482	~|
2	1	22	0	0	0	839	393	30	28	-1	
3	1	22	1	0	0	839	393	30	28	-1	
4	1	22	1	1	0	839	393	30	28	-1	
5	1	22	1	1	1	839	393	30	28	0.000000	ce
2	1	23	0	0	0	2350	389	15	10	-1	
3	1	23	1	0	0	2350	389	15	10	-1	
4	1	23	1	1	0	2350	389	15	10	-1	
5	1	23	1	1	1	2350	389	15	10	26.522591	a
2	1	24	0	0	0	2460	410	17	11	-1	
3	1	24	1	0	0	2460	410	17	11	-1	
4	1	24	1	1	0	2460	410	17	11	-1	
5	1	24	1	1	1	2460	410	17	11	20.261726	oO
2	1	25	0	0	0	2599	341	53	58	-1	
3	1	25	1	0	0	2599	341	53	58	-1	
4	1	25	1	1	0	2599	341	53	58	-1	
5	1	25	1	1	1	2599	341	53	58	0.000000	¥4
2	1	26	0	0	0	2655	363	110	45	-1	
3	1	26	1	0	0	2655	363	110	45	-1	
4	1	26	1	1	0	2655	363	110	45	-1	
5	1	26	1	1	1	2655	363	52	35	46.788780	fe
5	1	26	1	1	2	2742	380	23	28	0.000000	f
2	1	27	0	0	0	1450	405	183	63	-1	
3	1	27	1	0	0	1450	405	183	63	-1	
4	1	27	1	1	0	1450	405	183	63	-1	
5	1	27	1	1	1	1450	405	61	35	11.335411	NVA
5	1	27	1	1	2	1573	409	60	59	29.131111	meas
2	1	28	0	0	0	1699	415	26	17	-1	
3	1	28	1	0	0	1699	415	26	17	-1	
4	1	28	1	1	0	1699	415	26	17	-1	
5	1	28	1	1	1	1699	415	26	17	42.123638	NM
2	1	29	0	0	0	2142	342	136	88	-1	
3	1	29	1	0	0	2142	342	136	88	-1	
4	1	29	1	1	0	2142	342	136	88	-1	
5	1	29	1	1	1	2142	342	136	88	46.636017	|
2	1	30	0	0	0	2335	422	32	12	-1	
3	1	30	1	0	0	2335	422	32	12	-1	
4	1	30	1	1	0	2335	422	32	12	-1	
5	1	30	1	1	1	2335	422	32	12	74.415649	ve
2	1	31	0	0	0	2588	422	72	25	-1	
3	1	31	1	0	0	2588	422	72	25	-1	
4	1	31	1	1	0	2588	422	72	25	-1	
5	1	31	1	1	1	2588	422	72	25	40.005470	oo
2	1	32	0	0	0	2737	412	28	25	-1	
3	1	32	1	0	0	2737	412	28	25	-1	
4	1	32	1	1	0	2737	412	28	25	-1	
5	1	32	1	1	1	2737	412	28	25	36.211937	oT
2	1	33	0	0	0	2852	408	23	18	-1	
3	1	33	1	0	0	2852	408	23	18	-1	
4	1	33	1	1	0	2852	408	23	18	-1	
5	1	33	1	1	1	2852	408	23	18	64.834930	te.
2	1	34	0	0	0	3027	415	17	13	-1	
3	1	34	1	0	0	3027	415	17	13	-1	
4	1	34	1	1	0	3027	415	17	13	-1	
5	1	34	1	1	1	3027	415	17	13	72.371834	9
2	1	35	0	0	0	3060	412	45	29	-1	
3	1	35	1	0	0	3060	412	45	29	-1	
4	1	35	1	1	0	3060	412	45	29	-1	
5	1	35	1	1	1	3060	412	45	29	59.984585	lz
2	1	36	0	0	0	2590	456	70	13	-1	
3	1	36	1	0	0	2590	456	70	13	-1	
4	1	36	1	1	0	2590	456	70	13	-1	
5	1	36	1	1	1	2590	449	27	28	48.898235	vo
5	1	36	1	1	2	2637	456	23	8	71.020645	=
2	1	37	0	0	0	3059	449	33	25	-1	
3	1	37	1	0	0	3059	449	33	25	-1	
4	1	37	1	1	0	3059	449	33	25	-1	
5	1	37	1	1	1	3059	449	33	25	1.114723	|
2	1	38	0	0	0	1184	495	74	7	-1	
3	1	38	1	0	0	1184	495	74	7	-1	
4	1	38	1	1	0	1184	495	74	7	-1	
5	1	38	1	1	1	1184	495	74	7	59.367580	—
2	1	39	0	0	0	1185	464	49	28	-1	
3	1	39	1	0	0	1185	464	49	28	-1	
4	1	39	1	1	0	1185	464	49	28	-1	
5	1	39	1	1	1	1185	464	49	28	84.362740	Wy
2	1	40	0	0	0	1467	452	122	52	-1	
3	1	40	1	0	0	1467	452	122	52	-1	
4	1	40	1	1	0	1467	452	122	52	-1	
5	1	40	1	1	1	1467	452	122	52	0.000000	Leyes
2	1	41	0	0	0	1746	471	41	27	-1	
3	1	41	1	0	0	1746	471	41	27	-1	
4	1	41	1	1	0	1746	471	41	27	-1	
5	1	41	1	1	1	1746	471	41	27	52.467407	ts
2	1	42	0	0	0	2090	457	60	40	-1	
3	1	42	1	0	0	2090	457	60	40	-1	
4	1	42	1	1	0	2090	457	60	40	-1	
5	1	42	1	1	1	2090	457	6	39	77.801506	|
5	1	42	1	1	2	2127	459	23	38	60.868538	|
2	1	43	0	0	0	2221	464	30	26	-1	
3	1	43	1	0	0	2221	464	30	26	-1	
4	1	43	1	1	0	2221	464	30	26	-1	
5	1	43	1	1	1	2221	464	30	26	77.452774	12
2	1	44	0	0	0	2283	468	28	27	-1	
3	1	44	1	0	0	2283	468	28	27	-1	
4	1	44	1	1	0	2283	468	28	27	-1	
5	1	44	1	1	1	2283	468	28	27	61.453659	1?
2	1	45	0	0	0	2331	465	60	30	-1	
3	1	45	1	0	0	2331	465	60	30	-1	
4	1	45	1	1	0	2331	465	60	30	-1	
5	1	45	1	1	1	2331	465	60	30	34.942589	et
2	1	46	0	0	0	2396	486	36	21	-1	
3	1	46	1	0	0	2396	486	36	21	-1	
4	1	46	1	1	0	2396	486	36	21	-1	
5	1	46	1	1	1	2396	497	4	8	4.110718	i
2	1	47	0	0	0	2407	467	50	19	-1	
3	1	47	1	0	0	2407	467	50	19	-1	
4	1	47	1	1	0	2407	467	50	19	-1	
5	1	47	1	1	1	2407	467	50	19	0.000000	Yuh
2	1	48	0	0	0	1464	493	102	33	-1	
3	1	48	1	0	0	1464	493	102	33	-1	
4	1	48	1	1	0	1464	493	102	33	-1	
5	1	48	1	1	1	1464	493	102	33	0.000000	Tos
2	1	49	0	0	0	1574	470	66	56	-1	
3	1	49	1	0	0	1574	470	66	56	-1	
4	1	49	1	1	0	1574	470	66	56	-1	
5	1	49	1	1	1	1574	454	66	72	13.686768	sf
2	1	50	0	0	0	1913	471	139	60	-1	
3	1	50	1	0	0	1913	471	139	60	-1	
4	1	50	1	1	0	1913	471	139	60	-1	
5	1	50	1	1	1	1913	471	45	28	27.654175	me
5	1	50	1	1	2	2002	472	50	59	37.935516	Ck
2	1	51	0	0	0	2091	499	67	26	-1	
3	1	51	1	0	0	2091	499	67	26	-1	
4	1	51	1	1	0	2091	499	67	26	-1	
5	1	51	1	1	1	2091	502	24	23	52.921860	ju
5	1	51	1	1	2	2129	499	29	17	73.055466	bo
2	1	52	0	0	0	2194	503	57	23	-1	
3	1	52	1	0	0	2194	503	57	23	-1	
4	1	52	1	1	0	2194	503	57	23	-1	
5	1	52	1	1	1	2194	503	57	23	63.275284	ala
2	1	53	0	0	0	2284	512	28	17	-1	
3	1	53	1	0	0	2284	512	28	17	-1	
4	1	53	1	1	0	2284	512	28	17	-1	
5	1	53	1	1	1	2284	512	28	17	78.344772	w
2	1	54	0	0	0	2528	458	40	69	-1	
3	1	54	1	0	0	2528	458	40	69	-1	
4	1	54	1	1	0	2528	458	40	69	-1	
5	1	54	1	1	1	2528	458	40	69	54.956024	fe’
2	1	55	0	0	0	2767	511	69	27	-1	
3	1	55	1	0	0	2767	511	69	27	-1	
4	1	55	1	1	0	2767	511	69	27	-1	
5	1	55	1	1	1	2767	528	14	10	0.000000	~
5	1	55	1	1	2	2794	511	42	25	53.055019	To
2	1	56	0	0	0	2801	485	100	32	-1	
3	1	56	1	0	0	2801	485	100	32	-1	
4	1	56	1	1	0	2801	485	100	32	-1	
5	1	56	1	1	1	2801	487	57	7	26.018761	=
5	1	56	1	1	2	2874	485	27	32	32.945259	a
2	1	57	0	0	0	2988	489	39	29	-1	
3	1	57	1	0	0	2988	489	39	29	-1	
4	1	57	1	1	0	2988	489	39	29	-1	
5	1	57	1	1	1	2988	489	39	29	59.440727	us
2	1	58	0	0	0	3047	519	45	11	-1	
3	1	58	1	0	0	3047	519	45	11	-1	
4	1	58	1	1	0	3047	519	45	11	-1	
5	1	58	1	1	1	3047	519	45	11	20.693077	—)
2	1	59	0	0	0	1417	561	8	5	-1	
3	1	59	1	0	0	1417	561	8	5	-1	
4	1	59	1	1	0	1417	561	8	5	-1	
5	1	59	1	1	1	1417	561	8	5	37.531235	-
2	1	60	0	0	0	1418	537	10	10	-1	
3	1	60	1	0	0	1418	537	10	10	-1	
4	1	60	1	1	0	1418	537	10	10	-1	
5	1	60	1	1	1	1418	537	10	10	33.372597	1
2	1	61	0	0	0	1990	534	29	19	-1	
3	1	61	1	0	0	1990	534	29	19	-1	
4	1	61	1	1	0	1990	534	29	19	-1	
5	1	61	1	1	1	1990	534	29	19	0.000000	—@
2	1	62	0	0	0	3056	562	31	11	-1	
3	1	62	1	0	0	3056	562	31	11	-1	
4	1	62	1	1	0	3056	562	31	11	-1	
5	1	62	1	1	1	3056	562	31	11	24.002525	ral
2	1	63	0	0	0	1098	555	41	24	-1	
3	1	63	1	0	0	1098	555	41	24	-1	
4	1	63	1	1	0	1098	555	41	24	-1	
5	1	63	1	1	1	1098	555	41	24	0.000000	Va
2	1	64	0	0	0	1375	565	17	13	-1	
3	1	64	1	0	0	1375	565	17	13	-1	
4	1	64	1	1	0	1375	565	17	13	-1	
5	1	64	1	1	1	1375	565	17	13	28.386536	wo
2	1	65	0	0	0	1603	584	56	5	-1	
3	1	65	1	0	0	1603	584	56	5	-1	
4	1	65	1	1	0	1603	584	56	5	-1	
5	1	65	1	1	1	1603	584	56	5	30.162361	----
2	1	66	0	0	0	2177	564	65	40	-1	
3	1	66	1	0	0	2177	564	65	40	-1	
4	1	66	1	1	0	2177	564	65	40	-1	
5	1	66	1	1	1	2177	573	11	12	92.338615	»
5	1	66	1	1	2	2215	564	27	40	49.011261	|?
2	1	67	0	0	0	2339	572	56	22	-1	
3	1	67	1	0	0	2339	572	56	22	-1	
4	1	67	1	1	0	2339	572	56	22	-1	
5	1	67	1	1	1	2339	572	56	22	33.698578	nib
2	1	68	0	0	0	2729	566	42	15	-1	
3	1	68	1	0	0	2729	566	42	15	-1	
4	1	68	1	1	0	2729	566	42	15	-1	
5	1	68	1	1	1	2729	566	42	15	33.740898	ane
2	1	69	0	0	0	3070	577	17	12	-1	
3	1	69	1	0	0	3070	577	17	12	-1	
4	1	69	1	1	0	3070	577	17	12	-1	
5	1	69	1	1	1	3070	577	17	12	14.233444	i)
2	1	70	0	0	0	1093	512	128	189	-1	
3	1	70	1	0	0	1093	512	131	189	-1	
4	1	70	1	1	0	1093	512	128	189	-1	
5	1	70	1	1	1	1093	512	128	189	44.640583	hi
2	1	71	0	0	0	1493	610	38	19	-1	
3	1	71	1	0	0	1493	610	38	19	-1	
4	1	71	1	1	0	1493	610	38	19	-1	
5	1	71	1	1	1	1493	610	38	19	44.277760	xX
2	1	72	0	0	0	2176	593	66	40	-1	
3	1	72	1	0	0	2176	593	66	40	-1	
4	1	72	1	1	0	2176	593	66	40	-1	
5	1	72	1	1	1	2176	603	18	30	58.892422	4
5	1	72	1	1	2	2214	593	28	31	91.068077	lo
2	1	73	0	0	0	2308	616	118	7	-1	
3	1	73	1	0	0	2308	616	118	7	-1	
4	1	73	1	1	0	2308	616	118	7	-1	
5	1	73	1	1	1	2308	616	118	7	15.373756	—_—*
5	1	73	1	1	2	2399	604	31	28	56.060566	—
2	1	74	0	0	0	2784	567	52	46	-1	
3	1	74	1	0	0	2784	567	52	46	-1	
4	1	74	1	1	0	2784	567	52	46	-1	
5	1	74	1	1	1	2784	567	52	46	24.732513	ae
2	1	75	0	0	0	2875	598	29	14	-1	
3	1	75	1	0	0	2875	598	29	14	-1	
4	1	75	1	1	0	2875	598	29	14	-1	
5	1	75	1	1	1	2875	598	29	14	81.982285	i>
2	1	76	0	0	0	2986	519	60	110	-1	
3	1	76	1	0	0	2986	519	60	110	-1	
4	1	76	1	1	0	2986	519	60	110	-1	
5	1	76	1	1	1	2986	519	60	110	12.743225	i
2	1	77	0	0	0	717	599	175	48	-1	
3	1	77	1	0	0	717	599	175	48	-1	
4	1	77	1	1	0	717	599	175	48	-1	
5	1	77	1	1	1	717	604	18	43	96.565910	2
5	1	77	1	1	2	765	599	64	38	33.061028	yn
5	1	77	1	1	3	853	599	39	38	12.094009	Ss
2	1	78	0	0	0	984	625	124	79	-1	
3	1	78	1	0	0	984	625	124	79	-1	
4	1	78	1	1	0	984	625	124	79	-1	
5	1	78	1	1	1	984	625	124	79	20.955780	ane
2	1	79	0	0	0	1883	620	55	17	-1	
3	1	79	1	0	0	1883	620	55	17	-1	
4	1	79	1	1	0	1883	620	55	17	-1	
5	1	79	1	1	1	1883	620	55	17	69.258507	ci55
2	1	80	0	0	0	2371	649	30	4	-1	
3	1	80	1	0	0	2371	649	30	4	-1	
4	1	80	1	1	0	2371	649	30	4	-1	
5	1	80	1	1	1	2371	649	30	4	24.889229	-_
2	1	81	0	0	0	2468	560	153	76	-1	
3	1	81	1	0	0	2468	560	153	76	-1	
4	1	81	1	1	0	2468	560	153	76	-1	
5	1	81	1	1	1	2468	560	153	76	10.862007	G=algi
2	1	82	0	0	0	2651	578	110	65	-1	
3	1	82	1	0	0	2651	578	110	65	-1	
4	1	82	1	1	0	2651	578	110	65	-1	
5	1	82	1	1	1	2651	578	110	65	27.645805	fre
2	1	83	0	0	0	2794	616	42	30	-1	
3	1	83	1	0	0	2794	616	42	30	-1	
4	1	83	1	1	0	2794	616	42	30	-1	
5	1	83	1	1	1	2794	616	42	30	7.734161	Ir
2	1	84	0	0	0	2948	625	138	33	-1	
3	1	84	1	0	0	2948	625	138	33	-1	
4	1	84	1	1	0	2948	625	138	33	-1	
5	1	84	1	1	1	2948	626	10	3	46.409012	a
5	1	84	1	1	2	3016	625	70	33	30.589890	ar
2	1	85	0	0	0	542	662	204	26	-1	
3	1	85	1	0	0	542	662	204	26	-1	
4	1	85	1	1	0	542	662	204	26	-1	
5	1	85	1	1	1	538	657	48	44	27.238838	——
5	1	85	1	1	2	604	662	142	26	10.378265	531
2	1	86	0	0	0	1657	642	91	40	-1	
3	1	86	1	0	0	1657	642	91	40	-1	
4	1	86	1	1	0	1657	642	91	40	-1	
5	1	86	1	1	1	1657	642	20	40	0.000000	}-
5	1	86	1	1	2	1690	642	58	40	0.000000	2,4
2	1	87	0	0	0	1757	664	38	26	-1	
3	1	87	1	0	0	1757	664	38	26	-1	
4	1	87	1	1	0	1757	664	38	26	-1	
5	1	87	1	1	1	1757	664	38	26	61.696899	1°
2	1	88	0	0	0	1903	644	104	23	-1	
3	1	88	1	0	0	1903	644	104	23	-1	
4	1	88	1	1	0	1903	644	104	23	-1	
5	1	88	1	1	1	1903	644	104	23	26.984665	+S
2	1	89	0	0	0	2019	672	33	22	-1	
3	1	89	1	0	0	2019	672	33	22	-1	
4	1	89	1	1	0	2019	672	33	22	-1	
5	1	89	1	1	1	2019	672	33	22	41.271408	oY
2	1	90	0	0	0	2710	645	125	25	-1	
3	1	90	1	0	0	2710	645	125	25	-1	
4	1	90	1	1	0	2710	645	125	25	-1	
5	1	90	1	1	1	2710	645	51	23	48.463646	vob?
5	1	90	1	1	2	2793	648	42	22	20.074371	|i}
2	1	91	0	0	0	3022	656	39	23	-1	
3	1	91	1	0	0	3022	656	39	23	-1	
4	1	91	1	1	0	3022	656	39	23	-1	
5	1	91	1	1	1	3022	656	39	23	46.401440	Ti
2	1	92	0	0	0	984	649	78	94	-1	
3	1	92	1	0	0	984	649	78	94	-1	
4	1	92	1	1	0	984	649	78	94	-1	
5	1	92	1	1	1	984	649	78	94	47.468754	rt
2	1	93	0	0	0	1353	694	38	18	-1	
3	1	93	1	0	0	1353	694	38	18	-1	
4	1	93	1	1	0	1353	694	38	18	-1	
5	1	93	1	1	1	1353	694	38	18	60.256332	on
2	1	94	0	0	0	1516	696	53	5	-1	
3	1	94	1	0	0	1516	696	53	5	-1	
4	1	94	1	1	0	1516	696	53	5	-1	
5	1	94	1	1	1	1516	696	53	5	5.073868	os
2	1	95	0	0	0	2266	691	57	6	-1	
3	1	95	1	0	0	2266	691	57	6	-1	
4	1	95	1	1	0	2266	691	57	6	-1	
5	1	95	1	1	1	2266	691	57	6	25.128624	~—
2	1	96	0	0	0	2412	697	45	26	-1	
3	1	96	1	0	0	2412	697	45	26	-1	
4	1	96	1	1	0	2412	697	45	26	-1	
5	1	96	1	1	1	2412	697	45	26	63.536694	Le
2	1	97	0	0	0	2561	686	61	18	-1	
3	1	97	1	0	0	2561	686	61	18	-1	
4	1	97	1	1	0	2561	686	61	18	-1	
5	1	97	1	1	1	2561	686	61	18	94.462936	R437
2	1	98	0	0	0	3015	685	46	21	-1	
3	1	98	1	0	0	3015	685	46	21	-1	
4	1	98	1	1	0	3015	685	46	21	-1	
5	1	98	1	1	1	3015	685	46	21	50.149139	wd
2	1	99	0	0	0	1046	657	62	86	-1	
3	1	99	1	0	0	1046	657	62	86	-1	
4	1	99	1	1	0	1046	657	62	86	-1	
5	1	99	1	1	1	1046	723	5	20	0.000000	'
5	1	99	1	1	2	1072	657	36	85	11.144623	a
2	1	100	0	0	0	1316	677	19	70	-1	
3	1	100	1	0	0	1316	677	19	70	-1	
4	1	100	1	1	0	1316	677	19	70	-1	
5	1	100	1	1	1	1316	677	19	70	0.000000	,
2	1	101	0	0	0	1353	709	139	18	-1	
3	1	101	1	0	0	1353	709	139	18	-1	
4	1	101	1	1	0	1353	709	139	18	-1	
5	1	101	1	1	1	1353	705	18	26	54.704777	we
5	1	101	1	1	2	1377	709	115	18	2.353989	Pwn—u
2	1	102	0	0	0	1648	686	70	53	-1	
3	1	102	1	0	0	1648	686	70	53	-1	
4	1	102	1	1	0	1648	686	70	53	-1	
5	1	102	1	1	1	1648	686	70	53	9.917999	aha)
2	1	103	0	0	0	1858	659	157	73	-1	
3	1	103	1	0	0	1858	659	157	73	-1	
4	1	103	1	1	0	1858	659	157	73	-1	
5	1	103	1	1	1	1858	652	79	80	53.147358	kur
5	1	103	1	1	2	2001	701	14	26	58.409187	4
2	1	104	0	0	0	2183	711	43	43	-1	
3	1	104	1	0	0	2183	711	43	43	-1	
4	1	104	1	1	0	2183	711	43	43	-1	
5	1	104	1	1	1	2183	711	43	43	49.991905	.|
2	1	105	0	0	0	2353	738	28	15	-1	
3	1	105	1	0	0	2353	738	28	15	-1	
4	1	105	1	1	0	2353	738	28	15	-1	
5	1	105	1	1	1	2353	738	28	15	69.460663	1D
2	1	106	0	0	0	2647	721	62	17	-1	
3	1	106	1	0	0	2647	721	62	17	-1	
4	1	106	1	1	0	2647	721	62	17	-1	
5	1	106	1	1	1	2647	721	62	17	81.081390	R426
2	1	107	0	0	0	2883	667	108	60	-1	
3	1	107	1	0	0	2883	667	108	60	-1	
4	1	107	1	1	0	2883	667	108	60	-1	
5	1	107	1	1	1	2883	667	108	60	26.249268	LM:
2	1	108	0	0	0	522	681	140	86	-1	
3	1	108	1	0	0	522	681	140	86	-1	
4	1	108	1	1	0	522	681	140	86	-1	
5	1	108	1	1	1	522	681	140	86	28.466614	[-—+-
2	1	109	0	0	0	882	731	25	26	-1	
3	1	109	1	0	0	882	731	25	26	-1	
4	1	109	1	1	0	882	731	25	26	-1	
5	1	109	1	1	1	882	731	25	26	70.646866	a
2	1	110	0	0	0	1796	736	142	42	-1	
3	1	110	1	0	0	1796	736	142	42	-1	
4	1	110	1	1	0	1796	736	142	42	-1	
5	1	110	1	1	1	1796	736	142	42	23.815796	tae
2	1	111	0	0	0	1806	771	83	12	-1	
3	1	111	1	0	0	1806	771	83	12	-1	
4	1	111	1	1	0	1806	771	83	12	-1	
5	1	111	1	1	1	1806	771	83	12	23.375786	—.
5	1	111	1	1	2	1869	762	24	28	10.401070	_.
2	1	112	0	0	0	2096	734	65	31	-1	
3	1	112	1	0	0	2096	734	65	31	-1	
4	1	112	1	1	0	2096	734	65	31	-1	
5	1	112	1	1	1	2096	734	65	31	48.320812	On
2	1	113	0	0	0	2411	727	96	45	-1	
3	1	113	1	0	0	2411	727	96	45	-1	
4	1	113	1	1	0	2411	727	96	45	-1	
5	1	113	1	1	1	2411	727	96	45	47.317589	Toyo
2	1	114	0	0	0	2646	758	66	18	-1	
3	1	114	1	0	0	2646	758	66	18	-1	
4	1	114	1	1	0	2646	758	66	18	-1	
5	1	114	1	1	1	2646	758	66	18	91.678398	R438
2	1	115	0	0	0	2883	744	37	23	-1	
3	1	115	1	0	0	2883	744	37	23	-1	
4	1	115	1	1	0	2883	744	37	23	-1	
5	1	115	1	1	1	2883	744	37	23	25.748077	T*
2	1	116	0	0	0	522	766	38	36	-1	
3	1	116	1	0	0	522	766	38	36	-1	
4	1	116	1	1	0	522	766	38	36	-1	
5	1	116	1	1	1	522	766	38	36	53.280529	ba
2	1	117	0	0	0	1140	788	93	4	-1	
3	1	117	1	0	0	1140	788	93	4	-1	
4	1	117	1	1	0	1140	788	93	4	-1	
5	1	117	1	1	1	1140	788	93	4	32.658806	—
2	1	118	0	0	0	2074	768	152	35	-1	
3	1	118	1	0	0	2074	768	152	35	-1	
4	1	118	1	1	0	2074	768	152	35	-1	
5	1	118	1	1	1	2074	768	87	28	33.274384	RO!
5	1	118	1	1	2	2185	780	14	14	29.243347	a
5	1	118	1	1	3	2222	769	4	34	92.102417	|
2	1	119	0	0	0	2352	763	30	33	-1	
3	1	119	1	0	0	2352	763	30	33	-1	
4	1	119	1	1	0	2352	763	30	33	-1	
5	1	119	1	1	1	2352	763	30	33	0.000000	1<
2	1	120	0	0	0	2463	768	44	28	-1	
3	1	120	1	0	0	2463	768	44	28	-1	
4	1	120	1	1	0	2463	768	44	28	-1	
5	1	120	1	1	1	2463	768	44	28	53.437469	Te
2	1	121	0	0	0	637	785	187	35	-1	
3	1	121	1	0	0	637	785	187	35	-1	
4	1	121	1	1	0	637	785	187	35	-1	
5	1	121	1	1	1	637	785	187	35	9.538048	(ear
2	1	122	0	0	0	1242	818	15	19	-1	
3	1	122	1	0	0	1242	818	15	19	-1	
4	1	122	1	1	0	1242	818	15	19	-1	
5	1	122	1	1	1	1242	818	15	19	28.524643	a
2	1	123	0	0	0	2537	794	45	23	-1	
3	1	123	1	0	0	2537	794	45	23	-1	
4	1	123	1	1	0	2537	794	45	23	-1	
5	1	123	1	1	1	2546	794	36	23	31.563622	ee
5	1	123	1	1	2	2578	790	7	39	63.489155	|
2	1	124	0	0	0	2296	814	30	39	-1	
3	1	124	1	0	0	2296	814	30	39	-1	
4	1	124	1	1	0	2296	814	30	39	-1	
5	1	124	1	1	1	2296	814	30	39	51.278172	|e
2	1	125	0	0	0	2351	840	72	36	-1	
3	1	125	1	0	0	2351	840	72	36	-1	
4	1	125	1	1	0	2351	840	72	36	-1	
5	1	125	1	1	1	2351	840	72	36	44.355759	Lo}?
2	1	126	0	0	0	2464	861	17	12	-1	
3	1	126	1	0	0	2464	861	17	12	-1	
4	1	126	1	1	0	2464	861	17	12	-1	
5	1	126	1	1	1	2464	861	17	12	64.920486	o
2	1	127	0	0	0	2536	825	46	22	-1	
3	1	127	1	0	0	2536	825	46	22	-1	
4	1	127	1	1	0	2536	825	46	22	-1	
5	1	127	1	1	1	2536	825	46	22	47.899895	trol
2	1	128	0	0	0	2939	829	35	16	-1	
3	1	128	1	0	0	2939	829	35	16	-1	
4	1	128	1	1	0	2939	829	35	16	-1	
5	1	128	1	1	1	2939	829	35	16	59.987450	a)
2	1	129	0	0	0	1371	799	135	165	-1	
3	1	129	1	0	0	1371	799	135	165	-1	
4	1	129	1	1	0	1371	799	135	165	-1	
5	1	129	1	1	1	1371	799	12	60	49.342632	|
5	1	129	1	1	2	1415	830	91	134	46.648132	Be
2	1	130	0	0	0	1402	896	113	28	-1	
3	1	130	1	0	0	1402	896	113	28	-1	
4	1	130	1	1	0	1402	896	113	28	-1	
5	1	130	1	1	1	1402	896	113	28	0.000000	——-
2	1	131	0	0	0	1663	826	176	72	-1	
3	1	131	1	0	0	1663	826	176	72	-1	
4	1	131	1	1	0	1663	826	176	72	-1	
5	1	131	1	1	1	1663	826	65	72	69.022614	43)
5	1	131	1	1	2	1760	833	79	57	26.434509	[A
2	1	132	0	0	0	2343	880	47	24	-1	
3	1	132	1	0	0	2343	880	47	24	-1	
4	1	132	1	1	0	2343	880	47	24	-1	
5	1	132	1	1	1	2343	880	47	24	96.303215	To
2	1	133	0	0	0	2537	859	68	26	-1	
3	1	133	1	0	0	2537	859	68	26	-1	
4	1	133	1	1	0	2537	859	68	26	-1	
5	1	133	1	1	1	2537	859	68	26	0.000000	I“lo
2	1	134	0	0	0	2553	878	52	18	-1	
3	1	134	1	0	0	2553	878	52	18	-1	
4	1	134	1	1	0	2553	878	52	18	-1	
5	1	134	1	1	1	2553	881	17	15	56.425823	a
5	1	134	1	1	2	2589	878	16	15	55.509285	2
2	1	135	0	0	0	2673	867	62	24	-1	
3	1	135	1	0	0	2673	867	62	24	-1	
4	1	135	1	1	0	2673	867	62	24	-1	
5	1	135	1	1	1	2673	867	62	24	0.000000	a34
2	1	136	0	0	0	682	862	25	56	-1	
3	1	136	1	0	0	682	862	25	56	-1	
4	1	136	1	1	0	682	862	25	56	-1	
5	1	136	1	1	1	682	862	25	56	4.779655	k
2	1	137	0	0	0	2126	905	33	15	-1	
3	1	137	1	0	0	2126	905	33	15	-1	
4	1	137	1	1	0	2126	905	33	15	-1	
5	1	137	1	1	1	2126	905	33	15	39.500904	Ka
2	1	138	0	0	0	2209	890	14	35	-1	
3	1	138	1	0	0	2209	890	14	35	-1	
4	1	138	1	1	0	2209	890	14	35	-1	
5	1	138	1	1	1	2209	890	14	35	41.418934	\.
2	1	139	0	0	0	2243	906	40	18	-1	
3	1	139	1	0	0	2243	906	40	18	-1	
4	1	139	1	1	0	2243	906	40	18	-1	
5	1	139	1	1	1	2243	906	40	18	0.000000	Sod
2	1	140	0	0	0	2536	892	71	31	-1	
3	1	140	1	0	0	2536	892	71	31	-1	
4	1	140	1	1	0	2536	892	71	31	-1	
5	1	140	1	1	1	2536	892	71	31	86.868454	bald
2	1	141	0	0	0	2657	910	44	21	-1	
3	1	141	1	0	0	2657	910	44	21	-1	
4	1	141	1	1	0	2657	910	44	21	-1	
5	1	141	1	1	1	2657	910	44	21	60.823326	ry
2	1	142	0	0	0	2753	918	16	12	-1	
3	1	142	1	0	0	2753	918	16	12	-1	
4	1	142	1	1	0	2753	918	16	12	-1	
5	1	142	1	1	1	2753	918	16	12	76.184509	o
2	1	143	0	0	0	2925	848	145	76	-1	
3	1	143	1	0	0	2925	848	145	76	-1	
4	1	143	1	1	0	2925	848	145	76	-1	
5	1	143	1	1	1	2925	861	26	26	19.755402	7
5	1	143	1	1	2	2978	848	92	76	25.212814	$3
2	1	144	0	0	0	523	935	91	21	-1	
3	1	144	1	0	0	523	935	91	21	-1	
4	1	144	1	1	0	523	935	91	21	-1	
5	1	144	1	1	1	523	935	91	21	10.775948	i
2	1	145	0	0	0	842	947	49	13	-1	
3	1	145	1	0	0	842	947	49	13	-1	
4	1	145	1	1	0	842	947	49	13	-1	
5	1	145	1	1	1	842	947	49	13	0.000000	IO
2	1	146	0	0	0	2553	928	46	18	-1	
3	1	146	1	0	0	2553	928	46	18	-1	
4	1	146	1	1	0	2553	928	46	18	-1	
5	1	146	1	1	1	2553	928	46	18	55.336781	al’
2	1	147	0	0	0	2704	916	42	29	-1	
3	1	147	1	0	0	2704	916	42	29	-1	
4	1	147	1	1	0	2704	916	42	29	-1	
5	1	147	1	1	1	2704	937	6	8	45.600807	»
5	1	147	1	1	2	2727	916	19	27	12.989639	ib
2	1	148	0	0	0	547	967	125	6	-1	
3	1	148	1	0	0	547	967	125	6	-1	
4	1	148	1	1	0	547	967	125	6	-1	
5	1	148	1	1	1	547	967	125	6	14.038528	Preeti
2	1	149	0	0	0	970	973	37	16	-1	
3	1	149	1	0	0	970	973	37	16	-1	
4	1	149	1	1	0	970	973	37	16	-1	
5	1	149	1	1	1	970	973	37	16	5.582466	my
2	1	150	0	0	0	1387	957	44	29	-1	
3	1	150	1	0	0	1387	957	44	29	-1	
4	1	150	1	1	0	1387	957	44	29	-1	
5	1	150	1	1	1	1387	957	44	29	12.449493	%-D
2	1	151	0	0	0	1612	827	252	143	-1	
3	1	151	1	0	0	1612	827	252	143	-1	
4	1	151	1	1	0	1612	827	252	143	-1	
5	1	151	1	1	1	1612	827	252	143	26.993477	EAE
2	1	152	0	0	0	1844	947	21	24	-1	
3	1	152	1	0	0	1844	947	21	24	-1	
4	1	152	1	1	0	1844	947	21	24	-1	
5	1	152	1	1	1	1844	932	21	39	46.049797	A
2	1	153	0	0	0	2126	973	33	16	-1	
3	1	153	1	0	0	2126	973	33	16	-1	
4	1	153	1	1	0	2126	973	33	16	-1	
5	1	153	1	1	1	2126	973	33	16	66.797096	Cie
2	1	154	0	0	0	2562	956	20	15	-1	
3	1	154	1	0	0	2562	956	20	15	-1	
4	1	154	1	1	0	2562	956	20	15	-1	
5	1	154	1	1	1	2562	956	20	15	51.216820	at
2	1	155	0	0	0	2658	947	23	26	-1	
3	1	155	1	0	0	2658	947	23	26	-1	
4	1	155	1	1	0	2658	947	23	26	-1	
5	1	155	1	1	1	2658	947	23	26	65.472961	We
2	1	156	0	0	0	2722	957	48	22	-1	
3	1	156	1	0	0	2722	957	48	22	-1	
4	1	156	1	1	0	2722	957	48	22	-1	
5	1	156	1	1	1	2722	957	48	22	31.529869	Hon
2	1	157	0	0	0	551	985	44	23	-1	
3	1	157	1	0	0	551	985	44	23	-1	
4	1	157	1	1	0	551	985	44	23	-1	
5	1	157	1	1	1	551	985	44	23	52.475033	fot
2	1	158	0	0	0	930	1003	18	9	-1	
3	1	158	1	0	0	930	1003	18	9	-1	
4	1	158	1	1	0	930	1003	18	9	-1	
5	1	158	1	1	1	930	1003	18	9	32.977890	or
2	1	159	0	0	0	970	991	37	13	-1	
3	1	159	1	0	0	970	991	37	13	-1	
4	1	159	1	1	0	970	991	37	13	-1	
5	1	159	1	1	1	970	991	37	13	24.854912	o
5	1	159	1	1	2	996	982	15	28	53.729706	|
2	1	160	0	0	0	1680	978	44	24	-1	
3	1	160	1	0	0	1680	978	44	24	-1	
4	1	160	1	1	0	1680	978	44	24	-1	
5	1	160	1	1	1	1680	978	44	24	29.088028	2)
2	1	161	0	0	0	1745	976	19	20	-1	
3	1	161	1	0	0	1745	976	19	20	-1	
4	1	161	1	1	0	1745	976	19	20	-1	
5	1	161	1	1	1	1745	976	19	20	63.836853	al
2	1	162	0	0	0	2271	1004	33	14	-1	
3	1	162	1	0	0	2271	1004	33	14	-1	
4	1	162	1	1	0	2271	1004	33	14	-1	
5	1	162	1	1	1	2271	1004	33	14	37.796051	m9
2	1	163	0	0	0	2422	996	19	21	-1	
3	1	163	1	0	0	2422	996	19	21	-1	
4	1	163	1	1	0	2422	996	19	21	-1	
5	1	163	1	1	1	2422	996	19	21	80.896111	ic.
2	1	164	0	0	0	2537	982	33	13	-1	
3	1	164	1	0	0	2537	982	33	13	-1	
4	1	164	1	1	0	2537	982	33	13	-1	
5	1	164	1	1	1	2537	982	33	13	66.485023	i@
2	1	165	0	0	0	2881	986	26	25	-1	
3	1	165	1	0	0	2881	986	26	25	-1	
4	1	165	1	1	0	2881	986	26	25	-1	
5	1	165	1	1	1	2881	986	26	25	44.604725	of
2	1	166	0	0	0	2973	967	113	56	-1	
3	1	166	1	0	0	2973	967	113	56	-1	
4	1	166	1	1	0	2973	967	113	56	-1	
5	1	166	1	1	1	2973	985	39	12	0.000000	wa
5	1	166	1	1	2	3033	967	53	56	0.000000	sy
2	1	167	0	0	0	550	1015	120	37	-1	
3	1	167	1	0	0	550	1015	120	37	-1	
4	1	167	1	1	0	550	1015	120	37	-1	
5	1	167	1	1	1	550	1015	120	37	25.284515	Slam
2	1	168	0	0	0	726	982	200	62	-1	
3	1	168	1	0	0	726	982	200	62	-1	
4	1	168	1	1	0	726	982	200	62	-1	
5	1	168	1	1	1	726	982	15	33	38.214233	je
5	1	168	1	1	2	795	985	63	25	0.000000	or.
5	1	168	1	1	3	887	989	39	55	48.165924	|
2	1	169	0	0	0	1387	1018	45	24	-1	
3	1	169	1	0	0	1387	1018	45	24	-1	
4	1	169	1	1	0	1387	1018	45	24	-1	
5	1	169	1	1	1	1387	1018	45	24	46.711937	+O
2	1	170	0	0	0	1859	1019	19	16	-1	
3	1	170	1	0	0	1859	1019	19	16	-1	
4	1	170	1	1	0	1859	1019	19	16	-1	
5	1	170	1	1	1	1859	1019	19	16	68.384796	=
2	1	171	0	0	0	2320	1027	30	14	-1	
3	1	171	1	0	0	2320	1027	30	14	-1	
4	1	171	1	1	0	2320	1027	30	14	-1	
5	1	171	1	1	1	2320	1027	30	14	31.184509	|
2	1	172	0	0	0	2537	1007	33	24	-1	
3	1	172	1	0	0	2537	1007	33	24	-1	
4	1	172	1	1	0	2537	1007	33	24	-1	
5	1	172	1	1	1	2537	1007	33	24	10.539513	L@
2	1	173	0	0	0	2706	1024	16	12	-1	
3	1	173	1	0	0	2706	1024	16	12	-1	
4	1	173	1	1	0	2706	1024	16	12	-1	
5	1	173	1	1	1	2706	1024	16	12	45.974380	w
2	1	174	0	0	0	563	1048	55	24	-1	
3	1	174	1	0	0	563	1048	55	24	-1	
4	1	174	1	1	0	563	1048	55	24	-1	
5	1	174	1	1	1	563	1048	55	24	52.729286	bell
5	1	174	1	1	2	599	1044	22	35	0.000000	P5]
2	1	175	0	0	0	627	1054	67	27	-1	
3	1	175	1	0	0	627	1054	67	27	-1	
4	1	175	1	1	0	627	1054	67	27	-1	
5	1	175	1	1	1	627	1054	67	27	74.618683	jwl2
2	1	176	0	0	0	2057	1042	247	35	-1	
3	1	176	1	0	0	2057	1042	247	35	-1	
4	1	176	1	1	0	2057	1042	247	35	-1	
5	1	176	1	1	1	2057	1060	13	5	53.424702	=
5	1	176	1	1	2	2105	1049	65	28	69.644814	got
5	1	176	1	1	3	2194	1029	110	52	7.650185	lagi+
2	1	177	0	0	0	2319	1048	32	19	-1	
3	1	177	1	0	0	2319	1048	32	19	-1	
4	1	177	1	1	0	2319	1048	32	19	-1	
5	1	177	1	1	1	2319	1048	32	19	60.859802	om}
2	1	178	0	0	0	522	1052	74	70	-1	
3	1	178	1	0	0	522	1052	74	70	-1	
4	1	178	1	1	0	522	1052	74	70	-1	
5	1	178	1	1	1	522	1052	74	71	76.452843	Us
2	1	179	0	0	0	625	1084	147	53	-1	
3	1	179	1	0	0	625	1084	147	53	-1	
4	1	179	1	1	0	625	1084	147	53	-1	
5	1	179	1	1	1	625	1084	70	53	31.808678	{213
5	1	179	1	1	2	708	1089	64	30	92.483841	R425
2	1	180	0	0	0	1566	1082	16	15	-1	
3	1	180	1	0	0	1566	1082	16	15	-1	
4	1	180	1	1	0	1566	1082	16	15	-1	
5	1	180	1	1	1	1566	1082	16	15	20.028999	re
2	1	181	0	0	0	1629	1071	66	25	-1	
3	1	181	1	0	0	1629	1071	66	25	-1	
4	1	181	1	1	0	1629	1071	66	25	-1	
5	1	181	1	1	1	1629	1071	66	25	46.094456	lay
2	1	182	0	0	0	1859	1049	83	49	-1	
3	1	182	1	0	0	1859	1049	83	49	-1	
4	1	182	1	1	0	1859	1049	83	49	-1	
5	1	182	1	1	1	1859	1049	16	27	65.902016	ke
5	1	182	1	1	2	1897	1056	45	42	31.143051	ioe
2	1	183	0	0	0	2037	1081	98	25	-1	
3	1	183	1	0	0	2037	1081	98	25	-1	
4	1	183	1	1	0	2037	1081	98	25	-1	
5	1	183	1	1	1	2037	1092	33	5	0.000000	=
5	1	183	1	1	2	2100	1081	35	25	23.592918	ok
2	1	184	0	0	0	2172	1094	17	8	-1	
3	1	184	1	0	0	2172	1094	17	8	-1	
4	1	184	1	1	0	2172	1094	17	8	-1	
5	1	184	1	1	1	2172	1094	17	8	24.341057	on
2	1	185	0	0	0	3052	1069	24	17	-1	
3	1	185	1	0	0	3052	1069	24	17	-1	
4	1	185	1	1	0	3052	1069	24	17	-1	
5	1	185	1	1	1	3052	1069	24	17	57.294369	1%
2	1	186	0	0	0	1567	1098	20	19	-1	
3	1	186	1	0	0	1567	1098	20	19	-1	
4	1	186	1	1	0	1567	1098	20	19	-1	
5	1	186	1	1	1	1567	1098	20	19	17.109818	fe
2	1	187	0	0	0	1876	1099	43	27	-1	
3	1	187	1	0	0	1876	1099	43	27	-1	
4	1	187	1	1	0	1876	1099	43	27	-1	
5	1	187	1	1	1	1876	1099	43	27	61.235462	ol
2	1	188	0	0	0	2631	1124	17	15	-1	
3	1	188	1	0	0	2631	1124	17	15	-1	
4	1	188	1	1	0	2631	1124	17	15	-1	
5	1	188	1	1	1	2631	1124	17	15	49.465706	iu
2	1	189	0	0	0	3052	1100	28	27	-1	
3	1	189	1	0	0	3052	1100	28	27	-1	
4	1	189	1	1	0	3052	1100	28	27	-1	
5	1	189	1	1	1	3052	1100	28	27	50.524368	bow
2	1	190	0	0	0	1043	1152	33	17	-1	
3	1	190	1	0	0	1043	1152	33	17	-1	
4	1	190	1	1	0	1043	1152	33	17	-1	
5	1	190	1	1	1	1043	1152	33	17	63.536507	el
2	1	191	0	0	0	1765	1157	13	12	-1	
3	1	191	1	0	0	1765	1157	13	12	-1	
4	1	191	1	1	0	1765	1157	13	12	-1	
5	1	191	1	1	1	1765	1157	13	12	37.592598	qe
2	1	192	0	0	0	2453	1140	210	32	-1	
3	1	192	1	0	0	2453	1140	210	32	-1	
4	1	192	1	1	0	2453	1140	210	32	-1	
5	1	192	1	1	1	2453	1140	210	32	3.004219	noeolsdhe
2	1	193	0	0	0	561	1156	204	67	-1	
3	1	193	1	0	0	561	1156	204	67	-1	
4	1	193	1	1	0	561	1156	204	67	-1	
5	1	193	1	1	1	561	1162	101	57	16.101700	21818
5	1	193	1	1	2	641	1156	24	26	62.264511	Pal
5	1	193	1	1	3	676	1160	89	63	0.000000	[Eee
2	1	194	0	0	0	1014	1172	104	31	-1	
3	1	194	1	0	0	1014	1172	104	31	-1	
4	1	194	1	1	0	1014	1172	104	31	-1	
5	1	194	1	1	1	1014	1172	39	23	44.059330	Is
5	1	194	1	1	2	1073	1185	45	18	67.500198	R30
2	1	195	0	0	0	1521	1179	18	10	-1	
3	1	195	1	0	0	1521	1179	18	10	-1	
4	1	195	1	1	0	1521	1179	18	10	-1	
5	1	195	1	1	1	1521	1179	18	10	71.402008	o
2	1	196	0	0	0	1902	1177	35	11	-1	
3	1	196	1	0	0	1902	1177	35	11	-1	
4	1	196	1	1	0	1902	1177	35	11	-1	
5	1	196	1	1	1	1902	1177	35	11	12.438400	oT)
2	1	197	0	0	0	1963	1175	120	16	-1	
3	1	197	1	0	0	1963	1175	120	16	-1	
4	1	197	1	1	0	1963	1175	120	16	-1	
5	1	197	1	1	1	1963	1175	120	16	42.231308	_—-—-
2	1	198	0	0	0	2114	1171	31	23	-1	
3	1	198	1	0	0	2114	1171	31	23	-1	
4	1	198	1	1	0	2114	1171	31	23	-1	
5	1	198	1	1	1	2114	1171	31	23	12.556808	(2)
2	1	199	0	0	0	2412	1177	114	21	-1	
3	1	199	1	0	0	2412	1177	114	21	-1	
4	1	199	1	1	0	2412	1177	114	21	-1	
5	1	199	1	1	1	2412	1177	114	21	43.325020	Wis
2	1	200	0	0	0	2562	1177	13	9	-1	
3	1	200	1	0	0	2562	1177	13	9	-1	
4	1	200	1	1	0	2562	1177	13	9	-1	
5	1	200	1	1	1	2562	1177	13	9	61.298141	J
2	1	201	0	0	0	2654	1187	8	7	-1	
3	1	201	1	0	0	2654	1187	8	7	-1	
4	1	201	1	1	0	2654	1187	8	7	-1	
5	1	201	1	1	1	2654	1187	8	7	32.708786	>
2	1	202	0	0	0	2756	1185	48	17	-1	
3	1	202	1	0	0	2756	1185	48	17	-1	
4	1	202	1	1	0	2756	1185	48	17	-1	
5	1	202	1	1	1	2756	1190	10	12	32.239189	x
5	1	202	1	1	2	2784	1185	20	16	0.000000	}%
2	1	203	0	0	0	2923	1187	19	16	-1	
3	1	203	1	0	0	2923	1187	19	16	-1	
4	1	203	1	1	0	2923	1187	19	16	-1	
5	1	203	1	1	1	2923	1187	19	16	45.402596	x“
2	1	204	0	0	0	550	1161	28	58	-1	
3	1	204	1	0	0	550	1161	28	58	-1	
4	1	204	1	1	0	550	1161	28	58	-1	
5	1	204	1	1	1	550	1161	28	58	42.154800	lE
2	1	205	0	0	0	559	1162	103	62	-1	
3	1	205	1	0	0	559	1162	103	62	-1	
4	1	205	1	1	0	559	1162	103	62	-1	
5	1	205	1	1	1	559	1162	103	62	0.000000	arale
2	1	206	0	0	0	1009	1213	43	19	-1	
3	1	206	1	0	0	1009	1213	43	19	-1	
4	1	206	1	1	0	1009	1213	43	19	-1	
5	1	206	1	1	1	1009	1213	43	19	82.715675	309
2	1	207	0	0	0	1119	1207	83	12	-1	
3	1	207	1	0	0	1119	1207	83	12	-1	
4	1	207	1	1	0	1119	1207	83	12	-1	
5	1	207	1	1	1	1119	1207	83	12	6.031342	C408
2	1	208	0	0	0	1316	1219	16	12	-1	
3	1	208	1	0	0	1316	1219	16	12	-1	
4	1	208	1	1	0	1316	1219	16	12	-1	
5	1	208	1	1	1	1316	1219	16	12	20.233643	we
2	1	209	0	0	0	1367	1217	116	14	-1	
3	1	209	1	0	0	1367	1217	116	14	-1	
4	1	209	1	1	0	1367	1217	116	14	-1	
5	1	209	1	1	1	1367	1217	116	14	0.000000	DADUH
2	1	210	0	0	0	1958	1228	119	6	-1	
3	1	210	1	0	0	1958	1228	119	6	-1	
4	1	210	1	1	0	1958	1228	119	6	-1	
5	1	210	1	1	1	1958	1228	119	6	1.956818	a
2	1	211	0	0	0	2270	1150	22	55	-1	
3	1	211	1	0	0	2270	1150	22	55	-1	
4	1	211	1	1	0	2270	1150	22	55	-1	
5	1	211	1	1	1	2270	1150	22	55	19.059341	l.
2	1	212	0	0	0	2315	1164	60	49	-1	
3	1	212	1	0	0	2315	1164	60	49	-1	
4	1	212	1	1	0	2315	1164	60	49	-1	
5	1	212	1	1	1	2315	1182	22	25	0.000000	{<
5	1	212	1	1	2	2351	1164	24	49	45.680065	ic
2	1	213	0	0	0	2610	1192	54	38	-1	
3	1	213	1	0	0	2610	1192	54	38	-1	
4	1	213	1	1	0	2610	1192	54	38	-1	
5	1	213	1	1	1	2610	1192	54	38	31.739609	payee
2	1	214	0	0	0	2756	1208	55	19	-1	
3	1	214	1	0	0	2756	1208	55	19	-1	
4	1	214	1	1	0	2756	1208	55	19	-1	
5	1	214	1	1	1	2756	1208	55	19	42.622910	wit
2	1	215	0	0	0	723	1131	152	115	-1	
3	1	215	1	0	0	723	1131	152	115	-1	
4	1	215	1	1	0	723	1131	152	115	-1	
5	1	215	1	1	1	723	1105	152	141	0.000000	B..
2	1	216	0	0	0	778	1218	99	45	-1	
3	1	216	1	0	0	778	1218	99	45	-1	
4	1	216	1	1	0	778	1218	99	45	-1	
5	1	216	1	1	1	778	1218	99	45	40.541119	STS
2	1	217	0	0	0	1053	1228	133	30	-1	
3	1	217	1	0	0	1053	1228	133	30	-1	
4	1	217	1	1	0	1053	1228	133	30	-1	
5	1	217	1	1	1	1053	1228	68	30	47.959709	4k
5	1	217	1	1	2	1133	1230	53	25	47.301220	A
2	1	218	0	0	0	1306	1229	4	16	-1	
3	1	218	1	0	0	1306	1229	4	16	-1	
4	1	218	1	1	0	1306	1229	4	16	-1	
5	1	218	1	1	1	1306	1229	4	16	15.796959	t
2	1	219	0	0	0	1341	1242	20	5	-1	
3	1	219	1	0	0	1341	1242	20	5	-1	
4	1	219	1	1	0	1341	1242	20	5	-1	
5	1	219	1	1	1	1341	1242	20	5	60.924416	_
2	1	220	0	0	0	1512	1209	97	88	-1	
3	1	220	1	0	0	1512	1209	97	88	-1	
4	1	220	1	1	0	1512	1209	97	88	-1	
5	1	220	1	1	1	1529	1216	10	8	0.000000	‘
5	1	220	1	1	2	1512	1209	97	88	48.038944	i
2	1	221	0	0	0	2117	1203	158	58	-1	
3	1	221	1	0	0	2117	1203	158	58	-1	
4	1	221	1	1	0	2117	1203	158	58	-1	
5	1	221	1	1	1	2117	1203	158	58	27.444244	B23!
2	1	222	0	0	0	2509	1223	70	23	-1	
3	1	222	1	0	0	2509	1223	70	23	-1	
4	1	222	1	1	0	2509	1223	70	23	-1	
5	1	222	1	1	1	2509	1223	22	23	71.341370	{=
5	1	222	1	1	2	2552	1223	27	23	0.000000	1y
2	1	223	0	0	0	2520	1248	8	12	-1	
3	1	223	1	0	0	2520	1248	8	12	-1	
4	1	223	1	1	0	2520	1248	8	12	-1	
5	1	223	1	1	1	2520	1248	8	12	33.345070	4
2	1	224	0	0	0	2565	1249	8	12	-1	
3	1	224	1	0	0	2565	1249	8	12	-1	
4	1	224	1	1	0	2565	1249	8	12	-1	
5	1	224	1	1	1	2565	1249	8	12	63.548878	é
2	1	225	0	0	0	2708	1210	24	26	-1	
3	1	225	1	0	0	2708	1210	24	26	-1	
4	1	225	1	1	0	2708	1210	24	26	-1	
5	1	225	1	1	1	2708	1210	24	26	12.029892	!2
2	1	226	0	0	0	2746	1226	66	23	-1	
3	1	226	1	0	0	2746	1226	66	23	-1	
4	1	226	1	1	0	2746	1226	66	23	-1	
5	1	226	1	1	1	2746	1231	24	18	39.699802	fo
5	1	226	1	1	2	2785	1226	27	16	36.139870	be
2	1	227	0	0	0	495	1217	30	53	-1	
3	1	227	1	0	0	495	1217	30	53	-1	
4	1	227	1	1	0	495	1217	30	53	-1	
5	1	227	1	1	1	495	1217	32	68	30.958817	8
2	1	228	0	0	0	908	1254	43	23	-1	
3	1	228	1	0	0	908	1254	43	23	-1	
4	1	228	1	1	0	908	1254	43	23	-1	
5	1	228	1	1	1	908	1254	43	23	67.068253	ay
2	1	229	0	0	0	1046	1272	117	5	-1	
3	1	229	1	0	0	1046	1272	117	5	-1	
4	1	229	1	1	0	1046	1272	117	5	-1	
5	1	229	1	1	1	1046	1272	117	5	22.878532	~-~—@-s
2	1	230	0	0	0	1411	1261	54	16	-1	
3	1	230	1	0	0	1411	1261	54	16	-1	
4	1	230	1	1	0	1411	1261	54	16	-1	
5	1	230	1	1	1	1409	1261	61	25	0.000000	KI08
2	1	231	0	0	0	1744	1250	121	22	-1	
3	1	231	1	0	0	1744	1250	121	22	-1	
4	1	231	1	1	0	1744	1250	121	22	-1	
5	1	231	1	1	1	1740	1246	9	34	35.607224	,
5	1	231	1	1	2	1765	1266	6	6	27.597633	a
5	1	231	1	1	3	1774	1250	91	22	19.621353	re
2	1	232	0	0	0	2451	1222	7	59	-1	
3	1	232	1	0	0	2451	1222	7	59	-1	
4	1	232	1	1	0	2451	1222	7	59	-1	
5	1	232	1	1	1	2451	1222	7	59	62.931084	|
2	1	233	0	0	0	2508	1254	71	26	-1	
3	1	233	1	0	0	2508	1254	71	26	-1	
4	1	233	1	1	0	2508	1254	71	26	-1	
5	1	233	1	1	1	2508	1254	27	23	40.312675	ln
5	1	233	1	1	2	2551	1255	28	25	45.919079	d=
2	1	234	0	0	0	2821	1242	52	36	-1	
3	1	234	1	0	0	2821	1242	52	36	-1	
4	1	234	1	1	0	2821	1242	52	36	-1	
5	1	234	1	1	1	2821	1242	52	36	8.650818	Voz
2	1	235	0	0	0	497	1287	31	26	-1	
3	1	235	1	0	0	497	1287	31	26	-1	
4	1	235	1	1	0	497	1287	31	26	-1	
5	1	235	1	1	1	497	1277	31	36	29.706787	re)
2	1	236	0	0	0	645	1161	228	195	-1	
3	1	236	1	0	0	645	1161	228	195	-1	
4	1	236	1	1	0	645	1161	228	195	-1	
5	1	236	1	1	1	645	1161	228	195	25.128975	=e
2	1	237	0	0	0	908	1284	46	21	-1	
3	1	237	1	0	0	908	1284	46	21	-1	
4	1	237	1	1	0	908	1284	46	21	-1	
5	1	237	1	1	1	908	1284	46	21	73.839111	iot
2	1	238	0	0	0	1745	1297	120	6	-1	
3	1	238	1	0	0	1745	1297	120	6	-1	
4	1	238	1	1	0	1745	1297	120	6	-1	
5	1	238	1	1	1	1745	1297	87	6	27.235901	a
2	1	239	0	0	0	2004	1293	40	4	-1	
3	1	239	1	0	0	2004	1293	40	4	-1	
4	1	239	1	1	0	2004	1293	40	4	-1	
5	1	239	1	1	1	2004	1293	40	4	81.060959	—
2	1	240	0	0	0	2625	1252	88	45	-1	
3	1	240	1	0	0	2625	1252	88	45	-1	
4	1	240	1	1	0	2625	1252	88	45	-1	
5	1	240	1	1	1	2625	1252	88	45	51.657047	py!
2	1	241	0	0	0	2821	1270	81	28	-1	
3	1	241	1	0	0	2821	1270	81	28	-1	
4	1	241	1	1	0	2821	1270	81	28	-1	
5	1	241	1	1	1	2821	1270	81	28	31.309196	Ts
2	1	242	0	0	0	2913	1312	16	12	-1	
3	1	242	1	0	0	2913	1312	16	12	-1	
4	1	242	1	1	0	2913	1312	16	12	-1	
5	1	242	1	1	1	2913	1312	16	12	43.969482	oO
2	1	243	0	0	0	2974	1276	71	27	-1	
3	1	243	1	0	0	2974	1276	71	27	-1	
4	1	243	1	1	0	2974	1276	71	27	-1	
5	1	243	1	1	1	2974	1276	71	27	54.080410	tot,
2	1	244	0	0	0	487	1318	45	55	-1	
3	1	244	1	0	0	487	1318	56	55	-1	
4	1	244	1	1	0	487	1318	45	55	-1	
5	1	244	1	1	1	487	1318	45	55	34.296112	a
2	1	245	0	0	0	906	1277	76	104	-1	
3	1	245	1	0	0	906	1277	76	104	-1	
4	1	245	1	1	0	906	1277	76	104	-1	
5	1	245	1	1	1	906	1277	76	104	14.096329	a
2	1	246	0	0	0	0	0	3518	6844	-1	
3	1	246	1	0	0	1136	1292	530	58	-1	
4	1	246	1	1	0	0	0	3518	6844	-1	
5	1	246	1	1	1	1136	1287	530	63	0.000000	[arteocecacas
5	1	246	1	1	2	1474	1264	90	108	0.000000	ah
5	1	246	1	1	3	1600	1264	63	108	0.000000	ibr
2	1	247	0	0	0	2189	1288	174	61	-1	
3	1	247	1	0	0	2189	1288	198	61	-1	
4	1	247	1	1	0	2189	1288	174	61	-1	
5	1	247	1	1	1	2171	1288	216	159	25.629448	eu,
2	1	248	0	0	0	2486	1318	18	13	-1	
3	1	248	1	0	0	2486	1318	18	13	-1	
4	1	248	1	1	0	2486	1318	18	13	-1	
5	1	248	1	1	1	2486	1318	18	13	64.101036	x
2	1	249	0	0	0	2783	1328	29	13	-1	
3	1	249	1	0	0	2783	1328	29	13	-1	
4	1	249	1	1	0	2783	1328	29	13	-1	
5	1	249	1	1	1	2783	1328	29	13	37.240273	ih
2	1	250	0	0	0	3018	1310	26	19	-1	
3	1	250	1	0	0	3018	1310	26	19	-1	
4	1	250	1	1	0	3018	1310	26	19	-1	
5	1	250	1	1	1	3018	1310	26	19	33.125961	|\2
2	1	251	0	0	0	578	1346	98	65	-1	
3	1	251	1	0	0	578	1346	98	65	-1	
4	1	251	1	1	0	578	1346	98	65	-1	
5	1	251	1	1	1	578	1346	28	65	64.902359	fo
5	1	251	1	1	2	626	1346	50	65	50.910278	om
2	1	252	0	0	0	683	1297	190	122	-1	
3	1	252	1	0	0	683	1297	190	122	-1	
4	1	252	1	1	0	683	1297	190	122	-1	
5	1	252	1	1	1	683	1297	190	122	26.624695	are
2	1	253	0	0	0	1627	1323	50	67	-1	
3	1	253	1	0	0	1627	1323	50	67	-1	
4	1	253	1	1	0	1627	1323	50	67	-1	
5	1	253	1	1	1	1627	1323	50	67	59.234474	is
2	1	254	0	0	0	2027	1344	80	39	-1	
3	1	254	1	0	0	2027	1344	80	39	-1	
4	1	254	1	1	0	2027	1344	80	39	-1	
5	1	254	1	1	1	2027	1344	80	39	29.177773	mo®
2	1	255	0	0	0	2477	1343	110	35	-1	
3	1	255	1	0	0	2477	1343	110	35	-1	
4	1	255	1	1	0	2477	1343	110	35	-1	
5	1	255	1	1	1	2477	1343	49	35	52.543812	jap
5	1	255	1	1	2	2549	1351	38	25	40.163097	Pa
2	1	256	0	0	0	2514	1321	72	36	-1	
3	1	256	1	0	0	2514	1321	72	36	-1	
4	1	256	1	1	0	2514	1321	72	36	-1	
5	1	256	1	1	1	2514	1322	5	35	42.348701	|.
5	1	256	1	1	2	2542	1321	44	26	42.348701	42
2	1	257	0	0	0	2596	1291	159	82	-1	
3	1	257	1	0	0	2596	1291	159	82	-1	
4	1	257	1	1	0	2596	1291	159	82	-1	
5	1	257	1	1	1	2596	1291	43	39	31.080338	ST
5	1	257	1	1	2	2652	1296	43	32	31.080338	AS
5	1	257	1	1	3	2711	1316	44	57	74.811218	19
2	1	258	0	0	0	2837	1346	32	23	-1	
3	1	258	1	0	0	2837	1346	32	23	-1	
4	1	258	1	1	0	2837	1346	32	23	-1	
5	1	258	1	1	1	2837	1346	32	23	23.165199	oy
2	1	259	0	0	0	2875	1320	85	35	-1	
3	1	259	1	0	0	2875	1320	85	35	-1	
4	1	259	1	1	0	2875	1320	85	35	-1	
5	1	259	1	1	1	2875	1341	17	14	77.683548	»
5	1	259	1	1	2	2913	1320	47	29	71.247093	ot
2	1	260	0	0	0	2913	1349	96	21	-1	
3	1	260	1	0	0	2913	1349	96	21	-1	
4	1	260	1	1	0	2913	1349	96	21	-1	
5	1	260	1	1	1	2913	1349	96	21	4.835083	ortlea
2	1	261	0	0	0	1013	1286	193	207	-1	
3	1	261	1	0	0	1013	1286	193	207	-1	
4	1	261	1	1	0	1013	1286	193	207	-1	
5	1	261	1	1	1	1013	1286	193	207	49.092606	i
2	1	262	0	0	0	1672	1379	23	53	-1	
3	1	262	1	0	0	1672	1379	23	53	-1	
4	1	262	1	1	0	1672	1379	23	53	-1	
5	1	262	1	1	1	1672	1379	23	53	0.000000	|
2	1	263	0	0	0	2304	1364	81	53	-1	
3	1	263	1	0	0	2304	1364	81	53	-1	
4	1	263	1	1	0	2304	1364	81	53	-1	
5	1	263	1	1	1	2304	1364	27	53	0.000000	=<
5	1	263	1	1	2	2357	1368	28	43	0.000000	,
2	1	264	0	0	0	2612	1379	86	24	-1	
3	1	264	1	0	0	2612	1379	86	24	-1	
4	1	264	1	1	0	2612	1379	86	24	-1	
5	1	264	1	1	1	2612	1379	44	19	47.811874	AD
5	1	264	1	1	2	2671	1380	27	23	40.722557	yD
2	1	265	0	0	0	2783	1343	49	62	-1	
3	1	265	1	0	0	2783	1343	49	62	-1	
4	1	265	1	1	0	2783	1343	49	62	-1	
5	1	265	1	1	1	2783	1343	49	62	16.382133	a
2	1	266	0	0	0	2838	1374	82	29	-1	
3	1	266	1	0	0	2838	1374	82	29	-1	
4	1	266	1	1	0	2838	1374	82	29	-1	
5	1	266	1	1	1	2838	1391	13	12	35.375977	@
5	1	266	1	1	2	2866	1374	54	28	59.745731	1
2	1	267	0	0	0	2971	1381	37	16	-1	
3	1	267	1	0	0	2971	1381	37	16	-1	
4	1	267	1	1	0	2971	1381	37	16	-1	
5	1	267	1	1	1	2971	1381	37	16	76.675171	+N
2	1	268	0	0	0	495	1344	175	107	-1	
3	1	268	1	0	0	495	1344	175	107	-1	
4	1	268	1	1	0	495	1344	175	107	-1	
5	1	268	1	1	1	495	1344	175	107	23.769821	Rigen
2	1	269	0	0	0	1497	1375	67	63	-1	
3	1	269	1	0	0	1497	1375	67	63	-1	
4	1	269	1	1	0	1497	1375	67	63	-1	
5	1	269	1	1	1	1497	1375	67	63	47.351051	|
2	1	270	0	0	0	1802	1261	347	226	-1	
3	1	270	1	0	0	1802	1261	347	226	-1	
4	1	270	1	1	0	1802	1261	347	226	-1	
5	1	270	1	1	1	1802	1261	347	226	44.551353	ie
2	1	271	0	0	0	2433	1386	6	54	-1	
3	1	271	1	0	0	2433	1386	6	54	-1	
4	1	271	1	1	0	2433	1386	6	54	-1	
5	1	271	1	1	1	2433	1386	6	54	65.574837	|
2	1	272	0	0	0	2589	1408	110	34	-1	
3	1	272	1	0	0	2589	1408	110	34	-1	
4	1	272	1	1	0	2589	1408	110	34	-1	
5	1	272	1	1	1	2589	1408	110	34	70.445374	TAS
5	1	272	1	1	2	2667	1404	33	55	17.585258	|8
2	1	273	0	0	0	2732	1422	27	22	-1	
3	1	273	1	0	0	2732	1422	27	22	-1	
4	1	273	1	1	0	2732	1422	27	22	-1	
5	1	273	1	1	1	2732	1422	27	22	38.167564	12
2	1	274	0	0	0	2893	1414	37	23	-1	
3	1	274	1	0	0	2893	1414	37	23	-1	
4	1	274	1	1	0	2893	1414	37	23	-1	
5	1	274	1	1	1	2893	1414	37	23	40.372715	lor
2	1	275	0	0	0	1072	1383	111	100	-1	
3	1	275	1	0	0	1072	1383	111	100	-1	
4	1	275	1	1	0	1072	1383	111	100	-1	
5	1	275	1	1	1	1072	1383	111	100	62.243858	|
2	1	276	0	0	0	2308	1411	68	47	-1	
3	1	276	1	0	0	2308	1411	68	47	-1	
4	1	276	1	1	0	2308	1411	68	47	-1	
5	1	276	1	1	1	2308	1411	68	47	0.000000	“oi
2	1	277	0	0	0	2533	1435	18	10	-1	
3	1	277	1	0	0	2533	1435	18	10	-1	
4	1	277	1	1	0	2533	1435	18	10	-1	
5	1	277	1	1	1	2533	1435	18	10	63.345409	oO
2	1	278	0	0	0	2783	1435	25	31	-1	
3	1	278	1	0	0	2783	1435	25	31	-1	
4	1	278	1	1	0	2783	1435	25	31	-1	
5	1	278	1	1	1	2783	1435	25	31	0.000000	i
2	1	279	0	0	0	2832	1466	57	7	-1	
3	1	279	1	0	0	2832	1466	57	7	-1	
4	1	279	1	1	0	2832	1466	57	7	-1	
5	1	279	1	1	1	2832	1466	57	7	4.848495	—
2	1	280	0	0	0	2893	1441	37	22	-1	
3	1	280	1	0	0	2893	1441	37	22	-1	
4	1	280	1	1	0	2893	1441	37	22	-1	
5	1	280	1	1	1	2893	1441	37	22	20.940079	fon)
2	1	281	0	0	0	2991	1432	30	24	-1	
3	1	281	1	0	0	2991	1432	30	24	-1	
4	1	281	1	1	0	2991	1432	30	24	-1	
5	1	281	1	1	1	2991	1432	30	24	47.995037	|
2	1	282	0	0	0	515	1473	41	29	-1	
3	1	282	1	0	0	515	1473	41	29	-1	
4	1	282	1	1	0	515	1473	41	29	-1	
5	1	282	1	1	1	515	1473	41	29	63.658173	4
2	1	283	0	0	0	589	1463	36	21	-1	
3	1	283	1	0	0	589	1463	36	21	-1	
4	1	283	1	1	0	589	1463	36	21	-1	
5	1	283	1	1	1	589	1463	36	21	43.592979	1!
2	1	284	0	0	0	702	1446	96	53	-1	
3	1	284	1	0	0	702	1446	96	53	-1	
4	1	284	1	1	0	702	1446	96	53	-1	
5	1	284	1	1	1	702	1446	96	53	13.280525	HK
2	1	285	0	0	0	975	1451	66	55	-1	
3	1	285	1	0	0	975	1451	66	55	-1	
4	1	285	1	1	0	975	1451	66	55	-1	
5	1	285	1	1	1	975	1473	21	10	49.319435	+
5	1	285	1	1	2	1005	1451	36	55	31.948341	ie
2	1	286	0	0	0	1727	1443	38	41	-1	
3	1	286	1	0	0	1727	1443	38	41	-1	
4	1	286	1	1	0	1727	1443	38	41	-1	
5	1	286	1	1	1	1727	1443	6	41	72.691811	|
5	1	286	1	1	2	1759	1464	6	15	66.748199	'
2	1	287	0	0	0	2031	1475	56	15	-1	
3	1	287	1	0	0	2031	1475	56	15	-1	
4	1	287	1	1	0	2031	1475	56	15	-1	
5	1	287	1	1	1	2031	1466	59	24	32.717751	hay
2	1	288	0	0	0	2485	1458	42	33	-1	
3	1	288	1	0	0	2485	1458	42	33	-1	
4	1	288	1	1	0	2485	1458	42	33	-1	
5	1	288	1	1	1	2485	1458	42	33	38.375645	ST
2	1	289	0	0	0	2589	1481	28	22	-1	
3	1	289	1	0	0	2589	1481	28	22	-1	
4	1	289	1	1	0	2589	1481	28	22	-1	
5	1	289	1	1	1	2589	1481	28	22	45.807457	ed
2	1	290	0	0	0	590	1506	3	12	-1	
3	1	290	1	0	0	590	1506	3	12	-1	
4	1	290	1	1	0	590	1506	3	12	-1	
5	1	290	1	1	1	590	1506	3	12	60.096897	i
2	1	291	0	0	0	1097	1471	85	42	-1	
3	1	291	1	0	0	1097	1471	85	42	-1	
4	1	291	1	1	0	1097	1471	85	42	-1	
5	1	291	1	1	1	1097	1471	85	42	26.213028	get
2	1	292	0	0	0	1465	1451	68	63	-1	
3	1	292	1	0	0	1465	1451	68	63	-1	
4	1	292	1	1	0	1465	1451	68	63	-1	
5	1	292	1	1	1	1465	1451	68	63	30.665802	ee
2	1	293	0	0	0	2171	1391	165	197	-1	
3	1	293	1	0	0	2171	1391	165	197	-1	
4	1	293	1	1	0	2171	1391	165	197	-1	
5	1	293	1	1	1	2171	1391	165	197	61.622375	at
2	1	294	0	0	0	2464	1511	57	18	-1	
3	1	294	1	0	0	2464	1511	57	18	-1	
4	1	294	1	1	0	2464	1511	57	18	-1	
5	1	294	1	1	1	2464	1511	57	18	30.373909	R37
2	1	295	0	0	0	2626	1479	66	37	-1	
3	1	295	1	0	0	2626	1479	66	37	-1	
4	1	295	1	1	0	2626	1479	66	37	-1	
5	1	295	1	1	1	2626	1479	66	37	61.064228	218
2	1	296	0	0	0	1184	1316	348	310	-1	
3	1	296	1	0	0	1184	1316	348	310	-1	
4	1	296	1	1	0	1184	1316	348	310	-1	
5	1	296	1	1	1	1184	1365	167	261	21.203201	an
5	1	296	1	1	2	1353	1316	179	198	24.549721	i
2	1	297	0	0	0	1602	1396	84	168	-1	
3	1	297	1	0	0	1602	1396	84	168	-1	
4	1	297	1	1	0	1602	1396	84	168	-1	
5	1	297	1	1	1	1609	1396	5	119	90.880722	|
5	1	297	1	1	2	1602	1451	84	113	11.580513	Mh
2	1	298	0	0	0	1734	1539	29	22	-1	
3	1	298	1	0	0	1734	1539	29	22	-1	
4	1	298	1	1	0	1734	1539	29	22	-1	
5	1	298	1	1	1	1734	1539	29	22	25.520699	Db!
2	1	299	0	0	0	1760	1504	19	32	-1	
3	1	299	1	0	0	1760	1504	19	32	-1	
4	1	299	1	1	0	1760	1504	19	32	-1	
5	1	299	1	1	1	1760	1504	19	32	53.044502	le
2	1	300	0	0	0	2034	1524	141	38	-1	
3	1	300	1	0	0	2034	1524	141	38	-1	
4	1	300	1	1	0	2034	1524	141	38	-1	
5	1	300	1	1	1	2034	1527	28	32	52.399830	1?
5	1	300	1	1	2	2071	1524	104	38	13.677101	[RIZE
2	1	301	0	0	0	2490	1536	29	5	-1	
3	1	301	1	0	0	2490	1536	29	5	-1	
4	1	301	1	1	0	2490	1536	29	5	-1	
5	1	301	1	1	1	2490	1536	29	5	49.013657	—s
2	1	302	0	0	0	2588	1505	105	37	-1	
3	1	302	1	0	0	2588	1505	105	37	-1	
4	1	302	1	1	0	2588	1505	105	37	-1	
5	1	302	1	1	1	2588	1505	105	37	0.000000	3a
5	1	302	1	1	2	2660	1501	36	46	0.000000	)5
2	1	303	0	0	0	2724	1492	298	57	-1	
3	1	303	1	0	0	2724	1492	298	57	-1	
4	1	303	1	1	0	2724	1492	298	57	-1	
5	1	303	1	1	1	2724	1530	33	19	87.370590	»
5	1	303	1	1	2	2783	1505	90	40	0.000000	2
5	1	303	1	1	3	2891	1492	131	55	0.000000	sIS
2	1	304	0	0	0	514	1491	110	97	-1	
3	1	304	1	0	0	514	1491	111	97	-1	
4	1	304	1	1	0	514	1491	110	97	-1	
5	1	304	1	1	1	514	1491	110	97	41.638588	aay
2	1	305	0	0	0	1471	1568	66	30	-1	
3	1	305	1	0	0	1471	1568	66	30	-1	
4	1	305	1	1	0	1471	1568	66	30	-1	
5	1	305	1	1	1	1471	1570	22	28	0.000000	{2
5	1	305	1	1	2	1510	1568	27	17	0.000000	1?
2	1	306	0	0	0	2035	1528	138	58	-1	
3	1	306	1	0	0	2035	1528	138	58	-1	
4	1	306	1	1	0	2035	1528	138	58	-1	
5	1	306	1	1	1	2035	1551	16	34	44.628220	i
5	1	306	1	1	2	2056	1528	42	58	30.795097	413
5	1	306	1	1	3	2108	1546	27	39	43.127331	iS
5	1	306	1	1	4	2146	1552	27	34	67.796722	in
2	1	307	0	0	0	2451	1550	57	17	-1	
3	1	307	1	0	0	2451	1550	57	17	-1	
4	1	307	1	1	0	2451	1550	57	17	-1	
5	1	307	1	1	1	2451	1550	57	17	50.903938	R136
2	1	308	0	0	0	2724	1574	17	10	-1	
3	1	308	1	0	0	2724	1574	17	10	-1	
4	1	308	1	1	0	2724	1574	17	10	-1	
5	1	308	1	1	1	2724	1574	17	10	42.647606	ww
2	1	309	0	0	0	2855	1555	91	18	-1	
3	1	309	1	0	0	2855	1555	91	18	-1	
4	1	309	1	1	0	2855	1555	91	18	-1	
5	1	309	1	1	1	2855	1555	91	18	22.150154	<<
5	1	309	1	1	2	2924	1550	27	34	0.000000	,
2	1	310	0	0	0	712	1603	93	10	-1	
3	1	310	1	0	0	712	1603	93	10	-1	
4	1	310	1	1	0	712	1603	93	10	-1	
5	1	310	1	1	1	712	1603	93	10	10.976753	=.
2	1	311	0	0	0	1183	1570	15	56	-1	
3	1	311	1	0	0	1183	1570	15	56	-1	
4	1	311	1	1	0	1183	1570	15	56	-1	
5	1	311	1	1	1	1183	1570	15	56	88.088516	|
2	1	312	0	0	0	1222	1569	65	58	-1	
3	1	312	1	0	0	1222	1569	65	58	-1	
4	1	312	1	1	0	1222	1569	65	58	-1	
5	1	312	1	1	1	1222	1571	26	56	6.558342	ls
5	1	312	1	1	2	1258	1569	29	57	6.558342	|é
2	1	313	0	0	0	1485	1572	161	67	-1	
3	1	313	1	0	0	1485	1572	161	67	-1	
4	1	313	1	1	0	1485	1572	161	67	-1	
5	1	313	1	1	1	1485	1586	43	15	38.482979	an
5	1	313	1	1	2	1546	1572	100	67	0.000000	E|ES
2	1	314	0	0	0	1557	1611	13	3	-1	
3	1	314	1	0	0	1557	1611	13	3	-1	
4	1	314	1	1	0	1557	1611	13	3	-1	
5	1	314	1	1	1	1557	1611	13	3	88.474854	=
2	1	315	0	0	0	1716	1602	43	4	-1	
3	1	315	1	0	0	1716	1602	43	4	-1	
4	1	315	1	1	0	1716	1602	43	4	-1	
5	1	315	1	1	1	1716	1602	43	4	33.311852	—_—
2	1	316	0	0	0	1887	1524	85	131	-1	
3	1	316	1	0	0	1887	1524	85	131	-1	
4	1	316	1	1	0	1887	1524	85	131	-1	
5	1	316	1	1	1	1887	1524	85	131	49.926964	i
2	1	317	0	0	0	2327	1591	56	5	-1	
3	1	317	1	0	0	2327	1591	56	5	-1	
4	1	317	1	1	0	2327	1591	56	5	-1	
5	1	317	1	1	1	2327	1591	56	5	39.216190	——
2	1	318	0	0	0	2474	1597	61	6	-1	
3	1	318	1	0	0	2474	1597	61	6	-1	
4	1	318	1	1	0	2474	1597	61	6	-1	
5	1	318	1	1	1	2474	1597	61	6	10.925919	——
2	1	319	0	0	0	2642	1535	79	63	-1	
3	1	319	1	0	0	2642	1535	79	63	-1	
4	1	319	1	1	0	2642	1535	79	63	-1	
5	1	319	1	1	1	2642	1535	79	63	40.678211	ol
2	1	320	0	0	0	732	1640	57	5	-1	
3	1	320	1	0	0	732	1640	57	5	-1	
4	1	320	1	1	0	732	1640	57	5	-1	
5	1	320	1	1	1	732	1640	57	5	6.495361	—_—=
2	1	321	0	0	0	1026	1547	141	81	-1	
3	1	321	1	0	0	1026	1547	141	81	-1	
4	1	321	1	1	0	1026	1547	141	81	-1	
5	1	321	1	1	1	1026	1547	141	81	25.863205	aaa)
2	1	322	0	0	0	1321	1565	156	62	-1	
3	1	322	1	0	0	1321	1565	156	62	-1	
4	1	322	1	1	0	1321	1565	156	62	-1	
5	1	322	1	1	1	1321	1571	20	55	31.273743	L
5	1	322	1	1	2	1359	1565	118	62	31.273743	EEE
2	1	323	0	0	0	1471	1602	55	25	-1	
3	1	323	1	0	0	1471	1602	55	25	-1	
4	1	323	1	1	0	1471	1602	55	25	-1	
5	1	323	1	1	1	1471	1602	55	25	35.128662	lio
5	1	323	1	1	2	1509	1598	20	39	46.774437	te
2	1	324	0	0	0	2473	1608	66	21	-1	
3	1	324	1	0	0	2473	1608	66	21	-1	
4	1	324	1	1	0	2473	1608	66	21	-1	
5	1	324	1	1	1	2473	1608	66	21	48.465046	ao
2	1	325	0	0	0	2475	1639	62	8	-1	
3	1	325	1	0	0	2475	1639	62	8	-1	
4	1	325	1	1	0	2475	1639	62	8	-1	
5	1	325	1	1	1	2475	1639	62	8	0.000000	a
2	1	326	0	0	0	1272	1676	214	6	-1	
3	1	326	1	0	0	1272	1676	214	6	-1	
4	1	326	1	1	0	1272	1676	214	6	-1	
5	1	326	1	1	1	1272	1676	214	6	0.000000	PTyYrrttttet..
2	1	327	0	0	0	2678	1638	104	38	-1	
3	1	327	1	0	0	2678	1638	104	38	-1	
4	1	327	1	1	0	2678	1638	104	38	-1	
5	1	327	1	1	1	2678	1638	38	32	42.350098	Bey
5	1	327	1	1	2	2726	1641	56	35	69.143097	1°]
2	1	328	0	0	0	1072	1672	706	30	-1	
3	1	328	1	0	0	1072	1672	706	30	-1	
4	1	328	1	1	0	1072	1672	706	30	-1	
5	1	328	1	1	1	1072	1677	349	22	0.000000	HNODODIWOOSINGEGO
5	1	328	1	1	2	1440	1673	71	29	38.956154	WOOO
5	1	328	1	1	3	1537	1672	107	29	0.000000	NUBIA
5	1	328	1	1	4	1659	1672	119	29	0.000000	VSSOLS
2	1	329	0	0	0	2245	1630	80	77	-1	
3	1	329	1	0	0	2245	1630	102	77	-1	
4	1	329	1	1	0	2245	1630	80	77	-1	
5	1	329	1	1	1	2245	1630	80	77	0.000000	irae
2	1	330	0	0	0	2751	1673	15	13	-1	
3	1	330	1	0	0	2751	1673	15	13	-1	
4	1	330	1	1	0	2751	1673	15	13	-1	
5	1	330	1	1	1	2751	1673	15	13	57.449440	a
2	1	331	0	0	0	2779	1599	234	90	-1	
3	1	331	1	0	0	2779	1599	234	90	-1	
4	1	331	1	1	0	2779	1599	234	90	-1	
5	1	331	1	1	1	2779	1599	234	90	21.886971	Ie
2	1	332	0	0	0	3014	1671	31	17	-1	
3	1	332	1	0	0	3014	1671	31	17	-1	
4	1	332	1	1	0	3014	1671	31	17	-1	
5	1	332	1	1	1	3014	1671	31	17	95.960243	48
2	1	333	0	0	0	933	1692	67	23	-1	
3	1	333	1	0	0	933	1692	67	23	-1	
4	1	333	1	1	0	933	1692	67	23	-1	
5	1	333	1	1	1	933	1702	4	13	56.133682	1
5	1	333	1	1	2	956	1692	44	23	32.581070	p-
2	1	334	0	0	0	2135	1690	224	63	-1	
3	1	334	1	0	0	2135	1690	224	63	-1	
4	1	334	1	1	0	2135	1690	224	63	-1	
5	1	334	1	1	1	2135	1708	69	33	51.640327	O]P
5	1	334	1	1	2	2242	1704	11	23	75.641907	T
5	1	334	1	1	3	2276	1690	83	63	50.441570	thio
2	1	335	0	0	0	2556	1712	56	18	-1	
3	1	335	1	0	0	2556	1712	56	18	-1	
4	1	335	1	1	0	2556	1712	56	18	-1	
5	1	335	1	1	1	2556	1712	56	18	27.542564	£136
2	1	336	0	0	0	2649	1709	101	27	-1	
3	1	336	1	0	0	2649	1709	101	27	-1	
4	1	336	1	1	0	2649	1709	101	27	-1	
5	1	336	1	1	1	2649	1718	57	18	38.568287	R134
5	1	336	1	1	2	2720	1709	30	24	76.269745	O
2	1	337	0	0	0	2134	1736	48	29	-1	
3	1	337	1	0	0	2134	1736	48	29	-1	
4	1	337	1	1	0	2134	1736	48	29	-1	
5	1	337	1	1	1	2134	1736	48	29	54.227909	Nj
2	1	338	0	0	0	2226	1750	57	29	-1	
3	1	338	1	0	0	2226	1750	57	29	-1	
4	1	338	1	1	0	2226	1750	57	29	-1	
5	1	338	1	1	1	2226	1750	57	29	4.675179	Rio
2	1	339	0	0	0	2326	1765	57	7	-1	
3	1	339	1	0	0	2326	1765	57	7	-1	
4	1	339	1	1	0	2326	1765	57	7	-1	
5	1	339	1	1	1	2326	1765	57	7	0.000000	——
2	1	340	0	0	0	2682	1742	26	5	-1	
3	1	340	1	0	0	2682	1742	26	5	-1	
4	1	340	1	1	0	2682	1742	26	5	-1	
5	1	340	1	1	1	2682	1742	26	5	0.000000	—.
2	1	341	0	0	0	2828	1731	81	14	-1	
3	1	341	1	0	0	2828	1731	81	14	-1	
4	1	341	1	1	0	2828	1731	81	14	-1	
5	1	341	1	1	1	2828	1731	81	14	77.174149	mo
5	1	341	1	1	2	2891	1726	22	28	55.828243	@
2	1	342	0	0	0	2930	1723	138	45	-1	
3	1	342	1	0	0	2930	1723	138	45	-1	
4	1	342	1	1	0	2930	1723	138	45	-1	
5	1	342	1	1	1	2930	1723	138	45	37.816017	Poems
2	1	343	0	0	0	890	1754	10	24	-1	
3	1	343	1	0	0	890	1754	10	24	-1	
4	1	343	1	1	0	890	1754	10	24	-1	
5	1	343	1	1	1	890	1754	10	24	37.508247	I
2	1	344	0	0	0	2423	1759	46	25	-1	
3	1	344	1	0	0	2423	1759	46	25	-1	
4	1	344	1	1	0	2423	1759	46	25	-1	
5	1	344	1	1	1	2423	1759	46	25	57.204124	lo
2	1	345	0	0	0	2720	1773	118	23	-1	
3	1	345	1	0	0	2720	1773	118	23	-1	
4	1	345	1	1	0	2720	1773	118	23	-1	
5	1	345	1	1	1	2720	1773	54	22	15.868637	NIE
5	1	345	1	1	2	2791	1779	47	17	0.000000	i=0
2	1	346	0	0	0	2949	1771	22	17	-1	
3	1	346	1	0	0	2949	1771	22	17	-1	
4	1	346	1	1	0	2949	1771	22	17	-1	
5	1	346	1	1	1	2949	1771	22	17	78.898178	©)
2	1	347	0	0	0	1202	1752	6	98	-1	
3	1	347	1	0	0	1202	1750	42	100	-1	
4	1	347	1	1	0	1202	1752	6	98	-1	
5	1	347	1	1	1	1202	1752	6	98	0.000000	t
2	1	348	0	0	0	1702	1809	56	5	-1	
3	1	348	1	0	0	1702	1809	56	5	-1	
4	1	348	1	1	0	1702	1809	56	5	-1	
5	1	348	1	1	1	1702	1809	56	5	24.298775	——
2	1	349	0	0	0	1794	1800	28	23	-1	
3	1	349	1	0	0	1794	1800	28	23	-1	
4	1	349	1	1	0	1794	1800	28	23	-1	
5	1	349	1	1	1	1794	1800	28	23	4.670822	eS
2	1	350	0	0	0	1908	1594	399	253	-1	
3	1	350	1	0	0	1908	1594	399	253	-1	
4	1	350	1	1	0	1908	1594	399	253	-1	
5	1	350	1	1	1	1908	1650	83	104	16.304008	ee
5	1	350	1	1	2	2008	1594	299	253	22.875847	Qe:
2	1	351	0	0	0	2313	1791	131	24	-1	
3	1	351	1	0	0	2313	1791	131	24	-1	
4	1	351	1	1	0	2313	1791	131	24	-1	
5	1	351	1	1	1	2313	1793	58	17	63.726994	rie
5	1	351	1	1	2	2422	1791	22	24	31.449982	tr
2	1	352	0	0	0	725	1840	80	14	-1	
3	1	352	1	0	0	725	1840	80	14	-1	
4	1	352	1	1	0	725	1840	80	14	-1	
5	1	352	1	1	1	725	1840	80	14	0.000000	mow
2	1	353	0	0	0	1794	1792	70	65	-1	
3	1	353	1	0	0	1794	1792	70	65	-1	
4	1	353	1	1	0	1794	1792	70	65	-1	
5	1	353	1	1	1	1794	1792	34	65	28.625275	3)
5	1	353	1	1	2	1849	1796	15	54	79.849457	|
2	1	354	0	0	0	1896	1826	5	32	-1	
3	1	354	1	0	0	1896	1826	5	32	-1	
4	1	354	1	1	0	1896	1826	5	32	-1	
5	1	354	1	1	1	1869	1803	32	55	68.312607	“|
2	1	355	0	0	0	1953	1822	13	55	-1	
3	1	355	1	0	0	1953	1822	13	55	-1	
4	1	355	1	1	0	1953	1822	13	55	-1	
5	1	355	1	1	1	1953	1822	13	55	85.317566	|
2	1	356	0	0	0	2010	1836	49	17	-1	
3	1	356	1	0	0	2010	1836	49	17	-1	
4	1	356	1	1	0	2010	1836	49	17	-1	
5	1	356	1	1	1	2010	1836	49	17	74.155411	cai
2	1	357	0	0	0	2484	1816	68	24	-1	
3	1	357	1	0	0	2484	1816	68	24	-1	
4	1	357	1	1	0	2484	1816	68	24	-1	
5	1	357	1	1	1	2484	1816	68	24	88.183632	rol
2	1	358	0	0	0	2682	1785	22	56	-1	
3	1	358	1	0	0	2682	1785	22	56	-1	
4	1	358	1	1	0	2682	1785	22	56	-1	
5	1	358	1	1	1	2682	1785	22	56	57.071667	Ic
2	1	359	0	0	0	2755	1825	55	19	-1	
3	1	359	1	0	0	2755	1825	55	19	-1	
4	1	359	1	1	0	2755	1825	55	19	-1	
5	1	359	1	1	1	2755	1825	55	19	49.990864	R02
2	1	360	0	0	0	2759	1849	29	4	-1	
3	1	360	1	0	0	2759	1849	29	4	-1	
4	1	360	1	1	0	2759	1849	29	4	-1	
5	1	360	1	1	1	2759	1849	29	4	23.762695	-_—
2	1	361	0	0	0	2865	1824	104	39	-1	
3	1	361	1	0	0	2865	1824	104	39	-1	
4	1	361	1	1	0	2865	1824	104	39	-1	
5	1	361	1	1	1	2865	1824	50	36	0.000000	IST
5	1	361	1	1	2	2922	1820	47	49	0.000000	ZO
2	1	362	0	0	0	669	1824	181	63	-1	
3	1	362	1	0	0	669	1824	181	63	-1	
4	1	362	1	1	0	669	1824	181	63	-1	
5	1	362	1	1	1	669	1824	144	57	66.301956	Sees)
5	1	362	1	1	2	845	1833	5	54	95.593117	|
2	1	363	0	0	0	981	1848	49	23	-1	
3	1	363	1	0	0	981	1848	49	23	-1	
4	1	363	1	1	0	981	1848	49	23	-1	
5	1	363	1	1	1	981	1848	49	23	52.451294	Bo
2	1	364	0	0	0	2143	1822	78	46	-1	
3	1	364	1	0	0	2143	1822	78	46	-1	
4	1	364	1	1	0	2143	1822	78	46	-1	
5	1	364	1	1	1	2143	1822	78	46	55.701584	195
2	1	365	0	0	0	2139	1868	86	18	-1	
3	1	365	1	0	0	2139	1868	86	18	-1	
4	1	365	1	1	0	2139	1868	86	18	-1	
5	1	365	1	1	1	2139	1868	86	24	32.687927	ap
2	1	366	0	0	0	2529	1847	117	24	-1	
3	1	366	1	0	0	2529	1847	117	24	-1	
4	1	366	1	1	0	2529	1847	117	24	-1	
5	1	366	1	1	1	2529	1847	117	24	4.518646	Tat
2	1	367	0	0	0	2839	1865	10	14	-1	
3	1	367	1	0	0	2839	1865	10	14	-1	
4	1	367	1	1	0	2839	1865	10	14	-1	
5	1	367	1	1	1	2839	1865	10	14	0.000000	”
2	1	368	0	0	0	704	1886	56	23	-1	
3	1	368	1	0	0	704	1886	56	23	-1	
4	1	368	1	1	0	704	1886	56	23	-1	
5	1	368	1	1	1	704	1886	56	23	64.097275	O,+
2	1	369	0	0	0	980	1848	96	52	-1	
3	1	369	1	0	0	980	1848	96	52	-1	
4	1	369	1	1	0	980	1848	96	52	-1	
5	1	369	1	1	1	980	1848	96	52	19.674042	oe
2	1	370	0	0	0	981	1895	64	24	-1	
3	1	370	1	0	0	981	1895	64	24	-1	
4	1	370	1	1	0	981	1895	64	24	-1	
5	1	370	1	1	1	981	1895	64	24	13.962952	—al
2	1	371	0	0	0	1540	1908	104	16	-1	
3	1	371	1	0	0	1540	1908	104	16	-1	
4	1	371	1	1	0	1540	1908	104	16	-1	
5	1	371	1	1	1	1540	1909	37	15	0.000000	PR
5	1	371	1	1	2	1589	1908	55	16	0.000000	SSw
2	1	372	0	0	0	1829	1885	4	21	-1	
3	1	372	1	0	0	1829	1885	4	21	-1	
4	1	372	1	1	0	1829	1885	4	21	-1	
5	1	372	1	1	1	1829	1876	4	30	76.121857	|
2	1	373	0	0	0	2435	1865	85	57	-1	
3	1	373	1	0	0	2435	1865	85	57	-1	
4	1	373	1	1	0	2435	1865	85	57	-1	
5	1	373	1	1	1	2435	1865	85	57	31.331482	¥2"
2	1	374	0	0	0	2965	1881	29	18	-1	
3	1	374	1	0	0	2965	1881	29	18	-1	
4	1	374	1	1	0	2965	1881	29	18	-1	
5	1	374	1	1	1	2965	1881	29	18	68.708992	12
2	1	375	0	0	0	1071	1904	498	63	-1	
3	1	375	1	0	0	1071	1904	498	63	-1	
4	1	375	1	1	0	1071	1904	498	63	-1	
5	1	375	1	1	1	1071	1908	173	31	0.000000	SESlSSsS
5	1	375	1	1	2	1249	1909	105	30	0.000000	SBSBS
5	1	375	1	1	3	1365	1909	34	54	32.525185	2S
5	1	375	1	1	4	1407	1904	162	63	0.000000	CELIESEE
2	1	376	0	0	0	1538	1925	105	15	-1	
3	1	376	1	0	0	1538	1925	105	15	-1	
4	1	376	1	1	0	1538	1925	105	15	-1	
5	1	376	1	1	1	1538	1925	105	15	0.000000	@n-Ooo
2	1	377	0	0	0	1649	1911	130	29	-1	
3	1	377	1	0	0	1649	1911	130	29	-1	
4	1	377	1	1	0	1649	1911	130	29	-1	
5	1	377	1	1	1	1649	1911	130	29	23.038498	SISSSE
2	1	378	0	0	0	2587	1904	54	24	-1	
3	1	378	1	0	0	2587	1904	54	24	-1	
4	1	378	1	1	0	2587	1904	54	24	-1	
5	1	378	1	1	1	2587	1911	17	14	36.035324	a
5	1	378	1	1	2	2627	1904	14	24	39.769592	1
2	1	379	0	0	0	2885	1939	71	10	-1	
3	1	379	1	0	0	2885	1939	71	10	-1	
4	1	379	1	1	0	2885	1939	71	10	-1	
5	1	379	1	1	1	2885	1939	71	10	42.431332	Cra
2	1	380	0	0	0	2888	1910	82	32	-1	
3	1	380	1	0	0	2888	1910	82	32	-1	
4	1	380	1	1	0	2888	1910	82	32	-1	
5	1	380	1	1	1	2888	1910	82	32	8.247360	21>)
2	1	381	0	0	0	2998	1884	63	56	-1	
3	1	381	1	0	0	2998	1884	63	56	-1	
4	1	381	1	1	0	2998	1884	63	56	-1	
5	1	381	1	1	1	2998	1884	63	56	54.889221	ope
2	1	382	0	0	0	663	1950	28	39	-1	
3	1	382	1	0	0	663	1950	28	39	-1	
4	1	382	1	1	0	663	1950	28	39	-1	
5	1	382	1	1	1	663	1950	28	39	33.735512	{3
2	1	383	0	0	0	705	1912	39	46	-1	
3	1	383	1	0	0	705	1912	39	46	-1	
4	1	383	1	1	0	705	1912	39	46	-1	
5	1	383	1	1	1	705	1912	39	46	42.526482	3!
2	1	384	0	0	0	749	1947	17	11	-1	
3	1	384	1	0	0	749	1947	17	11	-1	
4	1	384	1	1	0	749	1947	17	11	-1	
5	1	384	1	1	1	749	1947	17	11	55.338768	oO
2	1	385	0	0	0	877	1945	50	23	-1	
3	1	385	1	0	0	877	1945	50	23	-1	
4	1	385	1	1	0	877	1945	50	23	-1	
5	1	385	1	1	1	877	1945	50	23	44.395008	ll
2	1	386	0	0	0	1431	1960	95	4	-1	
3	1	386	1	0	0	1431	1960	95	4	-1	
4	1	386	1	1	0	1431	1960	95	4	-1	
5	1	386	1	1	1	1431	1960	95	4	24.543365	—————
2	1	387	0	0	0	1787	1961	32	3	-1	
3	1	387	1	0	0	1787	1961	32	3	-1	
4	1	387	1	1	0	1787	1961	32	3	-1	
5	1	387	1	1	1	1787	1961	32	3	56.840687	—_
2	1	388	0	0	0	1830	1822	288	144	-1	
3	1	388	1	0	0	1830	1822	288	144	-1	
4	1	388	1	1	0	1830	1822	288	144	-1	
5	1	388	1	1	1	1830	1822	288	144	35.847755	aS
2	1	389	0	0	0	2191	1938	23	22	-1	
3	1	389	1	0	0	2191	1938	23	22	-1	
4	1	389	1	1	0	2191	1938	23	22	-1	
5	1	389	1	1	1	2191	1938	23	22	79.187317	©)
2	1	390	0	0	0	2420	1916	162	56	-1	
3	1	390	1	0	0	2420	1916	162	56	-1	
4	1	390	1	1	0	2420	1916	162	56	-1	
5	1	390	1	1	1	2420	1951	28	6	63.280109	=
5	1	390	1	1	2	2497	1916	85	56	13.773232	KE
2	1	391	0	0	0	2625	1935	87	25	-1	
3	1	391	1	0	0	2625	1935	87	25	-1	
4	1	391	1	1	0	2625	1935	87	25	-1	
5	1	391	1	1	1	2625	1935	87	25	60.874596	Tale
2	1	392	0	0	0	2846	1952	79	54	-1	
3	1	392	1	0	0	2846	1952	79	54	-1	
4	1	392	1	1	0	2846	1952	79	54	-1	
5	1	392	1	1	1	2846	1952	50	54	57.789440	od
5	1	392	1	1	2	2921	1955	4	10	0.000000	)
2	1	393	0	0	0	2994	1957	59	18	-1	
3	1	393	1	0	0	2994	1957	59	18	-1	
4	1	393	1	1	0	2994	1957	59	18	-1	
5	1	393	1	1	1	2994	1957	59	18	0.000000	RWS
2	1	394	0	0	0	918	1968	45	48	-1	
3	1	394	1	0	0	918	1968	45	48	-1	
4	1	394	1	1	0	918	1968	45	48	-1	
5	1	394	1	1	1	918	1968	45	48	65.488571	oft
2	1	395	0	0	0	1074	1973	30	18	-1	
3	1	395	1	0	0	1074	1973	30	18	-1	
4	1	395	1	1	0	1074	1973	30	18	-1	
5	1	395	1	1	1	1074	1973	30	18	26.843674	Req
2	1	396	0	0	0	1157	1959	168	69	-1	
3	1	396	1	0	0	1157	1959	168	69	-1	
4	1	396	1	1	0	1157	1959	168	69	-1	
5	1	396	1	1	1	1157	1959	168	69	41.771549	_—
2	1	397	0	0	0	650	1987	56	38	-1	
3	1	397	1	0	0	650	1987	56	38	-1	
4	1	397	1	1	0	650	1987	56	38	-1	
5	1	397	1	1	1	650	1983	56	42	32.657867	phe
2	1	398	0	0	0	709	1979	145	55	-1	
3	1	398	1	0	0	709	1979	145	55	-1	
4	1	398	1	1	0	709	1979	145	55	-1	
5	1	398	1	1	1	709	1979	145	55	25.174629	ge
2	1	399	0	0	0	738	2007	247	45	-1	
3	1	399	1	0	0	738	2007	247	45	-1	
4	1	399	1	1	0	738	2007	247	45	-1	
5	1	399	1	1	1	738	2023	99	29	1.025085	OVO
5	1	399	1	1	2	866	2007	87	30	20.864227	BUT
5	1	399	1	1	3	960	2009	25	33	6.657806	'S
2	1	400	0	0	0	1330	2033	37	4	-1	
3	1	400	1	0	0	1330	2033	37	4	-1	
4	1	400	1	1	0	1330	2033	37	4	-1	
5	1	400	1	1	1	1330	2033	37	4	50.882675	--
2	1	401	0	0	0	1907	2010	59	7	-1	
3	1	401	1	0	0	1907	2010	59	7	-1	
4	1	401	1	1	0	1907	2010	59	7	-1	
5	1	401	1	1	1	1907	2010	59	7	29.882111	—_
2	1	402	0	0	0	718	2035	33	24	-1	
3	1	402	1	0	0	718	2035	33	24	-1	
4	1	402	1	1	0	718	2035	33	24	-1	
5	1	402	1	1	1	718	2026	33	33	10.396843	We
2	1	403	0	0	0	899	2049	40	5	-1	
3	1	403	1	0	0	899	2049	40	5	-1	
4	1	403	1	1	0	899	2049	40	5	-1	
5	1	403	1	1	1	899	2049	14	5	65.445618	—
5	1	403	1	1	2	926	2050	13	2	41.083664	=
2	1	404	0	0	0	968	2033	251	32	-1	
3	1	404	1	0	0	968	2033	251	32	-1	
4	1	404	1	1	0	968	2033	251	32	-1	
5	1	404	1	1	1	968	2053	17	12	0.000000	h®
5	1	404	1	1	2	1001	2047	118	18	52.369171	OBNDA
5	1	404	1	1	3	1129	2033	64	28	66.158966	bur
5	1	404	1	1	4	1209	2052	10	5	60.574375	-
2	1	405	0	0	0	993	2032	139	20	-1	
3	1	405	1	0	0	993	2032	139	20	-1	
4	1	405	1	1	0	993	2032	139	20	-1	
5	1	405	1	1	1	993	2019	37	37	40.374260	Ne
5	1	405	1	1	2	1038	2033	94	3	0.000000	titaeee
2	1	406	0	0	0	1279	2033	474	52	-1	
3	1	406	1	0	0	1279	2033	474	52	-1	
4	1	406	1	1	0	1279	2033	474	52	-1	
5	1	406	1	1	1	1279	2033	219	48	0.000000	Beraasun-
5	1	406	1	1	2	1508	2033	32	52	18.940506	‘5
5	1	406	1	1	3	1547	2051	17	13	14.678986	©
5	1	406	1	1	4	1574	2051	27	13	14.678986	@-
5	1	406	1	1	5	1605	2033	148	30	1.734581	TTTITT
2	1	407	0	0	0	1786	2056	9	13	-1	
3	1	407	1	0	0	1786	2056	9	13	-1	
4	1	407	1	1	0	1786	2056	9	13	-1	
5	1	407	1	1	1	1786	2056	9	13	92.648804	+
2	1	408	0	0	0	2421	2006	146	56	-1	
3	1	408	1	0	0	2421	2006	146	56	-1	
4	1	408	1	1	0	2421	2006	146	56	-1	
5	1	408	1	1	1	2421	2006	61	52	42.523605	os
5	1	408	1	1	2	2497	2029	70	33	49.297504	Cy
2	1	409	0	0	0	2575	2023	86	35	-1	
3	1	409	1	0	0	2575	2023	86	35	-1	
4	1	409	1	1	0	2575	2023	86	35	-1	
5	1	409	1	1	1	2575	2033	47	25	49.036514	oyn
5	1	409	1	1	2	2632	2023	29	32	37.448677	12
2	1	410	0	0	0	2921	2016	42	68	-1	
3	1	410	1	0	0	2921	2016	42	68	-1	
4	1	410	1	1	0	2921	2016	42	68	-1	
5	1	410	1	1	1	2921	2016	42	68	10.119789	ee
2	1	411	0	0	0	718	2063	75	13	-1	
3	1	411	1	0	0	718	2063	75	13	-1	
4	1	411	1	1	0	718	2063	75	13	-1	
5	1	411	1	1	1	718	2063	75	13	60.666569	Se
2	1	412	0	0	0	993	2059	111	20	-1	
3	1	412	1	0	0	993	2059	111	20	-1	
4	1	412	1	1	0	993	2059	111	20	-1	
5	1	412	1	1	1	993	2059	111	20	0.000000	Cc=c=
2	1	413	0	0	0	1221	2090	5	12	-1	
3	1	413	1	0	0	1221	2090	5	12	-1	
4	1	413	1	1	0	1221	2090	5	12	-1	
5	1	413	1	1	1	1221	2090	5	12	78.604240	'
2	1	414	0	0	0	1233	2058	54	22	-1	
3	1	414	1	0	0	1233	2058	54	22	-1	
4	1	414	1	1	0	1233	2058	54	22	-1	
5	1	414	1	1	1	1233	2051	54	29	39.396919	ou
2	1	415	0	0	0	1377	2077	37	4	-1	
3	1	415	1	0	0	1377	2077	37	4	-1	
4	1	415	1	1	0	1377	2077	37	4	-1	
5	1	415	1	1	1	1377	2077	37	4	0.000000	~S
2	1	416	0	0	0	1443	2078	10	2	-1	
3	1	416	1	0	0	1443	2078	10	2	-1	
4	1	416	1	1	0	1443	2078	10	2	-1	
5	1	416	1	1	1	1443	2078	10	2	10.277969	A
2	1	417	0	0	0	1602	2077	12	4	-1	
3	1	417	1	0	0	1602	2077	12	4	-1	
4	1	417	1	1	0	1602	2077	12	4	-1	
5	1	417	1	1	1	1602	2077	12	4	73.470390	-
2	1	418	0	0	0	1667	2077	17	5	-1	
3	1	418	1	0	0	1667	2077	17	5	-1	
4	1	418	1	1	0	1667	2077	17	5	-1	
5	1	418	1	1	1	1667	2077	17	5	76.395523	-
2	1	419	0	0	0	1728	2055	73	45	-1	
3	1	419	1	0	0	1728	2055	73	45	-1	
4	1	419	1	1	0	1728	2055	73	45	-1	
5	1	419	1	1	1	1728	2055	73	45	39.563770	~46
2	1	420	0	0	0	2456	2032	239	83	-1	
3	1	420	1	0	0	2456	2032	239	83	-1	
4	1	420	1	1	0	2456	2032	239	83	-1	
5	1	420	1	1	1	2456	2047	30	68	66.406555	oh
5	1	420	1	1	2	2503	2053	36	58	40.828457	T-
5	1	420	1	1	3	2554	2032	141	70	0.000000	tyjoteks
2	1	421	0	0	0	2670	2021	103	58	-1	
3	1	421	1	0	0	2670	2021	103	58	-1	
4	1	421	1	1	0	2670	2021	103	58	-1	
5	1	421	1	1	1	2670	2021	103	58	60.324539	Crd
2	1	422	0	0	0	821	2088	185	29	-1	
3	1	422	1	0	0	821	2088	185	29	-1	
4	1	422	1	1	0	821	2088	185	29	-1	
5	1	422	1	1	1	821	2088	26	21	46.587811	$
5	1	422	1	1	2	933	2071	73	46	0.000000	5
2	1	423	0	0	0	1221	2109	19	14	-1	
3	1	423	1	0	0	1221	2109	19	14	-1	
4	1	423	1	1	0	1221	2109	19	14	-1	
5	1	423	1	1	1	1221	2109	19	14	66.155235	te
2	1	424	0	0	0	1852	2045	61	71	-1	
3	1	424	1	0	0	1852	2045	61	71	-1	
4	1	424	1	1	0	1852	2045	61	71	-1	
5	1	424	1	1	1	1852	2045	61	71	0.000000	:
2	1	425	0	0	0	1183	2089	18	57	-1	
3	1	425	1	0	0	1183	2089	18	57	-1	
4	1	425	1	1	0	1183	2089	18	57	-1	
5	1	425	1	1	1	1183	2089	18	57	0.000000	"
2	1	426	0	0	0	1220	2130	6	16	-1	
3	1	426	1	0	0	1220	2130	6	16	-1	
4	1	426	1	1	0	1220	2130	6	16	-1	
5	1	426	1	1	1	1220	2130	6	16	75.353394	‘
2	1	427	0	0	0	2504	2099	17	51	-1	
3	1	427	1	0	0	2504	2099	17	51	-1	
4	1	427	1	1	0	2504	2099	17	51	-1	
5	1	427	1	1	1	2504	2099	17	51	0.000000	r
2	1	428	0	0	0	705	2480	140	33	-1	
3	1	428	1	0	0	705	2480	140	33	-1	
4	1	428	1	1	0	705	2480	140	33	-1	
5	1	428	1	1	1	705	2480	53	33	23.016312	LP
5	1	428	1	1	2	780	2496	65	16	78.223495	reac
2	1	429	0	0	0	1512	2498	9	11	-1	
3	1	429	1	0	0	1512	2498	9	11	-1	
4	1	429	1	1	0	1512	2498	9	11	-1	
5	1	429	1	1	1	1512	2498	9	11	72.068100	+
2	1	430	0	0	0	1253	2518	5	9	-1	
3	1	430	1	0	0	1253	2518	18	12	-1	
4	1	430	1	1	0	1253	2518	5	9	-1	
5	1	430	1	1	1	1253	2518	5	9	31.957901	>
2	1	431	0	0	0	2362	2527	17	10	-1	
3	1	431	1	0	0	2362	2527	17	10	-1	
4	1	431	1	1	0	2362	2527	17	10	-1	
5	1	431	1	1	1	2362	2527	17	10	44.202190	a
2	1	432	0	0	0	1254	2549	19	25	-1	
3	1	432	1	0	0	1254	2549	19	25	-1	
4	1	432	1	1	0	1254	2549	19	25	-1	
5	1	432	1	1	1	1254	2534	19	40	25.894669	&
2	1	433	0	0	0	1269	2570	41	30	-1	
3	1	433	1	0	0	1269	2570	41	30	-1	
4	1	433	1	1	0	1269	2570	41	30	-1	
5	1	433	1	1	1	1269	2570	41	30	49.616718	LS
2	1	434	0	0	0	1568	2544	59	40	-1	
3	1	434	1	0	0	1568	2544	59	40	-1	
4	1	434	1	1	0	1568	2544	59	40	-1	
5	1	434	1	1	1	1568	2544	59	40	50.242958	ae)
2	1	435	0	0	0	2316	2536	37	30	-1	
3	1	435	1	0	0	2316	2536	37	30	-1	
4	1	435	1	1	0	2316	2536	37	30	-1	
5	1	435	1	1	1	2316	2536	37	30	85.097984	O
2	1	436	0	0	0	3014	2542	35	16	-1	
3	1	436	1	0	0	3014	2542	35	16	-1	
4	1	436	1	1	0	3014	2542	35	16	-1	
5	1	436	1	1	1	3014	2542	35	16	89.422653	19
2	1	437	0	0	0	735	2570	144	17	-1	
3	1	437	1	0	0	735	2570	144	17	-1	
4	1	437	1	1	0	735	2570	144	17	-1	
5	1	437	1	1	1	735	2570	144	17	13.067703	whranr
2	1	438	0	0	0	1269	2570	90	32	-1	
3	1	438	1	0	0	1269	2570	90	32	-1	
4	1	438	1	1	0	1269	2570	90	32	-1	
5	1	438	1	1	1	1269	2570	90	32	40.971786	18/3
2	1	439	0	0	0	1331	2571	4	20	-1	
3	1	439	1	0	0	1331	2571	4	20	-1	
4	1	439	1	1	0	1331	2571	4	20	-1	
5	1	439	1	1	1	1331	2571	4	20	88.425278	!
2	1	440	0	0	0	1856	2574	18	12	-1	
3	1	440	1	0	0	1856	2574	18	12	-1	
4	1	440	1	1	0	1856	2574	18	12	-1	
5	1	440	1	1	1	1856	2574	18	12	51.917263	ed
2	1	441	0	0	0	2242	2541	47	63	-1	
3	1	441	1	0	0	2242	2541	47	63	-1	
4	1	441	1	1	0	2242	2541	47	63	-1	
5	1	441	1	1	1	2242	2541	47	63	57.899319	¥8
2	1	442	0	0	0	2832	2571	23	30	-1	
3	1	442	1	0	0	2832	2571	23	30	-1	
4	1	442	1	1	0	2832	2571	23	30	-1	
5	1	442	1	1	1	2832	2571	23	30	48.161232	1!
2	1	443	0	0	0	954	2639	117	5	-1	
3	1	443	1	0	0	954	2639	117	5	-1	
4	1	443	1	1	0	954	2639	117	5	-1	
5	1	443	1	1	1	954	2639	117	5	57.097393	—
2	1	444	0	0	0	990	2567	212	77	-1	
3	1	444	1	0	0	990	2567	212	77	-1	
4	1	444	1	1	0	990	2567	212	77	-1	
5	1	444	1	1	1	990	2569	80	20	5.280624	os
5	1	444	1	1	2	1109	2567	93	77	20.514183	Ste
2	1	445	0	0	0	1009	2622	11	16	-1	
3	1	445	1	0	0	1009	2622	11	16	-1	
4	1	445	1	1	0	1009	2622	11	16	-1	
5	1	445	1	1	1	1009	2622	11	16	81.694809	J
2	1	446	0	0	0	1266	2602	94	29	-1	
3	1	446	1	0	0	1266	2602	94	29	-1	
4	1	446	1	1	0	1266	2602	94	29	-1	
5	1	446	1	1	1	1266	2602	94	29	17.011688	Tels
2	1	447	0	0	0	2342	2634	37	11	-1	
3	1	447	1	0	0	2342	2634	37	11	-1	
4	1	447	1	1	0	2342	2634	37	11	-1	
5	1	447	1	1	1	2342	2634	37	11	30.668587	Va
2	1	448	0	0	0	2994	2640	25	15	-1	
3	1	448	1	0	0	2994	2640	25	15	-1	
4	1	448	1	1	0	2994	2640	25	15	-1	
5	1	448	1	1	1	2994	2640	25	15	80.589172	in
2	1	449	0	0	0	578	2669	56	7	-1	
3	1	449	1	0	0	578	2669	56	7	-1	
4	1	449	1	1	0	578	2669	56	7	-1	
5	1	449	1	1	1	578	2669	56	7	27.935776	-+-
2	1	450	0	0	0	1191	2673	234	26	-1	
3	1	450	1	0	0	1191	2673	234	26	-1	
4	1	450	1	1	0	1191	2673	234	26	-1	
5	1	450	1	1	1	1191	2673	234	26	0.000000	S=HGEGBSS
2	1	451	0	0	0	1381	2548	212	144	-1	
3	1	451	1	0	0	1381	2548	212	144	-1	
4	1	451	1	1	0	1381	2548	212	144	-1	
5	1	451	1	1	1	1381	2548	212	144	26.209152	rae
2	1	452	0	0	0	2993	2659	25	22	-1	
3	1	452	1	0	0	2993	2659	25	22	-1	
4	1	452	1	1	0	2993	2659	25	22	-1	
5	1	452	1	1	1	2993	2659	25	22	58.328369	1c
2	1	453	0	0	0	685	2700	21	13	-1	
3	1	453	1	0	0	685	2700	21	13	-1	
4	1	453	1	1	0	685	2700	21	13	-1	
5	1	453	1	1	1	685	2700	21	13	64.198853	7
2	1	454	0	0	0	884	2703	100	42	-1	
3	1	454	1	0	0	884	2703	100	42	-1	
4	1	454	1	1	0	884	2703	100	42	-1	
5	1	454	1	1	1	884	2703	100	42	30.018906	plats
2	1	455	0	0	0	930	2722	7	11	-1	
3	1	455	1	0	0	930	2722	7	11	-1	
4	1	455	1	1	0	930	2722	7	11	-1	
5	1	455	1	1	1	930	2722	7	11	38.855762	r
2	1	456	0	0	0	1030	2708	36	23	-1	
3	1	456	1	0	0	1030	2708	36	23	-1	
4	1	456	1	1	0	1030	2708	36	23	-1	
5	1	456	1	1	1	1030	2708	36	23	30.746719	Lae
2	1	457	0	0	0	2146	2647	118	73	-1	
3	1	457	1	0	0	2146	2647	118	73	-1	
4	1	457	1	1	0	2146	2647	118	73	-1	
5	1	457	1	1	1	2146	2690	42	30	28.772041	1?
5	1	457	1	1	2	2240	2647	24	57	86.874893	¥
2	1	458	0	0	0	2331	2710	120	6	-1	
3	1	458	1	0	0	2331	2710	120	6	-1	
4	1	458	1	1	0	2331	2710	120	6	-1	
5	1	458	1	1	1	2331	2710	23	6	48.275177	—
5	1	458	1	1	2	2374	2710	77	6	31.711769	ey
2	1	459	0	0	0	2851	2686	36	20	-1	
3	1	459	1	0	0	2851	2686	36	20	-1	
4	1	459	1	1	0	2851	2686	36	20	-1	
5	1	459	1	1	1	2851	2686	36	20	42.865719	1+
2	1	460	0	0	0	2933	2703	65	15	-1	
3	1	460	1	0	0	2933	2703	65	15	-1	
4	1	460	1	1	0	2933	2703	65	15	-1	
5	1	460	1	1	1	2933	2703	65	15	33.239632	|
2	1	461	0	0	0	512	2740	22	18	-1	
3	1	461	1	0	0	512	2740	22	18	-1	
4	1	461	1	1	0	512	2740	22	18	-1	
5	1	461	1	1	1	512	2740	22	18	11.184837	>
2	1	462	0	0	0	685	2736	27	19	-1	
3	1	462	1	0	0	685	2736	27	19	-1	
4	1	462	1	1	0	685	2736	27	19	-1	
5	1	462	1	1	1	685	2736	27	19	34.490341	ha
2	1	463	0	0	0	866	2747	6	15	-1	
3	1	463	1	0	0	866	2747	6	15	-1	
4	1	463	1	1	0	866	2747	6	15	-1	
5	1	463	1	1	1	866	2747	6	15	63.625908	‘
2	1	464	0	0	0	866	2706	25	33	-1	
3	1	464	1	0	0	866	2706	25	33	-1	
4	1	464	1	1	0	866	2706	25	33	-1	
5	1	464	1	1	1	866	2706	31	45	48.750145	ls
2	1	465	0	0	0	911	2749	4	12	-1	
3	1	465	1	0	0	911	2749	4	12	-1	
4	1	465	1	1	0	911	2749	4	12	-1	
5	1	465	1	1	1	911	2749	4	12	30.563278	‘
2	1	466	0	0	0	929	2741	8	7	-1	
3	1	466	1	0	0	929	2741	8	7	-1	
4	1	466	1	1	0	929	2741	8	7	-1	
5	1	466	1	1	1	929	2741	8	7	7.804459	”
2	1	467	0	0	0	955	2750	5	13	-1	
3	1	467	1	0	0	955	2750	5	13	-1	
4	1	467	1	1	0	955	2750	5	13	-1	
5	1	467	1	1	1	955	2750	5	13	29.385391	i
2	1	468	0	0	0	1016	2736	50	28	-1	
3	1	468	1	0	0	1016	2736	50	28	-1	
4	1	468	1	1	0	1016	2736	50	28	-1	
5	1	468	1	1	1	1016	2736	50	28	4.451408	i
2	1	469	0	0	0	1105	2727	22	18	-1	
3	1	469	1	0	0	1105	2727	22	18	-1	
4	1	469	1	1	0	1105	2727	22	18	-1	
5	1	469	1	1	1	1105	2727	22	18	55.397148	ic
2	1	470	0	0	0	2138	2722	45	28	-1	
3	1	470	1	0	0	2138	2722	45	28	-1	
4	1	470	1	1	0	2138	2722	45	28	-1	
5	1	470	1	1	1	2138	2722	45	28	18.609917	nL
2	1	471	0	0	0	511	2755	17	19	-1	
3	1	471	1	0	0	511	2755	17	19	-1	
4	1	471	1	1	0	511	2755	17	19	-1	
5	1	471	1	1	1	511	2755	17	19	41.139065	C
2	1	472	0	0	0	520	2728	128	61	-1	
3	1	472	1	0	0	520	2728	128	61	-1	
4	1	472	1	1	0	520	2728	128	61	-1	
5	1	472	1	1	1	520	2728	128	61	22.617676	tit}.
2	1	473	0	0	0	1200	2778	167	15	-1	
3	1	473	1	0	0	1200	2778	167	15	-1	
4	1	473	1	1	0	1200	2778	167	15	-1	
5	1	473	1	1	1	1200	2778	167	15	4.523239	1OVDbuUN
2	1	474	0	0	0	1419	2701	204	64	-1	
3	1	474	1	0	0	1419	2701	204	64	-1	
4	1	474	1	1	0	1419	2701	204	64	-1	
5	1	474	1	1	1	1419	2626	205	139	15.983582	Ey
2	1	475	0	0	0	2978	2749	51	19	-1	
3	1	475	1	0	0	2978	2749	51	19	-1	
4	1	475	1	1	0	2978	2749	51	19	-1	
5	1	475	1	1	1	2978	2749	51	19	39.203915	ro
2	1	476	0	0	0	2287	2781	45	30	-1	
3	1	476	1	0	0	2287	2781	45	30	-1	
4	1	476	1	1	0	2287	2781	45	30	-1	
5	1	476	1	1	1	2287	2781	45	30	73.304535	Ls
2	1	477	0	0	0	2978	2780	51	24	-1	
3	1	477	1	0	0	2978	2780	51	24	-1	
4	1	477	1	1	0	2978	2780	51	24	-1	
5	1	477	1	1	1	2978	2780	51	24	21.299744	iti
2	1	478	0	0	0	3058	2768	45	30	-1	
3	1	478	1	0	0	3058	2768	45	30	-1	
4	1	478	1	1	0	3058	2768	45	30	-1	
5	1	478	1	1	1	3058	2777	5	21	64.346695	y
5	1	478	1	1	2	3092	2768	11	15	47.069061	1
2	1	479	0	0	0	768	2839	51	15	-1	
3	1	479	1	0	0	768	2839	51	15	-1	
4	1	479	1	1	0	768	2839	51	15	-1	
5	1	479	1	1	1	768	2839	51	15	64.654755	“rt
5	1	479	1	1	2	810	2834	13	28	40.531940	7
2	1	480	0	0	0	929	2839	38	11	-1	
3	1	480	1	0	0	929	2839	38	11	-1	
4	1	480	1	1	0	929	2839	38	11	-1	
5	1	480	1	1	1	929	2842	10	8	28.147858	4
2	1	481	0	0	0	975	2822	24	14	-1	
3	1	481	1	0	0	975	2822	24	14	-1	
4	1	481	1	1	0	975	2822	24	14	-1	
5	1	481	1	1	1	975	2822	24	14	28.817429	,7
2	1	482	0	0	0	1464	2829	78	15	-1	
3	1	482	1	0	0	1464	2829	78	15	-1	
4	1	482	1	1	0	1464	2829	78	15	-1	
5	1	482	1	1	1	1464	2830	16	14	82.502899	>
5	1	482	1	1	2	1491	2829	51	14	53.328552	Gt
2	1	483	0	0	0	2978	2810	29	25	-1	
3	1	483	1	0	0	2978	2810	29	25	-1	
4	1	483	1	1	0	2978	2810	29	25	-1	
5	1	483	1	1	1	2978	2810	29	25	52.796436	1
2	1	484	0	0	0	3058	2819	45	33	-1	
3	1	484	1	0	0	3058	2819	45	33	-1	
4	1	484	1	1	0	3058	2819	45	33	-1	
5	1	484	1	1	1	3058	2819	45	33	75.751892	lw,
2	1	485	0	0	0	757	2854	67	25	-1	
3	1	485	1	0	0	757	2854	67	25	-1	
4	1	485	1	1	0	757	2854	67	25	-1	
5	1	485	1	1	1	757	2854	67	25	49.491421	“TS
2	1	486	0	0	0	856	2868	25	15	-1	
3	1	486	1	0	0	856	2868	25	15	-1	
4	1	486	1	1	0	856	2868	25	15	-1	
5	1	486	1	1	1	856	2868	25	15	50.933338	hw
2	1	487	0	0	0	930	2859	48	23	-1	
3	1	487	1	0	0	930	2859	48	23	-1	
4	1	487	1	1	0	930	2859	48	23	-1	
5	1	487	1	1	1	930	2859	48	23	45.338486	Tou
2	1	488	0	0	0	1306	2837	28	23	-1	
3	1	488	1	0	0	1306	2837	28	23	-1	
4	1	488	1	1	0	1306	2837	28	23	-1	
5	1	488	1	1	1	1306	2837	28	23	73.765289	12
2	1	489	0	0	0	2978	2843	51	28	-1	
3	1	489	1	0	0	2978	2843	51	28	-1	
4	1	489	1	1	0	2978	2843	51	28	-1	
5	1	489	1	1	1	2978	2843	51	28	43.204437	pt
2	1	490	0	0	0	1261	2880	62	17	-1	
3	1	490	1	0	0	1261	2880	62	17	-1	
4	1	490	1	1	0	1261	2880	62	17	-1	
5	1	490	1	1	1	1261	2881	5	12	53.065193	1
5	1	490	1	1	2	1287	2880	36	17	65.887924	ale
2	1	491	0	0	0	1538	2887	19	13	-1	
3	1	491	1	0	0	1538	2887	19	13	-1	
4	1	491	1	1	0	1538	2887	19	13	-1	
5	1	491	1	1	1	1538	2887	19	13	36.621685	7
2	1	492	0	0	0	1581	2887	28	15	-1	
3	1	492	1	0	0	1581	2887	28	15	-1	
4	1	492	1	1	0	1581	2887	28	15	-1	
5	1	492	1	1	1	1581	2887	28	15	38.493668	res]
2	1	493	0	0	0	2534	2821	33	88	-1	
3	1	493	1	0	0	2534	2821	33	88	-1	
4	1	493	1	1	0	2534	2821	33	88	-1	
5	1	493	1	1	1	2534	2821	33	88	67.233017	i
2	1	494	0	0	0	3034	2864	28	32	-1	
3	1	494	1	0	0	3034	2864	28	32	-1	
4	1	494	1	1	0	3034	2864	28	32	-1	
5	1	494	1	1	1	3034	2864	28	32	46.379982	2\
2	1	495	0	0	0	1467	2904	97	17	-1	
3	1	495	1	0	0	1467	2904	97	17	-1	
4	1	495	1	1	0	1467	2904	97	17	-1	
5	1	495	1	1	1	1467	2904	97	17	45.071388	1D
5	1	495	1	1	2	1542	2893	26	33	23.756706	2
2	1	496	0	0	0	3017	2896	72	31	-1	
3	1	496	1	0	0	3017	2896	72	31	-1	
4	1	496	1	1	0	3017	2896	72	31	-1	
5	1	496	1	1	1	3017	2896	72	31	28.577545	5+}?
2	1	497	0	0	0	723	2941	91	33	-1	
3	1	497	1	0	0	723	2941	91	33	-1	
4	1	497	1	1	0	723	2941	91	33	-1	
5	1	497	1	1	1	723	2945	16	27	21.943253	a
5	1	497	1	1	2	785	2941	29	33	30.883682	bs
2	1	498	0	0	0	925	2935	65	32	-1	
3	1	498	1	0	0	925	2935	65	32	-1	
4	1	498	1	1	0	925	2935	65	32	-1	
5	1	498	1	1	1	925	2935	65	32	41.364437	pif
2	1	499	0	0	0	1449	2928	49	20	-1	
3	1	499	1	0	0	1449	2928	49	20	-1	
4	1	499	1	1	0	1449	2928	49	20	-1	
5	1	499	1	1	1	1449	2928	49	20	50.522667	teat
2	1	500	0	0	0	1537	2928	49	19	-1	
3	1	500	1	0	0	1537	2928	49	19	-1	
4	1	500	1	1	0	1537	2928	49	19	-1	
5	1	500	1	1	1	1537	2928	49	19	36.873016	toad
2	1	501	0	0	0	2283	2977	58	21	-1	
3	1	501	1	0	0	2283	2977	58	21	-1	
4	1	501	1	1	0	2283	2977	58	21	-1	
5	1	501	1	1	1	2283	2977	58	21	62.628254	eo
2	1	502	0	0	0	3058	2944	31	32	-1	
3	1	502	1	0	0	3058	2944	31	32	-1	
4	1	502	1	1	0	3058	2944	31	32	-1	
5	1	502	1	1	1	3058	2944	31	32	87.103966	le
2	1	503	0	0	0	560	3042	55	10	-1	
3	1	503	1	0	0	560	3042	55	10	-1	
4	1	503	1	1	0	560	3042	55	10	-1	
5	1	503	1	1	1	560	3042	55	10	51.149857	—
2	1	504	0	0	0	671	3009	95	35	-1	
3	1	504	1	0	0	671	3009	95	35	-1	
4	1	504	1	1	0	671	3009	95	35	-1	
5	1	504	1	1	1	671	3009	95	35	53.987862	Se;
2	1	505	0	0	0	922	3015	68	36	-1	
3	1	505	1	0	0	922	3015	68	36	-1	
4	1	505	1	1	0	922	3015	68	36	-1	
5	1	505	1	1	1	922	3015	68	36	51.153809	yt
2	1	506	0	0	0	1283	3041	57	5	-1	
3	1	506	1	0	0	1283	3041	57	5	-1	
4	1	506	1	1	0	1283	3041	57	5	-1	
5	1	506	1	1	1	1283	3041	57	5	33.685623	-+<
2	1	507	0	0	0	1657	3045	17	12	-1	
3	1	507	1	0	0	1657	3045	17	12	-1	
4	1	507	1	1	0	1657	3045	17	12	-1	
5	1	507	1	1	1	1657	3045	17	12	0.000000	"9
2	1	508	0	0	0	529	3084	91	15	-1	
3	1	508	1	0	0	529	3084	91	15	-1	
4	1	508	1	1	0	529	3084	91	15	-1	
5	1	508	1	1	1	529	3084	91	15	0.000000	weur
2	1	509	0	0	0	684	3083	34	27	-1	
3	1	509	1	0	0	684	3083	34	27	-1	
4	1	509	1	1	0	684	3083	34	27	-1	
5	1	509	1	1	1	684	3083	34	27	41.809753	1?
2	1	510	0	0	0	929	3101	49	15	-1	
3	1	510	1	0	0	929	3101	49	15	-1	
4	1	510	1	1	0	929	3101	49	15	-1	
5	1	510	1	1	1	929	3101	49	15	42.188091	yr
2	1	511	0	0	0	1405	3097	30	25	-1	
3	1	511	1	0	0	1405	3097	30	25	-1	
4	1	511	1	1	0	1405	3097	30	25	-1	
5	1	511	1	1	1	1405	3097	30	25	73.028679	La
2	1	512	0	0	0	2977	3094	29	23	-1	
3	1	512	1	0	0	2977	3094	29	23	-1	
4	1	512	1	1	0	2977	3094	29	23	-1	
5	1	512	1	1	1	2977	3094	29	23	34.747475	I
2	1	513	0	0	0	3037	3082	51	25	-1	
3	1	513	1	0	0	3037	3082	51	25	-1	
4	1	513	1	1	0	3037	3082	51	25	-1	
5	1	513	1	1	1	3037	3082	51	25	30.123550	al~
2	1	514	0	0	0	449	3110	40	20	-1	
3	1	514	1	0	0	449	3110	40	20	-1	
4	1	514	1	1	0	449	3110	40	20	-1	
5	1	514	1	1	1	449	3110	40	20	45.874817	Mr
2	1	515	0	0	0	572	3129	56	10	-1	
3	1	515	1	0	0	572	3129	56	10	-1	
4	1	515	1	1	0	572	3129	56	10	-1	
5	1	515	1	1	1	572	3129	56	10	14.692757	a
2	1	516	0	0	0	684	3116	34	26	-1	
3	1	516	1	0	0	684	3116	34	26	-1	
4	1	516	1	1	0	684	3116	34	26	-1	
5	1	516	1	1	1	684	3116	34	26	42.074432	i¢
2	1	517	0	0	0	754	3123	68	20	-1	
3	1	517	1	0	0	754	3123	68	20	-1	
4	1	517	1	1	0	754	3123	68	20	-1	
5	1	517	1	1	1	754	3123	68	20	12.799240	wal
2	1	518	0	0	0	778	3101	46	27	-1	
3	1	518	1	0	0	778	3101	46	27	-1	
4	1	518	1	1	0	778	3101	46	27	-1	
5	1	518	1	1	1	778	3101	46	27	37.933918	A
2	1	519	0	0	0	1384	3128	31	26	-1	
3	1	519	1	0	0	1384	3128	31	26	-1	
4	1	519	1	1	0	1384	3128	31	26	-1	
5	1	519	1	1	1	1384	3128	31	26	64.256699	of
2	1	520	0	0	0	1469	3120	15	13	-1	
3	1	520	1	0	0	1469	3120	15	13	-1	
4	1	520	1	1	0	1469	3120	15	13	-1	
5	1	520	1	1	1	1469	3120	15	13	65.845428	te
2	1	521	0	0	0	1657	3109	17	21	-1	
3	1	521	1	0	0	1657	3109	17	21	-1	
4	1	521	1	1	0	1657	3109	17	21	-1	
5	1	521	1	1	1	1657	3109	17	21	81.034683	%
2	1	522	0	0	0	3002	3126	41	19	-1	
3	1	522	1	0	0	3002	3126	41	19	-1	
4	1	522	1	1	0	3002	3126	41	19	-1	
5	1	522	1	1	1	3002	3126	41	19	52.561741	re
2	1	523	0	0	0	481	3136	42	35	-1	
3	1	523	1	0	0	481	3136	42	35	-1	
4	1	523	1	1	0	481	3136	42	35	-1	
5	1	523	1	1	1	481	3136	42	35	59.671577	+*
2	1	524	0	0	0	928	3142	49	16	-1	
3	1	524	1	0	0	928	3142	49	16	-1	
4	1	524	1	1	0	928	3142	49	16	-1	
5	1	524	1	1	1	928	3142	49	16	71.455711	tor
2	1	525	0	0	0	1261	3098	99	68	-1	
3	1	525	1	0	0	1261	3098	99	68	-1	
4	1	525	1	1	0	1261	3098	99	68	-1	
5	1	525	1	1	1	1261	3098	99	68	19.849930	HE
2	1	526	0	0	0	1657	3140	17	23	-1	
3	1	526	1	0	0	1657	3140	17	23	-1	
4	1	526	1	1	0	1657	3140	17	23	-1	
5	1	526	1	1	1	1657	3140	17	23	5.054337	rs
2	1	527	0	0	0	3044	3164	18	14	-1	
3	1	527	1	0	0	3044	3164	18	14	-1	
4	1	527	1	1	0	3044	3164	18	14	-1	
5	1	527	1	1	1	3044	3164	18	14	46.653023	al
2	1	528	0	0	0	983	3204	30	4	-1	
3	1	528	1	0	0	983	3204	30	4	-1	
4	1	528	1	1	0	983	3204	30	4	-1	
5	1	528	1	1	1	983	3204	30	4	71.490761	~<
2	1	529	0	0	0	2527	3079	40	116	-1	
3	1	529	1	0	0	2527	3079	40	116	-1	
4	1	529	1	1	0	2527	3079	40	116	-1	
5	1	529	1	1	1	2527	3079	40	116	11.488129	‘
2	1	530	0	0	0	3002	3188	25	20	-1	
3	1	530	1	0	0	3002	3188	25	20	-1	
4	1	530	1	1	0	3002	3188	25	20	-1	
5	1	530	1	1	1	3002	3188	25	20	51.315674	Ti
2	1	531	0	0	0	1098	3209	36	19	-1	
3	1	531	1	0	0	1098	3209	36	19	-1	
4	1	531	1	1	0	1098	3209	36	19	-1	
5	1	531	1	1	1	1098	3209	36	19	54.812962	i
2	1	532	0	0	0	1191	3199	177	25	-1	
3	1	532	1	0	0	1191	3199	177	25	-1	
4	1	532	1	1	0	1191	3199	177	25	-1	
5	1	532	1	1	1	1191	3199	177	25	0.000000	SBI2BGEG
2	1	533	0	0	0	2977	3223	50	18	-1	
3	1	533	1	0	0	2977	3223	50	18	-1	
4	1	533	1	1	0	2977	3223	50	18	-1	
5	1	533	1	1	1	2977	3234	13	7	13.791725	~
5	1	533	1	1	2	3012	3223	15	18	94.156670	J
2	1	534	0	0	0	465	3193	141	75	-1	
3	1	534	1	0	0	465	3193	141	75	-1	
4	1	534	1	1	0	465	3193	141	75	-1	
5	1	534	1	1	1	465	3193	141	75	22.133133	oo
2	1	535	0	0	0	616	3256	23	16	-1	
3	1	535	1	0	0	616	3256	23	16	-1	
4	1	535	1	1	0	616	3256	23	16	-1	
5	1	535	1	1	1	616	3256	23	16	76.329987	ic
2	1	536	0	0	0	664	3241	157	24	-1	
3	1	536	1	0	0	664	3241	157	24	-1	
4	1	536	1	1	0	664	3241	157	24	-1	
5	1	536	1	1	1	664	3237	63	32	40.161915	Ole
5	1	536	1	1	2	745	3237	76	32	24.643982	Axn@
2	1	537	0	0	0	847	3243	116	20	-1	
3	1	537	1	0	0	847	3243	116	20	-1	
4	1	537	1	1	0	847	3243	116	20	-1	
5	1	537	1	1	1	892	3246	71	13	38.001869	ne
2	1	538	0	0	0	1018	3245	48	28	-1	
3	1	538	1	0	0	1018	3245	48	28	-1	
4	1	538	1	1	0	1018	3245	48	28	-1	
5	1	538	1	1	1	1018	3245	48	28	70.517654	13
2	1	539	0	0	0	1080	3243	55	27	-1	
3	1	539	1	0	0	1080	3243	55	27	-1	
4	1	539	1	1	0	1080	3243	55	27	-1	
5	1	539	1	1	1	1080	3243	55	27	50.664902	“4
2	1	540	0	0	0	864	3260	55	27	-1	
3	1	540	1	0	0	864	3260	55	27	-1	
4	1	540	1	1	0	864	3260	55	27	-1	
5	1	540	1	1	1	864	3260	13	12	66.330521	>
5	1	540	1	1	2	893	3262	26	25	33.020134	1%
2	1	541	0	0	0	936	3262	27	28	-1	
3	1	541	1	0	0	936	3262	27	28	-1	
4	1	541	1	1	0	936	3262	27	28	-1	
5	1	541	1	1	1	936	3262	27	28	12.013168	ee
2	1	542	0	0	0	1950	3269	63	16	-1	
3	1	542	1	0	0	1950	3269	63	16	-1	
4	1	542	1	1	0	1950	3269	63	16	-1	
5	1	542	1	1	1	1950	3269	63	16	40.861435	oO
2	1	543	0	0	0	2182	3263	40	19	-1	
3	1	543	1	0	0	2182	3263	40	19	-1	
4	1	543	1	1	0	2182	3263	40	19	-1	
5	1	543	1	1	1	2182	3263	40	19	61.254318	822
2	1	544	0	0	0	2390	3274	27	18	-1	
3	1	544	1	0	0	2390	3274	27	18	-1	
4	1	544	1	1	0	2390	3274	27	18	-1	
5	1	544	1	1	1	2390	3274	27	18	34.120819	ho
2	1	545	0	0	0	2850	3271	148	21	-1	
3	1	545	1	0	0	2850	3271	148	21	-1	
4	1	545	1	1	0	2850	3271	148	21	-1	
5	1	545	1	1	1	2850	3271	73	21	38.754227	in|
5	1	545	1	1	2	2942	3271	56	20	32.173080	a
2	1	546	0	0	0	514	3282	27	40	-1	
3	1	546	1	0	0	514	3282	27	40	-1	
4	1	546	1	1	0	514	3282	27	40	-1	
5	1	546	1	1	1	514	3282	27	40	26.463997	\s
2	1	547	0	0	0	847	3273	116	34	-1	
3	1	547	1	0	0	847	3273	116	34	-1	
4	1	547	1	1	0	847	3273	116	34	-1	
5	1	547	1	1	1	847	3273	28	30	18.659302	IS
5	1	547	1	1	2	892	3282	24	24	54.236725	in
5	1	547	1	1	3	934	3280	29	27	46.075134	AS
2	1	548	0	0	0	1097	3304	269	24	-1	
3	1	548	1	0	0	1097	3304	269	24	-1	
4	1	548	1	1	0	1097	3304	269	24	-1	
5	1	548	1	1	1	1097	3307	6	21	0.000000	tf
5	1	548	1	1	2	1129	3304	237	23	0.000000	ijjoxQasun
2	1	549	0	0	0	1857	3309	16	10	-1	
3	1	549	1	0	0	1857	3309	16	10	-1	
4	1	549	1	1	0	1857	3309	16	10	-1	
5	1	549	1	1	1	1857	3309	16	10	77.875519	o
2	1	550	0	0	0	1956	3292	42	15	-1	
3	1	550	1	0	0	1956	3292	42	15	-1	
4	1	550	1	1	0	1956	3292	42	15	-1	
5	1	550	1	1	1	1956	3292	5	8	28.262398	‘
5	1	550	1	1	2	1984	3294	14	13	2.542664	.
2	1	551	0	0	0	2168	3283	56	29	-1	
3	1	551	1	0	0	2168	3283	56	29	-1	
4	1	551	1	1	0	2168	3283	56	29	-1	
5	1	551	1	1	1	2168	3283	56	29	18.344002	“ar
2	1	552	0	0	0	658	3302	25	36	-1	
3	1	552	1	0	0	658	3302	25	36	-1	
4	1	552	1	1	0	658	3302	25	36	-1	
5	1	552	1	1	1	658	3302	25	36	31.243355	rl
2	1	553	0	0	0	710	3342	78	14	-1	
3	1	553	1	0	0	710	3342	78	14	-1	
4	1	553	1	1	0	710	3342	78	14	-1	
5	1	553	1	1	1	710	3342	78	14	81.893265	aun
2	1	554	0	0	0	895	3347	119	12	-1	
3	1	554	1	0	0	895	3347	119	12	-1	
4	1	554	1	1	0	895	3347	119	12	-1	
5	1	554	1	1	1	895	3347	119	12	1.744827	-_——
2	1	555	0	0	0	1967	3316	62	26	-1	
3	1	555	1	0	0	1967	3316	62	26	-1	
4	1	555	1	1	0	1967	3316	62	26	-1	
5	1	555	1	1	1	1967	3316	62	26	19.385719	(etl
2	1	556	0	0	0	2085	3333	55	27	-1	
3	1	556	1	0	0	2085	3333	55	27	-1	
4	1	556	1	1	0	2085	3333	55	27	-1	
5	1	556	1	1	1	2085	3333	55	27	31.888756	Ut,
2	1	557	0	0	0	2086	3298	38	38	-1	
3	1	557	1	0	0	2086	3298	38	38	-1	
4	1	557	1	1	0	2086	3298	38	38	-1	
5	1	557	1	1	1	2086	3298	38	38	80.441437	Ly
2	1	558	0	0	0	2992	3300	27	57	-1	
3	1	558	1	0	0	2992	3300	27	57	-1	
4	1	558	1	1	0	2992	3300	27	57	-1	
5	1	558	1	1	1	2992	3300	27	57	40.954201	3
2	1	559	0	0	0	1416	3356	126	50	-1	
3	1	559	1	0	0	1416	3356	126	50	-1	
4	1	559	1	1	0	1416	3356	126	50	-1	
5	1	559	1	1	1	1416	3356	62	50	61.338730	os
5	1	559	1	1	2	1493	3364	49	17	79.243240	my
2	1	560	0	0	0	1580	3365	28	13	-1	
3	1	560	1	0	0	1580	3365	28	13	-1	
4	1	560	1	1	0	1580	3365	28	13	-1	
5	1	560	1	1	1	1580	3365	28	13	55.652714	9
2	1	561	0	0	0	2130	3356	140	16	-1	
3	1	561	1	0	0	2130	3356	140	16	-1	
4	1	561	1	1	0	2130	3356	140	16	-1	
5	1	561	1	1	1	2130	3356	42	14	0.000000	AV
5	1	561	1	1	2	2186	3356	84	16	0.000000	hun
2	1	562	0	0	0	2765	3293	73	76	-1	
3	1	562	1	0	0	2765	3293	73	76	-1	
4	1	562	1	1	0	2765	3293	73	76	-1	
5	1	562	1	1	1	2765	3293	73	76	51.068985	=.|
2	1	563	0	0	0	458	3335	177	76	-1	
3	1	563	1	0	0	458	3335	177	76	-1	
4	1	563	1	1	0	458	3335	177	76	-1	
5	1	563	1	1	1	458	3335	177	76	54.831093	G23)
5	1	563	1	1	2	595	3330	40	94	73.131958	|.
2	1	564	0	0	0	1173	3366	58	53	-1	
3	1	564	1	0	0	1173	3366	58	53	-1	
4	1	564	1	1	0	1173	3366	58	53	-1	
5	1	564	1	1	1	1173	3366	58	53	41.684307	3
2	1	565	0	0	0	1244	3396	144	28	-1	
3	1	565	1	0	0	1244	3396	144	28	-1	
4	1	565	1	1	0	1244	3396	144	28	-1	
5	1	565	1	1	1	1240	3382	20	48	15.436554	ps
5	1	565	1	1	2	1278	3406	19	12	13.016098	id
5	1	565	1	1	3	1312	3399	23	22	21.860916	Ro
2	1	566	0	0	0	1258	3364	132	31	-1	
3	1	566	1	0	0	1258	3364	132	31	-1	
4	1	566	1	1	0	1258	3364	132	31	-1	
5	1	566	1	1	1	1258	3364	132	31	0.000000	{gleta
2	1	567	0	0	0	1494	3382	69	21	-1	
3	1	567	1	0	0	1494	3382	69	21	-1	
4	1	567	1	1	0	1494	3382	69	21	-1	
5	1	567	1	1	1	1494	3382	69	21	11.864670	ie
2	1	568	0	0	0	2055	3411	29	5	-1	
3	1	568	1	0	0	2055	3411	29	5	-1	
4	1	568	1	1	0	2055	3411	29	5	-1	
5	1	568	1	1	1	2055	3411	29	5	52.587341	++
2	1	569	0	0	0	2849	3372	34	31	-1	
3	1	569	1	0	0	2849	3372	34	31	-1	
4	1	569	1	1	0	2849	3372	34	31	-1	
5	1	569	1	1	1	2849	3372	34	31	23.671173	1,
2	1	570	0	0	0	1416	3381	191	63	-1	
3	1	570	1	0	0	1416	3381	191	63	-1	
4	1	570	1	1	0	1416	3381	191	63	-1	
5	1	570	1	1	1	1416	3381	62	63	16.188904	Rie
5	1	570	1	1	2	1493	3408	15	13	65.058701	te
5	1	570	1	1	3	1537	3399	70	28	40.011173	Ae
2	1	571	0	0	0	1925	3435	29	20	-1	
3	1	571	1	0	0	1925	3435	29	20	-1	
4	1	571	1	1	0	1925	3435	29	20	-1	
5	1	571	1	1	1	1925	3435	29	20	24.443207	ft
2	1	572	0	0	0	737	3480	113	26	-1	
3	1	572	1	0	0	737	3480	113	26	-1	
4	1	572	1	1	0	737	3480	113	26	-1	
5	1	572	1	1	1	737	3480	18	26	16.241776	PR
5	1	572	1	1	2	784	3484	66	18	35.366508	R845
2	1	573	0	0	0	1925	3475	29	15	-1	
3	1	573	1	0	0	1925	3475	29	15	-1	
4	1	573	1	1	0	1925	3475	29	15	-1	
5	1	573	1	1	1	1925	3475	29	15	25.377640	to
2	1	574	0	0	0	408	3585	79	32	-1	
3	1	574	1	0	0	408	3585	79	32	-1	
4	1	574	1	1	0	408	3585	79	32	-1	
5	1	574	1	1	1	408	3585	79	32	6.003563	LO
2	1	575	0	0	0	541	3614	144	4	-1	
3	1	575	1	0	0	541	3614	144	4	-1	
4	1	575	1	1	0	541	3614	144	4	-1	
5	1	575	1	1	1	541	3614	144	4	34.594086	a
2	1	576	0	0	0	935	3617	23	3	-1	
3	1	576	1	0	0	935	3617	23	3	-1	
4	1	576	1	1	0	935	3617	23	3	-1	
5	1	576	1	1	1	935	3617	23	3	46.534389	—_
2	1	577	0	0	0	1634	3680	35	85	-1	
3	1	577	1	0	0	1634	3680	35	85	-1	
4	1	577	1	1	0	1634	3680	35	85	-1	
5	1	577	1	1	1	1634	3680	35	85	15.297394	|.
2	1	578	0	0	0	1451	3681	155	132	-1	
3	1	578	1	0	0	1451	3681	155	132	-1	
4	1	578	1	1	0	1451	3681	155	132	-1	
5	1	578	1	1	1	1451	3681	155	132	45.160221	ary
2	1	579	0	0	0	1633	3783	22	24	-1	
3	1	579	1	0	0	1633	3783	22	24	-1	
4	1	579	1	1	0	1633	3783	22	24	-1	
5	1	579	1	1	1	1633	3783	22	24	27.945030	|
2	1	580	0	0	0	1745	3773	15	31	-1	
3	1	580	1	0	0	1745	3773	15	31	-1	
4	1	580	1	1	0	1745	3773	15	31	-1	
5	1	580	1	1	1	1745	3773	15	31	8.677124	.
2	1	581	0	0	0	1739	3825	58	5	-1	
3	1	581	1	0	0	1739	3825	58	5	-1	
4	1	581	1	1	0	1739	3825	58	5	-1	
5	1	581	1	1	1	1739	3825	58	5	22.445328	——
2	1	582	0	0	0	1559	3833	58	39	-1	
3	1	582	1	0	0	1559	3833	58	39	-1	
4	1	582	1	1	0	1559	3833	58	39	-1	
5	1	582	1	1	1	1559	3833	58	39	38.701687	—-
2	1	583	0	0	0	1753	3877	40	31	-1	
3	1	583	1	0	0	1753	3877	40	31	-1	
4	1	583	1	1	0	1753	3877	40	31	-1	
5	1	583	1	1	1	1753	3877	40	31	41.550007	cB
2	1	584	0	0	0	1828	3903	66	6	-1	
3	1	584	1	0	0	1828	3903	66	6	-1	
4	1	584	1	1	0	1828	3903	66	6	-1	
5	1	584	1	1	1	1828	3903	66	6	38.050041	——_—
2	1	585	0	0	0	1544	3941	41	14	-1	
3	1	585	1	0	0	1544	3941	41	14	-1	
4	1	585	1	1	0	1544	3941	41	14	-1	
5	1	585	1	1	1	1544	3941	41	14	70.889427	Reg
2	1	586	0	0	0	1664	3877	29	65	-1	
3	1	586	1	0	0	1664	3877	29	65	-1	
4	1	586	1	1	0	1664	3877	29	65	-1	
5	1	586	1	1	1	1664	3877	29	65	92.104065	J
2	1	587	0	0	0	1700	3902	99	42	-1	
3	1	587	1	0	0	1700	3902	99	42	-1	
4	1	587	1	1	0	1700	3902	99	42	-1	
5	1	587	1	1	1	1700	3917	16	10	43.996658	©
5	1	587	1	1	2	1727	3913	13	27	56.817150	T
5	1	587	1	1	3	1762	3902	37	42	36.457932	hel
2	1	588	0	0	0	1804	3942	84	7	-1	
3	1	588	1	0	0	1804	3942	84	7	-1	
4	1	588	1	1	0	1804	3942	84	7	-1	
5	1	588	1	1	1	1804	3942	84	7	24.453201	oe
2	1	589	0	0	0	1937	3935	29	15	-1	
3	1	589	1	0	0	1937	3935	29	15	-1	
4	1	589	1	1	0	1937	3935	29	15	-1	
5	1	589	1	1	1	1937	3935	29	15	32.560074	1D
2	1	590	0	0	0	1463	3947	50	23	-1	
3	1	590	1	0	0	1463	3947	50	23	-1	
4	1	590	1	1	0	1463	3947	50	23	-1	
5	1	590	1	1	1	1463	3947	50	23	54.504196	i
2	1	591	0	0	0	1734	3961	65	31	-1	
3	1	591	1	0	0	1734	3961	65	31	-1	
4	1	591	1	1	0	1734	3961	65	31	-1	
5	1	591	1	1	1	1734	3961	65	31	25.662094	~,
5	1	591	1	1	2	1785	3946	18	51	63.838268	1
2	1	592	0	0	0	1935	3958	30	11	-1	
3	1	592	1	0	0	1935	3958	30	11	-1	
4	1	592	1	1	0	1935	3958	30	11	-1	
5	1	592	1	1	1	1935	3958	30	11	61.573586	_
2	1	593	0	0	0	1502	3986	106	20	-1	
3	1	593	1	0	0	1502	3986	106	20	-1	
4	1	593	1	1	0	1502	3986	106	20	-1	
5	1	593	1	1	1	1502	3986	106	20	29.284546	ae
2	1	594	0	0	0	1473	4021	45	20	-1	
3	1	594	1	0	0	1473	4021	45	20	-1	
4	1	594	1	1	0	1473	4021	45	20	-1	
5	1	594	1	1	1	1473	4021	45	20	38.017101	me
2	1	595	0	0	0	1676	4019	19	11	-1	
3	1	595	1	0	0	1676	4019	19	11	-1	
4	1	595	1	1	0	1676	4019	19	11	-1	
5	1	595	1	1	1	1676	4019	19	11	28.846085	ae
2	1	596	0	0	0	1767	3997	30	28	-1	
3	1	596	1	0	0	1767	3997	30	28	-1	
4	1	596	1	1	0	1767	3997	30	28	-1	
5	1	596	1	1	1	1767	3997	30	28	68.433998	ly!
2	1	597	0	0	0	2003	4016	13	13	-1	
3	1	597	1	0	0	2003	4016	13	13	-1	
4	1	597	1	1	0	2003	4016	13	13	-1	
5	1	597	1	1	1	2003	4016	13	13	69.837646	n
2	1	598	0	0	0	1472	4050	47	22	-1	
3	1	598	1	0	0	1472	4050	47	22	-1	
4	1	598	1	1	0	1472	4050	47	22	-1	
5	1	598	1	1	1	1472	4050	47	22	50.393379	Iwh
2	1	599	0	0	0	1765	4030	33	25	-1	
3	1	599	1	0	0	1765	4030	33	25	-1	
4	1	599	1	1	0	1765	4030	33	25	-1	
5	1	599	1	1	1	1765	4030	33	25	14.056404	a)
2	1	600	0	0	0	1473	4082	53	20	-1	
3	1	600	1	0	0	1473	4082	53	20	-1	
4	1	600	1	1	0	1473	4082	53	20	-1	
5	1	600	1	1	1	1473	4082	53	20	0.000000	1a
2	1	601	0	0	0	1573	4018	60	87	-1	
3	1	601	1	0	0	1573	4018	60	87	-1	
4	1	601	1	1	0	1573	4018	60	87	-1	
5	1	601	1	1	1	1573	4018	60	87	45.617657	A
2	1	602	0	0	0	1652	4056	103	51	-1	
3	1	602	1	0	0	1652	4056	103	51	-1	
4	1	602	1	1	0	1652	4056	103	51	-1	
5	1	602	1	1	1	1652	4056	103	51	50.837708	reel
2	1	603	0	0	0	1765	4057	32	30	-1	
3	1	603	1	0	0	1765	4057	32	30	-1	
4	1	603	1	1	0	1765	4057	32	30	-1	
5	1	603	1	1	1	1765	4057	32	30	48.734024	dl
2	1	604	0	0	0	1472	4109	45	26	-1	
3	1	604	1	0	0	1472	4109	45	26	-1	
4	1	604	1	1	0	1472	4109	45	26	-1	
5	1	604	1	1	1	1472	4109	45	26	38.265373	Ay
2	1	605	0	0	0	1555	4109	22	28	-1	
3	1	605	1	0	0	1555	4109	22	28	-1	
4	1	605	1	1	0	1555	4109	22	28	-1	
5	1	605	1	1	1	1555	4109	22	28	63.315956	jt
2	1	606	0	0	0	1695	4125	74	5	-1	
3	1	606	1	0	0	1695	4125	74	5	-1	
4	1	606	1	1	0	1695	4125	74	5	-1	
5	1	606	1	1	1	1695	4125	74	5	0.000000	—e)
2	1	607	0	0	0	3116	4096	90	27	-1	
3	1	607	1	0	0	3116	4096	90	27	-1	
4	1	607	1	1	0	3116	4096	90	27	-1	
5	1	607	1	1	1	3116	4096	90	27	47.069595	uD
2	1	608	0	0	0	1279	4151	9	3	-1	
3	1	608	1	0	0	1279	4151	9	3	-1	
4	1	608	1	1	0	1279	4151	9	3	-1	
5	1	608	1	1	1	1279	4151	9	3	77.539627	=
2	1	609	0	0	0	1409	4151	8	3	-1	
3	1	609	1	0	0	1409	4151	8	3	-1	
4	1	609	1	1	0	1409	4151	8	3	-1	
5	1	609	1	1	1	1409	4151	8	3	59.527016	-
2	1	610	0	0	0	1493	4142	36	4	-1	
3	1	610	1	0	0	1493	4142	36	4	-1	
4	1	610	1	1	0	1493	4142	36	4	-1	
5	1	610	1	1	1	1493	4142	36	4	12.649399	—
2	1	611	0	0	0	1519	4149	52	5	-1	
3	1	611	1	0	0	1519	4149	52	5	-1	
4	1	611	1	1	0	1519	4149	52	5	-1	
5	1	611	1	1	1	1519	4149	52	5	18.556206	=
2	1	612	0	0	0	1805	4117	158	42	-1	
3	1	612	1	0	0	1805	4117	158	42	-1	
4	1	612	1	1	0	1805	4117	158	42	-1	
5	1	612	1	1	1	1801	4113	105	63	4.541161	mig
5	1	612	1	1	2	1916	4117	47	42	4.541161	ls
2	1	613	0	0	0	3112	4129	93	39	-1	
3	1	613	1	0	0	3112	4129	93	39	-1	
4	1	613	1	1	0	3112	4129	93	39	-1	
5	1	613	1	1	1	3112	4129	93	39	84.403038	om
2	1	614	0	0	0	1565	4172	54	19	-1	
3	1	614	1	0	0	1565	4172	54	19	-1	
4	1	614	1	1	0	1565	4172	54	19	-1	
5	1	614	1	1	1	1565	4172	54	19	44.485825	R892
2	1	615	0	0	0	1725	4163	171	33	-1	
3	1	615	1	0	0	1725	4163	171	33	-1	
4	1	615	1	1	0	1725	4163	171	33	-1	
5	1	615	1	1	1	1725	4164	44	32	72.083527	Lop-
5	1	615	1	1	2	1792	4163	104	9	12.637482	>>
2	1	616	0	0	0	1687	4165	27	67	-1	
3	1	616	1	0	0	1687	4165	27	67	-1	
4	1	616	1	1	0	1687	4165	27	67	-1	
5	1	616	1	1	1	1687	4165	27	67	22.079231	i
2	1	617	0	0	0	1727	4200	41	30	-1	
3	1	617	1	0	0	1727	4200	41	30	-1	
4	1	617	1	1	0	1727	4200	41	30	-1	
5	1	617	1	1	1	1727	4200	41	30	88.845428	Ts
2	1	618	0	0	0	2850	4167	25	60	-1	
3	1	618	1	0	0	2850	4167	25	60	-1	
4	1	618	1	1	0	2850	4167	25	60	-1	
5	1	618	1	1	1	2850	4167	25	60	74.565933	i
2	1	619	0	0	0	3112	4186	89	41	-1	
3	1	619	1	0	0	3112	4186	89	41	-1	
4	1	619	1	1	0	3112	4186	89	41	-1	
5	1	619	1	1	1	3112	4186	89	41	93.413200	De
2	1	620	0	0	0	2793	4342	145	20	-1	
3	1	620	1	0	0	2793	4342	145	20	-1	
4	1	620	1	1	0	2793	4342	145	20	-1	
5	1	620	1	1	1	2793	4342	145	20	0.000000	“a+
2	1	621	0	0	0	2820	4358	145	30	-1	
3	1	621	1	0	0	2820	4358	145	30	-1	
4	1	621	1	1	0	2820	4358	145	30	-1	
5	1	621	1	1	1	2820	4358	69	15	58.958672	“nw
5	1	621	1	1	2	2899	4358	66	30	0.000000	oo@
2	1	622	0	0	0	2867	4385	46	3	-1	
3	1	622	1	0	0	2867	4385	46	3	-1	
4	1	622	1	1	0	2867	4385	46	3	-1	
5	1	622	1	1	1	2863	4369	12	28	42.087440	>
5	1	622	1	1	2	2867	4385	46	3	41.598469	pas
2	1	623	0	0	0	2273	4969	118	3	-1	
3	1	623	1	0	0	2273	4969	118	3	-1	
4	1	623	1	1	0	2273	4969	118	3	-1	
5	1	623	1	1	1	2273	4969	118	3	23.487328	———
2	1	624	0	0	0	537	4982	94	30	-1	
3	1	624	1	0	0	537	4982	94	30	-1	
4	1	624	1	1	0	537	4982	94	30	-1	
5	1	624	1	1	1	537	4982	94	30	0.000000	Cz
2	1	625	0	0	0	1922	4959	63	39	-1	
3	1	625	1	0	0	1922	4959	63	39	-1	
4	1	625	1	1	0	1922	4959	63	39	-1	
5	1	625	1	1	1	1922	4959	63	39	35.618607	@©e
2	1	626	0	0	0	2050	4967	52	34	-1	
3	1	626	1	0	0	2050	4967	52	34	-1	
4	1	626	1	1	0	2050	4967	52	34	-1	
5	1	626	1	1	1	2050	4967	52	34	49.237766	or
2	1	627	0	0	0	538	5015	36	24	-1	
3	1	627	1	0	0	538	5015	36	24	-1	
4	1	627	1	1	0	538	5015	36	24	-1	
5	1	627	1	1	1	538	5015	36	24	11.252502	eS
2	1	628	0	0	0	620	5020	60	3	-1	
3	1	628	1	0	0	620	5020	60	3	-1	
4	1	628	1	1	0	620	5020	60	3	-1	
5	1	628	1	1	1	620	5020	60	3	33.772766	—
2	1	629	0	0	0	1229	5017	56	18	-1	
3	1	629	1	0	0	1229	5017	56	18	-1	
4	1	629	1	1	0	1229	5017	56	18	-1	
5	1	629	1	1	1	1229	5017	56	18	43.485428	a
5	1	629	1	1	2	1280	5013	9	33	73.400085	|
2	1	630	0	0	0	2050	4997	36	21	-1	
3	1	630	1	0	0	2050	4997	36	21	-1	
4	1	630	1	1	0	2050	4997	36	21	-1	
5	1	630	1	1	1	2050	4995	37	23	46.635738	1G
2	1	631	0	0	0	835	5037	85	36	-1	
3	1	631	1	0	0	835	5037	85	36	-1	
4	1	631	1	1	0	835	5037	85	36	-1	
5	1	631	1	1	1	835	5037	85	36	32.903053	et
2	1	632	0	0	0	862	5005	51	44	-1	
3	1	632	1	0	0	862	5005	51	44	-1	
4	1	632	1	1	0	862	5005	51	44	-1	
5	1	632	1	1	1	862	5005	24	44	5.342361	Cy
5	1	632	1	1	2	911	5025	2	10	13.367149	!
2	1	633	0	0	0	1255	5029	43	38	-1	
3	1	633	1	0	0	1255	5029	43	38	-1	
4	1	633	1	1	0	1255	5029	43	38	-1	
5	1	633	1	1	1	1255	5029	43	38	23.627121	aK
2	1	634	0	0	0	1966	5015	64	40	-1	
3	1	634	1	0	0	1966	5015	64	40	-1	
4	1	634	1	1	0	1966	5015	64	40	-1	
5	1	634	1	1	1	1966	5015	64	40	0.000000	(@®s
2	1	635	0	0	0	2366	5006	39	3	-1	
3	1	635	1	0	0	2309	5006	96	43	-1	
4	1	635	1	1	0	2366	5006	39	3	-1	
5	1	635	1	1	1	2366	5006	39	3	13.012527	_
2	1	636	0	0	0	645	5085	24	2	-1	
3	1	636	1	0	0	645	5085	24	2	-1	
4	1	636	1	1	0	645	5085	24	2	-1	
5	1	636	1	1	1	645	5085	24	2	51.937504	hes
2	1	637	0	0	0	902	5087	47	16	-1	
3	1	637	1	0	0	902	5087	47	16	-1	
4	1	637	1	1	0	902	5087	47	16	-1	
5	1	637	1	1	1	902	5087	47	16	84.853584	+-
2	1	638	0	0	0	2049	5050	62	41	-1	
3	1	638	1	0	0	2049	5050	62	41	-1	
4	1	638	1	1	0	2049	5050	62	41	-1	
5	1	638	1	1	1	2049	5050	62	41	44.053734	1G
2	1	639	0	0	0	2620	5075	13	3	-1	
3	1	639	1	0	0	2620	5075	13	3	-1	
4	1	639	1	1	0	2620	5075	13	3	-1	
5	1	639	1	1	1	2620	5075	13	3	53.798679	=
2	1	640	0	0	0	2750	5061	53	23	-1	
3	1	640	1	0	0	2750	5061	53	23	-1	
4	1	640	1	1	0	2750	5061	53	23	-1	
5	1	640	1	1	1	2750	5061	53	23	46.504135	4
2	1	641	0	0	0	537	5066	60	46	-1	
3	1	641	1	0	0	537	5066	60	46	-1	
4	1	641	1	1	0	537	5066	60	46	-1	
5	1	641	1	1	1	537	5066	60	46	63.768852	(>
2	1	642	0	0	0	1255	5079	69	34	-1	
3	1	642	1	0	0	1255	5079	69	34	-1	
4	1	642	1	1	0	1255	5079	69	34	-1	
5	1	642	1	1	1	1255	5079	69	34	77.445488	BG
2	1	643	0	0	0	2050	5109	6	16	-1	
3	1	643	1	0	0	2050	5109	6	16	-1	
4	1	643	1	1	0	2050	5109	6	16	-1	
5	1	643	1	1	1	2050	5109	6	16	22.945206	'
2	1	644	0	0	0	784	5027	33	122	-1	
3	1	644	1	0	0	784	5027	33	122	-1	
4	1	644	1	1	0	784	5027	33	122	-1	
5	1	644	1	1	1	784	5027	33	122	10.144135	c
2	1	645	0	0	0	847	5146	35	9	-1	
3	1	645	1	0	0	847	5146	35	9	-1	
4	1	645	1	1	0	847	5146	35	9	-1	
5	1	645	1	1	1	847	5146	13	3	31.770203	a
5	1	645	1	1	2	880	5146	2	9	87.953896	|
2	1	646	0	0	0	2051	5135	4	23	-1	
3	1	646	1	0	0	2051	5135	4	23	-1	
4	1	646	1	1	0	2051	5135	4	23	-1	
5	1	646	1	1	1	2051	5135	4	23	64.293335	|
2	1	647	0	0	0	2059	5113	71	37	-1	
3	1	647	1	0	0	2059	5113	71	37	-1	
4	1	647	1	1	0	2059	5113	71	37	-1	
5	1	647	1	1	1	2059	5113	71	37	12.998726	@-
2	1	648	0	0	0	451	5121	225	60	-1	
3	1	648	1	0	0	451	5121	225	60	-1	
4	1	648	1	1	0	451	5121	225	60	-1	
5	1	648	1	1	1	451	5121	225	60	0.000000	@2(O—
2	1	649	0	0	0	845	5177	39	13	-1	
3	1	649	1	0	0	845	5177	39	13	-1	
4	1	649	1	1	0	845	5177	39	13	-1	
5	1	649	1	1	1	845	5177	39	13	70.639481	--4
2	1	650	0	0	0	1967	5127	60	40	-1	
3	1	650	1	0	0	1967	5127	60	40	-1	
4	1	650	1	1	0	1967	5127	60	40	-1	
5	1	650	1	1	1	1967	5127	60	40	52.938938	@e
2	1	651	0	0	0	2800	5168	27	20	-1	
3	1	651	1	0	0	2800	5168	27	20	-1	
4	1	651	1	1	0	2800	5168	27	20	-1	
5	1	651	1	1	1	2800	5168	27	20	45.659943	{2
2	1	652	0	0	0	1944	5185	39	36	-1	
3	1	652	1	0	0	1944	5185	39	36	-1	
4	1	652	1	1	0	1944	5185	39	36	-1	
5	1	652	1	1	1	1944	5185	39	36	41.519604	‘a
2	1	653	0	0	0	2051	5168	137	51	-1	
3	1	653	1	0	0	2051	5168	137	51	-1	
4	1	653	1	1	0	2051	5168	137	51	-1	
5	1	653	1	1	1	2051	5168	90	51	0.000000	IG}--
5	1	653	1	1	2	2156	5193	32	3	67.460777	a>
2	1	654	0	0	0	536	5190	81	38	-1	
3	1	654	1	0	0	536	5190	81	38	-1	
4	1	654	1	1	0	536	5190	81	38	-1	
5	1	654	1	1	1	536	5190	81	38	14.853348	(o-
2	1	655	0	0	0	909	5223	38	18	-1	
3	1	655	1	0	0	909	5223	38	18	-1	
4	1	655	1	1	0	909	5223	38	18	-1	
5	1	655	1	1	1	909	5223	38	18	69.138588	}-
2	1	656	0	0	0	1253	5217	72	33	-1	
3	1	656	1	0	0	1253	5217	72	33	-1	
4	1	656	1	1	0	1253	5217	72	33	-1	
5	1	656	1	1	1	1253	5217	72	33	37.510384	at)
2	1	657	0	0	0	1429	5244	17	10	-1	
3	1	657	1	0	0	1429	5244	17	10	-1	
4	1	657	1	1	0	1429	5244	17	10	-1	
5	1	657	1	1	1	1429	5244	17	10	54.644085	o
2	1	658	0	0	0	2070	5239	12	5	-1	
3	1	658	1	0	0	2070	5239	12	5	-1	
4	1	658	1	1	0	2070	5239	12	5	-1	
5	1	658	1	1	1	2070	5239	12	5	52.405872	a
2	1	659	0	0	0	1966	5242	61	40	-1	
3	1	659	1	0	0	1966	5242	61	40	-1	
4	1	659	1	1	0	1966	5242	61	40	-1	
5	1	659	1	1	1	1966	5242	61	40	52.174229	De
2	1	660	0	0	0	2051	5241	70	32	-1	
3	1	660	1	0	0	2051	5241	70	32	-1	
4	1	660	1	1	0	2051	5241	70	32	-1	
5	1	660	1	1	1	2051	5241	70	32	60.696918	1@}-
2	1	661	0	0	0	2155	5255	32	3	-1	
3	1	661	1	0	0	2155	5255	32	3	-1	
4	1	661	1	1	0	2155	5255	32	3	-1	
5	1	661	1	1	1	2155	5255	32	3	75.887199	—
2	1	662	0	0	0	452	5253	67	40	-1	
3	1	662	1	0	0	452	5253	67	40	-1	
4	1	662	1	1	0	452	5253	67	40	-1	
5	1	662	1	1	1	452	5253	67	40	74.508652	Deu
2	1	663	0	0	0	544	5247	131	47	-1	
3	1	663	1	0	0	544	5247	131	47	-1	
4	1	663	1	1	0	544	5247	131	47	-1	
5	1	663	1	1	1	544	5247	131	47	37.168823	(@®)-----
2	1	664	0	0	0	1253	5266	70	34	-1	
3	1	664	1	0	0	1253	5266	70	34	-1	
4	1	664	1	1	0	1253	5266	70	34	-1	
5	1	664	1	1	1	1253	5266	70	34	63.341766	2)
2	1	665	0	0	0	2774	5251	31	42	-1	
3	1	665	1	0	0	2774	5251	31	42	-1	
4	1	665	1	1	0	2774	5251	31	42	-1	
5	1	665	1	1	1	2774	5251	31	42	40.059029	»
2	1	666	0	0	0	911	5317	24	14	-1	
3	1	666	1	0	0	911	5317	24	14	-1	
4	1	666	1	1	0	911	5317	24	14	-1	
5	1	666	1	1	1	911	5317	24	14	23.400787	id
2	1	667	0	0	0	1921	5300	63	40	-1	
3	1	667	1	0	0	1921	5300	63	40	-1	
4	1	667	1	1	0	1921	5300	63	40	-1	
5	1	667	1	1	1	1921	5300	63	40	49.549995	@»
2	1	668	0	0	0	2051	5292	58	50	-1	
3	1	668	1	0	0	2051	5292	58	50	-1	
4	1	668	1	1	0	2051	5292	58	50	-1	
5	1	668	1	1	1	2051	5292	58	50	48.827534	i>
2	1	669	0	0	0	2732	5330	74	13	-1	
3	1	669	1	0	0	2732	5330	74	13	-1	
4	1	669	1	1	0	2732	5330	74	13	-1	
5	1	669	1	1	1	2732	5330	74	13	0.000000	-—w
2	1	670	0	0	0	413	5312	60	41	-1	
3	1	670	1	0	0	413	5312	60	41	-1	
4	1	670	1	1	0	413	5312	60	41	-1	
5	1	670	1	1	1	413	5312	60	41	45.774841	Oe
2	1	671	0	0	0	537	5312	81	43	-1	
3	1	671	1	0	0	537	5312	81	43	-1	
4	1	671	1	1	0	537	5312	81	43	-1	
5	1	671	1	1	1	537	5312	81	43	22.602905	los
2	1	672	0	0	0	1226	5333	62	22	-1	
3	1	672	1	0	0	1226	5333	62	22	-1	
4	1	672	1	1	0	1226	5333	62	22	-1	
5	1	672	1	1	1	1226	5333	62	22	48.240162	_-J
2	1	673	0	0	0	1507	5325	37	24	-1	
3	1	673	1	0	0	1507	5325	37	24	-1	
4	1	673	1	1	0	1507	5325	37	24	-1	
5	1	673	1	1	1	1507	5325	37	24	55.963249	rc
2	1	674	0	0	0	452	5366	91	32	-1	
3	1	674	1	0	0	452	5366	91	32	-1	
4	1	674	1	1	0	452	5366	91	32	-1	
5	1	674	1	1	1	452	5366	91	32	3.388214	(-"
2	1	675	0	0	0	546	5378	77	41	-1	
3	1	675	1	0	0	546	5378	77	41	-1	
4	1	675	1	1	0	546	5378	77	41	-1	
5	1	675	1	1	1	546	5378	77	41	20.453697	G)}-
2	1	676	0	0	0	1623	5395	12	28	-1	
3	1	676	1	0	0	1623	5395	12	28	-1	
4	1	676	1	1	0	1623	5395	12	28	-1	
5	1	676	1	1	1	1623	5395	12	28	30.170982	\,
2	1	677	0	0	0	2051	5355	64	51	-1	
3	1	677	1	0	0	2051	5355	64	51	-1	
4	1	677	1	1	0	2051	5355	64	51	-1	
5	1	677	1	1	1	2051	5355	64	51	55.252197	>
2	1	678	0	0	0	2310	5405	16	11	-1	
3	1	678	1	0	0	2310	5405	16	11	-1	
4	1	678	1	1	0	2310	5405	16	11	-1	
5	1	678	1	1	1	2310	5405	16	11	69.325409	it
2	1	679	0	0	0	2051	5428	51	29	-1	
3	1	679	1	0	0	2051	5428	51	29	-1	
4	1	679	1	1	0	2051	5428	51	29	-1	
5	1	679	1	1	1	2051	5428	51	29	20.477974	IC
2	1	680	0	0	0	2274	5382	26	64	-1	
3	1	680	1	0	0	2274	5382	26	64	-1	
4	1	680	1	1	0	2274	5382	26	64	-1	
5	1	680	1	1	1	2274	5382	26	64	50.681366	J
2	1	681	0	0	0	537	5435	82	40	-1	
3	1	681	1	0	0	537	5435	82	40	-1	
4	1	681	1	1	0	537	5435	82	40	-1	
5	1	681	1	1	1	537	5435	82	40	80.700081	Om
2	1	682	0	0	0	1247	5466	40	25	-1	
3	1	682	1	0	0	1247	5466	40	25	-1	
4	1	682	1	1	0	1247	5466	40	25	-1	
5	1	682	1	1	1	1247	5466	40	25	39.755512	1
2	1	683	0	0	0	1507	5462	119	32	-1	
3	1	683	1	0	0	1507	5462	119	32	-1	
4	1	683	1	1	0	1507	5462	119	32	-1	
5	1	683	1	1	1	1507	5462	43	32	0.000000	i
5	1	683	1	1	2	1587	5465	39	21	0.000000	#
2	1	684	0	0	0	2085	5482	61	3	-1	
3	1	684	1	0	0	2085	5482	61	3	-1	
4	1	684	1	1	0	2085	5482	61	3	-1	
5	1	684	1	1	1	2085	5482	61	3	36.221855	—
2	1	685	0	0	0	2358	5436	120	31	-1	
3	1	685	1	0	0	2358	5436	120	31	-1	
4	1	685	1	1	0	2358	5436	120	31	-1	
5	1	685	1	1	1	2358	5443	37	3	0.000000	—--
5	1	685	1	1	2	2423	5436	55	31	6.537819	+
2	1	686	0	0	0	2409	5470	17	13	-1	
3	1	686	1	0	0	2409	5470	17	13	-1	
4	1	686	1	1	0	2409	5470	17	13	-1	
5	1	686	1	1	1	2409	5470	17	13	0.000000	—A
2	1	687	0	0	0	2763	5450	40	24	-1	
3	1	687	1	0	0	2763	5450	40	24	-1	
4	1	687	1	1	0	2763	5450	40	24	-1	
5	1	687	1	1	1	2763	5450	40	24	16.293274	aes
5	1	687	1	1	2	2800	5446	7	41	72.098732	|
2	1	688	0	0	0	537	5469	121	29	-1	
3	1	688	1	0	0	537	5469	121	29	-1	
4	1	688	1	1	0	537	5469	121	29	-1	
5	1	688	1	1	1	533	5464	8	48	56.188271	|
2	1	689	0	0	0	2864	5513	17	12	-1	
3	1	689	1	0	0	2864	5513	17	12	-1	
4	1	689	1	1	0	2864	5513	17	12	-1	
5	1	689	1	1	1	2864	5513	17	12	61.134407	wa
2	1	690	0	0	0	1255	5525	68	40	-1	
3	1	690	1	0	0	1255	5525	68	40	-1	
4	1	690	1	1	0	1255	5525	68	40	-1	
5	1	690	1	1	1	1255	5525	68	40	42.878220	©)
2	1	691	0	0	0	1508	5509	82	59	-1	
3	1	691	1	0	0	1508	5509	82	59	-1	
4	1	691	1	1	0	1508	5509	82	59	-1	
5	1	691	1	1	1	1508	5509	82	59	0.000000	t—7
2	1	692	0	0	0	1709	5550	14	13	-1	
3	1	692	1	0	0	1709	5550	14	13	-1	
4	1	692	1	1	0	1709	5550	14	13	-1	
5	1	692	1	1	1	1709	5550	14	13	70.907104	v
2	1	693	0	0	0	2694	5558	54	6	-1	
3	1	693	1	0	0	2694	5558	54	6	-1	
4	1	693	1	1	0	2694	5558	54	6	-1	
5	1	693	1	1	1	2694	5558	54	6	68.164291	—
2	1	694	0	0	0	2751	5539	52	42	-1	
3	1	694	1	0	0	2751	5539	52	42	-1	
4	1	694	1	1	0	2751	5539	52	42	-1	
5	1	694	1	1	1	2751	5539	52	42	0.000000	@i
2	1	695	0	0	0	1257	5576	32	30	-1	
3	1	695	1	0	0	1257	5576	32	30	-1	
4	1	695	1	1	0	1257	5576	32	30	-1	
5	1	695	1	1	1	1257	5576	32	30	79.154312	RY
2	1	696	0	0	0	1370	5532	76	72	-1	
3	1	696	1	0	0	1370	5532	76	72	-1	
4	1	696	1	1	0	1370	5532	76	72	-1	
5	1	696	1	1	1	1370	5532	76	72	11.538155	Fi.
2	1	697	0	0	0	2801	5583	31	22	-1	
3	1	697	1	0	0	2801	5583	31	22	-1	
4	1	697	1	1	0	2801	5583	31	22	-1	
5	1	697	1	1	1	2801	5583	31	22	59.037224	i?
2	1	698	0	0	0	2801	5602	30	15	-1	
3	1	698	1	0	0	2801	5602	30	15	-1	
4	1	698	1	1	0	2801	5602	30	15	-1	
5	1	698	1	1	1	2801	5602	30	15	69.064804	iz
2	1	699	0	0	0	2801	5624	32	29	-1	
3	1	699	1	0	0	2801	5624	32	29	-1	
4	1	699	1	1	0	2801	5624	32	29	-1	
5	1	699	1	1	1	2801	5629	3	24	94.315247	|
5	1	699	1	1	2	2814	5624	19	13	59.204399	a
2	1	700	0	0	0	3018	5628	96	42	-1	
3	1	700	1	0	0	3018	5628	96	42	-1	
4	1	700	1	1	0	3018	5628	96	42	-1	
5	1	700	1	1	1	3018	5628	96	42	66.419632	a
2	1	701	0	0	0	1253	5661	36	27	-1	
3	1	701	1	0	0	1253	5661	36	27	-1	
4	1	701	1	1	0	1253	5661	36	27	-1	
5	1	701	1	1	1	1253	5661	36	27	37.876568	ot
2	1	702	0	0	0	1495	5622	99	77	-1	
3	1	702	1	0	0	1495	5622	99	77	-1	
4	1	702	1	1	0	1495	5622	99	77	-1	
5	1	702	1	1	1	1495	5622	99	77	37.189400	nA
2	1	703	0	0	0	1261	5711	27	17	-1	
3	1	703	1	0	0	1261	5711	27	17	-1	
4	1	703	1	1	0	1261	5711	27	17	-1	
5	1	703	1	1	1	1261	5711	27	17	82.351486	vt
2	1	704	0	0	0	1345	5718	30	7	-1	
3	1	704	1	0	0	1345	5718	30	7	-1	
4	1	704	1	1	0	1345	5718	30	7	-1	
5	1	704	1	1	1	1345	5718	30	7	78.397995	peo
2	1	705	0	0	0	2275	5720	8	3	-1	
3	1	705	1	0	0	2275	5720	8	3	-1	
4	1	705	1	1	0	2275	5720	8	3	-1	
5	1	705	1	1	1	2275	5720	8	3	58.803429	-
2	1	706	0	0	0	1254	5729	18	10	-1	
3	1	706	1	0	0	1254	5729	18	10	-1	
4	1	706	1	1	0	1254	5729	18	10	-1	
5	1	706	1	1	1	1254	5729	18	10	6.522148	ow
2	1	707	0	0	0	1357	5736	17	8	-1	
3	1	707	1	0	0	1357	5736	17	8	-1	
4	1	707	1	1	0	1357	5736	17	8	-1	
5	1	707	1	1	1	1357	5736	17	8	63.438259	~
2	1	708	0	0	0	2387	5758	21	4	-1	
3	1	708	1	0	0	2387	5758	21	4	-1	
4	1	708	1	1	0	2387	5758	21	4	-1	
5	1	708	1	1	1	2387	5758	21	4	33.385475	—_
2	1	709	0	0	0	871	5759	45	35	-1	
3	1	709	1	0	0	871	5759	45	35	-1	
4	1	709	1	1	0	871	5759	45	35	-1	
5	1	709	1	1	1	871	5770	21	28	52.503971	a
5	1	709	1	1	2	912	5759	4	30	55.573967	|
2	1	710	0	0	0	1255	5780	33	13	-1	
3	1	710	1	0	0	1255	5780	33	13	-1	
4	1	710	1	1	0	1255	5780	33	13	-1	
5	1	710	1	1	1	1255	5780	33	13	0.000000	aoe
2	1	711	0	0	0	1257	5764	29	14	-1	
3	1	711	1	0	0	1257	5764	29	14	-1	
4	1	711	1	1	0	1257	5764	29	14	-1	
5	1	711	1	1	1	1257	5764	29	14	49.206905	Vv:
2	1	712	0	0	0	1493	5726	52	59	-1	
3	1	712	1	0	0	1493	5726	52	59	-1	
4	1	712	1	1	0	1493	5726	52	59	-1	
5	1	712	1	1	1	1493	5726	52	59	1.024475	["
2	1	713	0	0	0	2047	5749	56	32	-1	
3	1	713	1	0	0	2047	5749	56	32	-1	
4	1	713	1	1	0	2047	5749	56	32	-1	
5	1	713	1	1	1	2047	5749	56	32	0.000000	[G*
2	1	714	0	0	0	2800	5737	95	41	-1	
3	1	714	1	0	0	2800	5737	95	41	-1	
4	1	714	1	1	0	2800	5737	95	41	-1	
5	1	714	1	1	1	2800	5737	7	24	57.317482	|
5	1	714	1	1	2	2845	5750	50	28	0.000000	es
2	1	715	0	0	0	2927	5748	103	33	-1	
3	1	715	1	0	0	2927	5748	103	33	-1	
4	1	715	1	1	0	2927	5748	103	33	-1	
5	1	715	1	1	1	2927	5761	52	20	0.000000	a
2	1	716	0	0	0	3100	5744	21	28	-1	
3	1	716	1	0	0	3100	5744	21	28	-1	
4	1	716	1	1	0	3100	5744	21	28	-1	
5	1	716	1	1	1	3100	5744	21	28	0.000000	Mh
2	1	717	0	0	0	532	5753	123	44	-1	
3	1	717	1	0	0	532	5753	123	44	-1	
4	1	717	1	1	0	532	5753	123	44	-1	
5	1	717	1	1	1	532	5753	123	44	0.000000	)-—
2	1	718	0	0	0	857	5799	61	11	-1	
3	1	718	1	0	0	857	5799	61	11	-1	
4	1	718	1	1	0	857	5799	61	11	-1	
5	1	718	1	1	1	857	5785	61	25	0.000000	o)-0}
2	1	719	0	0	0	2046	5794	23	25	-1	
3	1	719	1	0	0	2046	5794	23	25	-1	
4	1	719	1	1	0	2046	5794	23	25	-1	
5	1	719	1	1	1	2046	5794	23	25	26.021538	ly
2	1	720	0	0	0	2928	5810	31	9	-1	
3	1	720	1	0	0	2928	5810	31	9	-1	
4	1	720	1	1	0	2928	5810	31	9	-1	
5	1	720	1	1	1	2928	5810	31	9	17.416229	4
2	1	721	0	0	0	2927	5776	51	34	-1	
3	1	721	1	0	0	2927	5776	51	34	-1	
4	1	721	1	1	0	2927	5776	51	34	-1	
5	1	721	1	1	1	2927	5776	26	34	45.613594	val
5	1	721	1	1	2	2963	5780	15	26	54.207397	we
2	1	722	0	0	0	546	5819	49	32	-1	
3	1	722	1	0	0	546	5819	49	32	-1	
4	1	722	1	1	0	546	5819	49	32	-1	
5	1	722	1	1	1	546	5819	49	32	88.910660	(>
2	1	723	0	0	0	734	5773	116	67	-1	
3	1	723	1	0	0	734	5773	116	67	-1	
4	1	723	1	1	0	734	5773	116	67	-1	
5	1	723	1	1	1	734	5773	44	67	55.874195	qT
2	1	724	0	0	0	1359	5760	85	66	-1	
3	1	724	1	0	0	1359	5760	85	66	-1	
4	1	724	1	1	0	1359	5760	85	66	-1	
5	1	724	1	1	1	1359	5760	85	66	58.626484	i
2	1	725	0	0	0	421	5842	50	28	-1	
3	1	725	1	0	0	421	5842	50	28	-1	
4	1	725	1	1	0	421	5842	50	28	-1	
5	1	725	1	1	1	421	5842	50	28	79.849380	Tol
2	1	726	0	0	0	1935	5827	48	29	-1	
3	1	726	1	0	0	1935	5827	48	29	-1	
4	1	726	1	1	0	1935	5827	48	29	-1	
5	1	726	1	1	1	1935	5827	48	29	67.789429	Ta!
2	1	727	0	0	0	2046	5813	59	42	-1	
3	1	727	1	0	0	2046	5813	59	42	-1	
4	1	727	1	1	0	2046	5813	59	42	-1	
5	1	727	1	1	1	2046	5813	59	42	49.915306	i>
2	1	728	0	0	0	421	5875	49	24	-1	
3	1	728	1	0	0	421	5875	49	24	-1	
4	1	728	1	1	0	421	5875	49	24	-1	
5	1	728	1	1	1	421	5875	49	24	50.845772	I~]
2	1	729	0	0	0	1936	5866	48	21	-1	
3	1	729	1	0	0	1936	5866	48	21	-1	
4	1	729	1	1	0	1936	5866	48	21	-1	
5	1	729	1	1	1	1936	5866	48	21	33.615173	al
2	1	730	0	0	0	2047	5866	59	34	-1	
3	1	730	1	0	0	2047	5866	59	34	-1	
4	1	730	1	1	0	2047	5866	59	34	-1	
5	1	730	1	1	1	2047	5866	59	34	33.041054	l(a}
2	1	731	0	0	0	422	5906	50	28	-1	
3	1	731	1	0	0	422	5906	50	28	-1	
4	1	731	1	1	0	422	5906	50	28	-1	
5	1	731	1	1	1	422	5906	50	28	2.368195	\ot
2	1	732	0	0	0	534	5878	61	45	-1	
3	1	732	1	0	0	534	5878	61	45	-1	
4	1	732	1	1	0	534	5878	61	45	-1	
5	1	732	1	1	1	534	5878	61	45	31.781548	\G>
2	1	733	0	0	0	774	5887	74	31	-1	
3	1	733	1	0	0	774	5887	74	31	-1	
4	1	733	1	1	0	774	5887	74	31	-1	
5	1	733	1	1	1	774	5887	15	23	11.360771	'|
5	1	733	1	1	2	837	5887	11	31	68.104340	{
2	1	734	0	0	0	1936	5894	73	37	-1	
3	1	734	1	0	0	1936	5894	73	37	-1	
4	1	734	1	1	0	1936	5894	73	37	-1	
5	1	734	1	1	1	1936	5894	73	37	36.788754	(Sty
2	1	735	0	0	0	421	5941	51	32	-1	
3	1	735	1	0	0	421	5941	51	32	-1	
4	1	735	1	1	0	421	5941	51	32	-1	
5	1	735	1	1	1	421	5941	51	32	48.442570	lol
2	1	736	0	0	0	775	5913	14	42	-1	
3	1	736	1	0	0	775	5913	14	42	-1	
4	1	736	1	1	0	775	5913	14	42	-1	
5	1	736	1	1	1	775	5913	14	42	63.460590	|
2	1	737	0	0	0	1936	5926	49	32	-1	
3	1	737	1	0	0	1936	5926	49	32	-1	
4	1	737	1	1	0	1936	5926	49	32	-1	
5	1	737	1	1	1	1936	5926	49	32	73.740059	jal
2	1	738	0	0	0	2046	5929	59	34	-1	
3	1	738	1	0	0	2046	5929	59	34	-1	
4	1	738	1	1	0	2046	5929	59	34	-1	
5	1	738	1	1	1	2046	5929	59	34	18.126541	1G
2	1	739	0	0	0	2822	5945	44	7	-1	
3	1	739	1	0	0	2822	5945	44	7	-1	
4	1	739	1	1	0	2822	5945	44	7	-1	
5	1	739	1	1	1	2822	5945	44	7	64.548447	—
2	1	740	0	0	0	3101	5922	12	36	-1	
3	1	740	1	0	0	3101	5922	12	36	-1	
4	1	740	1	1	0	3101	5922	12	36	-1	
5	1	740	1	1	1	3101	5928	3	30	88.866905	|
5	1	740	1	1	2	3111	5922	2	23	81.853546	|
2	1	741	0	0	0	3112	5952	10	19	-1	
3	1	741	1	0	0	3112	5952	10	19	-1	
4	1	741	1	1	0	3112	5952	10	19	-1	
5	1	741	1	1	1	3112	5952	10	19	46.833771	|
2	1	742	0	0	0	533	5944	133	40	-1	
3	1	742	1	0	0	533	5944	133	40	-1	
4	1	742	1	1	0	533	5944	133	40	-1	
5	1	742	1	1	1	533	5944	133	40	0.000000	1C)>—y
2	1	743	0	0	0	862	5925	101	62	-1	
3	1	743	1	0	0	862	5925	101	62	-1	
4	1	743	1	1	0	862	5925	101	62	-1	
5	1	743	1	1	1	862	5925	101	62	46.570507	+4—
2	1	744	0	0	0	1026	5953	24	47	-1	
3	1	744	1	0	0	1026	5953	24	47	-1	
4	1	744	1	1	0	1026	5953	24	47	-1	
5	1	744	1	1	1	1026	5953	24	47	50.097637	|,
2	1	745	0	0	0	1589	5946	22	38	-1	
3	1	745	1	0	0	1589	5946	22	38	-1	
4	1	745	1	1	0	1589	5946	22	38	-1	
5	1	745	1	1	1	1589	5946	22	38	39.662746	II
2	1	746	0	0	0	1936	5964	49	23	-1	
3	1	746	1	0	0	1936	5964	49	23	-1	
4	1	746	1	1	0	1936	5964	49	23	-1	
5	1	746	1	1	1	1936	5973	3	14	26.930626	;
5	1	746	1	1	2	1951	5964	34	19	45.625656	ob
2	1	747	0	0	0	421	5978	51	32	-1	
3	1	747	1	0	0	421	5978	51	32	-1	
4	1	747	1	1	0	421	5978	51	32	-1	
5	1	747	1	1	1	421	5978	51	32	39.065380	jot
2	1	748	0	0	0	882	6016	43	15	-1	
3	1	748	1	0	0	882	6016	43	15	-1	
4	1	748	1	1	0	882	6016	43	15	-1	
5	1	748	1	1	1	882	6016	43	15	24.600403	eal
2	1	749	0	0	0	1951	5994	35	23	-1	
3	1	749	1	0	0	1951	5994	35	23	-1	
4	1	749	1	1	0	1951	5994	35	23	-1	
5	1	749	1	1	1	1951	5994	35	23	26.659668	~!
2	1	750	0	0	0	2876	6001	25	17	-1	
3	1	750	1	0	0	2876	6001	25	17	-1	
4	1	750	1	1	0	2876	6001	25	17	-1	
5	1	750	1	1	1	2876	6001	25	17	67.330566	Ci
2	1	751	0	0	0	3091	6015	39	14	-1	
3	1	751	1	0	0	3091	6015	39	14	-1	
4	1	751	1	1	0	3091	6015	39	14	-1	
5	1	751	1	1	1	3091	6015	39	14	51.867184	“Tr
2	1	752	0	0	0	434	6009	38	29	-1	
3	1	752	1	0	0	434	6009	38	29	-1	
4	1	752	1	1	0	434	6009	38	29	-1	
5	1	752	1	1	1	434	6009	38	29	45.284012	ey
2	1	753	0	0	0	534	6007	132	45	-1	
3	1	753	1	0	0	534	6007	132	45	-1	
4	1	753	1	1	0	534	6007	132	45	-1	
5	1	753	1	1	1	534	6007	132	45	19.630188	o—
2	1	754	0	0	0	1403	6027	21	27	-1	
3	1	754	1	0	0	1403	6027	21	27	-1	
4	1	754	1	1	0	1403	6027	21	27	-1	
5	1	754	1	1	1	1403	6027	21	27	0.000000	1t
2	1	755	0	0	0	1936	6026	49	26	-1	
3	1	755	1	0	0	1936	6026	49	26	-1	
4	1	755	1	1	0	1936	6026	49	26	-1	
5	1	755	1	1	1	1936	6026	49	26	59.740200	cd
2	1	756	0	0	0	2312	6034	16	26	-1	
3	1	756	1	0	0	2312	6034	16	26	-1	
4	1	756	1	1	0	2312	6034	16	26	-1	
5	1	756	1	1	1	2312	6034	16	26	43.768539	||
2	1	757	0	0	0	2862	6013	118	28	-1	
3	1	757	1	0	0	2862	6013	118	28	-1	
4	1	757	1	1	0	2862	6013	118	28	-1	
5	1	757	1	1	1	2862	6013	118	28	19.837074	ss
2	1	758	0	0	0	422	6046	50	20	-1	
3	1	758	1	0	0	422	6046	50	20	-1	
4	1	758	1	1	0	422	6046	50	20	-1	
5	1	758	1	1	1	422	6046	50	20	43.042217	oar
2	1	759	0	0	0	799	5958	51	135	-1	
3	1	759	1	0	0	799	5958	51	135	-1	
4	1	759	1	1	0	799	5958	51	135	-1	
5	1	759	1	1	1	799	5958	51	135	28.989265	l
2	1	760	0	0	0	923	6086	50	3	-1	
3	1	760	1	0	0	923	6086	50	3	-1	
4	1	760	1	1	0	923	6086	50	3	-1	
5	1	760	1	1	1	923	6086	50	3	34.454048	—
2	1	761	0	0	0	2047	6047	57	38	-1	
3	1	761	1	0	0	2047	6047	57	38	-1	
4	1	761	1	1	0	2047	6047	57	38	-1	
5	1	761	1	1	1	2047	6047	57	38	78.438400	le
2	1	762	0	0	0	534	6067	63	39	-1	
3	1	762	1	0	0	534	6067	63	39	-1	
4	1	762	1	1	0	534	6067	63	39	-1	
5	1	762	1	1	1	534	6067	63	39	79.404633	le}
2	1	763	0	0	0	2312	6072	16	28	-1	
3	1	763	1	0	0	2312	6072	16	28	-1	
4	1	763	1	1	0	2312	6072	16	28	-1	
5	1	763	1	1	1	2312	6072	16	28	2.646553	\|
2	1	764	0	0	0	2830	6086	178	42	-1	
3	1	764	1	0	0	2830	6086	178	42	-1	
4	1	764	1	1	0	2830	6086	178	42	-1	
5	1	764	1	1	1	2830	6094	34	29	57.354336	QO
5	1	764	1	1	2	2938	6086	70	42	59.842400	©
2	1	765	0	0	0	534	6138	65	35	-1	
3	1	765	1	0	0	534	6138	65	35	-1	
4	1	765	1	1	0	534	6138	65	35	-1	
5	1	765	1	1	1	534	6138	65	35	54.315010	Ir
2	1	766	0	0	0	2047	6118	55	40	-1	
3	1	766	1	0	0	2047	6118	55	40	-1	
4	1	766	1	1	0	2047	6118	55	40	-1	
5	1	766	1	1	1	2047	6118	55	40	56.976608	10;
2	1	767	0	0	0	2272	6136	56	68	-1	
3	1	767	1	0	0	2272	6136	56	68	-1	
4	1	767	1	1	0	2272	6136	56	68	-1	
5	1	767	1	1	1	2272	6136	56	68	34.285660	Ji
2	1	768	0	0	0	2952	6196	54	18	-1	
3	1	768	1	0	0	2952	6196	54	18	-1	
4	1	768	1	1	0	2952	6196	54	18	-1	
5	1	768	1	1	1	2952	6196	54	18	0.000000	-->
2	1	769	0	0	0	535	6181	59	45	-1	
3	1	769	1	0	0	535	6181	59	45	-1	
4	1	769	1	1	0	535	6181	59	45	-1	
5	1	769	1	1	1	535	6181	59	45	13.093689	iny
2	1	770	0	0	0	716	6148	48	70	-1	
3	1	770	1	0	0	716	6148	48	70	-1	
4	1	770	1	1	0	716	6148	48	70	-1	
5	1	770	1	1	1	716	6148	48	70	78.075989	d
2	1	771	0	0	0	2058	6180	43	41	-1	
3	1	771	1	0	0	2058	6180	43	41	-1	
4	1	771	1	1	0	2058	6180	43	41	-1	
5	1	771	1	1	1	2058	6180	43	41	84.344780	®
2	1	772	0	0	0	2356	6167	165	71	-1	
3	1	772	1	0	0	2356	6167	165	71	-1	
4	1	772	1	1	0	2356	6167	165	71	-1	
5	1	772	1	1	1	2356	6167	165	71	9.636612	-}+
2	1	773	0	0	0	2755	6197	138	21	-1	
3	1	773	1	0	0	2755	6197	138	21	-1	
4	1	773	1	1	0	2755	6197	138	21	-1	
5	1	773	1	1	1	2755	6197	138	21	0.000000	r-—"s
2	1	774	0	0	0	2716	6229	43	23	-1	
3	1	774	1	0	0	2716	6229	43	23	-1	
4	1	774	1	1	0	2716	6229	43	23	-1	
5	1	774	1	1	1	2716	6229	43	23	53.488106	-J
2	1	775	0	0	0	2713	6292	43	3	-1	
3	1	775	1	0	0	2713	6292	43	3	-1	
4	1	775	1	1	0	2713	6292	43	3	-1	
5	1	775	1	1	1	2713	6292	43	3	56.355858	—
2	1	776	0	0	0	1121	6325	13	13	-1	
3	1	776	1	0	0	1121	6325	13	13	-1	
4	1	776	1	1	0	1121	6325	13	13	-1	
5	1	776	1	1	1	1121	6325	13	13	81.946205	D
2	1	777	0	0	0	1320	6376	38	8	-1	
3	1	777	1	0	0	1320	6376	38	8	-1	
4	1	777	1	1	0	1320	6376	38	8	-1	
5	1	777	1	1	1	1320	6376	38	8	44.221069	_
2	1	778	0	0	0	2832	6358	51	11	-1	
3	1	778	1	0	0	2832	6358	51	11	-1	
4	1	778	1	1	0	2832	6358	51	11	-1	
5	1	778	1	1	1	2832	6358	51	11	16.625862	-—_
2	1	779	0	0	0	735	6838	107	4	-1	
3	1	779	1	0	0	735	6838	107	4	-1	
4	1	779	1	1	0	735	6838	107	4	-1	
5	1	779	1	1	1	735	6838	107	4	7.440247	———E
