level	page_num	block_num	par_num	line_num	word_num	left	top	width	height	conf	text
1	1	0	0	0	0	0	0	9055	3518	-1	
2	1	1	0	0	0	79	168	830	52	-1	
3	1	1	1	0	0	79	168	830	52	-1	
4	1	1	1	1	0	79	168	830	52	-1	
5	1	1	1	1	1	79	169	44	45	0.000000	@
5	1	1	1	1	2	153	168	407	52	93.379639	SCHEMATIC
5	1	1	1	1	3	589	169	320	51	95.642174	DIAGRAM
2	1	2	0	0	0	6096	219	50	38	-1	
3	1	2	1	0	0	6096	219	50	38	-1	
4	1	2	1	1	0	6096	219	50	38	-1	
5	1	2	1	1	1	6096	219	50	38	96.862274	10
2	1	3	0	0	0	6564	219	44	36	-1	
3	1	3	1	0	0	6564	219	44	36	-1	
4	1	3	1	1	0	6564	219	44	36	-1	
5	1	3	1	1	1	6564	219	44	36	93.249008	11
2	1	4	0	0	0	7028	219	49	36	-1	
3	1	4	1	0	0	7028	219	49	36	-1	
4	1	4	1	1	0	7028	219	49	36	-1	
5	1	4	1	1	1	7028	219	49	36	96.850166	12
2	1	5	0	0	0	7497	217	50	37	-1	
3	1	5	1	0	0	7497	217	50	37	-1	
4	1	5	1	1	0	7497	217	50	37	-1	
5	1	5	1	1	1	7497	217	50	37	96.924728	13
2	1	6	0	0	0	7977	217	49	37	-1	
3	1	6	1	0	0	7977	217	49	37	-1	
4	1	6	1	1	0	7977	217	49	37	-1	
5	1	6	1	1	1	7977	217	49	37	96.990677	14
2	1	7	0	0	0	8438	216	51	37	-1	
3	1	7	1	0	0	8438	216	51	37	-1	
4	1	7	1	1	0	8438	216	51	37	-1	
5	1	7	1	1	1	8438	216	51	37	95.130875	15
2	1	8	0	0	0	8894	214	50	37	-1	
3	1	8	1	0	0	8894	214	50	37	-1	
4	1	8	1	1	0	8894	214	50	37	-1	
5	1	8	1	1	1	8894	214	50	37	96.995979	16
2	1	9	0	0	0	80	280	1239	28	-1	
3	1	9	1	0	0	80	280	1239	28	-1	
4	1	9	1	1	0	80	280	1239	28	-1	
5	1	9	1	1	1	80	280	67	28	95.851265	(This
5	1	9	1	1	2	165	280	138	22	95.143875	schematic
5	1	9	1	1	3	322	280	108	28	96.137131	diagram
5	1	9	1	1	4	451	285	55	22	96.137131	may
5	1	9	1	1	5	525	280	31	22	96.936562	be
5	1	9	1	1	6	575	280	117	22	95.907249	modified
5	1	9	1	1	7	710	282	24	20	96.459160	at
5	1	9	1	1	8	752	286	48	21	96.459160	any
5	1	9	1	1	9	819	282	58	20	96.853355	time
5	1	9	1	1	10	895	281	55	21	96.456314	with
5	1	9	1	1	11	969	281	41	22	96.333412	the
5	1	9	1	1	12	1029	281	174	27	96.333412	development
5	1	9	1	1	13	1222	281	25	22	96.783371	of
5	1	9	1	1	14	1266	287	53	16	96.783371	new
2	1	10	0	0	0	78	309	169	63	-1	
3	1	10	1	0	0	78	309	169	63	-1	
4	1	10	1	1	0	78	309	169	63	-1	
5	1	10	1	1	1	78	309	158	63	89.152451	technology.
5	1	10	1	1	2	241	314	6	27	93.204666	)
2	1	11	0	0	0	5253	326	63	15	-1	
3	1	11	1	0	0	5253	326	63	15	-1	
4	1	11	1	1	0	5253	326	63	15	-1	
5	1	11	1	1	1	5253	326	63	15	53.724083	FL6OI
2	1	12	0	0	0	5649	313	81	13	-1	
3	1	12	1	0	0	5649	313	81	13	-1	
4	1	12	1	1	0	5649	313	81	13	-1	
5	1	12	1	1	1	5649	313	29	13	40.579914	14G
5	1	12	1	1	2	5701	313	29	13	40.579914	13G
2	1	13	0	0	0	5753	313	29	13	-1	
3	1	13	1	0	0	5753	313	29	13	-1	
4	1	13	1	1	0	5753	313	29	13	-1	
5	1	13	1	1	1	5753	313	29	13	92.147621	12G
2	1	14	0	0	0	5806	312	83	14	-1	
3	1	14	1	0	0	5806	312	83	14	-1	
4	1	14	1	1	0	5806	312	83	14	-1	
5	1	14	1	1	1	5806	312	29	14	12.355942	11G_
5	1	14	1	1	2	5860	312	29	13	40.004723	10G
2	1	15	0	0	0	6013	312	20	13	-1	
3	1	15	1	0	0	6013	312	20	13	-1	
4	1	15	1	1	0	6013	312	20	13	-1	
5	1	15	1	1	1	6013	312	20	13	95.773186	8G
2	1	16	0	0	0	6091	312	21	23	-1	
3	1	16	1	0	0	6091	312	21	23	-1	
4	1	16	1	1	0	6091	312	21	23	-1	
5	1	16	1	1	1	6091	312	21	23	95.002647	7G
2	1	17	0	0	0	6150	313	21	13	-1	
3	1	17	1	0	0	6150	313	21	13	-1	
4	1	17	1	1	0	6150	313	21	13	-1	
5	1	17	1	1	1	6150	313	21	13	95.438683	6G
2	1	18	0	0	0	6211	312	21	13	-1	
3	1	18	1	0	0	6211	312	21	13	-1	
4	1	18	1	1	0	6211	312	21	13	-1	
5	1	18	1	1	1	6211	312	21	13	82.676140	5G
2	1	19	0	0	0	6274	311	22	13	-1	
3	1	19	1	0	0	6274	311	22	13	-1	
4	1	19	1	1	0	6274	311	22	13	-1	
5	1	19	1	1	1	6274	311	22	13	92.707169	4G
2	1	20	0	0	0	6341	311	22	13	-1	
3	1	20	1	0	0	6341	311	22	13	-1	
4	1	20	1	1	0	6341	311	22	13	-1	
5	1	20	1	1	1	6341	311	22	13	84.477356	3G
2	1	21	0	0	0	6403	311	22	13	-1	
3	1	21	1	0	0	6403	311	22	13	-1	
4	1	21	1	1	0	6403	311	22	13	-1	
5	1	21	1	1	1	6403	311	22	13	93.176361	2G
2	1	22	0	0	0	6468	310	20	14	-1	
3	1	22	1	0	0	6468	310	20	14	-1	
4	1	22	1	1	0	6468	310	20	14	-1	
5	1	22	1	1	1	6468	310	20	14	96.922630	1G
2	1	23	0	0	0	141	347	30	22	-1	
3	1	23	1	0	0	141	347	30	22	-1	
4	1	23	1	1	0	141	347	30	22	-1	
5	1	23	1	1	1	141	347	30	22	83.771744	S1
2	1	24	0	0	0	7561	332	37	15	-1	
3	1	24	1	0	0	7561	332	37	15	-1	
4	1	24	1	1	0	7561	332	37	15	-1	
5	1	24	1	1	1	7561	332	37	15	91.422134	618
2	1	25	0	0	0	228	347	431	26	-1	
3	1	25	1	0	0	228	347	431	26	-1	
4	1	25	1	1	0	228	347	431	26	-1	
5	1	25	1	1	1	228	364	5	4	92.639984	:
5	1	25	1	1	2	254	347	84	22	96.051674	Power
5	1	25	1	1	3	347	347	85	22	96.051674	switch
5	1	25	1	1	4	443	347	21	21	96.549988	in
5	1	25	1	1	5	476	347	51	21	94.350853	“on”
5	1	25	1	1	6	530	347	129	26	96.012268	position.
2	1	26	0	0	0	1731	344	468	36	-1	
3	1	26	1	0	0	1731	344	468	36	-1	
4	1	26	1	1	0	1731	344	468	36	-1	
5	1	26	1	1	1	1731	349	20	20	70.225220	©
5	1	26	1	1	2	1777	344	161	35	96.299377	Remote
5	1	26	1	1	3	1954	346	147	34	96.165001	control
5	1	26	1	1	4	2120	347	79	33	96.796249	unit
2	1	27	0	0	0	5863	367	10	16	-1	
3	1	27	1	0	0	5863	367	10	16	-1	
4	1	27	1	1	0	5863	367	10	16	-1	
5	1	27	1	1	1	5863	367	10	16	75.299591	5.
2	1	28	0	0	0	6324	354	99	33	-1	
3	1	28	1	0	0	6324	354	99	33	-1	
4	1	28	1	1	0	6324	354	99	33	-1	
5	1	28	1	1	1	6324	354	99	33	58.675087	oOo
2	1	29	0	0	0	7541	357	108	21	-1	
3	1	29	1	0	0	7541	357	108	21	-1	
4	1	29	1	1	0	7541	357	108	21	-1	
5	1	29	1	1	1	7541	357	108	21	58.209766	UN4112
2	1	30	0	0	0	140	381	33	23	-1	
3	1	30	1	0	0	140	381	33	23	-1	
4	1	30	1	1	0	140	381	33	23	-1	
5	1	30	1	1	1	140	381	33	23	64.381172	$2
2	1	31	0	0	0	228	382	736	28	-1	
3	1	31	1	0	0	228	382	736	28	-1	
4	1	31	1	1	0	228	382	736	28	-1	
5	1	31	1	1	1	228	387	4	15	92.572990	:
5	1	31	1	1	2	252	383	102	27	96.152527	Voltage
5	1	31	1	1	3	362	383	108	22	96.300774	selector
5	1	31	1	1	4	480	383	84	21	96.676826	switch.
5	1	31	1	1	5	585	383	102	26	96.090042	(Except
5	1	31	1	1	6	698	382	75	22	95.824944	U.S.A.
5	1	31	1	1	7	791	383	48	21	95.913513	and
5	1	31	1	1	8	851	382	113	27	96.372086	Canada)
2	1	32	0	0	0	5913	311	85	117	-1	
3	1	32	1	0	0	5913	311	85	117	-1	
4	1	32	1	1	0	5913	311	85	117	-1	
5	1	32	1	1	1	5913	311	85	117	57.488514	ol
2	1	33	0	0	0	6319	386	114	42	-1	
3	1	33	1	0	0	6319	386	114	42	-1	
4	1	33	1	1	0	6319	386	114	42	-1	
5	1	33	1	1	1	6319	386	121	47	24.984131	Cyc
2	1	34	0	0	0	6448	366	44	57	-1	
3	1	34	1	0	0	6448	366	44	57	-1	
4	1	34	1	1	0	6448	366	44	57	-1	
5	1	34	1	1	1	6448	358	44	72	56.972580	a
2	1	35	0	0	0	8051	372	31	27	-1	
3	1	35	1	0	0	8051	372	31	27	-1	
4	1	35	1	1	0	8051	372	31	27	-1	
5	1	35	1	1	1	8051	372	31	27	76.348640	@)
2	1	36	0	0	0	141	413	62	23	-1	
3	1	36	1	0	0	141	413	62	23	-1	
4	1	36	1	1	0	141	413	62	23	-1	
5	1	36	1	1	1	141	413	62	23	96.466049	$101
2	1	37	0	0	0	254	413	742	28	-1	
3	1	37	1	0	0	254	413	742	28	-1	
4	1	37	1	1	0	254	413	742	28	-1	
5	1	37	1	1	1	254	414	73	21	91.010170	Laser
5	1	37	1	1	2	336	414	85	21	96.600586	switch
5	1	37	1	1	3	432	413	69	27	96.703682	(Disc
5	1	37	1	1	4	511	415	180	25	96.858170	compartment
5	1	37	1	1	5	701	414	150	27	96.672119	open/close
5	1	37	1	1	6	861	414	135	27	96.459213	detection)
2	1	38	0	0	0	2346	417	140	21	-1	
3	1	38	1	0	0	2346	417	140	21	-1	
4	1	38	1	1	0	2346	417	140	21	-1	
5	1	38	1	1	1	2346	417	72	21	86.895599	D1006-
5	1	38	1	1	2	2432	418	54	20	96.133873	1007
2	1	39	0	0	0	5859	414	21	18	-1	
3	1	39	1	0	0	5859	414	21	18	-1	
4	1	39	1	1	0	5859	414	21	18	-1	
5	1	39	1	1	1	5859	414	21	18	96.945702	10,
2	1	40	0	0	0	5913	358	203	80	-1	
3	1	40	1	0	0	5913	358	203	80	-1	
4	1	40	1	1	0	5913	358	203	80	-1	
5	1	40	1	1	1	5913	358	203	80	77.206665	AA
5	1	40	1	1	2	6063	354	52	88	0.000000	a
2	1	41	0	0	0	140	447	62	22	-1	
3	1	41	1	0	0	140	447	62	22	-1	
4	1	41	1	1	0	140	447	62	22	-1	
5	1	41	1	1	1	140	447	62	22	94.506523	$601
2	1	42	0	0	0	252	446	575	28	-1	
3	1	42	1	0	0	252	446	575	28	-1	
4	1	42	1	1	0	252	446	575	28	-1	
5	1	42	1	1	1	252	447	67	22	96.879684	Time
5	1	42	1	1	2	330	447	75	22	93.274643	mode
5	1	42	1	1	3	415	446	228	28	91.788673	(elasped/remain)
5	1	42	1	1	4	655	447	78	22	96.688095	select
5	1	42	1	1	5	742	447	85	22	96.593216	switch
2	1	43	0	0	0	2345	446	139	24	-1	
3	1	43	1	0	0	2345	446	139	24	-1	
4	1	43	1	1	0	2345	446	139	24	-1	
5	1	43	1	1	1	2345	446	139	24	91.861908	MA154WA
2	1	44	0	0	0	3427	416	173	47	-1	
3	1	44	1	0	0	3427	416	173	47	-1	
4	1	44	1	1	0	3427	416	173	47	-1	
5	1	44	1	1	1	3427	416	17	47	34.262604	.]
5	1	44	1	1	2	3457	426	143	23	96.602608	BATTERY
2	1	45	0	0	0	5652	462	14	14	-1	
3	1	45	1	0	0	5652	462	14	14	-1	
4	1	45	1	1	0	5652	462	14	14	-1	
5	1	45	1	1	1	5652	462	14	14	80.078545	11,
2	1	46	0	0	0	5913	399	101	76	-1	
3	1	46	1	0	0	5913	399	102	76	-1	
4	1	46	1	1	0	5913	399	101	76	-1	
5	1	46	1	1	1	5913	399	101	76	23.773521	ion
2	1	47	0	0	0	6106	436	55	18	-1	
3	1	47	1	0	0	6106	436	55	18	-1	
4	1	47	1	1	0	6106	436	55	18	-1	
5	1	47	1	1	1	6106	436	55	18	96.116646	index,
2	1	48	0	0	0	6189	336	120	129	-1	
3	1	48	1	0	0	6189	336	120	129	-1	
4	1	48	1	1	0	6189	336	120	129	-1	
5	1	48	1	1	1	6189	336	120	129	28.813858	a,
2	1	49	0	0	0	6368	433	76	18	-1	
3	1	49	1	0	0	6368	433	76	18	-1	
4	1	49	1	1	0	6368	433	76	18	-1	
5	1	49	1	1	1	6368	433	35	18	60.909252	No.
5	1	49	1	1	2	6406	429	38	22	60.909252	sec}
2	1	50	0	0	0	7566	438	56	16	-1	
3	1	50	1	0	0	7566	438	56	16	-1	
4	1	50	1	1	0	7566	438	56	16	-1	
5	1	50	1	1	1	7566	438	56	16	27.153648	Qé6i8
2	1	51	0	0	0	7708	445	21	13	-1	
3	1	51	1	0	0	7708	445	21	13	-1	
4	1	51	1	1	0	7708	445	21	13	-1	
5	1	51	1	1	1	7708	445	21	13	55.482880	5V
2	1	52	0	0	0	140	480	66	22	-1	
3	1	52	1	0	0	140	480	66	22	-1	
4	1	52	1	1	0	140	480	66	22	-1	
5	1	52	1	1	1	140	480	66	22	95.849007	$602
2	1	53	0	0	0	1863	458	94	26	-1	
3	1	53	1	0	0	1863	458	94	26	-1	
4	1	53	1	1	0	1863	458	94	26	-1	
5	1	53	1	1	1	1863	458	48	26	96.344215	Key
5	1	53	1	1	2	1922	458	35	21	96.706795	No
2	1	54	0	0	0	2067	458	113	22	-1	
3	1	54	1	0	0	2067	458	113	22	-1	
4	1	54	1	1	0	2067	458	113	22	-1	
5	1	54	1	1	1	2067	458	113	22	96.379349	Function
2	1	55	0	0	0	2971	410	78	67	-1	
3	1	55	1	0	0	2971	410	78	67	-1	
4	1	55	1	1	0	2971	410	78	67	-1	
5	1	55	1	1	1	2971	410	78	67	43.404846	[]
2	1	56	0	0	0	3270	411	53	76	-1	
3	1	56	1	0	0	3270	411	53	76	-1	
4	1	56	1	1	0	3270	411	53	76	-1	
5	1	56	1	1	1	3270	411	53	76	58.762726	2
2	1	57	0	0	0	3419	489	41	4	-1	
3	1	57	1	0	0	3419	489	41	4	-1	
4	1	57	1	1	0	3419	489	41	4	-1	
5	1	57	1	1	1	3419	489	41	4	71.775772	—
2	1	58	0	0	0	5703	461	22	20	-1	
3	1	58	1	0	0	5703	461	22	20	-1	
4	1	58	1	1	0	5703	461	22	20	-1	
5	1	58	1	1	1	5703	461	22	20	56.093731	12,
2	1	59	0	0	0	5755	461	23	20	-1	
3	1	59	1	0	0	5755	461	23	20	-1	
4	1	59	1	1	0	5755	461	23	20	-1	
5	1	59	1	1	1	5755	461	23	20	76.325478	13,
2	1	60	0	0	0	5805	489	13	9	-1	
3	1	60	1	0	0	5805	489	13	9	-1	
4	1	60	1	1	0	5805	489	13	9	-1	
5	1	60	1	1	1	5805	489	13	9	10.158707	az
2	1	61	0	0	0	5807	461	22	20	-1	
3	1	61	1	0	0	5807	461	22	20	-1	
4	1	61	1	1	0	5807	461	22	20	-1	
5	1	61	1	1	1	5807	461	22	20	89.321846	14,
2	1	62	0	0	0	5859	461	22	20	-1	
3	1	62	1	0	0	5859	461	22	20	-1	
4	1	62	1	1	0	5859	461	22	20	-1	
5	1	62	1	1	1	5859	461	22	34	47.412376	%,
2	1	63	0	0	0	6045	456	94	47	-1	
3	1	63	1	0	0	6045	456	94	47	-1	
4	1	63	1	1	0	6045	456	94	47	-1	
5	1	63	1	1	1	6045	456	94	47	83.192368	standby]
2	1	64	0	0	0	6183	473	46	18	-1	
3	1	64	1	0	0	6183	473	46	18	-1	
4	1	64	1	1	0	6183	473	46	18	-1	
5	1	64	1	1	1	6183	473	46	18	96.706406	level
2	1	65	0	0	0	6254	458	112	104	-1	
3	1	65	1	0	0	6254	458	112	104	-1	
4	1	65	1	1	0	6254	458	112	104	-1	
5	1	65	1	1	1	6254	458	112	104	52.395882	|e
2	1	66	0	0	0	6413	472	52	18	-1	
3	1	66	1	0	0	6413	472	52	18	-1	
4	1	66	1	1	0	6413	472	52	18	-1	
5	1	66	1	1	1	6413	472	52	18	96.469963	track
2	1	67	0	0	0	7437	484	29	10	-1	
3	1	67	1	0	0	7437	484	29	10	-1	
4	1	67	1	1	0	7437	484	29	10	-1	
5	1	67	1	1	1	7437	484	29	10	58.058472	Lo)
2	1	68	0	0	0	252	480	504	27	-1	
3	1	68	1	0	0	252	480	504	27	-1	
4	1	68	1	1	0	252	480	504	27	-1	
5	1	68	1	1	1	252	480	67	22	96.826164	Time
5	1	68	1	1	2	330	480	75	22	92.005936	mode
5	1	68	1	1	3	415	480	157	27	91.909744	(track/total)
5	1	68	1	1	4	584	481	78	21	96.839684	select
5	1	68	1	1	5	672	481	84	21	96.974556	switch
2	1	69	0	0	0	1999	500	59	27	-1	
3	1	69	1	0	0	1999	500	59	27	-1	
4	1	69	1	1	0	1999	500	59	27	-1	
5	1	69	1	1	1	1999	500	59	27	96.506149	Stop
2	1	70	0	0	0	2418	490	18	13	-1	
3	1	70	1	0	0	2418	490	18	13	-1	
4	1	70	1	1	0	2418	490	18	13	-1	
5	1	70	1	1	1	2418	490	18	13	96.818794	40
2	1	71	0	0	0	2581	490	18	13	-1	
3	1	71	1	0	0	2581	490	18	13	-1	
4	1	71	1	1	0	2581	490	18	13	-1	
5	1	71	1	1	1	2581	490	18	13	88.402695	24
2	1	72	0	0	0	2658	490	16	13	-1	
3	1	72	1	0	0	2658	490	16	13	-1	
4	1	72	1	1	0	2658	490	16	13	-1	
5	1	72	1	1	1	2658	490	16	13	96.833031	16
2	1	73	0	0	0	5651	508	22	19	-1	
3	1	73	1	0	0	5651	508	22	19	-1	
4	1	73	1	1	0	5651	508	22	19	-1	
5	1	73	1	1	1	5651	508	22	19	92.833168	16,
2	1	74	0	0	0	5703	508	17	15	-1	
3	1	74	1	0	0	5703	508	17	15	-1	
4	1	74	1	1	0	5703	508	17	15	-1	
5	1	74	1	1	1	5703	508	17	15	84.123108	17,
2	1	75	0	0	0	5755	509	22	18	-1	
3	1	75	1	0	0	5755	509	22	18	-1	
4	1	75	1	1	0	5755	509	22	18	-1	
5	1	75	1	1	1	5755	509	22	18	91.160095	18,
2	1	76	0	0	0	5807	508	22	18	-1	
3	1	76	1	0	0	5807	508	22	18	-1	
4	1	76	1	1	0	5807	508	22	18	-1	
5	1	76	1	1	1	5807	508	22	18	93.316269	19,
2	1	77	0	0	0	6172	458	99	104	-1	
3	1	77	1	0	0	6172	458	99	104	-1	
4	1	77	1	1	0	6172	458	99	104	-1	
5	1	77	1	1	1	6172	507	22	18	37.890167	M:
5	1	77	1	1	2	6196	458	75	104	60.015408	=|
2	1	78	0	0	0	6290	506	72	34	-1	
3	1	78	1	0	0	6290	506	72	34	-1	
4	1	78	1	1	0	6290	506	72	34	-1	
5	1	78	1	1	1	6290	506	72	34	96.926834	remain
2	1	79	0	0	0	6416	506	45	18	-1	
3	1	79	1	0	0	6416	506	45	18	-1	
4	1	79	1	1	0	6416	506	45	18	-1	
5	1	79	1	1	1	6416	506	45	18	96.990349	total
2	1	80	0	0	0	7436	509	29	10	-1	
3	1	80	1	0	0	7436	509	29	10	-1	
4	1	80	1	1	0	7436	509	29	10	-1	
5	1	80	1	1	1	7436	509	29	10	60.500416	ee
2	1	81	0	0	0	7517	511	36	14	-1	
3	1	81	1	0	0	7517	511	36	14	-1	
4	1	81	1	1	0	7517	511	36	14	-1	
5	1	81	1	1	1	7517	511	36	14	0.000000	4a7Vv
2	1	82	0	0	0	140	513	200	22	-1	
3	1	82	1	0	0	140	513	200	22	-1	
4	1	82	1	1	0	140	513	200	22	-1	
5	1	82	1	1	1	140	513	133	22	86.821831	$603~611,
5	1	82	1	1	2	294	513	46	22	96.952538	614
2	1	83	0	0	0	389	513	293	27	-1	
3	1	83	1	0	0	389	513	293	27	-1	
4	1	83	1	1	0	389	513	293	27	-1	
5	1	83	1	1	1	389	513	114	22	96.327744	Numeric
5	1	83	1	1	2	513	514	85	21	93.298309	switch
5	1	83	1	1	3	611	514	71	26	88.120483	(0~9)
2	1	84	0	0	0	2656	522	39	69	-1	
3	1	84	1	0	0	2656	522	39	69	-1	
4	1	84	1	1	0	2656	522	39	69	-1	
5	1	84	1	1	1	2656	522	39	69	47.860603	in
2	1	85	0	0	0	2811	520	40	33	-1	
3	1	85	1	0	0	2811	520	40	33	-1	
4	1	85	1	1	0	2811	520	40	33	-1	
5	1	85	1	1	1	2811	520	40	33	12.410316	aS
2	1	86	0	0	0	3245	521	43	24	-1	
3	1	86	1	0	0	3245	521	43	24	-1	
4	1	86	1	1	0	3245	521	43	24	-1	
5	1	86	1	1	1	3245	521	43	24	86.857155	on
2	1	87	0	0	0	4627	442	369	101	-1	
3	1	87	1	0	0	4627	442	370	101	-1	
4	1	87	1	1	0	4627	442	369	101	-1	
5	1	87	1	1	1	4627	442	369	101	0.000000	(Emenee)
2	1	88	0	0	0	5855	485	283	60	-1	
3	1	88	1	0	0	5855	485	283	60	-1	
4	1	88	1	1	0	5855	485	283	60	-1	
5	1	88	1	1	1	5855	485	30	51	68.816376	2a]
5	1	88	1	1	2	5903	496	35	45	23.711250	a
5	1	88	1	1	3	5966	503	39	42	32.122025	js)
5	1	88	1	1	4	6040	509	48	32	96.029297	auto
5	1	88	1	1	5	6096	503	42	32	16.605347	cue}
2	1	89	0	0	0	140	546	66	23	-1	
3	1	89	1	0	0	140	546	66	23	-1	
4	1	89	1	1	0	140	546	66	23	-1	
5	1	89	1	1	1	140	546	66	23	95.301033	$612
2	1	90	0	0	0	254	547	168	22	-1	
3	1	90	1	0	0	254	547	168	22	-1	
4	1	90	1	1	0	254	547	168	22	-1	
5	1	90	1	1	1	254	547	73	21	96.645119	Index
5	1	90	1	1	2	337	547	85	22	96.293449	switch
2	1	91	0	0	0	1999	541	92	30	-1	
3	1	91	1	0	0	1999	541	92	30	-1	
4	1	91	1	1	0	1999	541	92	30	-1	
5	1	91	1	1	1	1999	541	56	27	93.032669	Skip
5	1	91	1	1	2	2068	546	23	25	53.131607	kq
2	1	92	0	0	0	3429	491	86	87	-1	
3	1	92	1	0	0	3429	491	86	87	-1	
4	1	92	1	1	0	3429	491	86	87	-1	
5	1	92	1	1	1	3429	491	86	87	23.126854	1”
2	1	93	0	0	0	5373	565	16	13	-1	
3	1	93	1	0	0	5373	565	16	13	-1	
4	1	93	1	1	0	5373	565	16	13	-1	
5	1	93	1	1	1	5373	565	16	13	89.522049	14
2	1	94	0	0	0	5429	565	41	14	-1	
3	1	94	1	0	0	5429	565	41	14	-1	
4	1	94	1	1	0	5429	565	41	14	-1	
5	1	94	1	1	1	5429	565	15	12	62.372761	14
5	1	94	1	1	2	5455	565	15	14	62.372761	13
2	1	95	0	0	0	5511	566	44	14	-1	
3	1	95	1	0	0	5511	566	44	14	-1	
4	1	95	1	1	0	5511	566	44	14	-1	
5	1	95	1	1	1	5511	566	44	14	54.082611	1312
2	1	96	0	0	0	5597	566	43	14	-1	
3	1	96	1	0	0	5597	566	43	14	-1	
4	1	96	1	1	0	5597	566	43	14	-1	
5	1	96	1	1	1	5597	566	15	14	55.021782	12
5	1	96	1	1	2	5628	567	12	12	62.178520	ut
2	1	97	0	0	0	6720	566	3	12	-1	
3	1	97	1	0	0	6720	566	3	12	-1	
4	1	97	1	1	0	6720	566	3	12	-1	
5	1	97	1	1	1	6720	566	3	12	25.332153	1
2	1	98	0	0	0	7706	562	22	14	-1	
3	1	98	1	0	0	7706	562	22	14	-1	
4	1	98	1	1	0	7706	562	22	14	-1	
5	1	98	1	1	1	7706	562	22	14	92.437218	ov
2	1	99	0	0	0	7970	541	92	44	-1	
3	1	99	1	0	0	7970	541	92	44	-1	
4	1	99	1	1	0	7970	541	92	44	-1	
5	1	99	1	1	1	7970	541	53	44	0.000000	ReCel
5	1	99	1	1	2	8028	563	34	13	94.772034	VER
2	1	100	0	0	0	140	580	66	22	-1	
3	1	100	1	0	0	140	580	66	22	-1	
4	1	100	1	1	0	140	580	66	22	-1	
5	1	100	1	1	1	140	580	66	22	95.094650	$613
2	1	101	0	0	0	3040	580	118	25	-1	
3	1	101	1	0	0	3040	580	118	25	-1	
4	1	101	1	1	0	3040	580	118	25	-1	
5	1	101	1	1	1	3040	580	118	25	92.684303	Chattering
2	1	102	0	0	0	4620	586	14	9	-1	
3	1	102	1	0	0	4620	586	14	9	-1	
4	1	102	1	1	0	4620	586	14	9	-1	
5	1	102	1	1	1	4620	586	14	9	89.412804	a
2	1	103	0	0	0	4621	572	13	13	-1	
3	1	103	1	0	0	4621	572	13	13	-1	
4	1	103	1	1	0	4621	572	13	13	-1	
5	1	103	1	1	1	4621	572	13	13	77.843155	=
2	1	104	0	0	0	5292	583	231	49	-1	
3	1	104	1	0	0	5292	583	231	49	-1	
4	1	104	1	1	0	5292	583	231	49	-1	
5	1	104	1	1	1	5292	583	231	49	0.000000	WONCOOOOC
2	1	105	0	0	0	5543	584	9	13	-1	
3	1	105	1	0	0	5543	584	9	13	-1	
4	1	105	1	1	0	5543	584	9	13	-1	
5	1	105	1	1	1	5543	584	9	13	75.473534	G
2	1	106	0	0	0	5570	587	8	11	-1	
3	1	106	1	0	0	5570	587	8	11	-1	
4	1	106	1	1	0	5570	587	8	11	-1	
5	1	106	1	1	1	5570	587	8	11	40.670921	c
2	1	107	0	0	0	5600	585	9	13	-1	
3	1	107	1	0	0	5600	585	9	13	-1	
4	1	107	1	1	0	5600	585	9	13	-1	
5	1	107	1	1	1	5600	585	9	13	56.145447	G
2	1	108	0	0	0	5628	562	1181	74	-1	
3	1	108	1	0	0	5628	562	1181	74	-1	
4	1	108	1	1	0	5628	562	1181	74	-1	
5	1	108	1	1	1	5628	585	89	14	0.000000	GoGG
5	1	108	1	1	2	5738	585	70	14	54.786003	acer
5	1	108	1	1	3	5826	585	6	14	40.860020	#
5	1	108	1	1	4	5851	585	38	14	43.776875	tue
5	1	108	1	1	5	5906	562	41	74	34.399261	Svc
5	1	108	1	1	6	5962	585	42	14	73.459969	duc
5	1	108	1	1	7	6017	585	131	47	5.316315	énevcuens
5	1	108	1	1	8	6159	585	7	14	43.293514	6
5	1	108	1	1	9	6184	562	42	74	55.274170	dine
5	1	108	1	1	10	6245	585	70	13	13.581078	Sueuc
5	1	108	1	1	11	6332	562	58	74	22.375526	Sued
5	1	108	1	1	12	6406	566	96	32	0.000000	tease
5	1	108	1	1	13	6523	566	62	32	31.428421	$15
5	1	108	1	1	14	6604	567	10	31	51.177979	8
5	1	108	1	1	15	6640	585	27	16	37.656830	2
5	1	108	1	1	16	6688	584	4	13	90.353325	i
5	1	108	1	1	17	6717	584	92	13	8.271111	GNC
5	1	108	1	1	18	6770	580	12	26	8.271111	F
5	1	108	1	1	19	6796	580	16	26	86.438034	F
2	1	109	0	0	0	5681	565	70	16	-1	
3	1	109	1	0	0	5681	565	70	16	-1	
4	1	109	1	1	0	5681	565	70	16	-1	
5	1	109	1	1	1	5681	567	41	14	75.738434	1110
5	1	109	1	1	2	5735	565	16	15	75.738434	10
2	1	110	0	0	0	5847	567	10	14	-1	
3	1	110	1	0	0	5847	567	10	14	-1	
4	1	110	1	1	0	5847	567	10	14	-1	
5	1	110	1	1	1	5847	567	10	14	96.059814	9
2	1	111	0	0	0	7892	586	62	15	-1	
3	1	111	1	0	0	7892	586	62	15	-1	
4	1	111	1	1	0	7892	586	62	15	-1	
5	1	111	1	1	1	7892	586	62	15	16.475281	I1c601
2	1	112	0	0	0	252	580	246	27	-1	
3	1	112	1	0	0	252	580	246	27	-1	
4	1	112	1	1	0	252	580	246	27	-1	
5	1	112	1	1	1	252	580	64	22	95.918114	Auto
5	1	112	1	1	2	326	585	79	22	96.684380	space
5	1	112	1	1	3	413	580	85	22	95.483353	switch
2	1	113	0	0	0	1999	584	97	26	-1	
3	1	113	1	0	0	1999	584	97	26	-1	
4	1	113	1	1	0	1999	584	97	26	-1	
5	1	113	1	1	1	1999	584	56	26	96.746040	Skip
5	1	113	1	1	2	2072	584	24	26	50.765537	Pj
2	1	114	0	0	0	3040	609	150	21	-1	
3	1	114	1	0	0	3040	609	150	21	-1	
4	1	114	1	1	0	3040	609	150	21	-1	
5	1	114	1	1	1	3040	609	150	21	91.468063	Simuhaneous
2	1	115	0	0	0	4567	618	13	10	-1	
3	1	115	1	0	0	4567	618	13	10	-1	
4	1	115	1	1	0	4567	618	13	10	-1	
5	1	115	1	1	1	4567	618	13	10	96.869324	>
2	1	116	0	0	0	4619	621	14	9	-1	
3	1	116	1	0	0	4619	621	14	9	-1	
4	1	116	1	1	0	4619	621	14	9	-1	
5	1	116	1	1	1	4619	621	14	9	36.683708	oO
2	1	117	0	0	0	6322	622	17	9	-1	
3	1	117	1	0	0	6322	622	17	9	-1	
4	1	117	1	1	0	6322	622	17	9	-1	
5	1	117	1	1	1	6322	622	17	9	39.413372	38
2	1	118	0	0	0	6347	608	24	24	-1	
3	1	118	1	0	0	6347	608	24	24	-1	
4	1	118	1	1	0	6347	608	24	24	-1	
5	1	118	1	1	1	6347	608	24	24	0.000000	)
2	1	119	0	0	0	6376	607	78	25	-1	
3	1	119	1	0	0	6376	607	78	25	-1	
4	1	119	1	1	0	6376	607	78	25	-1	
5	1	119	1	1	1	6376	607	78	25	56.703796	ODE
2	1	120	0	0	0	6571	606	79	25	-1	
3	1	120	1	0	0	6571	606	79	25	-1	
4	1	120	1	1	0	6571	606	79	25	-1	
5	1	120	1	1	1	6571	606	79	25	82.541016	GOD
2	1	121	0	0	0	6654	605	164	26	-1	
3	1	121	1	0	0	6654	605	164	26	-1	
4	1	121	1	1	0	6654	605	164	26	-1	
5	1	121	1	1	1	6654	605	164	26	0.000000	CICHEIESESES)
2	1	122	0	0	0	140	613	65	22	-1	
3	1	122	1	0	0	140	613	65	22	-1	
4	1	122	1	1	0	140	613	65	22	-1	
5	1	122	1	1	1	140	613	65	22	88.886604	$615
2	1	123	0	0	0	252	613	203	22	-1	
3	1	123	1	0	0	252	613	203	22	-1	
4	1	123	1	1	0	252	613	203	22	-1	
5	1	123	1	1	1	252	613	108	22	96.089249	Asterisk
5	1	123	1	1	2	370	614	85	21	96.599297	switch
2	1	124	0	0	0	1999	624	149	26	-1	
3	1	124	1	0	0	1999	624	149	26	-1	
4	1	124	1	1	0	1999	624	149	26	-1	
5	1	124	1	1	1	1999	626	89	21	96.463966	Search
5	1	124	1	1	2	2106	624	42	26	70.783165	44
2	1	125	0	0	0	2488	519	203	131	-1	
3	1	125	1	0	0	2488	519	203	131	-1	
4	1	125	1	1	0	2488	519	203	131	-1	
5	1	125	1	1	1	2488	519	203	131	0.000000	BAS
2	1	126	0	0	0	4566	628	95	13	-1	
3	1	126	1	0	0	4566	628	95	13	-1	
4	1	126	1	1	0	4566	628	95	13	-1	
5	1	126	1	1	1	4566	628	95	23	26.993225	NNEQ
2	1	127	0	0	0	4677	634	69	15	-1	
3	1	127	1	0	0	4677	634	69	15	-1	
4	1	127	1	1	0	4677	634	69	15	-1	
5	1	127	1	1	1	4677	634	69	15	22.691711	-2°
2	1	128	0	0	0	4704	621	41	15	-1	
3	1	128	1	0	0	4704	621	41	15	-1	
4	1	128	1	1	0	4704	621	41	15	-1	
5	1	128	1	1	1	4704	621	41	15	73.043243	a>
2	1	129	0	0	0	5285	609	25	24	-1	
3	1	129	1	0	0	5285	609	25	24	-1	
4	1	129	1	1	0	5285	609	25	24	-1	
5	1	129	1	1	1	5285	609	25	24	90.746178	O
2	1	130	0	0	0	5313	609	24	25	-1	
3	1	130	1	0	0	5313	609	24	25	-1	
4	1	130	1	1	0	5313	609	24	25	-1	
5	1	130	1	1	1	5313	609	24	25	92.400574	2)
2	1	131	0	0	0	5341	608	80	26	-1	
3	1	131	1	0	0	5341	608	80	26	-1	
4	1	131	1	1	0	5341	608	80	26	-1	
5	1	131	1	1	1	5341	608	80	26	57.249443	OOO)
2	1	132	0	0	0	5508	607	584	26	-1	
3	1	132	1	0	0	5508	607	584	26	-1	
4	1	132	1	1	0	5508	607	584	26	-1	
5	1	132	1	1	1	5508	607	52	26	18.866005	OOD
5	1	132	1	1	2	5621	607	247	26	0.000000	GOOOCOOO2D
5	1	132	1	1	3	5880	608	44	25	0.000000	et
5	1	132	1	1	4	5934	607	44	26	19.440376	OS
5	1	132	1	1	5	5984	608	108	25	25.180069	5905
2	1	133	0	0	0	6124	607	50	26	-1	
3	1	133	1	0	0	6124	607	50	26	-1	
4	1	133	1	1	0	6124	607	50	26	-1	
5	1	133	1	1	1	6124	607	50	26	50.390076	De
2	1	134	0	0	0	6208	607	108	26	-1	
3	1	134	1	0	0	6208	607	108	26	-1	
4	1	134	1	1	0	6208	607	108	26	-1	
5	1	134	1	1	1	6208	607	108	26	24.494713	SOIDD
2	1	135	0	0	0	7460	626	22	19	-1	
3	1	135	1	0	0	7460	626	22	19	-1	
4	1	135	1	1	0	7460	626	22	19	-1	
5	1	135	1	1	1	7460	626	22	19	66.028305	Y
2	1	136	0	0	0	7883	640	170	15	-1	
3	1	136	1	0	0	7883	640	170	15	-1	
4	1	136	1	1	0	7883	640	170	15	-1	
5	1	136	1	1	1	7883	636	27	28	20.292709	For
5	1	136	1	1	2	7914	642	71	12	20.292709	U.S.A.and
5	1	136	1	1	3	7992	641	61	14	96.094299	canada)
2	1	137	0	0	0	7885	612	181	23	-1	
3	1	137	1	0	0	7885	612	181	23	-1	
4	1	137	1	1	0	7885	612	181	23	-1	
5	1	137	1	1	1	7885	612	181	23	56.803280	SV1BX1438M
2	1	138	0	0	0	80	646	28	22	-1	
3	1	138	1	0	0	80	646	28	22	-1	
4	1	138	1	1	0	80	646	28	22	-1	
5	1	138	1	1	1	80	646	28	22	96.817581	10
2	1	139	0	0	0	140	646	66	23	-1	
3	1	139	1	0	0	140	646	66	23	-1	
4	1	139	1	1	0	140	646	66	23	-1	
5	1	139	1	1	1	140	646	66	23	76.239120	$616
2	1	140	0	0	0	253	647	177	21	-1	
3	1	140	1	0	0	253	647	177	21	-1	
4	1	140	1	1	0	253	647	177	21	-1	
5	1	140	1	1	1	253	647	81	21	96.094505	Recall
5	1	140	1	1	2	345	647	85	21	96.261879	switch
2	1	141	0	0	0	2427	656	18	13	-1	
3	1	141	1	0	0	2427	656	18	13	-1	
4	1	141	1	1	0	2427	656	18	13	-1	
5	1	141	1	1	1	2427	656	18	13	96.375168	42
2	1	142	0	0	0	3041	639	135	20	-1	
3	1	142	1	0	0	3041	639	135	20	-1	
4	1	142	1	1	0	3041	639	135	20	-1	
5	1	142	1	1	1	3041	639	50	20	96.865097	Push
5	1	142	1	1	2	3103	640	73	19	96.397720	inhibit
2	1	143	0	0	0	4511	642	234	23	-1	
3	1	143	1	0	0	4511	642	234	23	-1	
4	1	143	1	1	0	4511	642	234	23	-1	
5	1	143	1	1	1	4511	642	234	23	0.000000	Sr+irasxet
2	1	144	0	0	0	5297	629	54	39	-1	
3	1	144	1	0	0	5297	629	54	39	-1	
4	1	144	1	1	0	5297	629	54	39	-1	
5	1	144	1	1	1	5297	629	54	39	16.192543	TT
2	1	145	0	0	0	5301	669	493	11	-1	
3	1	145	1	0	0	5301	669	493	11	-1	
4	1	145	1	1	0	5301	669	493	11	-1	
5	1	145	1	1	1	5301	669	493	11	8.359077	SN
5	1	145	1	1	2	5584	660	59	28	21.881302	ER
5	1	145	1	1	3	5654	660	47	28	24.621483	ES
2	1	146	0	0	0	5354	607	976	72	-1	
3	1	146	1	0	0	5354	607	976	72	-1	
4	1	146	1	1	0	5354	607	976	72	-1	
5	1	146	1	1	1	5354	607	976	72	12.775993	TTT
2	1	147	0	0	0	5946	670	213	9	-1	
3	1	147	1	0	0	5946	670	213	9	-1	
4	1	147	1	1	0	5946	670	213	9	-1	
5	1	147	1	1	1	5946	670	75	8	44.659161	PV
5	1	147	1	1	2	6051	670	108	9	42.327923	NO?
2	1	148	0	0	0	6252	668	381	10	-1	
3	1	148	1	0	0	6252	668	381	10	-1	
4	1	148	1	1	0	6252	668	381	10	-1	
5	1	148	1	1	1	6248	658	14	28	16.534393	PY
5	1	148	1	1	2	6252	669	46	9	0.000000	a
5	1	148	1	1	3	6297	658	12	28	42.800747	a
5	1	148	1	1	4	6325	658	12	28	54.583965	ap
5	1	148	1	1	5	6343	658	27	28	0.000000	Va
5	1	148	1	1	6	6381	658	42	28	21.351860	para
5	1	148	1	1	7	6437	658	10	28	43.069283	ca
5	1	148	1	1	8	6458	658	21	28	35.484375	ra
5	1	148	1	1	9	6492	658	15	28	33.641472	ca
5	1	148	1	1	10	6518	658	15	28	42.085106	cas
5	1	148	1	1	11	6539	658	22	28	30.675018	Von
5	1	148	1	1	12	6567	668	3	9	32.745201	V
5	1	148	1	1	13	6574	658	17	28	20.522499	aa
5	1	148	1	1	14	6605	658	12	28	23.886688	ae
5	1	148	1	1	15	6623	658	13	28	27.203705	Veg
2	1	149	0	0	0	6728	668	74	9	-1	
3	1	149	1	0	0	6728	668	74	9	-1	
4	1	149	1	1	0	6728	668	74	9	-1	
5	1	149	1	1	1	6728	668	74	9	43.771206	A?
2	1	150	0	0	0	7650	652	42	23	-1	
3	1	150	1	0	0	7650	652	42	23	-1	
4	1	150	1	1	0	7650	652	42	23	-1	
5	1	150	1	1	1	7650	652	42	23	80.351486	why
2	1	151	0	0	0	80	680	24	21	-1	
3	1	151	1	0	0	80	680	24	21	-1	
4	1	151	1	1	0	80	680	24	21	-1	
5	1	151	1	1	1	80	680	24	21	96.328644	11
2	1	152	0	0	0	140	680	65	22	-1	
3	1	152	1	0	0	140	680	65	22	-1	
4	1	152	1	1	0	140	680	65	22	-1	
5	1	152	1	1	1	140	680	65	22	94.151031	$617
2	1	153	0	0	0	253	679	166	23	-1	
3	1	153	1	0	0	253	679	166	23	-1	
4	1	153	1	1	0	253	679	166	23	-1	
5	1	153	1	1	1	253	679	72	23	96.491051	Clear
5	1	153	1	1	2	334	680	85	22	96.852821	switch
2	1	154	0	0	0	1999	665	154	26	-1	
3	1	154	1	0	0	1999	665	154	26	-1	
4	1	154	1	1	0	1999	665	154	26	-1	
5	1	154	1	1	1	1999	667	89	22	96.313904	Search
5	1	154	1	1	2	2110	665	43	26	74.377167	D>
2	1	155	0	0	0	2334	689	66	41	-1	
3	1	155	1	0	0	2334	689	66	41	-1	
4	1	155	1	1	0	2334	689	66	41	-1	
5	1	155	1	1	1	2334	689	55	41	71.831528	01006
5	1	155	1	1	2	2397	697	3	29	89.357491	|
2	1	156	0	0	0	2326	680	74	12	-1	
3	1	156	1	0	0	2326	680	74	12	-1	
4	1	156	1	1	0	2326	680	74	12	-1	
5	1	156	1	1	1	2326	680	74	12	71.487961	---5
2	1	157	0	0	0	2427	678	34	27	-1	
3	1	157	1	0	0	2427	678	34	27	-1	
4	1	157	1	1	0	2427	678	34	27	-1	
5	1	157	1	1	1	2427	678	34	27	39.292824	ON
2	1	158	0	0	0	4503	674	247	26	-1	
3	1	158	1	0	0	4503	674	247	26	-1	
4	1	158	1	1	0	4503	674	247	26	-1	
5	1	158	1	1	1	4503	674	247	26	0.000000	OOOOOOOOO
2	1	159	0	0	0	5277	671	33	32	-1	
3	1	159	1	0	0	5277	671	33	32	-1	
4	1	159	1	1	0	5277	671	33	32	-1	
5	1	159	1	1	1	5277	671	33	32	0.000000	O
2	1	160	0	0	0	5285	669	1254	61	-1	
3	1	160	1	0	0	5285	669	1254	61	-1	
4	1	160	1	1	0	5285	669	1254	61	-1	
5	1	160	1	1	1	5285	673	288	57	0.000000	DOSING
5	1	160	1	1	2	5608	674	75	30	28.349907	SSN
5	1	160	1	1	3	5695	675	69	29	0.000000	ISI
5	1	160	1	1	4	5775	671	76	33	0.000000	SIS
5	1	160	1	1	5	5861	671	41	32	10.958931	IS
5	1	160	1	1	6	5913	670	104	33	0.000000	IOSS
5	1	160	1	1	7	6028	674	70	29	0.000000	DIS
5	1	160	1	1	8	6109	669	69	34	0.000000	IIP
5	1	160	1	1	9	6195	669	98	33	43.627071	IIIS
5	1	160	1	1	10	6304	673	134	29	42.642132	TION
5	1	160	1	1	11	6432	673	107	29	8.838089	OECD,
2	1	161	0	0	0	6531	668	273	60	-1	
3	1	161	1	0	0	6531	668	273	60	-1	
4	1	161	1	1	0	6531	668	273	60	-1	
5	1	161	1	1	1	6531	672	132	30	0.000000	SOOOEE
5	1	161	1	1	2	6671	668	133	60	34.929451	SSH
2	1	162	0	0	0	6795	673	24	24	-1	
3	1	162	1	0	0	6795	673	24	24	-1	
4	1	162	1	1	0	6795	673	24	24	-1	
5	1	162	1	1	1	6795	673	24	24	47.584221	6s)
2	1	163	0	0	0	6810	669	17	33	-1	
3	1	163	1	0	0	6810	669	17	33	-1	
4	1	163	1	1	0	6810	669	17	33	-1	
5	1	163	1	1	1	6810	669	17	33	40.933994	5)
2	1	164	0	0	0	7715	691	30	11	-1	
3	1	164	1	0	0	7715	691	30	11	-1	
4	1	164	1	1	0	7715	691	30	11	-1	
5	1	164	1	1	1	7715	691	30	11	77.955223	=o
2	1	165	0	0	0	7885	694	94	16	-1	
3	1	165	1	0	0	7885	694	94	16	-1	
4	1	165	1	1	0	7885	694	94	16	-1	
5	1	165	1	1	1	7885	694	26	15	78.523331	For
5	1	165	1	1	2	7921	697	58	13	95.800766	others)
2	1	166	0	0	0	7885	665	176	23	-1	
3	1	166	1	0	0	7885	665	176	23	-1	
4	1	166	1	1	0	7885	665	176	23	-1	
5	1	166	1	1	1	7885	665	87	22	20.514206	SV1IBX
5	1	166	1	1	2	7983	665	78	23	69.098328	1439€
2	1	167	0	0	0	80	713	28	21	-1	
3	1	167	1	0	0	80	713	28	21	-1	
4	1	167	1	1	0	80	713	28	21	-1	
5	1	167	1	1	1	80	713	28	21	96.560257	12
2	1	168	0	0	0	140	713	65	22	-1	
3	1	168	1	0	0	140	713	65	22	-1	
4	1	168	1	1	0	140	713	65	22	-1	
5	1	168	1	1	1	140	713	65	22	94.971893	$618
2	1	169	0	0	0	2000	710	77	21	-1	
3	1	169	1	0	0	2000	710	77	21	-1	
4	1	169	1	1	0	2000	710	77	21	-1	
5	1	169	1	1	1	2000	710	77	21	96.570221	Pause
2	1	170	0	0	0	2487	603	470	203	-1	
3	1	170	1	0	0	2487	603	470	203	-1	
4	1	170	1	1	0	2487	603	470	203	-1	
5	1	170	1	1	1	2487	603	331	203	27.864655	Cri
5	1	170	1	1	2	2904	636	53	109	0.000000	f
2	1	171	0	0	0	4923	703	84	18	-1	
3	1	171	1	0	0	4923	703	84	18	-1	
4	1	171	1	1	0	4923	703	84	18	-1	
5	1	171	1	1	1	4923	705	41	16	53.584473	R375
5	1	171	1	1	2	4986	703	21	16	57.600361	22
2	1	172	0	0	0	5465	705	139	25	-1	
3	1	172	1	0	0	5465	705	139	25	-1	
4	1	172	1	1	0	5465	705	139	25	-1	
5	1	172	1	1	1	5465	705	55	24	18.941460	LTT
5	1	172	1	1	2	5552	706	52	24	0.000000	Li
2	1	173	0	0	0	6612	704	110	24	-1	
3	1	173	1	0	0	6612	704	110	24	-1	
4	1	173	1	1	0	6612	704	110	24	-1	
5	1	173	1	1	1	6612	700	34	41	59.310577	L{
5	1	173	1	1	2	6659	700	34	41	25.256409	{tT
5	1	173	1	1	3	6710	704	12	24	51.013649	4
2	1	174	0	0	0	7713	701	32	13	-1	
3	1	174	1	0	0	7713	701	32	13	-1	
4	1	174	1	1	0	7713	701	32	13	-1	
5	1	174	1	1	1	7713	701	32	13	56.392593	or
2	1	175	0	0	0	7714	716	30	10	-1	
3	1	175	1	0	0	7714	716	30	10	-1	
4	1	175	1	1	0	7714	716	30	10	-1	
5	1	175	1	1	1	7714	716	30	10	59.361046	ae
2	1	176	0	0	0	253	713	203	27	-1	
3	1	176	1	0	0	253	713	203	27	-1	
4	1	176	1	1	0	253	713	203	27	-1	
5	1	176	1	1	1	253	713	109	27	96.424248	Memory
5	1	176	1	1	2	371	713	85	22	96.206039	switch
2	1	177	0	0	0	2397	715	41	34	-1	
3	1	177	1	0	0	2397	715	41	34	-1	
4	1	177	1	1	0	2397	715	41	34	-1	
5	1	177	1	1	1	2397	715	41	34	42.877960	tas
2	1	178	0	0	0	4656	696	83	64	-1	
3	1	178	1	0	0	4656	696	83	64	-1	
4	1	178	1	1	0	4656	696	83	64	-1	
5	1	178	1	1	1	4656	696	83	64	37.052532	aes
2	1	179	0	0	0	7841	745	111	16	-1	
3	1	179	1	0	0	7841	745	111	16	-1	
4	1	179	1	1	0	7841	745	111	16	-1	
5	1	179	1	1	1	7841	745	111	16	92.210640	0624,625
2	1	180	0	0	0	80	746	28	22	-1	
3	1	180	1	0	0	80	746	28	22	-1	
4	1	180	1	1	0	80	746	28	22	-1	
5	1	180	1	1	1	80	746	28	22	96.501289	13
2	1	181	0	0	0	140	746	702	28	-1	
3	1	181	1	0	0	140	746	702	28	-1	
4	1	181	1	1	0	140	746	702	28	-1	
5	1	181	1	1	1	140	746	66	23	95.328918	$619,
5	1	181	1	1	2	223	746	46	22	95.328918	620:
5	1	181	1	1	3	303	747	132	22	96.659294	Backward
5	1	181	1	1	4	445	747	48	21	95.553993	and
5	1	181	1	1	5	504	747	102	22	95.553993	forward
5	1	181	1	1	6	617	747	66	21	95.607941	track
5	1	181	1	1	7	694	747	53	27	96.106705	skip
5	1	181	1	1	8	758	747	84	21	96.106705	switch
2	1	182	0	0	0	2000	752	89	26	-1	
3	1	182	1	0	0	2000	752	89	26	-1	
4	1	182	1	1	0	2000	752	89	26	-1	
5	1	182	1	1	1	2000	752	89	26	96.593010	Repeat
2	1	183	0	0	0	2333	756	130	40	-1	
3	1	183	1	0	0	2333	756	130	40	-1	
4	1	183	1	1	0	2333	756	130	40	-1	
5	1	183	1	1	1	2333	766	68	30	47.215839	101007"
5	1	183	1	1	2	2432	756	31	32	66.385902	x
2	1	184	0	0	0	4756	771	51	17	-1	
3	1	184	1	0	0	4756	771	51	17	-1	
4	1	184	1	1	0	4756	771	51	17	-1	
5	1	184	1	1	1	4756	771	51	17	80.174774	C365
2	1	185	0	0	0	5284	771	17	13	-1	
3	1	185	1	0	0	5284	771	17	13	-1	
4	1	185	1	1	0	5284	771	17	13	-1	
5	1	185	1	1	1	5284	771	17	13	71.189751	Fi
2	1	186	0	0	0	5402	770	37	13	-1	
3	1	186	1	0	0	5402	770	37	13	-1	
4	1	186	1	1	0	5402	770	37	13	-1	
5	1	186	1	1	1	5402	770	37	13	92.088715	an
2	1	187	0	0	0	5487	771	42	17	-1	
3	1	187	1	0	0	5487	771	42	17	-1	
4	1	187	1	1	0	5487	771	42	17	-1	
5	1	187	1	1	1	5487	771	42	17	79.555069	bm
2	1	188	0	0	0	5570	768	35	17	-1	
3	1	188	1	0	0	5570	768	35	17	-1	
4	1	188	1	1	0	5570	768	35	17	-1	
5	1	188	1	1	1	5570	768	35	17	44.767921	cl
2	1	189	0	0	0	5654	768	36	18	-1	
3	1	189	1	0	0	5654	768	36	18	-1	
4	1	189	1	1	0	5654	768	36	18	-1	
5	1	189	1	1	1	5654	768	36	18	83.789948	dk
2	1	190	0	0	0	5847	774	12	11	-1	
3	1	190	1	0	0	5847	774	12	11	-1	
4	1	190	1	1	0	5847	774	12	11	-1	
5	1	190	1	1	1	5847	774	12	11	86.506569	w
2	1	191	0	0	0	5964	773	8	12	-1	
3	1	191	1	0	0	5964	773	8	12	-1	
4	1	191	1	1	0	5964	773	8	12	-1	
5	1	191	1	1	1	5964	773	8	12	80.803787	v
2	1	192	0	0	0	6158	769	36	16	-1	
3	1	192	1	0	0	6158	769	36	16	-1	
4	1	192	1	1	0	6158	769	36	16	-1	
5	1	192	1	1	1	6158	769	36	16	94.011627	ut
2	1	193	0	0	0	6327	772	8	12	-1	
3	1	193	1	0	0	6327	772	8	12	-1	
4	1	193	1	1	0	6327	772	8	12	-1	
5	1	193	1	1	1	6327	772	8	12	85.806633	s
2	1	194	0	0	0	6382	772	6	12	-1	
3	1	194	1	0	0	6382	772	6	12	-1	
4	1	194	1	1	0	6382	772	6	12	-1	
5	1	194	1	1	1	6382	772	6	12	81.082245	r
2	1	195	0	0	0	6493	766	94	21	-1	
3	1	195	1	0	0	6493	766	94	21	-1	
4	1	195	1	1	0	6493	766	94	21	-1	
5	1	195	1	1	1	6493	766	94	21	73.704865	eqfp
2	1	196	0	0	0	6631	764	94	21	-1	
3	1	196	1	0	0	6631	764	94	21	-1	
4	1	196	1	1	0	6631	764	94	21	-1	
5	1	196	1	1	1	6631	764	94	21	73.164330	ghio
2	1	197	0	0	0	7311	773	48	12	-1	
3	1	197	1	0	0	7311	773	48	12	-1	
4	1	197	1	1	0	7311	773	48	12	-1	
5	1	197	1	1	1	7311	773	48	12	88.417145	39ms
2	1	198	0	0	0	80	780	28	21	-1	
3	1	198	1	0	0	80	780	28	21	-1	
4	1	198	1	1	0	80	780	28	21	-1	
5	1	198	1	1	1	80	780	28	21	96.039688	14
2	1	199	0	0	0	140	780	62	22	-1	
3	1	199	1	0	0	140	780	62	22	-1	
4	1	199	1	1	0	140	780	62	22	-1	
5	1	199	1	1	1	140	780	62	22	92.408966	$621
2	1	200	0	0	0	252	780	244	22	-1	
3	1	200	1	0	0	252	780	244	22	-1	
4	1	200	1	1	0	252	780	244	22	-1	
5	1	200	1	1	1	252	780	67	22	96.145988	Time
5	1	200	1	1	2	330	780	70	22	96.106285	recall
5	1	200	1	1	3	411	780	85	22	96.106285	switch
2	1	201	0	0	0	3038	771	127	19	-1	
3	1	201	1	0	0	3038	771	127	19	-1	
4	1	201	1	1	0	3038	771	127	19	-1	
5	1	201	1	1	1	3038	771	64	19	96.456894	11-bit
5	1	201	1	1	2	3113	772	52	18	96.399574	latch
2	1	202	0	0	0	3297	775	46	28	-1	
3	1	202	1	0	0	3297	775	46	28	-1	
4	1	202	1	1	0	3297	775	46	28	-1	
5	1	202	1	1	1	3297	775	46	28	30.642159	8s
2	1	203	0	0	0	5743	773	4	17	-1	
3	1	203	1	0	0	5743	773	4	17	-1	
4	1	203	1	1	0	5743	773	4	17	-1	
5	1	203	1	1	1	5743	773	4	17	73.854462	J
2	1	204	0	0	0	6982	785	131	16	-1	
3	1	204	1	0	0	6982	785	131	16	-1	
4	1	204	1	1	0	6982	785	131	16	-1	
5	1	204	1	1	1	6982	785	131	16	74.781143	Q604~617
2	1	205	0	0	0	7411	795	9	12	-1	
3	1	205	1	0	0	7411	795	9	12	-1	
4	1	205	1	1	0	7411	795	9	12	-1	
5	1	205	1	1	1	7411	795	9	12	94.552773	5
2	1	206	0	0	0	7838	774	235	22	-1	
3	1	206	1	0	0	7838	774	235	22	-1	
4	1	206	1	1	0	7838	774	235	22	-1	
5	1	206	1	1	1	7838	774	235	22	91.293755	SVGLB74VR3HL
2	1	207	0	0	0	80	813	28	21	-1	
3	1	207	1	0	0	80	813	28	21	-1	
4	1	207	1	1	0	80	813	28	21	-1	
5	1	207	1	1	1	80	813	28	21	96.906227	15
2	1	208	0	0	0	140	813	776	27	-1	
3	1	208	1	0	0	140	813	776	27	-1	
4	1	208	1	1	0	140	813	776	27	-1	
5	1	208	1	1	1	140	813	65	22	96.269775	$622,
5	1	208	1	1	2	223	813	46	22	95.478218	623:
5	1	208	1	1	3	303	813	132	22	95.919456	Backward
5	1	208	1	1	4	445	814	48	21	95.128670	and
5	1	208	1	1	5	504	813	102	22	93.288422	forward
5	1	208	1	1	6	619	813	202	27	92.214813	rocking/search
5	1	208	1	1	7	831	813	85	22	96.650024	switch
2	1	209	0	0	0	1901	794	28	21	-1	
3	1	209	1	0	0	1901	794	28	21	-1	
4	1	209	1	1	0	1901	794	28	21	-1	
5	1	209	1	1	1	1901	794	28	21	96.892807	10
2	1	210	0	0	0	2000	794	54	26	-1	
3	1	210	1	0	0	2000	794	54	26	-1	
4	1	210	1	1	0	2000	794	54	26	-1	
5	1	210	1	1	1	2000	794	54	26	97.006149	Play
2	1	211	0	0	0	2303	824	98	14	-1	
3	1	211	1	0	0	2303	824	98	14	-1	
4	1	211	1	1	0	2303	824	98	14	-1	
5	1	211	1	1	1	2303	824	98	14	13.559265	L.j---4'
2	1	212	0	0	0	3036	799	145	20	-1	
3	1	212	1	0	0	3036	799	145	20	-1	
4	1	212	1	1	0	3036	799	145	20	-1	
5	1	212	1	1	1	3036	799	54	19	81.012894	Shift
5	1	212	1	1	2	3100	803	81	16	89.460648	resistor
2	1	213	0	0	0	3297	819	75	15	-1	
3	1	213	1	0	0	3297	819	75	15	-1	
4	1	213	1	1	0	3297	819	75	15	-1	
5	1	213	1	1	1	3297	819	75	15	20.374260	are
2	1	214	0	0	0	3297	798	75	22	-1	
3	1	214	1	0	0	3297	798	75	22	-1	
4	1	214	1	1	0	3297	798	75	22	-1	
5	1	214	1	1	1	3297	798	75	22	17.813484	eto
2	1	215	0	0	0	4510	802	123	19	-1	
3	1	215	1	0	0	4510	802	123	19	-1	
4	1	215	1	1	0	4510	802	123	19	-1	
5	1	215	1	1	1	4510	802	123	19	92.773552	abcde
2	1	216	0	0	0	4728	789	64	33	-1	
3	1	216	1	0	0	4728	789	64	33	-1	
4	1	216	1	1	0	4728	789	64	33	-1	
5	1	216	1	1	1	4728	789	17	33	20.304100	7
5	1	216	1	1	2	4758	790	34	15	68.555939	00
2	1	217	0	0	0	6981	815	115	22	-1	
3	1	217	1	0	0	6981	815	115	22	-1	
4	1	217	1	1	0	6981	815	115	22	-1	
5	1	217	1	1	1	6981	815	115	22	88.619324	UN4212
2	1	218	0	0	0	7412	813	10	12	-1	
3	1	218	1	0	0	7412	813	10	12	-1	
4	1	218	1	1	0	7412	813	10	12	-1	
5	1	218	1	1	1	7412	813	10	12	42.294888	°
2	1	219	0	0	0	1901	837	23	20	-1	
3	1	219	1	0	0	1901	837	23	20	-1	
4	1	219	1	1	0	1901	837	23	20	-1	
5	1	219	1	1	1	1901	837	23	20	94.373466	11
2	1	220	0	0	0	2000	836	69	23	-1	
3	1	220	1	0	0	2000	836	69	23	-1	
4	1	220	1	1	0	2000	836	69	23	-1	
5	1	220	1	1	1	2000	836	69	23	96.755638	Clear
2	1	221	0	0	0	2507	838	33	28	-1	
3	1	221	1	0	0	2507	838	33	28	-1	
4	1	221	1	1	0	2507	838	33	28	-1	
5	1	221	1	1	1	2507	838	33	28	32.526642	OX
2	1	222	0	0	0	2655	833	40	33	-1	
3	1	222	1	0	0	2655	833	40	33	-1	
4	1	222	1	1	0	2655	833	40	33	-1	
5	1	222	1	1	1	2655	833	40	33	30.944176	Ns
2	1	223	0	0	0	5360	822	1333	21	-1	
3	1	223	1	0	0	5360	822	1333	21	-1	
4	1	223	1	1	0	5360	822	1333	21	-1	
5	1	223	1	1	1	5360	826	44	17	21.083801	>
5	1	223	1	1	2	5437	818	51	36	34.267632	ES
5	1	223	1	1	3	5524	818	45	36	31.179718	ED
5	1	223	1	1	4	5605	818	48	36	19.240227	TD
5	1	223	1	1	5	5656	822	1037	21	0.000000	a
5	1	223	1	1	6	6502	818	27	36	12.981262	A
5	1	223	1	1	7	6559	818	72	36	34.943230	RD
5	1	223	1	1	8	6643	818	12	36	20.168106	A
5	1	223	1	1	9	6670	818	27	36	33.441048	A
2	1	224	0	0	0	7273	801	134	61	-1	
3	1	224	1	0	0	7273	801	134	61	-1	
4	1	224	1	1	0	7273	801	134	61	-1	
5	1	224	1	1	1	7273	801	134	61	35.376122	tt
2	1	225	0	0	0	7420	851	20	12	-1	
3	1	225	1	0	0	7420	851	20	12	-1	
4	1	225	1	1	0	7420	851	20	12	-1	
5	1	225	1	1	1	7420	851	20	12	82.404236	33
2	1	226	0	0	0	80	846	28	22	-1	
3	1	226	1	0	0	80	846	28	22	-1	
4	1	226	1	1	0	80	846	28	22	-1	
5	1	226	1	1	1	80	846	28	22	96.993774	16
2	1	227	0	0	0	140	846	65	23	-1	
3	1	227	1	0	0	140	846	65	23	-1	
4	1	227	1	1	0	140	846	65	23	-1	
5	1	227	1	1	1	140	846	65	23	80.957283	$624
2	1	228	0	0	0	253	846	175	22	-1	
3	1	228	1	0	0	253	846	175	22	-1	
4	1	228	1	1	0	253	846	175	22	-1	
5	1	228	1	1	1	253	846	80	22	96.707611	Pause
5	1	228	1	1	2	343	847	85	21	96.240700	switch
2	1	229	0	0	0	2644	756	307	129	-1	
3	1	229	1	0	0	2644	756	313	129	-1	
4	1	229	1	1	0	2644	756	307	129	-1	
5	1	229	1	1	1	2644	756	307	129	32.376579	BBY.
2	1	230	0	0	0	4750	847	56	20	-1	
3	1	230	1	0	0	4750	847	56	20	-1	
4	1	230	1	1	0	4750	847	56	20	-1	
5	1	230	1	1	1	4750	847	56	20	46.939625	O12ys
2	1	231	0	0	0	4932	850	61	20	-1	
3	1	231	1	0	0	4932	850	61	20	-1	
4	1	231	1	1	0	4932	850	61	20	-1	
5	1	231	1	1	1	4932	850	61	20	36.561501	0.23ps
2	1	232	0	0	0	7082	849	186	43	-1	
3	1	232	1	0	0	7082	849	186	43	-1	
4	1	232	1	1	0	7082	849	186	43	-1	
5	1	232	1	1	1	7082	878	67	13	53.369034	-28.2V
5	1	232	1	1	2	7173	849	95	43	17.520691	—
2	1	233	0	0	0	80	880	28	21	-1	
3	1	233	1	0	0	80	880	28	21	-1	
4	1	233	1	1	0	80	880	28	21	-1	
5	1	233	1	1	1	80	880	28	21	96.214088	17
2	1	234	0	0	0	140	879	65	23	-1	
3	1	234	1	0	0	140	879	65	23	-1	
4	1	234	1	1	0	140	879	65	23	-1	
5	1	234	1	1	1	140	879	65	23	93.984596	$625
2	1	235	0	0	0	253	880	187	27	-1	
3	1	235	1	0	0	253	880	187	27	-1	
4	1	235	1	1	0	253	880	187	27	-1	
5	1	235	1	1	1	253	880	93	27	96.711487	Repeat
5	1	235	1	1	2	355	880	85	22	96.450760	switch
2	1	236	0	0	0	1901	878	27	21	-1	
3	1	236	1	0	0	1901	878	27	21	-1	
4	1	236	1	1	0	1901	878	27	21	-1	
5	1	236	1	1	1	1901	878	27	21	96.898491	15
2	1	237	0	0	0	2000	877	149	22	-1	
3	1	237	1	0	0	2000	877	149	22	-1	
4	1	237	1	1	0	2000	877	149	22	-1	
5	1	237	1	1	1	2000	878	75	21	96.102730	Music
5	1	237	1	1	2	2086	877	63	22	96.362480	Scan
2	1	238	0	0	0	2657	891	16	13	-1	
3	1	238	1	0	0	2657	891	16	13	-1	
4	1	238	1	1	0	2657	891	16	13	-1	
5	1	238	1	1	1	2657	891	16	13	86.548584	21
2	1	239	0	0	0	4838	888	25	16	-1	
3	1	239	1	0	0	4838	888	25	16	-1	
4	1	239	1	1	0	4838	888	25	16	-1	
5	1	239	1	1	1	4838	888	25	16	94.207611	48
2	1	240	0	0	0	4925	870	98	46	-1	
3	1	240	1	0	0	4925	870	98	46	-1	
4	1	240	1	1	0	4925	870	98	46	-1	
5	1	240	1	1	1	4925	870	98	46	29.270790	NV
2	1	241	0	0	0	80	913	28	21	-1	
3	1	241	1	0	0	80	913	28	21	-1	
4	1	241	1	1	0	80	913	28	21	-1	
5	1	241	1	1	1	80	913	28	21	96.875381	18
2	1	242	0	0	0	140	913	65	22	-1	
3	1	242	1	0	0	140	913	65	22	-1	
4	1	242	1	1	0	140	913	65	22	-1	
5	1	242	1	1	1	140	913	65	22	92.689644	$626
2	1	243	0	0	0	253	913	152	27	-1	
3	1	243	1	0	0	253	913	152	27	-1	
4	1	243	1	1	0	253	913	152	27	-1	
5	1	243	1	1	1	253	913	56	27	96.733368	Play
5	1	243	1	1	2	319	914	86	21	96.748741	switch
2	1	244	0	0	0	1901	920	28	21	-1	
3	1	244	1	0	0	1901	920	28	21	-1	
4	1	244	1	1	0	1901	920	28	21	-1	
5	1	244	1	1	1	1901	920	28	21	96.962227	16
2	1	245	0	0	0	2000	920	129	21	-1	
3	1	245	1	0	0	2000	920	129	21	-1	
4	1	245	1	1	0	2000	920	129	21	-1	
5	1	245	1	1	1	2000	920	109	21	96.154099	Numeric
5	1	245	1	1	2	2121	920	8	20	96.420151	1
2	1	246	0	0	0	7866	840	90	88	-1	
3	1	246	1	0	0	7866	840	90	88	-1	
4	1	246	1	1	0	7866	840	90	88	-1	
5	1	246	1	1	1	7866	840	90	88	37.081799	Al
2	1	247	0	0	0	80	946	28	22	-1	
3	1	247	1	0	0	80	946	28	22	-1	
4	1	247	1	1	0	80	946	28	22	-1	
5	1	247	1	1	1	80	946	28	22	96.871178	19
2	1	248	0	0	0	140	946	65	22	-1	
3	1	248	1	0	0	140	946	65	22	-1	
4	1	248	1	1	0	140	946	65	22	-1	
5	1	248	1	1	1	140	946	65	22	94.951729	$627
2	1	249	0	0	0	2656	910	38	39	-1	
3	1	249	1	0	0	2656	910	38	39	-1	
4	1	249	1	1	0	2656	910	38	39	-1	
5	1	249	1	1	1	2656	910	38	39	52.762474	as
2	1	250	0	0	0	2798	887	113	76	-1	
3	1	250	1	0	0	2798	887	113	76	-1	
4	1	250	1	1	0	2798	887	113	76	-1	
5	1	250	1	1	1	2798	887	113	76	26.308121	Me
2	1	251	0	0	0	3445	949	71	20	-1	
3	1	251	1	0	0	3445	949	71	20	-1	
4	1	251	1	1	0	3445	949	71	20	-1	
5	1	251	1	1	1	3445	949	71	20	84.023514	D1001
2	1	252	0	0	0	252	946	157	27	-1	
3	1	252	1	0	0	252	946	157	27	-1	
4	1	252	1	1	0	252	946	157	27	-1	
5	1	252	1	1	1	252	946	62	27	96.512589	Stop
5	1	252	1	1	2	324	947	85	22	96.065384	switch
2	1	253	0	0	0	1901	962	27	20	-1	
3	1	253	1	0	0	1901	962	27	20	-1	
4	1	253	1	1	0	1901	962	27	20	-1	
5	1	253	1	1	1	1901	962	27	20	96.840958	17
2	1	254	0	0	0	2000	962	133	21	-1	
3	1	254	1	0	0	2000	962	133	21	-1	
4	1	254	1	1	0	2000	962	133	21	-1	
5	1	254	1	1	1	2000	962	109	21	95.887375	Numeric
5	1	254	1	1	2	2120	962	13	21	96.939674	2
2	1	255	0	0	0	2655	969	17	13	-1	
3	1	255	1	0	0	2655	969	17	13	-1	
4	1	255	1	1	0	2655	969	17	13	-1	
5	1	255	1	1	1	2655	969	17	13	96.841721	22
2	1	256	0	0	0	3047	958	56	20	-1	
3	1	256	1	0	0	3047	958	56	20	-1	
4	1	256	1	1	0	3047	958	56	20	-1	
5	1	256	1	1	1	3047	958	56	20	96.686516	Pulse
2	1	257	0	0	0	3235	954	99	23	-1	
3	1	257	1	0	0	3235	954	99	23	-1	
4	1	257	1	1	0	3235	954	99	23	-1	
5	1	257	1	1	1	3235	954	99	23	92.297600	key-push
2	1	258	0	0	0	3377	962	26	29	-1	
3	1	258	1	0	0	3377	962	26	29	-1	
4	1	258	1	1	0	3377	962	26	29	-1	
5	1	258	1	1	1	3377	955	26	36	54.094421	Y
2	1	259	0	0	0	4517	957	70	16	-1	
3	1	259	1	0	0	4517	957	70	16	-1	
4	1	259	1	1	0	4517	957	70	16	-1	
5	1	259	1	1	1	4517	957	70	16	9.420639	1€353
2	1	260	0	0	0	4796	957	64	15	-1	
3	1	260	1	0	0	4796	957	64	15	-1	
4	1	260	1	1	0	4796	957	64	15	-1	
5	1	260	1	1	1	4796	957	64	15	77.909721	1C354
2	1	261	0	0	0	7409	974	69	13	-1	
3	1	261	1	0	0	7409	974	69	13	-1	
4	1	261	1	1	0	7409	974	69	13	-1	
5	1	261	1	1	1	7409	974	69	13	76.140228	—
2	1	262	0	0	0	7872	951	203	39	-1	
3	1	262	1	0	0	7872	951	203	39	-1	
4	1	262	1	1	0	7872	951	203	39	-1	
5	1	262	1	1	1	7872	951	50	37	88.256248	FL
5	1	262	1	1	2	7946	951	129	39	88.256248	P.C.B
2	1	263	0	0	0	78	980	30	22	-1	
3	1	263	1	0	0	78	980	30	22	-1	
4	1	263	1	1	0	78	980	30	22	-1	
5	1	263	1	1	1	78	980	30	22	92.217987	20
2	1	264	0	0	0	139	984	65	22	-1	
3	1	264	1	0	0	139	984	65	22	-1	
4	1	264	1	1	0	139	984	65	22	-1	
5	1	264	1	1	1	139	984	65	22	95.771088	$628
2	1	265	0	0	0	252	984	266	22	-1	
3	1	265	1	0	0	252	984	266	22	-1	
4	1	265	1	1	0	252	984	266	22	-1	
5	1	265	1	1	1	252	984	66	22	96.664551	Pitch
5	1	265	1	1	2	329	985	95	21	96.464340	control
5	1	265	1	1	3	434	984	84	22	96.975159	switch
2	1	266	0	0	0	2657	995	34	24	-1	
3	1	266	1	0	0	2657	995	34	24	-1	
4	1	266	1	1	0	2657	995	34	24	-1	
5	1	266	1	1	1	2657	995	34	24	47.136711	OX
2	1	267	0	0	0	3048	987	124	20	-1	
3	1	267	1	0	0	3048	987	124	20	-1	
4	1	267	1	1	0	3048	987	124	20	-1	
5	1	267	1	1	1	3048	987	124	20	96.783966	Generation
2	1	268	0	0	0	3325	982	52	35	-1	
3	1	268	1	0	0	3325	982	52	35	-1	
4	1	268	1	1	0	3325	982	52	35	-1	
5	1	268	1	1	1	3325	982	12	20	53.481346	3
2	1	269	0	0	0	3404	981	256	52	-1	
3	1	269	1	0	0	3404	981	256	52	-1	
4	1	269	1	1	0	3404	981	256	52	-1	
5	1	269	1	1	1	3404	981	129	52	0.000000	pEsOsA
5	1	269	1	1	2	3544	990	30	17	92.550339	or
5	1	269	1	1	3	3585	985	75	24	90.345970	LN66
2	1	270	0	0	0	4516	983	170	22	-1	
3	1	270	1	0	0	4516	983	170	22	-1	
4	1	270	1	1	0	4516	983	170	22	-1	
5	1	270	1	1	1	4516	983	170	22	88.869095	MN74HC74S
2	1	271	0	0	0	4794	982	176	22	-1	
3	1	271	1	0	0	4794	982	176	22	-1	
4	1	271	1	1	0	4794	982	176	22	-1	
5	1	271	1	1	1	4794	982	176	22	89.732704	MN74HCOOS
2	1	272	0	0	0	77	1014	26	21	-1	
3	1	272	1	0	0	77	1014	26	21	-1	
4	1	272	1	1	0	77	1014	26	21	-1	
5	1	272	1	1	1	77	1014	26	21	95.152084	21
2	1	273	0	0	0	139	1015	66	23	-1	
3	1	273	1	0	0	139	1015	66	23	-1	
4	1	273	1	1	0	139	1015	66	23	-1	
5	1	273	1	1	1	139	1015	66	23	94.439484	$629
2	1	274	0	0	0	251	1016	216	22	-1	
3	1	274	1	0	0	251	1016	216	22	-1	
4	1	274	1	1	0	251	1016	216	22	-1	
5	1	274	1	1	1	251	1016	64	22	96.324265	Auto
5	1	274	1	1	2	325	1021	48	17	96.638954	cue
5	1	274	1	1	3	382	1016	85	22	96.569931	switch
2	1	275	0	0	0	1901	1004	28	21	-1	
3	1	275	1	0	0	1901	1004	28	21	-1	
4	1	275	1	1	0	1901	1004	28	21	-1	
5	1	275	1	1	1	1901	1004	28	21	96.905006	18
2	1	276	0	0	0	2000	1004	133	21	-1	
3	1	276	1	0	0	2000	1004	133	21	-1	
4	1	276	1	1	0	2000	1004	133	21	-1	
5	1	276	1	1	1	2000	1004	109	21	96.534126	Numeric
5	1	276	1	1	2	2119	1004	14	21	96.786301	3
2	1	277	0	0	0	2410	964	230	76	-1	
3	1	277	1	0	0	2410	964	230	76	-1	
4	1	277	1	1	0	2410	964	230	76	-1	
5	1	277	1	1	1	2410	964	96	76	54.772247	|
5	1	277	1	1	2	2542	960	98	109	18.129494	tt
2	1	278	0	0	0	2720	964	190	76	-1	
3	1	278	1	0	0	2720	964	190	76	-1	
4	1	278	1	1	0	2720	964	190	76	-1	
5	1	278	1	1	1	2720	964	190	76	35.677673	ae
2	1	279	0	0	0	3047	1016	76	20	-1	
3	1	279	1	0	0	3047	1016	76	20	-1	
4	1	279	1	1	0	3047	1016	76	20	-1	
5	1	279	1	1	1	3047	1016	76	20	96.987045	Circuit
2	1	280	0	0	0	3241	982	71	57	-1	
3	1	280	1	0	0	3241	982	71	57	-1	
4	1	280	1	1	0	3241	982	71	57	-1	
5	1	280	1	1	1	3241	982	71	57	0.000000	alllh
2	1	281	0	0	0	77	1047	30	21	-1	
3	1	281	1	0	0	77	1047	30	21	-1	
4	1	281	1	1	0	77	1047	30	21	-1	
5	1	281	1	1	1	77	1047	30	21	96.981415	22
2	1	282	0	0	0	139	1049	66	22	-1	
3	1	282	1	0	0	139	1049	66	22	-1	
4	1	282	1	1	0	139	1049	66	22	-1	
5	1	282	1	1	1	139	1049	66	22	94.519470	$630
2	1	283	0	0	0	253	1049	244	22	-1	
3	1	283	1	0	0	253	1049	244	22	-1	
4	1	283	1	1	0	253	1049	244	22	-1	
5	1	283	1	1	1	253	1049	50	22	96.318047	Dial
5	1	283	1	1	2	314	1050	88	21	96.497978	search
5	1	283	1	1	3	412	1049	85	22	96.454605	switch
2	1	284	0	0	0	1901	1045	28	22	-1	
3	1	284	1	0	0	1901	1045	28	22	-1	
4	1	284	1	1	0	1901	1045	28	22	-1	
5	1	284	1	1	1	1901	1045	28	22	96.808983	19
2	1	285	0	0	0	2000	1046	133	21	-1	
3	1	285	1	0	0	2000	1046	133	21	-1	
4	1	285	1	1	0	2000	1046	133	21	-1	
5	1	285	1	1	1	2000	1046	110	21	96.426651	Numeric
5	1	285	1	1	2	2119	1046	14	20	96.974556	4
2	1	286	0	0	0	2662	1048	87	14	-1	
3	1	286	1	0	0	2662	1048	87	14	-1	
4	1	286	1	1	0	2662	1048	87	14	-1	
5	1	286	1	1	1	2662	1048	8	14	62.435745	3
5	1	286	1	1	2	2732	1049	17	13	79.882042	15
2	1	287	0	0	0	3404	1014	163	49	-1	
3	1	287	1	0	0	3404	1014	163	49	-1	
4	1	287	1	1	0	3404	1014	163	49	-1	
5	1	287	1	1	1	3404	1014	91	49	70.036545	(INFRA
5	1	287	1	1	2	3507	1042	60	21	96.611320	RED)
2	1	288	0	0	0	2737	1071	30	27	-1	
3	1	288	1	0	0	2737	1071	30	27	-1	
4	1	288	1	1	0	2737	1071	30	27	-1	
5	1	288	1	1	1	2737	1071	30	27	65.751137	Ox
2	1	289	0	0	0	2810	1067	38	31	-1	
3	1	289	1	0	0	2810	1067	38	31	-1	
4	1	289	1	1	0	2810	1067	38	31	-1	
5	1	289	1	1	1	2810	1067	38	31	5.830948	ae
2	1	290	0	0	0	4543	1063	36	15	-1	
3	1	290	1	0	0	4543	1063	36	15	-1	
4	1	290	1	1	0	4543	1063	36	15	-1	
5	1	290	1	1	1	4543	1063	36	15	52.156357	42V
2	1	291	0	0	0	4834	1065	99	17	-1	
3	1	291	1	0	0	4834	1065	99	17	-1	
4	1	291	1	1	0	4834	1065	99	17	-1	
5	1	291	1	1	1	4834	1066	48	15	48.923790	C370
5	1	291	1	1	2	4894	1065	39	17	27.871407	270P,
2	1	292	0	0	0	77	1080	30	21	-1	
3	1	292	1	0	0	77	1080	30	21	-1	
4	1	292	1	1	0	77	1080	30	21	-1	
5	1	292	1	1	1	77	1080	30	21	85.915749	23
2	1	293	0	0	0	139	1082	62	22	-1	
3	1	293	1	0	0	139	1082	62	22	-1	
4	1	293	1	1	0	139	1082	62	22	-1	
5	1	293	1	1	1	139	1082	62	22	92.679604	$631
2	1	294	0	0	0	253	1082	450	27	-1	
3	1	294	1	0	0	253	1082	450	27	-1	
4	1	294	1	1	0	253	1082	450	27	-1	
5	1	294	1	1	1	253	1082	50	22	96.772720	Dial
5	1	294	1	1	2	314	1083	88	22	96.609962	search
5	1	294	1	1	3	412	1082	79	27	96.308891	speed
5	1	294	1	1	4	502	1082	107	22	96.443787	selector
5	1	294	1	1	5	618	1083	85	21	96.466034	switch
2	1	295	0	0	0	1900	1088	29	21	-1	
3	1	295	1	0	0	1900	1088	29	21	-1	
4	1	295	1	1	0	1900	1088	29	21	-1	
5	1	295	1	1	1	1900	1088	29	21	96.977859	20
2	1	296	0	0	0	2001	1088	132	21	-1	
3	1	296	1	0	0	2001	1088	132	21	-1	
4	1	296	1	1	0	2001	1088	132	21	-1	
5	1	296	1	1	1	2001	1088	109	21	95.134087	Numeric
5	1	296	1	1	2	2120	1088	13	21	95.134087	5
2	1	297	0	0	0	2410	1042	308	75	-1	
3	1	297	1	0	0	2410	1042	308	75	-1	
4	1	297	1	1	0	2410	1042	308	75	-1	
5	1	297	1	1	1	2410	1042	308	75	15.127655	|
2	1	298	0	0	0	3341	1086	32	18	-1	
3	1	298	1	0	0	3341	1086	32	18	-1	
4	1	298	1	1	0	3341	1086	32	18	-1	
5	1	298	1	1	1	3341	1086	32	18	95.832169	1.3
2	1	299	0	0	0	7483	1077	238	34	-1	
3	1	299	1	0	0	7483	1077	238	34	-1	
4	1	299	1	1	0	7483	1077	238	34	-1	
5	1	299	1	1	1	7483	1077	238	34	44.971649	(86000600)
2	1	300	0	0	0	78	1114	30	21	-1	
3	1	300	1	0	0	78	1114	30	21	-1	
4	1	300	1	1	0	78	1114	30	21	-1	
5	1	300	1	1	1	78	1114	30	21	96.847290	24
2	1	301	0	0	0	139	1115	1178	29	-1	
3	1	301	1	0	0	139	1115	1178	29	-1	
4	1	301	1	1	0	139	1115	1178	29	-1	
5	1	301	1	1	1	139	1115	51	22	96.810722	The
5	1	301	1	1	2	200	1116	98	27	96.116348	voltage
5	1	301	1	1	3	309	1116	69	22	96.275894	value
5	1	301	1	1	4	389	1116	48	21	96.423439	and
5	1	301	1	1	5	449	1115	130	23	96.198044	waveform
5	1	301	1	1	6	590	1121	41	17	96.773148	are
5	1	301	1	1	7	641	1116	40	21	96.251389	the
5	1	301	1	1	8	693	1115	126	23	95.715576	reference
5	1	301	1	1	9	829	1116	98	27	96.562225	voltage
5	1	301	1	1	10	937	1116	25	22	96.562225	of
5	1	301	1	1	11	971	1116	48	21	96.722244	this
5	1	301	1	1	12	1030	1118	50	20	96.631363	unit
5	1	301	1	1	13	1091	1117	131	22	96.028122	measured
5	1	301	1	1	14	1234	1117	30	27	96.447456	by
5	1	301	1	1	15	1276	1116	41	23	96.447456	DC
2	1	302	0	0	0	1900	1130	25	20	-1	
3	1	302	1	0	0	1900	1130	25	20	-1	
4	1	302	1	1	0	1900	1130	25	20	-1	
5	1	302	1	1	1	1900	1130	25	20	95.675568	21
2	1	303	0	0	0	2000	1130	133	21	-1	
3	1	303	1	0	0	2000	1130	133	21	-1	
4	1	303	1	1	0	2000	1130	133	21	-1	
5	1	303	1	1	1	2000	1130	110	21	96.730629	Numeric
5	1	303	1	1	2	2120	1130	13	21	96.939156	6
2	1	304	0	0	0	2490	1139	51	10	-1	
3	1	304	1	0	0	2490	1139	51	10	-1	
4	1	304	1	1	0	2490	1139	51	10	-1	
5	1	304	1	1	1	2490	1139	51	10	46.846535	—
2	1	305	0	0	0	3483	1112	11	19	-1	
3	1	305	1	0	0	3483	1112	11	19	-1	
4	1	305	1	1	0	3483	1112	11	19	-1	
5	1	305	1	1	1	3483	1112	11	19	93.082115	k
2	1	306	0	0	0	3496	1113	86	22	-1	
3	1	306	1	0	0	3496	1113	86	22	-1	
4	1	306	1	1	0	3496	1113	86	22	-1	
5	1	306	1	1	1	3496	1113	86	22	83.941223	ey-push
2	1	307	0	0	0	4399	1087	86	48	-1	
3	1	307	1	0	0	4399	1087	86	48	-1	
4	1	307	1	1	0	4399	1087	86	48	-1	
5	1	307	1	1	1	4399	1104	32	28	0.000000	ga
5	1	307	1	1	2	4433	1087	52	48	0.000000	15.
2	1	308	0	0	0	4699	1089	60	47	-1	
3	1	308	1	0	0	4699	1089	60	47	-1	
4	1	308	1	1	0	4699	1089	60	47	-1	
5	1	308	1	1	1	4699	1091	16	45	50.161026	/
5	1	308	1	1	2	4756	1089	3	45	50.161026	|
2	1	309	0	0	0	139	1149	1074	27	-1	
3	1	309	1	0	0	139	1149	1074	27	-1	
4	1	309	1	1	0	139	1149	1074	27	-1	
5	1	309	1	1	1	139	1149	134	22	96.354500	electronic
5	1	309	1	1	2	283	1149	127	22	95.845535	voltmeter
5	1	309	1	1	3	421	1149	67	27	96.203377	(high
5	1	309	1	1	4	500	1149	156	27	95.928215	impedance)
5	1	309	1	1	5	668	1149	48	22	95.928215	and
5	1	309	1	1	6	727	1149	169	27	96.550674	oscilloscope
5	1	309	1	1	7	906	1155	32	16	96.380859	on
5	1	309	1	1	8	949	1149	41	22	96.935333	the
5	1	309	1	1	9	1002	1149	67	22	96.765015	basis
5	1	309	1	1	10	1079	1149	26	22	96.837814	of
5	1	309	1	1	11	1114	1150	99	22	96.000031	chassis
2	1	310	0	0	0	2497	1156	57	21	-1	
3	1	310	1	0	0	2497	1156	57	21	-1	
4	1	310	1	1	0	2497	1156	57	21	-1	
5	1	310	1	1	1	2497	1156	57	21	47.844204	1092
2	1	311	0	0	0	3037	1148	129	19	-1	
3	1	311	1	0	0	3037	1148	129	19	-1	
4	1	311	1	1	0	3037	1148	129	19	-1	
5	1	311	1	1	1	3037	1148	129	19	96.275597	Modulation
2	1	312	0	0	0	3252	1050	36	107	-1	
3	1	312	1	0	0	3252	1050	36	107	-1	
4	1	312	1	1	0	3252	1050	36	107	-1	
5	1	312	1	1	1	3252	1050	36	107	45.133190	i
2	1	313	0	0	0	3594	1141	6	18	-1	
3	1	313	1	0	0	3594	1141	6	18	-1	
4	1	313	1	1	0	3594	1141	6	18	-1	
5	1	313	1	1	1	3594	1141	6	18	96.935699	1
2	1	314	0	0	0	4318	1162	106	13	-1	
3	1	314	1	0	0	4318	1162	106	13	-1	
4	1	314	1	1	0	4318	1162	106	13	-1	
5	1	314	1	1	1	4318	1162	106	13	90.613708	16.9344MHz
2	1	315	0	0	0	4341	1122	127	44	-1	
3	1	315	1	0	0	4341	1122	127	44	-1	
4	1	315	1	1	0	4341	1122	127	44	-1	
5	1	315	1	1	1	4341	1133	41	33	65.274918	X351
5	1	315	1	1	2	4399	1122	32	27	46.231087	88
5	1	315	1	1	3	4454	1126	14	33	7.964676	3
2	1	316	0	0	0	4455	1131	57	46	-1	
3	1	316	1	0	0	4455	1131	57	46	-1	
4	1	316	1	1	0	4455	1131	57	46	-1	
5	1	316	1	1	1	4455	1124	57	53	44.276306	ee]
2	1	317	0	0	0	7482	1145	238	33	-1	
3	1	317	1	0	0	7482	1145	238	33	-1	
4	1	317	1	1	0	7482	1145	238	33	-1	
5	1	317	1	1	1	7482	1145	238	33	0.000000	(ce0800000)
2	1	318	0	0	0	1900	1172	29	20	-1	
3	1	318	1	0	0	1900	1172	29	20	-1	
4	1	318	1	1	0	1900	1172	29	20	-1	
5	1	318	1	1	1	1900	1172	29	20	96.977776	22
2	1	319	0	0	0	2001	1172	132	21	-1	
3	1	319	1	0	0	2001	1172	132	21	-1	
4	1	319	1	1	0	2001	1172	132	21	-1	
5	1	319	1	1	1	2001	1172	109	21	95.334053	Numeric
5	1	319	1	1	2	2120	1172	13	20	95.334053	7
2	1	320	0	0	0	139	1182	1177	29	-1	
3	1	320	1	0	0	139	1182	1177	29	-1	
4	1	320	1	1	0	139	1182	1177	29	-1	
5	1	320	1	1	1	139	1182	174	27	96.709427	Accordingly,
5	1	320	1	1	2	326	1183	70	21	96.632263	there
5	1	320	1	1	3	408	1187	55	22	96.328247	may
5	1	320	1	1	4	474	1187	64	17	96.907768	arise
5	1	320	1	1	5	550	1188	72	16	96.148598	some
5	1	320	1	1	6	634	1188	66	16	96.743179	error
5	1	320	1	1	7	712	1188	21	15	96.881577	in
5	1	320	1	1	8	746	1183	98	27	96.274757	voltage
5	1	320	1	1	9	856	1183	85	21	96.365044	values
5	1	320	1	1	10	953	1183	48	21	96.837624	and
5	1	320	1	1	11	1014	1183	146	22	96.834198	waveforms
5	1	320	1	1	12	1172	1183	144	28	96.875175	depending
2	1	321	0	0	0	2378	1216	84	10	-1	
3	1	321	1	0	0	2378	1216	84	10	-1	
4	1	321	1	1	0	2378	1216	84	10	-1	
5	1	321	1	1	1	2378	1216	84	10	0.000000	r-|---4
2	1	322	0	0	0	2854	1168	75	50	-1	
3	1	322	1	0	0	2854	1168	75	50	-1	
4	1	322	1	1	0	2854	1168	75	50	-1	
5	1	322	1	1	1	2854	1168	75	50	12.864594	17%)
2	1	323	0	0	0	4485	1211	30	19	-1	
3	1	323	1	0	0	4485	1211	30	19	-1	
4	1	323	1	1	0	4485	1211	30	19	-1	
5	1	323	1	1	1	4485	1211	30	19	96.064133	Ro
2	1	324	0	0	0	5327	963	1946	256	-1	
3	1	324	1	0	0	5327	963	2050	256	-1	
4	1	324	1	1	0	5327	963	1946	256	-1	
5	1	324	1	1	1	5327	963	1946	256	0.000000	S6500008088506
5	1	324	1	1	2	7318	975	59	13	61.304199	|
2	1	325	0	0	0	140	1215	860	28	-1	
3	1	325	1	0	0	140	1215	860	28	-1	
4	1	325	1	1	0	140	1215	860	28	-1	
5	1	325	1	1	1	140	1220	66	22	96.925858	upon
5	1	325	1	1	2	217	1215	41	22	96.351456	the
5	1	325	1	1	3	270	1216	100	21	95.915871	internal
5	1	325	1	1	4	382	1216	146	26	95.915871	impedance
5	1	325	1	1	5	539	1215	25	22	96.766350	of
5	1	325	1	1	6	573	1216	42	21	96.914139	the
5	1	325	1	1	7	624	1217	76	20	96.673660	tester
5	1	325	1	1	8	709	1221	27	16	96.811966	or
5	1	325	1	1	9	745	1216	41	21	96.361885	the
5	1	325	1	1	10	798	1221	140	22	96.563759	measuring
5	1	325	1	1	11	950	1217	50	20	95.931145	unit
2	1	326	0	0	0	1900	1214	29	21	-1	
3	1	326	1	0	0	1900	1214	29	21	-1	
4	1	326	1	1	0	1900	1214	29	21	-1	
5	1	326	1	1	1	1900	1214	29	21	96.930969	23
2	1	327	0	0	0	2001	1214	133	21	-1	
3	1	327	1	0	0	2001	1214	133	21	-1	
4	1	327	1	1	0	2001	1214	133	21	-1	
5	1	327	1	1	1	2001	1214	109	21	95.938133	Numeric
5	1	327	1	1	2	2120	1214	14	21	95.938133	8
2	1	328	0	0	0	2437	1225	122	18	-1	
3	1	328	1	0	0	2437	1225	122	18	-1	
4	1	328	1	1	0	2437	1225	122	18	-1	
5	1	328	1	1	1	2437	1227	33	16	48.355217	004
5	1	328	1	1	2	2478	1226	15	12	66.302948	4
5	1	328	1	1	3	2501	1225	58	16	35.867676	D1003
5	1	328	1	1	4	2558	1221	5	30	35.867676	|
2	1	329	0	0	0	2856	1235	31	18	-1	
3	1	329	1	0	0	2856	1235	31	18	-1	
4	1	329	1	1	0	2856	1235	31	18	-1	
5	1	329	1	1	1	2856	1235	31	18	82.660309	1.7
2	1	330	0	0	0	4320	1227	98	14	-1	
3	1	330	1	0	0	4320	1227	98	14	-1	
4	1	330	1	1	0	4320	1227	98	14	-1	
5	1	330	1	1	1	4320	1227	43	14	89.563889	R358
5	1	330	1	1	2	4381	1227	37	14	86.453094	100K
2	1	331	0	0	0	4484	1245	31	10	-1	
3	1	331	1	0	0	4484	1245	31	10	-1	
4	1	331	1	1	0	4484	1245	31	10	-1	
5	1	331	1	1	1	4484	1245	31	10	78.868820	em
2	1	332	0	0	0	4484	1233	31	8	-1	
3	1	332	1	0	0	4484	1233	31	8	-1	
4	1	332	1	1	0	4484	1233	31	8	-1	
5	1	332	1	1	1	4484	1233	31	8	50.574951	mm
2	1	333	0	0	0	4580	1143	466	89	-1	
3	1	333	1	0	0	4580	1143	466	89	-1	
4	1	333	1	1	0	4580	1143	466	89	-1	
5	1	333	1	1	1	4580	1139	184	125	24.262360	Sea
5	1	333	1	1	2	4836	1143	209	89	33.940727	Ge
2	1	334	0	0	0	5003	1242	29	11	-1	
3	1	334	1	0	0	5003	1242	29	11	-1	
4	1	334	1	1	0	5003	1242	29	11	-1	
5	1	334	1	1	1	5003	1242	29	11	31.821991	eo
2	1	335	0	0	0	164	1248	1145	28	-1	
3	1	335	1	0	0	164	1248	1145	28	-1	
4	1	335	1	1	0	164	1248	1145	28	-1	
5	1	335	1	1	1	164	1248	51	22	92.938904	The
5	1	335	1	1	2	224	1249	190	26	91.757690	parenthesized
5	1	335	1	1	3	423	1254	41	16	96.914383	are
5	1	335	1	1	4	473	1249	41	21	96.242554	the
5	1	335	1	1	5	523	1249	85	21	96.242554	values
5	1	335	1	1	6	617	1249	25	21	96.277618	of
5	1	335	1	1	7	650	1249	97	27	96.834213	voltage
5	1	335	1	1	8	755	1249	134	27	96.285851	generated
5	1	335	1	1	9	899	1249	87	27	96.605125	during
5	1	335	1	1	10	996	1249	97	27	96.554909	playing
5	1	335	1	1	11	1104	1249	67	27	95.873581	(Test
5	1	335	1	1	12	1179	1250	54	21	93.207153	disc
5	1	335	1	1	13	1244	1250	65	21	92.199860	1kHz
2	1	336	0	0	0	1900	1256	29	20	-1	
3	1	336	1	0	0	1900	1256	29	20	-1	
4	1	336	1	1	0	1900	1256	29	20	-1	
5	1	336	1	1	1	1900	1256	29	20	95.775589	24
2	1	337	0	0	0	2001	1255	133	22	-1	
3	1	337	1	0	0	2001	1255	133	22	-1	
4	1	337	1	1	0	2001	1255	133	22	-1	
5	1	337	1	1	1	2001	1255	109	22	96.483025	Numeric
5	1	337	1	1	2	2120	1256	14	21	96.526321	9
2	1	338	0	0	0	2459	1270	81	11	-1	
3	1	338	1	0	0	2459	1270	81	11	-1	
4	1	338	1	1	0	2459	1270	81	11	-1	
5	1	338	1	1	1	2459	1270	81	11	0.000000	t.|---4
2	1	339	0	0	0	4607	1252	17	13	-1	
3	1	339	1	0	0	4607	1252	17	13	-1	
4	1	339	1	1	0	4607	1252	17	13	-1	
5	1	339	1	1	1	4607	1252	17	13	92.562828	14
2	1	340	0	0	0	4824	1263	29	11	-1	
3	1	340	1	0	0	4824	1263	29	11	-1	
4	1	340	1	1	0	4824	1263	29	11	-1	
5	1	340	1	1	1	4824	1263	29	11	67.820251	ko
2	1	341	0	0	0	5003	1266	30	14	-1	
3	1	341	1	0	0	5003	1266	30	14	-1	
4	1	341	1	1	0	5003	1266	30	14	-1	
5	1	341	1	1	1	5003	1266	30	14	4.475288	hiss)
2	1	342	0	0	0	5003	1255	30	13	-1	
3	1	342	1	0	0	5003	1255	30	13	-1	
4	1	342	1	1	0	5003	1255	30	13	-1	
5	1	342	1	1	1	5003	1255	30	13	25.131348	89:
2	1	343	0	0	0	4523	1288	82	19	-1	
3	1	343	1	0	0	4523	1288	82	19	-1	
4	1	343	1	1	0	4523	1288	82	19	-1	
5	1	343	1	1	1	4523	1288	54	19	0.000000	NS
5	1	343	1	1	2	4591	1294	14	13	0.000000	2
2	1	344	0	0	0	4823	1288	56	16	-1	
3	1	344	1	0	0	4823	1288	56	16	-1	
4	1	344	1	1	0	4823	1288	56	16	-1	
5	1	344	1	1	1	4823	1288	29	10	40.642067	oO
5	1	344	1	1	2	4867	1291	12	13	33.571732	||
2	1	345	0	0	0	5003	1278	29	9	-1	
3	1	345	1	0	0	5003	1278	29	9	-1	
4	1	345	1	1	0	5003	1278	29	9	-1	
5	1	345	1	1	1	5003	1278	29	9	77.658295	oe
2	1	346	0	0	0	7214	1285	46	14	-1	
3	1	346	1	0	0	7214	1285	46	14	-1	
4	1	346	1	1	0	7214	1285	46	14	-1	
5	1	346	1	1	1	7214	1285	46	14	47.243519	~27V
2	1	347	0	0	0	7497	1278	42	18	-1	
3	1	347	1	0	0	7497	1278	42	18	-1	
4	1	347	1	1	0	7497	1278	42	18	-1	
5	1	347	1	1	1	7497	1278	42	18	93.457970	ab
2	1	348	0	0	0	7580	1278	40	19	-1	
3	1	348	1	0	0	7580	1278	40	19	-1	
4	1	348	1	1	0	7580	1278	40	19	-1	
5	1	348	1	1	1	7580	1278	40	19	86.617882	ed
2	1	349	0	0	0	165	1282	678	27	-1	
3	1	349	1	0	0	165	1282	678	27	-1	
4	1	349	1	1	0	165	1282	678	27	-1	
5	1	349	1	1	1	165	1282	56	21	92.680336	L+R,
5	1	349	1	1	2	240	1282	62	26	63.993832	0dB),
5	1	349	1	1	3	322	1282	85	22	96.202454	others
5	1	349	1	1	4	417	1287	41	17	96.762253	are
5	1	349	1	1	5	467	1282	97	27	96.352783	voltage
5	1	349	1	1	6	574	1282	84	22	96.356461	values
5	1	349	1	1	7	669	1288	21	15	96.297569	in
5	1	349	1	1	8	702	1284	57	25	96.821388	stop
5	1	349	1	1	9	770	1282	73	22	96.654320	mode
2	1	350	0	0	0	1900	1298	29	20	-1	
3	1	350	1	0	0	1900	1298	29	20	-1	
4	1	350	1	1	0	1900	1298	29	20	-1	
5	1	350	1	1	1	1900	1298	29	20	96.816238	25
2	1	351	0	0	0	2001	1298	133	21	-1	
3	1	351	1	0	0	2001	1298	133	21	-1	
4	1	351	1	1	0	2001	1298	133	21	-1	
5	1	351	1	1	1	2001	1298	109	21	96.368004	Numeric
5	1	351	1	1	2	2120	1298	14	21	96.767220	0
2	1	352	0	0	0	2379	1320	83	9	-1	
3	1	352	1	0	0	2379	1320	83	9	-1	
4	1	352	1	1	0	2379	1320	83	9	-1	
5	1	352	1	1	1	2379	1320	83	9	0.000000	ua|---4
2	1	353	0	0	0	2425	1293	58	16	-1	
3	1	353	1	0	0	2425	1293	58	16	-1	
4	1	353	1	1	0	2425	1293	58	16	-1	
5	1	353	1	1	1	2425	1293	58	16	63.827782	01005)
2	1	354	0	0	0	2857	1300	31	19	-1	
3	1	354	1	0	0	2857	1300	31	19	-1	
4	1	354	1	1	0	2857	1300	31	19	-1	
5	1	354	1	1	1	2857	1300	31	19	94.925583	1.7
2	1	355	0	0	0	4266	1248	177	81	-1	
3	1	355	1	0	0	4266	1248	177	81	-1	
4	1	355	1	1	0	4266	1248	177	81	-1	
5	1	355	1	1	1	4266	1300	32	16	0.000000	eV
5	1	355	1	1	2	4308	1248	102	81	26.301826	Lone
5	1	355	1	1	3	4429	1248	14	81	77.672791	|
2	1	356	0	0	0	79	1318	30	22	-1	
3	1	356	1	0	0	79	1318	30	22	-1	
4	1	356	1	1	0	79	1318	30	22	-1	
5	1	356	1	1	1	79	1318	30	22	96.550446	25
2	1	357	0	0	0	141	1315	313	27	-1	
3	1	357	1	0	0	141	1315	313	27	-1	
4	1	357	1	1	0	141	1315	313	27	-1	
5	1	357	1	1	1	141	1315	130	26	95.925034	Important
5	1	357	1	1	2	281	1315	80	27	96.031685	safety
5	1	357	1	1	3	372	1317	82	20	96.031685	notice
2	1	358	0	0	0	1900	1339	29	21	-1	
3	1	358	1	0	0	1900	1339	29	21	-1	
4	1	358	1	1	0	1900	1339	29	21	-1	
5	1	358	1	1	1	1900	1339	29	21	94.617523	33
2	1	359	0	0	0	2576	1334	312	20	-1	
3	1	359	1	0	0	2576	1334	312	20	-1	
4	1	359	1	1	0	2576	1334	312	20	-1	
5	1	359	1	1	1	2576	1334	73	20	78.988731	D1002
5	1	359	1	1	2	2656	1330	13	35	89.462395	-
5	1	359	1	1	3	2678	1334	55	20	96.694992	1003,
5	1	359	1	1	4	2751	1335	54	19	93.066681	1004
5	1	359	1	1	5	2814	1330	12	35	82.239944	-
5	1	359	1	1	6	2834	1335	54	19	96.700027	1005
2	1	360	0	0	0	3352	1315	73	20	-1	
3	1	360	1	0	0	3352	1315	73	20	-1	
4	1	360	1	1	0	3352	1315	73	20	-1	
5	1	360	1	1	1	3352	1315	73	20	91.325439	Q1001
2	1	361	0	0	0	4328	1340	102	18	-1	
3	1	361	1	0	0	4328	1340	102	18	-1	
4	1	361	1	1	0	4328	1340	102	18	-1	
5	1	361	1	1	1	4328	1340	102	18	4.397285	1€352/e3
2	1	362	0	0	0	4459	1343	26	13	-1	
3	1	362	1	0	0	4459	1343	26	13	-1	
4	1	362	1	1	0	4459	1343	26	13	-1	
5	1	362	1	1	1	4459	1343	26	13	56.070839	120
2	1	363	0	0	0	4547	1337	62	17	-1	
3	1	363	1	0	0	4547	1337	62	17	-1	
4	1	363	1	1	0	4547	1337	62	17	-1	
5	1	363	1	1	1	4547	1337	62	17	27.343773	1C352
2	1	364	0	0	0	6942	1328	197	16	-1	
3	1	364	1	0	0	6942	1328	197	16	-1	
4	1	364	1	1	0	6942	1328	197	16	-1	
5	1	364	1	1	1	6942	1328	197	16	16.549469	Vy)
2	1	365	0	0	0	139	1343	1170	33	-1	
3	1	365	1	0	0	139	1343	1170	33	-1	
4	1	365	1	1	0	139	1343	1170	33	-1	
5	1	365	1	1	1	139	1348	174	27	96.579193	Components
5	1	365	1	1	2	326	1348	124	22	96.503578	identified
5	1	365	1	1	3	462	1349	31	26	92.898491	by
5	1	365	1	1	4	515	1343	31	28	65.318130	4\
5	1	365	1	1	5	572	1349	65	21	96.506622	mark
5	1	365	1	1	6	651	1349	60	21	96.457260	have
5	1	365	1	1	7	723	1349	93	26	96.621651	special
5	1	365	1	1	8	828	1349	198	21	96.329544	characteristics
5	1	365	1	1	9	1039	1351	130	25	96.280914	important
5	1	365	1	1	10	1181	1349	37	22	96.518188	for
5	1	365	1	1	11	1229	1349	80	27	96.884727	safety
2	1	366	0	0	0	2000	1339	141	22	-1	
3	1	366	1	0	0	2000	1339	141	22	-1	
4	1	366	1	1	0	2000	1339	141	22	-1	
5	1	366	1	1	1	2000	1339	104	21	95.898010	Asterisk
5	1	366	1	1	2	2124	1343	17	18	70.580719	>
2	1	367	0	0	0	2644	1363	141	23	-1	
3	1	367	1	0	0	2644	1363	141	23	-1	
4	1	367	1	1	0	2644	1363	141	23	-1	
5	1	367	1	1	1	2644	1363	141	23	90.958008	MA154WK
2	1	368	0	0	0	2858	1364	31	19	-1	
3	1	368	1	0	0	2858	1364	31	19	-1	
4	1	368	1	1	0	2858	1364	31	19	-1	
5	1	368	1	1	1	2858	1364	31	19	91.046837	1.7
2	1	369	0	0	0	3250	1366	32	19	-1	
3	1	369	1	0	0	3250	1366	32	19	-1	
4	1	369	1	1	0	3250	1366	32	19	-1	
5	1	369	1	1	1	3250	1366	32	19	93.536530	1.7
2	1	370	0	0	0	3337	1346	108	24	-1	
3	1	370	1	0	0	3337	1346	108	24	-1	
4	1	370	1	1	0	3337	1346	108	24	-1	
5	1	370	1	1	1	3337	1346	108	24	91.904671	UN1231
2	1	371	0	0	0	4532	1368	29	15	-1	
3	1	371	1	0	0	4532	1368	29	15	-1	
4	1	371	1	1	0	4532	1368	29	15	-1	
5	1	371	1	1	1	4532	1368	29	15	51.893410	oo
2	1	372	0	0	0	4678	1346	20	17	-1	
3	1	372	1	0	0	4678	1346	20	17	-1	
4	1	372	1	1	0	4678	1346	20	17	-1	
5	1	372	1	1	1	4678	1346	20	17	33.813354	4
2	1	373	0	0	0	4770	1356	36	14	-1	
3	1	373	1	0	0	4770	1356	36	14	-1	
4	1	373	1	1	0	4770	1356	36	14	-1	
5	1	373	1	1	1	4770	1356	36	14	43.468853	4.2V
2	1	374	0	0	0	4949	1352	15	13	-1	
3	1	374	1	0	0	4949	1352	15	13	-1	
4	1	374	1	1	0	4949	1352	15	13	-1	
5	1	374	1	1	1	4949	1352	15	13	77.114655	10
2	1	375	0	0	0	7212	1325	108	47	-1	
3	1	375	1	0	0	7212	1325	108	47	-1	
4	1	375	1	1	0	7212	1325	108	47	-1	
5	1	375	1	1	1	7212	1325	108	47	55.344501	some
2	1	376	0	0	0	7912	1347	52	14	-1	
3	1	376	1	0	0	7912	1347	52	14	-1	
4	1	376	1	1	0	7912	1347	52	14	-1	
5	1	376	1	1	1	7912	1347	52	14	59.685104	FC6O!
2	1	377	0	0	0	139	1381	1115	29	-1	
3	1	377	1	0	0	139	1381	1115	29	-1	
4	1	377	1	1	0	139	1381	1115	29	-1	
5	1	377	1	1	1	139	1381	74	22	95.600136	When
5	1	377	1	1	2	226	1382	124	27	95.897583	replacing
5	1	377	1	1	3	361	1387	48	22	96.287323	any
5	1	377	1	1	4	419	1381	26	23	96.221542	of
5	1	377	1	1	5	453	1382	71	21	96.372734	these
5	1	377	1	1	6	534	1383	168	26	96.402649	components,
5	1	377	1	1	7	721	1387	44	16	96.957275	use
5	1	377	1	1	8	775	1382	57	27	95.879471	only
5	1	377	1	1	9	843	1382	202	22	46.368271	manufacturer's
5	1	377	1	1	10	1056	1382	119	27	96.531555	specified
5	1	377	1	1	11	1188	1384	66	26	96.213539	parts
2	1	378	0	0	0	1900	1381	29	21	-1	
3	1	378	1	0	0	1900	1381	29	21	-1	
4	1	378	1	1	0	1900	1381	29	21	-1	
5	1	378	1	1	1	1900	1381	29	21	96.728119	36
2	1	379	0	0	0	2001	1381	146	26	-1	
3	1	379	1	0	0	2001	1381	146	26	-1	
4	1	379	1	1	0	2001	1381	146	26	-1	
5	1	379	1	1	1	2001	1381	65	21	96.365654	Level
5	1	379	1	1	2	2078	1381	69	26	26.188271	UPA
2	1	380	0	0	0	3485	1372	98	23	-1	
3	1	380	1	0	0	3485	1372	98	23	-1	
4	1	380	1	1	0	3485	1372	98	23	-1	
5	1	380	1	1	1	3485	1372	98	23	92.122833	key-push
2	1	381	0	0	0	4267	1349	57	52	-1	
3	1	381	1	0	0	4267	1349	57	52	-1	
4	1	381	1	1	0	4267	1349	57	52	-1	
5	1	381	1	1	1	4267	1349	57	52	5.778488	eT
2	1	382	0	0	0	4532	1392	31	13	-1	
3	1	382	1	0	0	4532	1392	31	13	-1	
4	1	382	1	1	0	4532	1392	31	13	-1	
5	1	382	1	1	1	4532	1392	31	13	88.289940	on
2	1	383	0	0	0	4532	1380	31	13	-1	
3	1	383	1	0	0	4532	1380	31	13	-1	
4	1	383	1	1	0	4532	1380	31	13	-1	
5	1	383	1	1	1	4532	1380	31	13	44.123680	ns
2	1	384	0	0	0	5576	1374	226	29	-1	
3	1	384	1	0	0	5576	1374	226	29	-1	
4	1	384	1	1	0	5576	1374	226	29	-1	
5	1	384	1	1	1	5576	1375	41	27	96.803253	FL
5	1	384	1	1	2	5631	1374	74	29	95.603470	Grid
5	1	384	1	1	3	5718	1374	84	28	95.603470	drive
2	1	385	0	0	0	6075	1385	202	19	-1	
3	1	385	1	0	0	6075	1385	202	19	-1	
4	1	385	1	1	0	6075	1385	202	19	-1	
5	1	385	1	1	1	6075	1385	202	19	42.527275	aqriabcdef
2	1	386	0	0	0	6355	1384	205	21	-1	
3	1	386	1	0	0	6355	1384	205	21	-1	
4	1	386	1	1	0	6355	1384	205	21	-1	
5	1	386	1	1	1	6355	1384	205	21	23.322952	ghijktimna
2	1	387	0	0	0	6940	1384	201	21	-1	
3	1	387	1	0	0	6940	1384	201	21	-1	
4	1	387	1	1	0	6940	1384	201	21	-1	
5	1	387	1	1	1	6940	1384	201	21	2.094070	bcedefghi
2	1	388	0	0	0	7325	1387	10	12	-1	
3	1	388	1	0	0	7325	1387	10	12	-1	
4	1	388	1	1	0	7325	1387	10	12	-1	
5	1	388	1	1	1	7325	1387	10	12	45.599800	°
2	1	389	0	0	0	80	1410	30	22	-1	
3	1	389	1	0	0	80	1410	30	22	-1	
4	1	389	1	1	0	80	1410	30	22	-1	
5	1	389	1	1	1	80	1410	30	22	96.185371	26
2	1	390	0	0	0	4640	1397	46	29	-1	
3	1	390	1	0	0	4640	1397	46	29	-1	
4	1	390	1	1	0	4640	1397	46	29	-1	
5	1	390	1	1	1	4640	1397	46	29	38.318428	|
2	1	391	0	0	0	6118	1427	124	11	-1	
3	1	391	1	0	0	6118	1427	124	11	-1	
4	1	391	1	1	0	6118	1427	124	11	-1	
5	1	391	1	1	1	6118	1419	20	28	0.000000	s]
5	1	391	1	1	2	6151	1419	17	28	22.841156	=]
5	1	391	1	1	3	6179	1419	17	28	33.300186	af
5	1	391	1	1	4	6202	1427	40	11	68.118172	-fo
2	1	392	0	0	0	7324	1420	30	12	-1	
3	1	392	1	0	0	7324	1420	30	12	-1	
4	1	392	1	1	0	7324	1420	30	12	-1	
5	1	392	1	1	1	7324	1420	30	12	76.758095	-33
2	1	393	0	0	0	292	1415	643	27	-1	
3	1	393	1	0	0	292	1415	643	27	-1	
4	1	393	1	1	0	292	1415	643	27	-1	
5	1	393	1	1	1	292	1415	104	22	96.948967	Positive
5	1	393	1	1	2	407	1415	97	27	96.741409	voltage
5	1	393	1	1	3	515	1415	61	22	96.404442	lines
5	1	393	1	1	4	585	1415	47	22	96.822372	and
5	1	393	1	1	5	645	1417	111	25	96.813667	negative
5	1	393	1	1	6	767	1415	97	27	96.903076	voltage
5	1	393	1	1	7	875	1415	60	22	96.232445	lines
2	1	394	0	0	0	1900	1423	29	21	-1	
3	1	394	1	0	0	1900	1423	29	21	-1	
4	1	394	1	1	0	1900	1423	29	21	-1	
5	1	394	1	1	1	1900	1423	29	21	96.519241	37
2	1	395	0	0	0	2001	1423	188	22	-1	
3	1	395	1	0	0	2001	1423	188	22	-1	
4	1	395	1	1	0	2001	1423	188	22	-1	
5	1	395	1	1	1	2001	1423	65	21	95.945038	Level
5	1	395	1	1	2	2079	1423	72	21	92.258156	Down
5	1	395	1	1	3	2164	1424	25	21	75.932541	W
2	1	396	0	0	0	4183	1434	64	15	-1	
3	1	396	1	0	0	4183	1434	64	15	-1	
4	1	396	1	1	0	4183	1434	64	15	-1	
5	1	396	1	1	1	4183	1434	64	15	78.158241	1C352
2	1	397	0	0	0	4640	1426	54	13	-1	
3	1	397	1	0	0	4640	1426	54	13	-1	
4	1	397	1	1	0	4640	1426	54	13	-1	
5	1	397	1	1	1	4640	1426	54	13	21.624619	wo=-
2	1	398	0	0	0	6091	1439	151	5	-1	
3	1	398	1	0	0	6091	1439	151	5	-1	
4	1	398	1	1	0	6091	1439	151	5	-1	
5	1	398	1	1	1	6090	1439	152	18	11.027763	lslaslals
2	1	399	0	0	0	6341	1446	69	10	-1	
3	1	399	1	0	0	6341	1446	69	10	-1	
4	1	399	1	1	0	6341	1446	69	10	-1	
5	1	399	1	1	1	6341	1446	69	10	44.292892	Oo]
5	1	399	1	1	2	6397	1437	17	28	40.359177	oO}
2	1	400	0	0	0	6341	1433	98	11	-1	
3	1	400	1	0	0	6341	1433	98	11	-1	
4	1	400	1	1	0	6341	1433	98	11	-1	
5	1	400	1	1	1	6341	1433	98	23	0.000000	assis
2	1	401	0	0	0	6453	1446	98	10	-1	
3	1	401	1	0	0	6453	1446	98	10	-1	
4	1	401	1	1	0	6453	1446	98	10	-1	
5	1	401	1	1	1	6453	1429	23	36	60.076366	3]
5	1	401	1	1	2	6482	1433	69	23	37.365223	Slo]
5	1	401	1	1	3	6539	1429	15	36	10.447662	o
2	1	402	0	0	0	6924	1443	212	11	-1	
3	1	402	1	0	0	6924	1443	212	11	-1	
4	1	402	1	1	0	6924	1443	212	11	-1	
5	1	402	1	1	1	6924	1435	24	28	57.966270	2]
5	1	402	1	1	2	6957	1435	19	28	77.807701	of
5	1	402	1	1	3	6987	1435	17	28	15.777328	of
5	1	402	1	1	4	7015	1435	15	28	36.408852	eo}
5	1	402	1	1	5	7048	1435	40	28	0.000000	[a]
5	1	402	1	1	6	7097	1435	22	28	33.334686	<}]
5	1	402	1	1	7	7125	1448	11	3	71.836189	—
2	1	403	0	0	0	291	1448	241	27	-1	
3	1	403	1	0	0	291	1448	241	27	-1	
4	1	403	1	1	0	291	1448	241	27	-1	
5	1	403	1	1	1	291	1448	79	22	96.813271	Audio
5	1	403	1	1	2	381	1448	78	27	96.183159	signal
5	1	403	1	1	3	472	1449	60	21	96.351952	lines
2	1	404	0	0	0	1900	1465	29	21	-1	
3	1	404	1	0	0	1900	1465	29	21	-1	
4	1	404	1	1	0	1900	1465	29	21	-1	
5	1	404	1	1	1	1900	1465	29	21	96.980324	40
2	1	405	0	0	0	2002	1465	70	21	-1	
3	1	405	1	0	0	2002	1465	70	21	-1	
4	1	405	1	1	0	2002	1465	70	21	-1	
5	1	405	1	1	1	2002	1465	70	21	96.272919	Index
2	1	406	0	0	0	3322	1457	69	21	-1	
3	1	406	1	0	0	3322	1457	69	21	-1	
4	1	406	1	1	0	3322	1457	69	21	-1	
5	1	406	1	1	1	3322	1457	69	21	92.453911	X1001
2	1	407	0	0	0	3445	1404	157	66	-1	
3	1	407	1	0	0	3445	1404	157	66	-1	
4	1	407	1	1	0	3445	1404	157	66	-1	
5	1	407	1	1	1	3445	1404	157	66	48.360245	I,
2	1	408	0	0	0	4180	1458	200	22	-1	
3	1	408	1	0	0	4180	1458	200	22	-1	
4	1	408	1	1	0	4180	1458	200	22	-1	
5	1	408	1	1	1	4180	1458	200	22	38.957451	MN74HCUO04S
2	1	409	0	0	0	4492	1410	39	64	-1	
3	1	409	1	0	0	4492	1410	39	64	-1	
4	1	409	1	1	0	4492	1410	39	64	-1	
5	1	409	1	1	1	4492	1410	39	64	26.355606	|e
2	1	410	0	0	0	4639	1435	56	35	-1	
3	1	410	1	0	0	4639	1435	56	35	-1	
4	1	410	1	1	0	4639	1435	56	35	-1	
5	1	410	1	1	1	4639	1435	56	35	18.478317	Bel
2	1	411	0	0	0	6990	1464	136	25	-1	
3	1	411	1	0	0	6990	1464	136	25	-1	
4	1	411	1	1	0	6990	1464	136	25	-1	
5	1	411	1	1	1	6990	1464	136	25	19.883659	BOC
2	1	412	0	0	0	7006	1460	102	9	-1	
3	1	412	1	0	0	7006	1460	102	9	-1	
4	1	412	1	1	0	7006	1460	102	9	-1	
5	1	412	1	1	1	7006	1460	102	9	25.896324	ge
5	1	412	1	1	2	7051	1449	17	28	39.257133	ga
5	1	412	1	1	3	7079	1460	29	9	41.822853	gg
2	1	413	0	0	0	4425	1471	59	21	-1	
3	1	413	1	0	0	4425	1471	59	21	-1	
4	1	413	1	1	0	4425	1471	59	21	-1	
5	1	413	1	1	1	4425	1471	59	21	52.999496	0.06ys
2	1	414	0	0	0	6058	1445	236	82	-1	
3	1	414	1	0	0	6058	1445	237	82	-1	
4	1	414	1	1	0	6058	1445	236	82	-1	
5	1	414	1	1	1	6058	1445	236	82	16.789772	(ee000000)
2	1	415	0	0	0	6338	1446	238	80	-1	
3	1	415	1	0	0	6338	1446	238	80	-1	
4	1	415	1	1	0	6338	1446	238	80	-1	
5	1	415	1	1	1	6338	1462	45	32	52.503517	(ex
5	1	415	1	1	2	6377	1446	199	80	0.000000	eoo8n0)
2	1	416	0	0	0	6923	1460	75	33	-1	
3	1	416	1	0	0	6923	1460	75	33	-1	
4	1	416	1	1	0	6923	1460	75	33	-1	
5	1	416	1	1	1	6923	1460	75	33	0.000000	(COX
2	1	417	0	0	0	7007	1484	102	9	-1	
3	1	417	1	0	0	7007	1484	102	9	-1	
4	1	417	1	1	0	7007	1484	102	9	-1	
5	1	417	1	1	1	7007	1484	102	9	38.632454	AA
2	1	418	0	0	0	7117	1461	45	32	-1	
3	1	418	1	0	0	7117	1461	45	32	-1	
4	1	418	1	1	0	7117	1461	45	32	-1	
5	1	418	1	1	1	7117	1461	45	32	17.118370	X2))
2	1	419	0	0	0	7882	1481	29	35	-1	
3	1	419	1	0	0	7882	1481	29	35	-1	
4	1	419	1	1	0	7882	1481	29	35	-1	
5	1	419	1	1	1	7882	1481	29	35	46.335152	(3)
2	1	420	0	0	0	1900	1507	29	20	-1	
3	1	420	1	0	0	1900	1507	29	20	-1	
4	1	420	1	1	0	1900	1507	29	20	-1	
5	1	420	1	1	1	1900	1507	29	20	96.981796	42
2	1	421	0	0	0	2001	1507	105	26	-1	
3	1	421	1	0	0	2001	1507	105	26	-1	
4	1	421	1	1	0	2001	1507	105	26	-1	
5	1	421	1	1	1	2001	1507	105	26	95.987938	Memory
2	1	422	0	0	0	4318	1519	57	20	-1	
3	1	422	1	0	0	4318	1519	57	20	-1	
4	1	422	1	1	0	4318	1519	57	20	-1	
5	1	422	1	1	1	4318	1519	57	20	86.221558	0.06ys
2	1	423	0	0	0	4639	1505	16	14	-1	
3	1	423	1	0	0	4639	1505	16	14	-1	
4	1	423	1	1	0	4639	1505	16	14	-1	
5	1	423	1	1	1	4639	1505	16	14	76.172058	12
2	1	424	0	0	0	4733	1516	11	12	-1	
3	1	424	1	0	0	4733	1516	11	12	-1	
4	1	424	1	1	0	4733	1516	11	12	-1	
5	1	424	1	1	1	4733	1516	11	12	89.743744	it
2	1	425	0	0	0	6000	1505	56	14	-1	
3	1	425	1	0	0	6000	1505	56	14	-1	
4	1	425	1	1	0	6000	1505	56	14	-1	
5	1	425	1	1	1	6000	1505	56	14	73.847435	FC607
2	1	426	0	0	0	6193	1496	103	66	-1	
3	1	426	1	0	0	6193	1496	103	66	-1	
4	1	426	1	1	0	6193	1496	103	66	-1	
5	1	426	1	1	1	6193	1496	103	66	51.662666	DAO
2	1	427	0	0	0	6361	1497	110	29	-1	
3	1	427	1	0	0	6361	1497	110	29	-1	
4	1	427	1	1	0	6361	1497	110	29	-1	
5	1	427	1	1	1	6357	1493	16	47	43.808952	|
5	1	427	1	1	2	6384	1497	3	29	14.772903	1
5	1	427	1	1	3	6407	1497	8	29	51.694359	|
5	1	427	1	1	4	6431	1493	17	47	15.191414	Yt
5	1	427	1	1	5	6458	1497	13	29	70.459824	|
2	1	428	0	0	0	6473	1492	162	69	-1	
3	1	428	1	0	0	6473	1492	162	69	-1	
4	1	428	1	1	0	6473	1492	162	69	-1	
5	1	428	1	1	1	6473	1496	103	65	36.322399	sees
5	1	428	1	1	2	6580	1492	55	37	80.987930	FC606
2	1	429	0	0	0	6861	1496	139	29	-1	
3	1	429	1	0	0	6861	1496	139	29	-1	
4	1	429	1	1	0	6861	1496	139	29	-1	
5	1	429	1	1	1	6861	1505	57	14	46.309566	reeos
5	1	429	1	1	2	6936	1492	13	38	88.330635	|
5	1	429	1	1	3	6961	1496	11	29	86.439331	|
5	1	429	1	1	4	6986	1496	14	29	86.439331	|
2	1	430	0	0	0	8400	1479	194	54	-1	
3	1	430	1	0	0	8400	1479	194	54	-1	
4	1	430	1	1	0	8400	1479	194	54	-1	
5	1	430	1	1	1	8400	1479	57	54	21.492508	By]
5	1	430	1	1	2	8477	1499	117	29	49.951611	cnaoz
2	1	431	0	0	0	77	1529	179	34	-1	
3	1	431	1	0	0	77	1529	179	34	-1	
4	1	431	1	1	0	77	1529	179	34	-1	
5	1	431	1	1	1	77	1529	179	34	96.784584	Caution!
2	1	432	0	0	0	4182	1544	47	16	-1	
3	1	432	1	0	0	4182	1544	47	16	-1	
4	1	432	1	1	0	4182	1544	47	16	-1	
5	1	432	1	1	1	4182	1544	47	16	80.264786	Q35!
2	1	433	0	0	0	4575	1511	156	48	-1	
3	1	433	1	0	0	4575	1511	156	48	-1	
4	1	433	1	1	0	4575	1511	156	48	-1	
5	1	433	1	1	1	4575	1529	4	13	80.636833	1
5	1	433	1	1	2	4601	1511	40	48	22.489868	we
5	1	433	1	1	3	4657	1515	74	40	47.641663	1p
2	1	434	0	0	0	6059	1496	237	66	-1	
3	1	434	1	0	0	6059	1496	237	66	-1	
4	1	434	1	1	0	6059	1496	237	66	-1	
5	1	434	1	1	1	6059	1496	237	66	10.706802	COLON
2	1	435	0	0	0	6339	1528	230	72	-1	
3	1	435	1	0	0	6339	1528	230	72	-1	
4	1	435	1	1	0	6339	1528	230	72	-1	
5	1	435	1	1	1	6339	1528	230	72	0.000000	ORO
2	1	436	0	0	0	6934	1532	204	29	-1	
3	1	436	1	0	0	6934	1532	204	29	-1	
4	1	436	1	1	0	6934	1532	204	29	-1	
5	1	436	1	1	1	6934	1532	204	29	10.572014	ODOM
2	1	437	0	0	0	6990	1531	136	26	-1	
3	1	437	1	0	0	6990	1531	136	26	-1	
4	1	437	1	1	0	6990	1531	136	26	-1	
5	1	437	1	1	1	6990	1531	136	26	30.129997	OOOO
2	1	438	0	0	0	1900	1549	29	20	-1	
3	1	438	1	0	0	1900	1549	29	20	-1	
4	1	438	1	1	0	1900	1549	29	20	-1	
5	1	438	1	1	1	1900	1549	29	20	96.840179	43
2	1	439	0	0	0	2001	1548	203	26	-1	
3	1	439	1	0	0	2001	1548	203	26	-1	
4	1	439	1	1	0	2001	1548	203	26	-1	
5	1	439	1	1	1	2001	1548	203	26	92.059280	Elapsed/remain
2	1	440	0	0	0	2470	1553	160	26	-1	
3	1	440	1	0	0	2470	1553	160	26	-1	
4	1	440	1	1	0	2470	1553	160	26	-1	
5	1	440	1	1	1	2470	1566	31	13	41.391277	©,
5	1	440	1	1	2	2519	1549	33	43	80.820465	®,
5	1	440	1	1	3	2566	1549	33	43	69.225502	®,
5	1	440	1	1	4	2612	1553	18	26	33.713913	®
2	1	441	0	0	0	2754	1551	99	23	-1	
3	1	441	1	0	0	2754	1551	99	23	-1	
4	1	441	1	1	0	2754	1551	99	23	-1	
5	1	441	1	1	1	2754	1551	99	23	91.223152	key-push
2	1	442	0	0	0	3275	1547	49	45	-1	
3	1	442	1	0	0	3275	1547	49	45	-1	
4	1	442	1	1	0	3275	1547	49	45	-1	
5	1	442	1	1	1	3275	1547	49	45	27.061905	Is
2	1	443	0	0	0	4181	1570	105	22	-1	
3	1	443	1	0	0	4181	1570	105	22	-1	
4	1	443	1	1	0	4181	1570	105	22	-1	
5	1	443	1	1	1	4181	1570	105	22	59.250561	2SK301
2	1	444	0	0	0	8411	1547	230	35	-1	
3	1	444	1	0	0	8411	1547	230	35	-1	
4	1	444	1	1	0	8411	1547	230	35	-1	
5	1	444	1	1	1	8411	1547	95	34	93.227135	(Main
5	1	444	1	1	2	8522	1547	119	35	90.496101	P.C.B.)
2	1	445	0	0	0	1900	1591	29	20	-1	
3	1	445	1	0	0	1900	1591	29	20	-1	
4	1	445	1	1	0	1900	1591	29	20	-1	
5	1	445	1	1	1	1900	1591	29	20	95.996635	44
2	1	446	0	0	0	2000	1591	142	21	-1	
3	1	446	1	0	0	2000	1591	142	21	-1	
4	1	446	1	1	0	2000	1591	142	21	-1	
5	1	446	1	1	1	2000	1591	142	21	93.004387	Track/total
2	1	447	0	0	0	2486	1586	119	26	-1	
3	1	447	1	0	0	2486	1586	119	26	-1	
4	1	447	1	1	0	2486	1586	119	26	-1	
5	1	447	1	1	1	2486	1586	119	26	90.356598	key-push
2	1	448	0	0	0	3204	1596	99	22	-1	
3	1	448	1	0	0	3204	1596	99	22	-1	
4	1	448	1	1	0	3204	1596	99	22	-1	
5	1	448	1	1	1	3204	1596	99	22	92.778877	key-push
2	1	449	0	0	0	4372	1541	9	57	-1	
3	1	449	1	0	0	4372	1541	9	57	-1	
4	1	449	1	1	0	4372	1541	9	57	-1	
5	1	449	1	1	1	4372	1541	9	57	85.093971	|
2	1	450	0	0	0	4755	1486	299	115	-1	
3	1	450	1	0	0	4755	1486	299	115	-1	
4	1	450	1	1	0	4755	1486	299	115	-1	
5	1	450	1	1	1	4755	1486	299	115	24.826935	Dsl
2	1	451	0	0	0	4886	1595	36	14	-1	
3	1	451	1	0	0	4886	1595	36	14	-1	
4	1	451	1	1	0	4886	1595	36	14	-1	
5	1	451	1	1	1	4886	1595	36	14	72.757843	3.5V
2	1	452	0	0	0	4972	1603	40	15	-1	
3	1	452	1	0	0	4972	1603	40	15	-1	
4	1	452	1	1	0	4972	1603	40	15	-1	
5	1	452	1	1	1	4972	1603	40	15	93.117859	0.06
2	1	453	0	0	0	78	1589	742	36	-1	
3	1	453	1	0	0	78	1589	742	36	-1	
4	1	453	1	1	0	78	1589	742	36	-1	
5	1	453	1	1	1	78	1589	36	28	93.609650	IC
5	1	453	1	1	2	127	1590	62	27	95.428101	and
5	1	453	1	1	3	205	1590	53	27	88.566322	LSI
5	1	453	1	1	4	274	1597	53	20	96.583603	are
5	1	453	1	1	5	340	1592	148	26	96.300117	sensitive
5	1	453	1	1	6	501	1592	32	26	97.007660	to
5	1	453	1	1	7	546	1593	92	25	96.823990	static
5	1	453	1	1	8	651	1591	169	34	96.824966	electricity
2	1	454	0	0	0	2604	1618	36	21	-1	
3	1	454	1	0	0	2604	1618	36	21	-1	
4	1	454	1	1	0	2604	1618	36	21	-1	
5	1	454	1	1	1	2604	1618	36	21	87.599075	1.7
2	1	455	0	0	0	2998	1606	78	20	-1	
3	1	455	1	0	0	2998	1606	78	20	-1	
4	1	455	1	1	0	2998	1606	78	20	-1	
5	1	455	1	1	1	2998	1606	78	20	62.672783	1C1001
2	1	456	0	0	0	4344	1602	40	43	-1	
3	1	456	1	0	0	4344	1602	40	43	-1	
4	1	456	1	1	0	4344	1602	40	43	-1	
5	1	456	1	1	1	4344	1602	40	43	91.419937	\
2	1	457	0	0	0	7878	1604	32	34	-1	
3	1	457	1	0	0	7878	1604	32	34	-1	
4	1	457	1	1	0	7878	1604	32	34	-1	
5	1	457	1	1	1	7878	1604	32	34	0.000000	Y)
2	1	458	0	0	0	76	1635	1132	37	-1	
3	1	458	1	0	0	76	1635	1132	37	-1	
4	1	458	1	1	0	76	1635	1132	37	-1	
5	1	458	1	1	1	76	1635	186	35	96.276756	Secondary
5	1	458	1	1	2	275	1636	122	27	96.166275	trouble
5	1	458	1	1	3	410	1642	60	21	96.536148	can
5	1	458	1	1	4	486	1636	39	27	96.779930	be
5	1	458	1	1	5	539	1637	168	33	96.756905	prevented
5	1	458	1	1	6	724	1637	38	33	96.268982	by
5	1	458	1	1	7	775	1637	106	34	96.688789	taking
5	1	458	1	1	8	895	1643	73	21	96.728600	care
5	1	458	1	1	9	981	1637	111	35	96.801086	during
5	1	458	1	1	10	1109	1644	99	27	96.534225	repair
2	1	459	0	0	0	2982	1638	110	22	-1	
3	1	459	1	0	0	2982	1638	110	22	-1	
4	1	459	1	1	0	2982	1638	110	22	-1	
5	1	459	1	1	1	2982	1638	110	22	91.094841	MN6030
2	1	460	0	0	0	4632	1650	28	9	-1	
3	1	460	1	0	0	4632	1650	28	9	-1	
4	1	460	1	1	0	4632	1650	28	9	-1	
5	1	460	1	1	1	4632	1650	28	9	47.990616	mx!
2	1	461	0	0	0	4724	1634	27	16	-1	
3	1	461	1	0	0	4724	1634	27	16	-1	
4	1	461	1	1	0	4724	1634	27	16	-1	
5	1	461	1	1	1	4724	1634	27	16	55.190918	‘Lol
2	1	462	0	0	0	4803	1638	65	17	-1	
3	1	462	1	0	0	4803	1638	65	17	-1	
4	1	462	1	1	0	4803	1638	65	17	-1	
5	1	462	1	1	1	4803	1638	65	17	56.693108	IC354
2	1	463	0	0	0	5689	1562	200	88	-1	
3	1	463	1	0	0	5689	1562	200	88	-1	
4	1	463	1	1	0	5689	1562	200	88	-1	
5	1	463	1	1	1	5689	1562	200	88	26.355270	aC
2	1	464	0	0	0	6915	1626	234	23	-1	
3	1	464	1	0	0	6915	1626	234	23	-1	
4	1	464	1	1	0	6915	1626	234	23	-1	
5	1	464	1	1	1	6915	1626	234	23	35.542557	ihgfedcba
2	1	465	0	0	0	7914	1653	60	14	-1	
3	1	465	1	0	0	7914	1653	60	14	-1	
4	1	465	1	1	0	7914	1653	60	14	-1	
5	1	465	1	1	1	7914	1653	60	14	61.823563	Fc602
2	1	466	0	0	0	2504	1622	88	59	-1	
3	1	466	1	0	0	2504	1622	88	59	-1	
4	1	466	1	1	0	2504	1622	88	59	-1	
5	1	466	1	1	1	2504	1622	88	59	47.794437	JL
2	1	467	0	0	0	2604	1665	14	21	-1	
3	1	467	1	0	0	2604	1665	14	21	-1	
4	1	467	1	1	0	2604	1665	14	21	-1	
5	1	467	1	1	1	2604	1665	14	21	89.452271	0
2	1	468	0	0	0	3359	1625	377	50	-1	
3	1	468	1	0	0	3359	1625	377	50	-1	
4	1	468	1	1	0	3359	1625	377	50	-1	
5	1	468	1	1	1	3355	1597	170	97	46.051922	[Tm
5	1	468	1	1	2	3589	1626	146	49	51.405121	or
2	1	469	0	0	0	5685	1654	104	21	-1	
3	1	469	1	0	0	5685	1654	104	21	-1	
4	1	469	1	1	0	5685	1654	104	21	-1	
5	1	469	1	1	1	5685	1654	104	21	40.126060	OH-Oll
2	1	470	0	0	0	80	1680	1055	36	-1	
3	1	470	1	0	0	80	1680	1055	36	-1	
4	1	470	1	1	0	80	1680	1055	36	-1	
5	1	470	1	1	1	80	1685	17	16	56.145931	®
5	1	470	1	1	2	126	1680	102	28	96.593102	Cover
5	1	470	1	1	3	240	1682	54	26	96.339737	the
5	1	470	1	1	4	308	1684	85	31	96.284592	parts
5	1	470	1	1	5	406	1682	100	27	96.281181	boxes
5	1	470	1	1	6	521	1682	92	27	96.486443	made
5	1	470	1	1	7	627	1682	32	27	96.236809	of
5	1	470	1	1	8	673	1683	129	33	96.236809	plastics
5	1	470	1	1	9	815	1683	69	26	96.375702	with
5	1	470	1	1	10	899	1683	170	27	96.211891	aluminum
5	1	470	1	1	11	1084	1683	51	27	96.712265	foil
2	1	471	0	0	0	4276	1657	162	48	-1	
3	1	471	1	0	0	4276	1657	162	48	-1	
4	1	471	1	1	0	4276	1657	162	48	-1	
5	1	471	1	1	1	4276	1686	44	13	95.356529	R372
5	1	471	1	1	2	4330	1686	31	13	95.356529	220
5	1	471	1	1	3	4395	1657	43	48	88.765785	\
2	1	472	0	0	0	5641	1682	218	38	-1	
3	1	472	1	0	0	5641	1682	218	38	-1	
4	1	472	1	1	0	5641	1682	218	38	-1	
5	1	472	1	1	1	5641	1682	218	38	96.172234	SPINDLE
2	1	473	0	0	0	7878	1681	33	42	-1	
3	1	473	1	0	0	7878	1681	33	42	-1	
4	1	473	1	1	0	7878	1681	33	42	-1	
5	1	473	1	1	1	7878	1681	33	42	43.188065	a
2	1	474	0	0	0	80	1731	16	16	-1	
3	1	474	1	0	0	80	1731	16	16	-1	
4	1	474	1	1	0	80	1731	16	16	-1	
5	1	474	1	1	1	80	1731	16	16	79.178314	e
2	1	475	0	0	0	3359	1676	376	50	-1	
3	1	475	1	0	0	3359	1676	376	50	-1	
4	1	475	1	1	0	3359	1676	376	50	-1	
5	1	475	1	1	1	3359	1676	376	50	8.081200	[cies
5	1	475	1	1	2	3478	1648	18	99	72.328735	|
5	1	475	1	1	3	3520	1648	58	99	22.904694	voor
5	1	475	1	1	4	3602	1648	17	99	67.886299	|
5	1	475	1	1	5	3643	1648	59	99	19.272690	aor
2	1	476	0	0	0	4810	1718	32	19	-1	
3	1	476	1	0	0	4810	1718	32	19	-1	
4	1	476	1	1	0	4810	1718	32	19	-1	
5	1	476	1	1	1	4810	1718	32	19	38.817287	ro
2	1	477	0	0	0	4810	1736	33	13	-1	
3	1	477	1	0	0	4810	1736	33	13	-1	
4	1	477	1	1	0	4810	1736	33	13	-1	
5	1	477	1	1	1	4810	1736	33	13	66.612442	mo.
2	1	478	0	0	0	4953	1717	42	13	-1	
3	1	478	1	0	0	4953	1717	42	13	-1	
4	1	478	1	1	0	4953	1717	42	13	-1	
5	1	478	1	1	1	4953	1717	42	13	95.676849	L352
2	1	479	0	0	0	5438	1585	165	154	-1	
3	1	479	1	0	0	5438	1585	165	154	-1	
4	1	479	1	1	0	5438	1585	165	154	-1	
5	1	479	1	1	1	5438	1585	165	154	38.222813	if
2	1	480	0	0	0	126	1726	451	35	-1	
3	1	480	1	0	0	126	1726	451	35	-1	
4	1	480	1	1	0	126	1726	451	35	-1	
5	1	480	1	1	1	126	1726	131	28	96.448380	Ground
5	1	480	1	1	2	271	1727	53	27	95.763153	the
5	1	480	1	1	3	338	1728	159	33	96.323524	soldering
5	1	480	1	1	4	513	1734	64	21	96.588509	iron
2	1	481	0	0	0	4557	1738	30	15	-1	
3	1	481	1	0	0	4557	1738	30	15	-1	
4	1	481	1	1	0	4557	1738	30	15	-1	
5	1	481	1	1	1	4557	1738	30	15	77.555176	12V
2	1	482	0	0	0	4810	1749	32	12	-1	
3	1	482	1	0	0	4810	1749	32	12	-1	
4	1	482	1	1	0	4810	1749	32	12	-1	
5	1	482	1	1	1	4810	1749	32	12	76.764236	en
2	1	483	0	0	0	4953	1735	52	22	-1	
3	1	483	1	0	0	4953	1735	52	22	-1	
4	1	483	1	1	0	4953	1735	52	22	-1	
5	1	483	1	1	1	4953	1735	52	22	57.124466	1.2
5	1	483	1	1	2	4985	1731	24	31	28.819733	pH
2	1	484	0	0	0	5641	1725	188	39	-1	
3	1	484	1	0	0	5641	1725	188	39	-1	
4	1	484	1	1	0	5641	1725	188	39	-1	
5	1	484	1	1	1	5641	1725	188	39	96.680206	MOTOR
2	1	485	0	0	0	80	1776	16	16	-1	
3	1	485	1	0	0	80	1776	16	16	-1	
4	1	485	1	1	0	80	1776	16	16	-1	
5	1	485	1	1	1	80	1776	16	16	64.505318	e
2	1	486	0	0	0	127	1772	678	29	-1	
3	1	486	1	0	0	127	1772	678	29	-1	
4	1	486	1	1	0	127	1772	678	29	-1	
5	1	486	1	1	1	127	1772	54	27	95.752129	Put
5	1	486	1	1	2	195	1779	17	20	95.752129	a
5	1	486	1	1	3	226	1773	190	27	96.188438	conductive
5	1	486	1	1	4	430	1775	62	25	95.635353	mat
5	1	486	1	1	5	505	1780	41	20	94.711296	on
5	1	486	1	1	6	560	1774	53	26	94.711296	the
5	1	486	1	1	7	626	1774	82	26	95.641663	work
5	1	486	1	1	8	722	1774	83	27	95.627411	table
2	1	487	0	0	0	3359	1727	376	51	-1	
3	1	487	1	0	0	3359	1727	376	51	-1	
4	1	487	1	1	0	3359	1727	376	51	-1	
5	1	487	1	1	1	3355	1700	99	99	0.000000	[croc
5	1	487	1	1	2	3487	1700	99	99	43.061462	[or
5	1	487	1	1	3	3610	1700	9	99	64.586082	|
5	1	487	1	1	4	3660	1700	42	99	33.323380	oF
5	1	487	1	1	5	3718	1700	17	99	62.721581	|
2	1	488	0	0	0	4309	1777	48	17	-1	
3	1	488	1	0	0	4309	1777	48	17	-1	
4	1	488	1	1	0	4309	1777	48	17	-1	
5	1	488	1	1	1	4309	1777	48	17	24.943451	Q351
2	1	489	0	0	0	4435	1780	45	14	-1	
3	1	489	1	0	0	4435	1780	45	14	-1	
4	1	489	1	1	0	4435	1780	45	14	-1	
5	1	489	1	1	1	4435	1780	45	14	96.478470	0354
2	1	490	0	0	0	4255	1801	21	15	-1	
3	1	490	1	0	0	4255	1801	21	15	-1	
4	1	490	1	1	0	4255	1801	21	15	-1	
5	1	490	1	1	1	4255	1801	21	15	82.189133	ov
2	1	491	0	0	0	4420	1802	53	16	-1	
3	1	491	1	0	0	4420	1802	53	16	-1	
4	1	491	1	1	0	4420	1802	53	16	-1	
5	1	491	1	1	1	4420	1802	53	16	84.180054	MAI65
2	1	492	0	0	0	4607	1796	14	14	-1	
3	1	492	1	0	0	4607	1796	14	14	-1	
4	1	492	1	1	0	4607	1796	14	14	-1	
5	1	492	1	1	1	4607	1796	14	14	76.900681	12
2	1	493	0	0	0	4707	1790	37	16	-1	
3	1	493	1	0	0	4707	1790	37	16	-1	
4	1	493	1	1	0	4707	1790	37	16	-1	
5	1	493	1	1	1	4707	1790	37	16	59.916039	35V
2	1	494	0	0	0	4785	1804	45	14	-1	
3	1	494	1	0	0	4785	1804	45	14	-1	
4	1	494	1	1	0	4785	1804	45	14	-1	
5	1	494	1	1	1	4785	1804	45	14	96.938629	R360
2	1	495	0	0	0	5615	1769	277	38	-1	
3	1	495	1	0	0	5615	1769	277	38	-1	
4	1	495	1	1	0	5615	1769	277	38	-1	
5	1	495	1	1	1	5615	1770	150	37	93.301323	DRIVE
5	1	495	1	1	2	5785	1769	107	38	74.920952	PC.B
2	1	496	0	0	0	79	1822	17	16	-1	
3	1	496	1	0	0	79	1822	17	16	-1	
4	1	496	1	1	0	79	1822	17	16	-1	
5	1	496	1	1	1	79	1822	17	16	89.229973	e
2	1	497	0	0	0	127	1818	1009	36	-1	
3	1	497	1	0	0	127	1818	1009	36	-1	
4	1	497	1	1	0	127	1818	1009	36	-1	
5	1	497	1	1	1	127	1818	46	27	96.500465	Do
5	1	497	1	1	2	188	1820	53	25	96.500465	not
5	1	497	1	1	3	254	1819	97	27	95.607262	touch
5	1	497	1	1	4	365	1819	53	26	95.607262	the
5	1	497	1	1	5	432	1819	68	34	96.289978	legs
5	1	497	1	1	6	513	1819	33	27	96.289978	of
5	1	497	1	1	7	561	1819	35	27	95.454102	IC
5	1	497	1	1	8	610	1826	34	20	96.599426	or
5	1	497	1	1	9	658	1819	52	27	95.752335	LSI
5	1	497	1	1	10	726	1820	70	26	96.101250	with
5	1	497	1	1	11	810	1820	53	26	96.611755	the
5	1	497	1	1	12	876	1819	118	35	96.253235	fingers
5	1	497	1	1	13	1007	1821	129	33	96.601891	directly
2	1	498	0	0	0	4316	1807	80	22	-1	
3	1	498	1	0	0	4316	1807	80	22	-1	
4	1	498	1	1	0	4316	1807	80	22	-1	
5	1	498	1	1	1	4316	1807	80	22	3.565048	HiNov
2	1	499	0	0	0	4456	1832	52	15	-1	
3	1	499	1	0	0	4456	1832	52	15	-1	
4	1	499	1	1	0	4456	1832	52	15	-1	
5	1	499	1	1	1	4456	1832	52	15	0.000000	e'Tiv
2	1	500	0	0	0	4620	1828	35	15	-1	
3	1	500	1	0	0	4620	1828	35	15	-1	
4	1	500	1	1	0	4620	1828	35	15	-1	
5	1	500	1	1	1	4620	1828	35	15	83.221405	1.8V
2	1	501	0	0	0	5666	1836	45	14	-1	
3	1	501	1	0	0	5666	1836	45	14	-1	
4	1	501	1	1	0	5666	1836	45	14	-1	
5	1	501	1	1	1	5666	1836	45	14	96.362801	R502
2	1	502	0	0	0	6081	1564	166	272	-1	
3	1	502	1	0	0	6081	1564	166	272	-1	
4	1	502	1	1	0	6081	1564	166	272	-1	
5	1	502	1	1	1	6081	1564	193	317	45.481850	il
2	1	503	0	0	0	6253	1529	218	307	-1	
3	1	503	1	0	0	6253	1529	218	307	-1	
4	1	503	1	1	0	6253	1529	218	307	-1	
5	1	503	1	1	1	6253	1529	496	330	0.000000	[e
2	1	504	0	0	0	8401	1791	195	54	-1	
3	1	504	1	0	0	8401	1791	195	54	-1	
4	1	504	1	1	0	8401	1791	195	54	-1	
5	1	504	1	1	1	8401	1791	58	54	43.505867	BY
5	1	504	1	1	2	8479	1812	117	30	78.495567	cnaos
2	1	505	0	0	0	1729	1830	871	44	-1	
3	1	505	1	0	0	1729	1830	871	44	-1	
4	1	505	1	1	0	1729	1830	871	44	-1	
5	1	505	1	1	1	1729	1835	19	20	0.000000	e
5	1	505	1	1	2	1774	1830	78	42	95.588600	Key
5	1	505	1	1	3	1869	1831	164	34	95.588600	number
5	1	505	1	1	4	2046	1831	238	43	96.009445	description
5	1	505	1	1	5	2300	1833	77	33	96.357750	and
5	1	505	1	1	6	2392	1833	90	34	95.462524	data
5	1	505	1	1	7	2497	1835	103	34	95.462524	code
2	1	506	0	0	0	4365	1868	31	11	-1	
3	1	506	1	0	0	4365	1868	31	11	-1	
4	1	506	1	1	0	4365	1868	31	11	-1	
5	1	506	1	1	1	4365	1868	31	11	63.800465	ox
2	1	507	0	0	0	5281	1858	34	10	-1	
3	1	507	1	0	0	5281	1858	34	10	-1	
4	1	507	1	1	0	5281	1858	34	10	-1	
5	1	507	1	1	1	5281	1858	34	10	0.000000	=z
2	1	508	0	0	0	5660	1855	54	14	-1	
3	1	508	1	0	0	5660	1855	54	14	-1	
4	1	508	1	1	0	5660	1855	54	14	-1	
5	1	508	1	1	1	5660	1855	38	14	11.029976	1/6w
5	1	508	1	1	2	5711	1855	3	13	55.458282	|
2	1	509	0	0	0	5800	1825	57	42	-1	
3	1	509	1	0	0	5800	1825	57	42	-1	
4	1	509	1	1	0	5800	1825	57	42	-1	
5	1	509	1	1	1	5800	1825	57	42	0.708176	i
2	1	510	0	0	0	4499	1867	92	18	-1	
3	1	510	1	0	0	4499	1867	92	18	-1	
4	1	510	1	1	0	4499	1867	92	18	-1	
5	1	510	1	1	1	4499	1869	63	16	69.119713	10355
5	1	510	1	1	2	4579	1867	12	13	62.226757	|!!
2	1	511	0	0	0	4719	1885	33	11	-1	
3	1	511	1	0	0	4719	1885	33	11	-1	
4	1	511	1	1	0	4719	1885	33	11	-1	
5	1	511	1	1	1	4719	1885	33	11	78.865402	on
2	1	512	0	0	0	4720	1873	31	9	-1	
3	1	512	1	0	0	4720	1873	31	9	-1	
4	1	512	1	1	0	4720	1873	31	9	-1	
5	1	512	1	1	1	4720	1873	31	9	71.221695	=x
2	1	513	0	0	0	4823	1871	61	21	-1	
3	1	513	1	0	0	4823	1871	61	21	-1	
4	1	513	1	1	0	4823	1871	61	21	-1	
5	1	513	1	1	1	4823	1871	61	21	60.920177	0.06ys
2	1	514	0	0	0	5280	1881	35	15	-1	
3	1	514	1	0	0	5280	1881	35	15	-1	
4	1	514	1	1	0	5280	1881	35	15	-1	
5	1	514	1	1	1	5280	1881	35	15	42.379944	bike)
2	1	515	0	0	0	5281	1869	42	14	-1	
3	1	515	1	0	0	5281	1869	42	14	-1	
4	1	515	1	1	0	5281	1869	42	14	-1	
5	1	515	1	1	1	5281	1869	42	14	81.232910	on
2	1	516	0	0	0	5532	1876	42	14	-1	
3	1	516	1	0	0	5532	1876	42	14	-1	
4	1	516	1	1	0	5532	1876	42	14	-1	
5	1	516	1	1	1	5532	1876	42	14	62.676525	PVcc
2	1	517	0	0	0	5822	1887	35	13	-1	
3	1	517	1	0	0	5822	1887	35	13	-1	
4	1	517	1	1	0	5822	1887	35	13	-1	
5	1	517	1	1	1	5822	1887	35	13	67.328865	Sn
2	1	518	0	0	0	5822	1877	35	12	-1	
3	1	518	1	0	0	5822	1877	35	12	-1	
4	1	518	1	1	0	5822	1877	35	12	-1	
5	1	518	1	1	1	5822	1877	35	12	3.431206	a>
2	1	519	0	0	0	8407	1860	230	36	-1	
3	1	519	1	0	0	8407	1860	230	36	-1	
4	1	519	1	1	0	8407	1860	230	36	-1	
5	1	519	1	1	1	8407	1861	94	35	91.626648	(Main
5	1	519	1	1	2	8518	1860	119	36	91.296402	P.C.B.)
2	1	520	0	0	0	4719	1904	32	14	-1	
3	1	520	1	0	0	4719	1904	32	14	-1	
4	1	520	1	1	0	4719	1904	32	14	-1	
5	1	520	1	1	1	4719	1904	32	14	26.282379	aN
2	1	521	0	0	0	6250	1860	500	66	-1	
3	1	521	1	0	0	6250	1860	500	66	-1	
4	1	521	1	1	0	6250	1860	500	66	-1	
5	1	521	1	1	1	6221	1838	529	88	23.824112	————
2	1	522	0	0	0	2120	1931	157	21	-1	
3	1	522	1	0	0	2120	1931	157	21	-1	
4	1	522	1	1	0	2120	1931	157	21	-1	
5	1	522	1	1	1	2120	1931	91	20	96.374748	Custom
5	1	522	1	1	2	2222	1934	55	18	96.255997	code
2	1	523	0	0	0	2361	1933	118	21	-1	
3	1	523	1	0	0	2361	1933	118	21	-1	
4	1	523	1	1	0	2361	1933	118	21	-1	
5	1	523	1	1	1	2361	1933	52	20	96.641182	Data
5	1	523	1	1	2	2424	1935	55	19	96.531509	code
2	1	524	0	0	0	2536	1935	243	21	-1	
3	1	524	1	0	0	2536	1935	243	21	-1	
4	1	524	1	1	0	2536	1935	243	21	-1	
5	1	524	1	1	1	2536	1935	81	19	96.310715	Inverse
5	1	524	1	1	2	2628	1940	84	15	96.735695	custom
5	1	524	1	1	3	2725	1938	54	18	96.347809	code
2	1	525	0	0	0	4480	1931	37	15	-1	
3	1	525	1	0	0	4480	1931	37	15	-1	
4	1	525	1	1	0	4480	1931	37	15	-1	
5	1	525	1	1	1	4480	1931	37	15	52.834885	-12V
2	1	526	0	0	0	4793	1896	128	49	-1	
3	1	526	1	0	0	4793	1896	128	49	-1	
4	1	526	1	1	0	4793	1896	128	49	-1	
5	1	526	1	1	1	4793	1896	128	49	29.394577	Mle
2	1	527	0	0	0	5554	1903	176	38	-1	
3	1	527	1	0	0	5554	1903	176	38	-1	
4	1	527	1	1	0	5554	1903	176	38	-1	
5	1	527	1	1	1	5554	1916	57	25	72.790588	cs
5	1	527	1	1	2	5592	1899	62	46	17.000290	(+
5	1	527	1	1	3	5639	1903	91	26	3.706924	we
2	1	528	0	0	0	5673	1940	43	15	-1	
3	1	528	1	0	0	5673	1940	43	15	-1	
4	1	528	1	1	0	5673	1940	43	15	-1	
5	1	528	1	1	1	5673	1940	43	15	86.614899	R501
2	1	529	0	0	0	1943	1957	130	22	-1	
3	1	529	1	0	0	1943	1957	130	22	-1	
4	1	529	1	1	0	1943	1957	130	22	-1	
5	1	529	1	1	1	1943	1957	58	18	96.428009	Head
5	1	529	1	1	2	2013	1957	60	22	95.784477	pulse
2	1	530	0	0	0	2121	1958	73	22	-1	
3	1	530	1	0	0	2121	1958	73	22	-1	
4	1	530	1	1	0	2121	1958	73	22	-1	
5	1	530	1	1	1	2121	1958	22	21	94.100807	(5
5	1	530	1	1	2	2153	1959	41	21	96.679939	bit)
2	1	531	0	0	0	2361	1959	71	23	-1	
3	1	531	1	0	0	2361	1959	71	23	-1	
4	1	531	1	1	0	2361	1959	71	23	-1	
5	1	531	1	1	1	2361	1959	22	21	96.543137	(6
5	1	531	1	1	2	2392	1960	40	22	96.826324	bit)
2	1	532	0	0	0	2535	1960	63	21	-1	
3	1	532	1	0	0	2535	1960	63	21	-1	
4	1	532	1	1	0	2535	1960	63	21	-1	
5	1	532	1	1	1	2535	1960	21	21	96.089691	(5
5	1	532	1	1	2	2567	1963	31	18	96.089691	bit
2	1	533	0	0	0	2860	1962	5	22	-1	
3	1	533	1	0	0	2860	1962	5	22	-1	
4	1	533	1	1	0	2860	1962	5	22	-1	
5	1	533	1	1	1	2860	1962	5	22	92.404457	(
2	1	534	0	0	0	2861	1938	208	21	-1	
3	1	534	1	0	0	2861	1938	208	21	-1	
4	1	534	1	1	0	2861	1938	208	21	-1	
5	1	534	1	1	1	2861	1938	82	19	96.149673	Inverse
5	1	534	1	1	2	2952	1939	51	19	96.263451	data
5	1	534	1	1	3	3014	1940	55	19	96.833199	code
2	1	535	0	0	0	2893	1965	30	19	-1	
3	1	535	1	0	0	2893	1965	30	19	-1	
4	1	535	1	1	0	2893	1965	30	19	-1	
5	1	535	1	1	1	2893	1965	30	19	97.008171	bit
2	1	536	0	0	0	4913	1967	29	10	-1	
3	1	536	1	0	0	4913	1967	29	10	-1	
4	1	536	1	1	0	4913	1967	29	10	-1	
5	1	536	1	1	1	4913	1967	29	10	58.536949	oS
2	1	537	0	0	0	5668	1960	67	15	-1	
3	1	537	1	0	0	5668	1960	67	15	-1	
4	1	537	1	1	0	5668	1960	67	15	-1	
5	1	537	1	1	1	5668	1961	40	14	0.000000	(/ew
5	1	537	1	1	2	5720	1960	15	15	74.045891	15
2	1	538	0	0	0	6166	1950	136	21	-1	
3	1	538	1	0	0	6166	1950	136	21	-1	
4	1	538	1	1	0	6166	1950	136	21	-1	
5	1	538	1	1	1	6166	1950	136	21	58.235497	Ly
2	1	539	0	0	0	7912	1962	56	15	-1	
3	1	539	1	0	0	7912	1962	56	15	-1	
4	1	539	1	1	0	7912	1962	56	15	-1	
5	1	539	1	1	1	7912	1962	56	15	73.265427	Fc603
2	1	540	0	0	0	2101	1991	203	9	-1	
3	1	540	1	0	0	2101	1991	203	9	-1	
4	1	540	1	1	0	2101	1991	203	9	-1	
5	1	540	1	1	1	2101	1991	203	9	13.796227	a
2	1	541	0	0	0	2551	1993	203	10	-1	
3	1	541	1	0	0	2551	1993	203	10	-1	
4	1	541	1	1	0	2551	1993	203	10	-1	
5	1	541	1	1	1	2551	1993	203	10	37.649490	ee
2	1	542	0	0	0	4366	1946	51	40	-1	
3	1	542	1	0	0	4366	1946	51	40	-1	
4	1	542	1	1	0	4366	1946	51	40	-1	
5	1	542	1	1	1	4366	1946	51	40	44.402390	wt
2	1	543	0	0	0	4366	1987	55	11	-1	
3	1	543	1	0	0	4366	1987	55	11	-1	
4	1	543	1	1	0	4366	1987	55	11	-1	
5	1	543	1	1	1	4366	1987	55	11	15.453941	So
2	1	544	0	0	0	4582	1986	91	17	-1	
3	1	544	1	0	0	4582	1986	91	17	-1	
4	1	544	1	1	0	4582	1986	91	17	-1	
5	1	544	1	1	1	4582	1986	31	10	8.730179	00
5	1	544	1	1	2	4643	1990	30	13	52.871292	wy
2	1	545	0	0	0	4599	1952	31	39	-1	
3	1	545	1	0	0	4599	1952	31	39	-1	
4	1	545	1	1	0	4599	1952	31	39	-1	
5	1	545	1	1	1	4599	1952	31	39	50.079025	5
2	1	546	0	0	0	4912	1991	31	11	-1	
3	1	546	1	0	0	4912	1991	31	11	-1	
4	1	546	1	1	0	4912	1991	31	11	-1	
5	1	546	1	1	1	4912	1991	31	11	61.057526	Vo
2	1	547	0	0	0	5397	1960	56	26	-1	
3	1	547	1	0	0	5397	1960	56	26	-1	
4	1	547	1	1	0	5397	1960	56	26	-1	
5	1	547	1	1	1	5397	1960	56	26	76.984039	(15)
5	1	547	1	1	2	5435	1956	21	34	72.447723	H2
2	1	548	0	0	0	5526	1960	85	26	-1	
3	1	548	1	0	0	5526	1960	85	26	-1	
4	1	548	1	1	0	5526	1960	85	26	-1	
5	1	548	1	1	1	5526	1967	8	13	93.192810	P
5	1	548	1	1	2	5543	1956	25	34	71.524513	GND
5	1	548	1	1	3	5578	1956	35	34	43.445469	(10)
2	1	549	0	0	0	78	1962	962	51	-1	
3	1	549	1	0	0	78	1962	962	51	-1	
4	1	549	1	1	0	78	1962	962	51	-1	
5	1	549	1	1	1	78	1962	43	44	0.000000	H
5	1	549	1	1	2	154	1962	233	50	90.194351	Internal
5	1	549	1	1	3	411	1966	345	46	95.946320	connection
5	1	549	1	1	4	781	1964	58	49	91.811691	of
5	1	549	1	1	5	864	1964	176	49	91.811691	FL601
2	1	550	0	0	0	4383	1996	38	39	-1	
3	1	550	1	0	0	4383	1996	38	39	-1	
4	1	550	1	1	0	4383	1996	38	39	-1	
5	1	550	1	1	1	4383	1996	38	39	55.110901	“1
2	1	551	0	0	0	4557	1998	82	37	-1	
3	1	551	1	0	0	4557	1998	82	37	-1	
4	1	551	1	1	0	4557	1998	82	37	-1	
5	1	551	1	1	1	4557	2016	2	13	16.556923	,
5	1	551	1	1	2	4583	1998	56	37	0.000000	ST
2	1	552	0	0	0	4643	2024	30	10	-1	
3	1	552	1	0	0	4643	2024	30	10	-1	
4	1	552	1	1	0	4643	2024	30	10	-1	
5	1	552	1	1	1	4643	2024	30	10	61.246632	arn
2	1	553	0	0	0	4643	2001	30	14	-1	
3	1	553	1	0	0	4643	2001	30	14	-1	
4	1	553	1	1	0	4643	2001	30	14	-1	
5	1	553	1	1	1	4643	2001	30	14	0.000000	Pebed
2	1	554	0	0	0	4712	2013	43	14	-1	
3	1	554	1	0	0	4712	2013	43	14	-1	
4	1	554	1	1	0	4712	2013	43	14	-1	
5	1	554	1	1	1	4712	2013	43	14	93.800034	0353
2	1	555	0	0	0	5396	2005	68	25	-1	
3	1	555	1	0	0	5396	2005	68	25	-1	
4	1	555	1	1	0	5396	2005	68	25	-1	
5	1	555	1	1	1	5396	2005	25	25	40.191986	(16)
5	1	555	1	1	2	5433	2010	31	15	88.878380	Het
2	1	556	0	0	0	5553	2011	22	14	-1	
3	1	556	1	0	0	5553	2011	22	14	-1	
4	1	556	1	1	0	5553	2011	22	14	-1	
5	1	556	1	1	1	5553	2011	22	14	65.476120	A3
2	1	557	0	0	0	7818	2010	57	26	-1	
3	1	557	1	0	0	7818	2010	57	26	-1	
4	1	557	1	1	0	7818	2010	57	26	-1	
5	1	557	1	1	1	7818	2010	57	26	26.393730	TT
5	1	557	1	1	2	7864	2006	15	43	15.195007	|
2	1	558	0	0	0	2094	2014	53	24	-1	
3	1	558	1	0	0	2094	2014	53	24	-1	
4	1	558	1	1	0	2094	2014	53	24	-1	
5	1	558	1	1	1	2094	2014	12	23	63.967533	0
5	1	558	1	1	2	2135	2015	12	23	63.967533	0
2	1	559	0	0	0	2185	2017	6	21	-1	
3	1	559	1	0	0	2185	2017	6	21	-1	
4	1	559	1	1	0	2185	2017	6	21	-1	
5	1	559	1	1	1	2185	2017	6	21	74.798317	1
2	1	560	0	0	0	2260	2016	5	22	-1	
3	1	560	1	0	0	2260	2016	5	22	-1	
4	1	560	1	1	0	2260	2016	5	22	-1	
5	1	560	1	1	1	2260	2016	5	22	70.896759	1
2	1	561	0	0	0	2297	2016	221	25	-1	
3	1	561	1	0	0	2297	2016	221	25	-1	
4	1	561	1	1	0	2297	2016	221	25	-1	
5	1	561	1	1	1	2297	2016	221	25	95.922592	0000000
2	1	562	0	0	0	2557	2019	5	22	-1	
3	1	562	1	0	0	2557	2019	5	22	-1	
4	1	562	1	1	0	2557	2019	5	22	-1	
5	1	562	1	1	1	2557	2019	5	22	89.597527	1
2	1	563	0	0	0	2631	2018	6	22	-1	
3	1	563	1	0	0	2631	2018	6	22	-1	
4	1	563	1	1	0	2631	2018	6	22	-1	
5	1	563	1	1	1	2631	2018	6	22	87.175133	1
2	1	564	0	0	0	2673	2018	48	24	-1	
3	1	564	1	0	0	2673	2018	48	24	-1	
4	1	564	1	1	0	2673	2018	48	24	-1	
5	1	564	1	1	1	2673	2018	12	23	55.046791	0
5	1	564	1	1	2	2709	2019	12	23	55.046791	0
2	1	565	0	0	0	2756	2019	5	21	-1	
3	1	565	1	0	0	2756	2019	5	21	-1	
4	1	565	1	1	0	2756	2019	5	21	-1	
5	1	565	1	1	1	2756	2019	5	21	64.840996	1
2	1	566	0	0	0	2830	2020	5	22	-1	
3	1	566	1	0	0	2830	2020	5	22	-1	
4	1	566	1	1	0	2830	2020	5	22	-1	
5	1	566	1	1	1	2830	2020	5	22	84.142227	1
2	1	567	0	0	0	2892	2021	5	21	-1	
3	1	567	1	0	0	2892	2021	5	21	-1	
4	1	567	1	1	0	2892	2021	5	21	-1	
5	1	567	1	1	1	2892	2021	5	21	75.687454	1
2	1	568	0	0	0	2965	2021	6	22	-1	
3	1	568	1	0	0	2965	2021	6	22	-1	
4	1	568	1	1	0	2965	2021	6	22	-1	
5	1	568	1	1	1	2965	2021	6	22	80.081970	1
2	1	569	0	0	0	3029	2021	5	22	-1	
3	1	569	1	0	0	3029	2021	5	22	-1	
4	1	569	1	1	0	3029	2021	5	22	-1	
5	1	569	1	1	1	3029	2021	5	22	75.319618	1
2	1	570	0	0	0	3100	2021	5	22	-1	
3	1	570	1	0	0	3100	2021	5	22	-1	
4	1	570	1	1	0	3100	2021	5	22	-1	
5	1	570	1	1	1	3100	2021	5	22	71.601158	1
2	1	571	0	0	0	4493	2012	69	46	-1	
3	1	571	1	0	0	4493	2012	69	46	-1	
4	1	571	1	1	0	4493	2012	69	46	-1	
5	1	571	1	1	1	4493	2012	69	46	9.849632	waaos!
2	1	572	0	0	0	4699	2033	113	16	-1	
3	1	572	1	0	0	4699	2033	113	16	-1	
4	1	572	1	1	0	4699	2033	113	16	-1	
5	1	572	1	1	1	4699	2033	77	16	90.908897	SVOKV12
5	1	572	1	1	2	4781	2033	31	15	15.385254	302
2	1	573	0	0	0	4860	1997	109	65	-1	
3	1	573	1	0	0	4860	1997	109	65	-1	
4	1	573	1	1	0	4860	1997	109	65	-1	
5	1	573	1	1	1	4860	2016	47	15	13.201744	reas
5	1	573	1	1	2	4953	1997	16	65	56.972710	L
2	1	574	0	0	0	4994	2026	34	12	-1	
3	1	574	1	0	0	4994	2026	34	12	-1	
4	1	574	1	1	0	4994	2026	34	12	-1	
5	1	574	1	1	1	4994	2026	34	12	0.000000	l4ayur
2	1	575	0	0	0	5047	2048	13	13	-1	
3	1	575	1	0	0	5047	2048	13	13	-1	
4	1	575	1	1	0	5047	2048	13	13	-1	
5	1	575	1	1	1	5047	2048	13	13	81.806557	12
2	1	576	0	0	0	5601	2007	135	54	-1	
3	1	576	1	0	0	5601	2007	135	54	-1	
4	1	576	1	1	0	5601	2007	135	54	-1	
5	1	576	1	1	1	5601	2007	135	54	26.224625	aie
2	1	577	0	0	0	6164	2041	35	14	-1	
3	1	577	1	0	0	6164	2041	35	14	-1	
4	1	577	1	1	0	6164	2041	35	14	-1	
5	1	577	1	1	1	6164	2041	35	14	46.262596	cy
2	1	578	0	0	0	6385	2040	38	16	-1	
3	1	578	1	0	0	6385	2040	38	16	-1	
4	1	578	1	1	0	6385	2040	38	16	-1	
5	1	578	1	1	1	6385	2040	38	16	82.591721	oy
2	1	579	0	0	0	6520	2047	14	9	-1	
3	1	579	1	0	0	6520	2047	14	9	-1	
4	1	579	1	1	0	6520	2047	14	9	-1	
5	1	579	1	1	1	6520	2047	14	9	85.241676	W
2	1	580	0	0	0	6718	2040	40	16	-1	
3	1	580	1	0	0	6718	2040	40	16	-1	
4	1	580	1	1	0	6718	2040	40	16	-1	
5	1	580	1	1	1	6718	2040	40	16	83.034470	oy
2	1	581	0	0	0	6829	2047	39	13	-1	
3	1	581	1	0	0	6829	2047	39	13	-1	
4	1	581	1	1	0	6829	2047	39	13	-1	
5	1	581	1	1	1	6829	2047	39	13	0.000000	3Yv
2	1	582	0	0	0	6942	2038	38	16	-1	
3	1	582	1	0	0	6942	2038	38	16	-1	
4	1	582	1	1	0	6942	2038	38	16	-1	
5	1	582	1	1	1	6942	2038	38	16	0.000000	3yv
2	1	583	0	0	0	7079	2046	13	9	-1	
3	1	583	1	0	0	7079	2046	13	9	-1	
4	1	583	1	1	0	7079	2046	13	9	-1	
5	1	583	1	1	1	7079	2046	13	9	46.868710	v7
2	1	584	0	0	0	7190	2047	14	9	-1	
3	1	584	1	0	0	7190	2047	14	9	-1	
4	1	584	1	1	0	7190	2047	14	9	-1	
5	1	584	1	1	1	7190	2047	14	9	59.132690	W
2	1	585	0	0	0	7276	2045	40	14	-1	
3	1	585	1	0	0	7276	2045	40	14	-1	
4	1	585	1	1	0	7276	2045	40	14	-1	
5	1	585	1	1	1	7276	2045	40	14	0.000000	oy
2	1	586	0	0	0	4974	2044	50	40	-1	
3	1	586	1	0	0	4974	2044	50	40	-1	
4	1	586	1	1	0	4974	2044	50	40	-1	
5	1	586	1	1	1	4974	2044	50	40	69.580589	BFS
2	1	587	0	0	0	5396	2050	54	25	-1	
3	1	587	1	0	0	5396	2050	54	25	-1	
4	1	587	1	1	0	5396	2050	54	25	-1	
5	1	587	1	1	1	5396	2050	54	25	70.194855	(17)
5	1	587	1	1	2	5433	2046	20	33	28.013283	Hi
2	1	588	0	0	0	5553	2054	22	14	-1	
3	1	588	1	0	0	5553	2054	22	14	-1	
4	1	588	1	1	0	5553	2054	22	14	-1	
5	1	588	1	1	1	5553	2054	22	14	89.908585	A2
2	1	589	0	0	0	6273	2040	43	28	-1	
3	1	589	1	0	0	6273	2040	43	28	-1	
4	1	589	1	1	0	6273	2040	43	28	-1	
5	1	589	1	1	1	6273	2040	43	28	70.087921	3¥
2	1	590	0	0	0	6605	2039	47	27	-1	
3	1	590	1	0	0	6605	2039	47	27	-1	
4	1	590	1	1	0	6605	2039	47	27	-1	
5	1	590	1	1	1	6605	2039	47	27	0.000000	3¥
2	1	591	0	0	0	7818	2039	58	25	-1	
3	1	591	1	0	0	7818	2039	58	25	-1	
4	1	591	1	1	0	7818	2039	58	25	-1	
5	1	591	1	1	1	7818	2039	58	25	33.029495	[Tt
5	1	591	1	1	2	7863	2035	18	42	59.180344	|
2	1	592	0	0	0	81	2059	627	49	-1	
3	1	592	1	0	0	81	2059	627	49	-1	
4	1	592	1	1	0	81	2059	627	49	-1	
5	1	592	1	1	1	81	2065	22	22	71.018402	©
5	1	592	1	1	2	126	2059	99	38	96.644684	Grid
5	1	592	1	1	3	243	2062	260	36	96.186188	connection
5	1	592	1	1	4	522	2062	186	46	96.471397	diagram
2	1	593	0	0	0	4586	2085	43	14	-1	
3	1	593	1	0	0	4586	2085	43	14	-1	
4	1	593	1	1	0	4586	2085	43	14	-1	
5	1	593	1	1	1	4586	2085	43	14	96.335320	0352
2	1	594	0	0	0	4703	2102	32	10	-1	
3	1	594	1	0	0	4703	2102	32	10	-1	
4	1	594	1	1	0	4703	2102	32	10	-1	
5	1	594	1	1	1	4703	2102	32	10	26.477234	ao
2	1	595	0	0	0	4784	2082	44	14	-1	
3	1	595	1	0	0	4784	2082	44	14	-1	
4	1	595	1	1	0	4784	2082	44	14	-1	
5	1	595	1	1	1	4784	2082	44	14	56.782738	C353
2	1	596	0	0	0	4989	2096	84	16	-1	
3	1	596	1	0	0	4989	2096	84	16	-1	
4	1	596	1	1	0	4989	2096	84	16	-1	
5	1	596	1	1	1	4989	2097	58	15	0.000000	(C351
5	1	596	1	1	2	5071	2096	2	7	56.263420	|
2	1	597	0	0	0	5555	2101	19	13	-1	
3	1	597	1	0	0	5555	2101	19	13	-1	
4	1	597	1	1	0	5555	2101	19	13	-1	
5	1	597	1	1	1	5555	2101	19	13	96.156708	Al
2	1	598	0	0	0	4583	2104	57	16	-1	
3	1	598	1	0	0	4583	2104	57	16	-1	
4	1	598	1	1	0	4583	2104	57	16	-1	
5	1	598	1	1	1	4583	2104	57	16	68.688927	MAI65
2	1	599	0	0	0	4776	2100	57	15	-1	
3	1	599	1	0	0	4776	2100	57	15	-1	
4	1	599	1	1	0	4776	2100	57	15	-1	
5	1	599	1	1	1	4776	2100	57	15	75.650787	4700P,
2	1	600	0	0	0	5075	2112	2	7	-1	
3	1	600	1	0	0	5075	2112	2	7	-1	
4	1	600	1	1	0	5075	2112	2	7	-1	
5	1	600	1	1	1	5075	2112	2	7	93.126984	\
2	1	601	0	0	0	5395	2095	69	25	-1	
3	1	601	1	0	0	5395	2095	69	25	-1	
4	1	601	1	1	0	5395	2095	69	25	-1	
5	1	601	1	1	1	5391	2091	36	33	23.354034	(18)
5	1	601	1	1	2	5435	2098	29	16	94.654480	Hit
2	1	602	0	0	0	6023	2109	66	15	-1	
3	1	602	1	0	0	6023	2109	66	15	-1	
4	1	602	1	1	0	6023	2109	66	15	-1	
5	1	602	1	1	1	6023	2109	66	15	96.173637	Elapsed
2	1	603	0	0	0	6119	2110	43	14	-1	
3	1	603	1	0	0	6119	2110	43	14	-1	
4	1	603	1	1	0	6119	2110	43	14	-1	
5	1	603	1	1	1	6119	2110	43	14	72.957573	S601
2	1	604	0	0	0	6225	2102	47	14	-1	
3	1	604	1	0	0	6225	2102	47	14	-1	
4	1	604	1	1	0	6225	2102	47	14	-1	
5	1	604	1	1	1	6225	2102	47	14	75.481079	S603
2	1	605	0	0	0	6234	2117	33	14	-1	
3	1	605	1	0	0	6234	2117	33	14	-1	
4	1	605	1	1	0	6234	2117	33	14	-1	
5	1	605	1	1	1	6234	2117	33	14	74.728790	(0)
2	1	606	0	0	0	6334	2102	48	14	-1	
3	1	606	1	0	0	6334	2102	48	14	-1	
4	1	606	1	1	0	6334	2102	48	14	-1	
5	1	606	1	1	1	6334	2102	48	14	82.111320	$606
2	1	607	0	0	0	6319	2113	78	43	-1	
3	1	607	1	0	0	6319	2113	78	43	-1	
4	1	607	1	1	0	6319	2113	78	43	-1	
5	1	607	1	1	1	6319	2113	78	43	17.945419	a_i
2	1	608	0	0	0	6449	2102	47	14	-1	
3	1	608	1	0	0	6449	2102	47	14	-1	
4	1	608	1	1	0	6449	2102	47	14	-1	
5	1	608	1	1	1	6449	2102	47	14	87.499802	$609
2	1	609	0	0	0	6435	2117	74	34	-1	
3	1	609	1	0	0	6435	2117	74	34	-1	
4	1	609	1	1	0	6435	2117	74	34	-1	
5	1	609	1	1	1	6435	2117	74	34	17.625122	Ss
2	1	610	0	0	0	6545	2117	75	34	-1	
3	1	610	1	0	0	6545	2117	75	34	-1	
4	1	610	1	1	0	6545	2117	75	34	-1	
5	1	610	1	1	1	6545	2117	75	34	16.908875	aaa
2	1	611	0	0	0	6555	2102	30	14	-1	
3	1	611	1	0	0	6555	2102	30	14	-1	
4	1	611	1	1	0	6555	2102	30	14	-1	
5	1	611	1	1	1	6555	2102	30	14	24.488556	S6I
2	1	612	0	0	0	6587	2102	20	28	-1	
3	1	612	1	0	0	6587	2102	20	28	-1	
4	1	612	1	1	0	6587	2102	20	28	-1	
5	1	612	1	1	1	6587	2102	20	28	33.764015	bx
2	1	613	0	0	0	6685	2101	32	14	-1	
3	1	613	1	0	0	6685	2101	32	14	-1	
4	1	613	1	1	0	6685	2101	32	14	-1	
5	1	613	1	1	1	6685	2101	32	14	59.700195	615
2	1	614	0	0	0	6795	2102	33	13	-1	
3	1	614	1	0	0	6795	2102	33	13	-1	
4	1	614	1	1	0	6795	2102	33	13	-1	
5	1	614	1	1	1	6795	2102	33	13	88.010910	616
2	1	615	0	0	0	6764	2111	79	44	-1	
3	1	615	1	0	0	6764	2111	79	44	-1	
4	1	615	1	1	0	6764	2111	79	44	-1	
5	1	615	1	1	1	6764	2111	79	44	52.279053	RECALL
2	1	616	0	0	0	6990	2101	77	50	-1	
3	1	616	1	0	0	6990	2101	77	50	-1	
4	1	616	1	1	0	6990	2101	77	50	-1	
5	1	616	1	1	1	6990	2101	77	50	29.121254	Tie
2	1	617	0	0	0	7241	2101	34	14	-1	
3	1	617	1	0	0	7241	2101	34	14	-1	
4	1	617	1	1	0	7241	2101	34	14	-1	
5	1	617	1	1	1	7241	2101	34	14	91.400177	626
2	1	618	0	0	0	97	2148	39	47	-1	
3	1	618	1	0	0	97	2148	39	47	-1	
4	1	618	1	1	0	97	2148	39	47	-1	
5	1	618	1	1	1	97	2148	39	47	57.932838	4s
2	1	619	0	0	0	168	2149	40	17	-1	
3	1	619	1	0	0	168	2149	40	17	-1	
4	1	619	1	1	0	168	2149	40	17	-1	
5	1	619	1	1	1	168	2149	40	17	92.315079	13G
2	1	620	0	0	0	239	2149	40	17	-1	
3	1	620	1	0	0	239	2149	40	17	-1	
4	1	620	1	1	0	239	2149	40	17	-1	
5	1	620	1	1	1	239	2149	40	17	93.066826	12G
2	1	621	0	0	0	312	2148	40	37	-1	
3	1	621	1	0	0	312	2148	40	37	-1	
4	1	621	1	1	0	312	2148	40	37	-1	
5	1	621	1	1	1	312	2148	40	37	55.364109	"NG
2	1	622	0	0	0	385	2148	40	17	-1	
3	1	622	1	0	0	385	2148	40	17	-1	
4	1	622	1	1	0	385	2148	40	17	-1	
5	1	622	1	1	1	385	2148	40	17	92.985451	10G
2	1	623	0	0	0	485	2148	29	17	-1	
3	1	623	1	0	0	485	2148	29	17	-1	
4	1	623	1	1	0	485	2148	29	17	-1	
5	1	623	1	1	1	485	2148	29	17	95.411385	9G
2	1	624	0	0	0	593	2148	29	17	-1	
3	1	624	1	0	0	593	2148	29	17	-1	
4	1	624	1	1	0	593	2148	29	17	-1	
5	1	624	1	1	1	593	2148	29	17	96.779892	8G
2	1	625	0	0	0	700	2148	28	47	-1	
3	1	625	1	0	0	700	2148	28	47	-1	
4	1	625	1	1	0	700	2148	28	47	-1	
5	1	625	1	1	1	700	2148	28	47	75.832344	78
2	1	626	0	0	0	781	2149	29	34	-1	
3	1	626	1	0	0	781	2149	29	34	-1	
4	1	626	1	1	0	781	2149	29	34	-1	
5	1	626	1	1	1	781	2149	29	34	83.577133	8G
2	1	627	0	0	0	864	2148	29	17	-1	
3	1	627	1	0	0	864	2148	29	17	-1	
4	1	627	1	1	0	864	2148	29	17	-1	
5	1	627	1	1	1	864	2148	29	17	95.424309	5G
2	1	628	0	0	0	951	2148	29	17	-1	
3	1	628	1	0	0	951	2148	29	17	-1	
4	1	628	1	1	0	951	2148	29	17	-1	
5	1	628	1	1	1	951	2148	29	17	96.577568	4G
2	1	629	0	0	0	1042	2149	29	40	-1	
3	1	629	1	0	0	1042	2149	29	40	-1	
4	1	629	1	1	0	1042	2149	29	40	-1	
5	1	629	1	1	1	1042	2149	29	40	88.273224	3G
2	1	630	0	0	0	1215	2149	27	17	-1	
3	1	630	1	0	0	1215	2149	27	17	-1	
4	1	630	1	1	0	1215	2149	27	17	-1	
5	1	630	1	1	1	1215	2149	27	17	96.258446	1G
2	1	631	0	0	0	4677	2115	40	34	-1	
3	1	631	1	0	0	4677	2115	40	34	-1	
4	1	631	1	1	0	4677	2115	40	34	-1	
5	1	631	1	1	1	4677	2115	40	34	61.836666	Te
2	1	632	0	0	0	5395	2141	74	24	-1	
3	1	632	1	0	0	5395	2141	74	24	-1	
4	1	632	1	1	0	5395	2141	74	24	-1	
5	1	632	1	1	1	5395	2141	25	24	83.679893	(i9)
5	1	632	1	1	2	5430	2146	39	14	64.361908	HSW
2	1	633	0	0	0	5542	2140	68	25	-1	
3	1	633	1	0	0	5542	2140	68	25	-1	
4	1	633	1	1	0	5542	2140	68	25	-1	
5	1	633	1	1	1	5542	2145	35	15	0.000000	LPF
5	1	633	1	1	2	5586	2140	24	25	0.000000	(6)
2	1	634	0	0	0	6032	2146	58	14	-1	
3	1	634	1	0	0	6032	2146	58	14	-1	
4	1	634	1	1	0	6032	2146	58	14	-1	
5	1	634	1	1	1	6032	2146	58	14	95.976944	Remain
2	1	635	0	0	0	6100	2137	73	15	-1	
3	1	635	1	0	0	6100	2137	73	15	-1	
4	1	635	1	1	0	6100	2137	73	15	-1	
5	1	635	1	1	1	6100	2137	73	15	0.000000	—_
2	1	636	0	0	0	8398	2090	195	73	-1	
3	1	636	1	0	0	8398	2090	195	73	-1	
4	1	636	1	1	0	8398	2090	195	73	-1	
5	1	636	1	1	1	8398	2090	61	73	0.000000	/D
5	1	636	1	1	2	8478	2117	115	29	92.590324	CN404
2	1	637	0	0	0	1127	2149	29	18	-1	
3	1	637	1	0	0	1127	2149	29	18	-1	
4	1	637	1	1	0	1127	2149	29	18	-1	
5	1	637	1	1	1	1127	2149	29	18	96.533417	2G
2	1	638	0	0	0	4972	2141	33	37	-1	
3	1	638	1	0	0	4972	2141	33	37	-1	
4	1	638	1	1	0	4972	2141	33	37	-1	
5	1	638	1	1	1	4972	2141	33	37	56.199776	8s
2	1	639	0	0	0	5063	2153	59	21	-1	
3	1	639	1	0	0	5063	2153	59	21	-1	
4	1	639	1	1	0	5063	2153	59	21	-1	
5	1	639	1	1	1	5063	2153	59	21	66.622391	0.06ys
2	1	640	0	0	0	5680	2168	54	12	-1	
3	1	640	1	0	0	5680	2168	54	12	-1	
4	1	640	1	1	0	5680	2168	54	12	-1	
5	1	640	1	1	1	5680	2168	54	12	57.474213	+
2	1	641	0	0	0	6160	2160	7	8	-1	
3	1	641	1	0	0	6160	2160	7	8	-1	
4	1	641	1	1	0	6160	2160	7	8	-1	
5	1	641	1	1	1	6160	2160	7	8	65.279999	O
2	1	642	0	0	0	328	2201	3	29	-1	
3	1	642	1	0	0	328	2201	3	29	-1	
4	1	642	1	1	0	328	2201	3	29	-1	
5	1	642	1	1	1	328	2201	3	29	80.283234	|
2	1	643	0	0	0	400	2195	1	21	-1	
3	1	643	1	0	0	400	2195	1	21	-1	
4	1	643	1	1	0	400	2195	1	21	-1	
5	1	643	1	1	1	399	2195	3	35	59.637245	|
2	1	644	0	0	0	400	2176	1	18	-1	
3	1	644	1	0	0	400	2176	1	18	-1	
4	1	644	1	1	0	400	2176	1	18	-1	
5	1	644	1	1	1	400	2176	1	18	96.235374	|
2	1	645	0	0	0	1140	2204	2	7	-1	
3	1	645	1	0	0	1140	2204	2	7	-1	
4	1	645	1	1	0	1140	2204	2	7	-1	
5	1	645	1	1	1	1140	2204	2	7	49.503826	i
2	1	646	0	0	0	1967	2194	104	21	-1	
3	1	646	1	0	0	1967	2194	104	21	-1	
4	1	646	1	1	0	1967	2194	104	21	-1	
5	1	646	1	1	1	1967	2194	31	21	92.065948	8T
5	1	646	1	1	2	2012	2190	16	35	89.197403	|
5	1	646	1	1	3	2038	2194	33	20	89.197403	8T
2	1	647	0	0	0	2524	2187	31	20	-1	
3	1	647	1	0	0	2524	2187	31	20	-1	
4	1	647	1	1	0	2524	2187	31	20	-1	
5	1	647	1	1	1	2524	2187	31	20	91.040146	2T
2	1	648	0	0	0	4972	2169	32	26	-1	
3	1	648	1	0	0	4972	2169	32	26	-1	
4	1	648	1	1	0	4972	2169	32	26	-1	
5	1	648	1	1	1	4972	2169	32	26	58.332211	oy
2	1	649	0	0	0	5396	2185	23	25	-1	
3	1	649	1	0	0	5396	2185	23	25	-1	
4	1	649	1	1	0	5396	2185	23	25	-1	
5	1	649	1	1	1	5396	2185	23	25	76.869919	@9
2	1	650	0	0	0	5432	2191	21	15	-1	
3	1	650	1	0	0	5432	2191	21	15	-1	
4	1	650	1	1	0	5432	2191	21	15	-1	
5	1	650	1	1	1	5432	2191	21	15	94.553619	He
2	1	651	0	0	0	5556	2191	17	14	-1	
3	1	651	1	0	0	5556	2191	17	14	-1	
4	1	651	1	1	0	5556	2191	17	14	-1	
5	1	651	1	1	1	5556	2191	17	14	55.300865	ot
2	1	652	0	0	0	5701	2194	33	14	-1	
3	1	652	1	0	0	5701	2194	33	14	-1	
4	1	652	1	1	0	5701	2194	33	14	-1	
5	1	652	1	1	1	5701	2194	33	14	39.618858	eo
2	1	653	0	0	0	5769	2197	40	14	-1	
3	1	653	1	0	0	5769	2197	40	14	-1	
4	1	653	1	1	0	5769	2197	40	14	-1	
5	1	653	1	1	1	5769	2197	40	14	66.391312	050!
2	1	654	0	0	0	6117	2193	47	15	-1	
3	1	654	1	0	0	6117	2193	47	15	-1	
4	1	654	1	1	0	6117	2193	47	15	-1	
5	1	654	1	1	1	6117	2193	47	15	55.259979	S602
2	1	655	0	0	0	6224	2188	46	14	-1	
3	1	655	1	0	0	6224	2188	46	14	-1	
4	1	655	1	1	0	6224	2188	46	14	-1	
5	1	655	1	1	1	6224	2188	46	14	85.756477	$604
2	1	656	0	0	0	6228	2202	36	13	-1	
3	1	656	1	0	0	6228	2202	36	13	-1	
4	1	656	1	1	0	6228	2202	36	13	-1	
5	1	656	1	1	1	6228	2202	36	13	93.455307	(9)
2	1	657	0	0	0	7111	2187	56	27	-1	
3	1	657	1	0	0	7111	2187	56	27	-1	
4	1	657	1	1	0	7111	2187	56	27	-1	
5	1	657	1	1	1	7111	2187	56	27	57.583294	ARE
2	1	658	0	0	0	7230	2187	48	27	-1	
3	1	658	1	0	0	7230	2187	48	27	-1	
4	1	658	1	1	0	7230	2187	48	27	-1	
5	1	658	1	1	1	7230	2187	48	27	20.194344	86h
2	1	659	0	0	0	8408	2165	230	35	-1	
3	1	659	1	0	0	8408	2165	230	35	-1	
4	1	659	1	1	0	8408	2165	230	35	-1	
5	1	659	1	1	1	8408	2165	94	34	92.825142	(Main
5	1	659	1	1	2	8519	2165	119	35	92.656082	P.C.B.)
2	1	660	0	0	0	605	2220	3	10	-1	
3	1	660	1	0	0	605	2220	3	10	-1	
4	1	660	1	1	0	605	2220	3	10	-1	
5	1	660	1	1	1	605	2220	3	10	31.639572	1
2	1	661	0	0	0	4487	2202	63	18	-1	
3	1	661	1	0	0	4487	2202	63	18	-1	
4	1	661	1	1	0	4487	2202	63	18	-1	
5	1	661	1	1	1	4487	2198	33	26	85.212410	0.06
5	1	661	1	1	2	4528	2204	22	16	60.621494	ys
2	1	662	0	0	0	4642	2226	30	11	-1	
3	1	662	1	0	0	4642	2226	30	11	-1	
4	1	662	1	1	0	4642	2226	30	11	-1	
5	1	662	1	1	1	4642	2226	30	11	43.230698	wx
2	1	663	0	0	0	4878	2219	41	15	-1	
3	1	663	1	0	0	4878	2219	41	15	-1	
4	1	663	1	1	0	4878	2219	41	15	-1	
5	1	663	1	1	1	4878	2219	41	15	71.240273	L351
2	1	664	0	0	0	5764	2219	58	14	-1	
3	1	664	1	0	0	5764	2219	58	14	-1	
4	1	664	1	1	0	5764	2219	58	14	-1	
5	1	664	1	1	1	5764	2219	58	14	87.443825	MAIS3
2	1	665	0	0	0	6098	2221	75	15	-1	
3	1	665	1	0	0	6098	2221	75	15	-1	
4	1	665	1	1	0	6098	2221	75	15	-1	
5	1	665	1	1	1	6098	2221	75	15	30.250458	—
2	1	666	0	0	0	6211	2221	70	14	-1	
3	1	666	1	0	0	6211	2221	70	14	-1	
4	1	666	1	1	0	6211	2221	70	14	-1	
5	1	666	1	1	1	6211	2221	70	14	23.087013	—
2	1	667	0	0	0	569	2260	51	10	-1	
3	1	667	1	0	0	569	2260	51	10	-1	
4	1	667	1	1	0	569	2260	51	10	-1	
5	1	667	1	1	1	569	2260	51	10	81.000305	—
2	1	668	0	0	0	2162	2229	32	19	-1	
3	1	668	1	0	0	2162	2229	32	19	-1	
4	1	668	1	1	0	2162	2229	32	19	-1	
5	1	668	1	1	1	2162	2229	32	19	92.339317	2T
2	1	669	0	0	0	4641	2238	31	11	-1	
3	1	669	1	0	0	4641	2238	31	11	-1	
4	1	669	1	1	0	4641	2238	31	11	-1	
5	1	669	1	1	1	4641	2238	31	11	71.869759	On
2	1	670	0	0	0	4641	2249	32	20	-1	
3	1	670	1	0	0	4641	2249	32	20	-1	
4	1	670	1	1	0	4641	2249	32	20	-1	
5	1	670	1	1	1	4641	2249	32	20	58.297001	Ba
2	1	671	0	0	0	4992	2186	135	65	-1	
3	1	671	1	0	0	4992	2186	135	65	-1	
4	1	671	1	1	0	4992	2186	135	65	-1	
5	1	671	1	1	1	4992	2227	13	9	0.000000	»
5	1	671	1	1	2	5039	2186	88	65	58.082039	WM
2	1	672	0	0	0	5321	2235	22	14	-1	
3	1	672	1	0	0	5321	2235	22	14	-1	
4	1	672	1	1	0	5321	2235	22	14	-1	
5	1	672	1	1	1	5321	2235	22	14	49.763519	8V
2	1	673	0	0	0	5395	2226	66	33	-1	
3	1	673	1	0	0	5395	2226	66	33	-1	
4	1	673	1	1	0	5395	2226	66	33	-1	
5	1	673	1	1	1	5395	2226	29	33	62.209187	i)
5	1	673	1	1	2	5432	2237	29	13	67.893784	Veo
2	1	674	0	0	0	5540	2236	36	14	-1	
3	1	674	1	0	0	5540	2236	36	14	-1	
4	1	674	1	1	0	5540	2236	36	14	-1	
5	1	674	1	1	1	5540	2236	36	14	95.435303	FAO
2	1	675	0	0	0	6216	2243	7	7	-1	
3	1	675	1	0	0	6216	2243	7	7	-1	
4	1	675	1	1	0	6216	2243	7	7	-1	
5	1	675	1	1	1	6216	2243	7	7	0.000000	e)
2	1	676	0	0	0	6543	2158	76	93	-1	
3	1	676	1	0	0	6304	2158	315	105	-1	
4	1	676	1	1	0	6543	2158	76	93	-1	
5	1	676	1	1	1	6543	2158	76	93	40.954189	ie
2	1	677	0	0	0	6769	2158	299	93	-1	
3	1	677	1	0	0	6769	2158	299	105	-1	
4	1	677	1	1	0	6769	2158	299	93	-1	
5	1	677	1	1	1	6769	2158	80	93	15.438263	cae
5	1	677	1	1	2	6993	2158	75	93	33.835495	md
2	1	678	0	0	0	7221	2240	66	29	-1	
3	1	678	1	0	0	7221	2240	66	29	-1	
4	1	678	1	1	0	7221	2240	66	29	-1	
5	1	678	1	1	1	7221	2240	66	29	6.793625	3g.
2	1	679	0	0	0	7879	2221	32	34	-1	
3	1	679	1	0	0	7879	2221	32	34	-1	
4	1	679	1	1	0	7879	2221	32	34	-1	
5	1	679	1	1	1	7879	2221	32	34	25.011398	&
2	1	680	0	0	0	2702	2271	32	20	-1	
3	1	680	1	0	0	2702	2271	32	20	-1	
4	1	680	1	1	0	2702	2271	32	20	-1	
5	1	680	1	1	1	2702	2271	32	20	92.084152	6T
2	1	681	0	0	0	4572	2281	25	15	-1	
3	1	681	1	0	0	4572	2281	25	15	-1	
4	1	681	1	1	0	4572	2281	25	15	-1	
5	1	681	1	1	1	4572	2281	25	15	92.342583	03
2	1	682	0	0	0	5114	2255	21	16	-1	
3	1	682	1	0	0	5114	2255	21	16	-1	
4	1	682	1	1	0	5114	2255	21	16	-1	
5	1	682	1	1	1	5114	2255	21	16	89.803963	1.8
2	1	683	0	0	0	5544	2280	30	14	-1	
3	1	683	1	0	0	5544	2280	30	14	-1	
4	1	683	1	1	0	5544	2280	30	14	-1	
5	1	683	1	1	1	5544	2280	30	14	74.720535	FAI
2	1	684	0	0	0	5784	2276	52	17	-1	
3	1	684	1	0	0	5784	2276	52	17	-1	
4	1	684	1	1	0	5784	2276	52	17	-1	
5	1	684	1	1	1	5784	2276	2	14	48.919071	'
5	1	684	1	1	2	5797	2279	39	14	64.819305	Ais
2	1	685	0	0	0	6223	2272	46	14	-1	
3	1	685	1	0	0	6223	2272	46	14	-1	
4	1	685	1	1	0	6223	2272	46	14	-1	
5	1	685	1	1	1	6223	2272	46	14	88.734955	$605
2	1	686	0	0	0	6446	2271	41	15	-1	
3	1	686	1	0	0	6446	2271	41	15	-1	
4	1	686	1	1	0	6446	2271	41	15	-1	
5	1	686	1	1	1	6446	2271	41	15	55.872040	séit
2	1	687	0	0	0	6552	2271	47	15	-1	
3	1	687	1	0	0	6552	2271	47	15	-1	
4	1	687	1	1	0	6552	2271	47	15	-1	
5	1	687	1	1	1	6552	2271	47	15	79.015594	S614
2	1	688	0	0	0	6888	2271	50	14	-1	
3	1	688	1	0	0	6888	2271	50	14	-1	
4	1	688	1	1	0	6888	2271	50	14	-1	
5	1	688	1	1	1	6888	2271	50	14	94.182449	$620
2	1	689	0	0	0	7005	2271	47	30	-1	
3	1	689	1	0	0	7005	2271	47	30	-1	
4	1	689	1	1	0	7005	2271	47	30	-1	
5	1	689	1	1	1	7005	2271	47	30	56.350967	S623
2	1	690	0	0	0	7521	2264	76	18	-1	
3	1	690	1	0	0	7521	2264	76	18	-1	
4	1	690	1	1	0	7521	2264	76	18	-1	
5	1	690	1	1	1	7521	2264	76	18	89.749664	bdca
2	1	691	0	0	0	7770	2285	54	8	-1	
3	1	691	1	0	0	7770	2285	54	8	-1	
4	1	691	1	1	0	7770	2285	54	8	-1	
5	1	691	1	1	1	7770	2285	54	8	0.000000	3°
2	1	692	0	0	0	7911	2271	56	15	-1	
3	1	692	1	0	0	7911	2271	56	15	-1	
4	1	692	1	1	0	7911	2271	56	15	-1	
5	1	692	1	1	1	7911	2271	56	15	90.649117	FC604
2	1	693	0	0	0	109	2259	100	46	-1	
3	1	693	1	0	0	109	2259	100	46	-1	
4	1	693	1	1	0	109	2259	100	46	-1	
5	1	693	1	1	1	101	2246	160	72	4.068451	IEE
2	1	694	0	0	0	461	2259	75	97	-1	
3	1	694	1	0	0	461	2259	77	97	-1	
4	1	694	1	1	0	461	2259	75	97	-1	
5	1	694	1	1	1	461	2259	75	97	20.166710	a
2	1	695	0	0	0	561	2272	16	40	-1	
3	1	695	1	0	0	561	2272	16	40	-1	
4	1	695	1	1	0	561	2272	16	40	-1	
5	1	695	1	1	1	561	2272	16	40	51.961002	I
2	1	696	0	0	0	614	2262	16	51	-1	
3	1	696	1	0	0	614	2262	16	51	-1	
4	1	696	1	1	0	614	2262	16	51	-1	
5	1	696	1	1	1	614	2262	16	51	70.040428	]
2	1	697	0	0	0	1027	2212	139	135	-1	
3	1	697	1	0	0	1027	2212	139	135	-1	
4	1	697	1	1	0	1027	2212	139	135	-1	
5	1	697	1	1	1	1027	2212	139	135	44.388386	nig
2	1	698	0	0	0	1194	2276	52	35	-1	
3	1	698	1	0	0	1194	2276	52	35	-1	
4	1	698	1	1	0	1194	2276	52	35	-1	
5	1	698	1	1	1	1194	2276	52	35	57.611893	Lh
2	1	699	0	0	0	2161	2287	32	19	-1	
3	1	699	1	0	0	2161	2287	32	19	-1	
4	1	699	1	1	0	2161	2287	32	19	-1	
5	1	699	1	1	1	2161	2287	32	19	91.937195	2T
2	1	700	0	0	0	4722	2224	284	92	-1	
3	1	700	1	0	0	4722	2224	284	92	-1	
4	1	700	1	1	0	4722	2224	284	92	-1	
5	1	700	1	1	1	4722	2257	49	59	0.000000	sz$
5	1	700	1	1	2	4796	2227	59	66	39.575966	Bat
5	1	700	1	1	3	4868	2241	52	19	70.819656	2.6yH
5	1	700	1	1	4	4943	2224	63	68	54.683357	yes
2	1	701	0	0	0	5295	2265	159	38	-1	
3	1	701	1	0	0	5295	2265	159	38	-1	
4	1	701	1	1	0	5295	2265	159	38	-1	
5	1	701	1	1	1	5295	2265	88	25	73.987404	4.9V(0V)
5	1	701	1	1	2	5392	2265	32	38	59.952423	@2)
5	1	701	1	1	3	5432	2280	22	14	68.311142	Pc
2	1	702	0	0	0	5818	2300	18	16	-1	
3	1	702	1	0	0	5818	2300	18	16	-1	
4	1	702	1	1	0	5818	2300	18	16	-1	
5	1	702	1	1	1	5818	2300	18	16	54.243080	lo
2	1	703	0	0	0	6228	2288	33	14	-1	
3	1	703	1	0	0	6228	2288	33	14	-1	
4	1	703	1	1	0	6228	2288	33	14	-1	
5	1	703	1	1	1	6228	2288	33	14	93.709908	(8)
2	1	704	0	0	0	6331	2272	46	30	-1	
3	1	704	1	0	0	6331	2272	46	30	-1	
4	1	704	1	1	0	6331	2272	46	30	-1	
5	1	704	1	1	1	6331	2272	46	30	44.093903	5698
2	1	705	0	0	0	6436	2288	70	31	-1	
3	1	705	1	0	0	6436	2288	70	31	-1	
4	1	705	1	1	0	6436	2288	70	31	-1	
5	1	705	1	1	1	6436	2288	70	31	16.179802	2
2	1	706	0	0	0	6545	2288	96	50	-1	
3	1	706	1	0	0	6545	2288	96	50	-1	
4	1	706	1	1	0	6545	2288	96	50	-1	
5	1	706	1	1	1	6545	2288	56	32	29.629074	1
5	1	706	1	1	2	6624	2300	17	38	72.818359	|
2	1	707	0	0	0	6768	2267	81	57	-1	
3	1	707	1	0	0	6768	2267	81	57	-1	
4	1	707	1	1	0	6768	2267	81	57	-1	
5	1	707	1	1	1	6768	2267	81	57	17.349388	MEMBER
2	1	708	0	0	0	6881	2287	73	32	-1	
3	1	708	1	0	0	6881	2287	73	32	-1	
4	1	708	1	1	0	6881	2287	73	32	-1	
5	1	708	1	1	1	6881	2287	73	32	58.416653	RSP
2	1	709	0	0	0	7106	2287	69	14	-1	
3	1	709	1	0	0	7106	2287	69	14	-1	
4	1	709	1	1	0	7106	2287	69	14	-1	
5	1	709	1	1	1	7106	2287	69	14	90.640221	REPEAT
2	1	710	0	0	0	7770	2304	31	17	-1	
3	1	710	1	0	0	7770	2304	31	17	-1	
4	1	710	1	1	0	7770	2304	31	17	-1	
5	1	710	1	1	1	7770	2304	31	17	68.960075	oz
2	1	711	0	0	0	7770	2291	31	15	-1	
3	1	711	1	0	0	7770	2291	31	15	-1	
4	1	711	1	1	0	7770	2291	31	15	-1	
5	1	711	1	1	1	7770	2291	31	15	49.818542	ea
2	1	712	0	0	0	1154	2314	85	37	-1	
3	1	712	1	0	0	1154	2314	85	37	-1	
4	1	712	1	1	0	1154	2314	85	37	-1	
5	1	712	1	1	1	1154	2314	85	47	0.000000	=CLT
2	1	713	0	0	0	4536	2330	64	16	-1	
3	1	713	1	0	0	4536	2330	64	16	-1	
4	1	713	1	1	0	4536	2330	64	16	-1	
5	1	713	1	1	1	4536	2330	64	16	42.469501	1C355
2	1	714	0	0	0	5394	2319	72	25	-1	
3	1	714	1	0	0	5394	2319	72	25	-1	
4	1	714	1	1	0	5394	2319	72	25	-1	
5	1	714	1	1	1	5394	2319	25	25	92.330055	@3)
5	1	714	1	1	2	5430	2326	36	14	91.684563	CLK
2	1	715	0	0	0	5540	2320	70	25	-1	
3	1	715	1	0	0	5540	2320	70	25	-1	
4	1	715	1	1	0	5540	2320	70	25	-1	
5	1	715	1	1	1	5540	2320	70	25	76.003937	ocr()
2	1	716	0	0	0	7878	2297	33	33	-1	
3	1	716	1	0	0	7878	2297	33	33	-1	
4	1	716	1	1	0	7878	2297	33	33	-1	
5	1	716	1	1	1	7878	2297	33	33	33.569145	KY
2	1	717	0	0	0	101	2287	338	101	-1	
3	1	717	1	0	0	101	2287	338	101	-1	
4	1	717	1	1	0	101	2287	338	101	-1	
5	1	717	1	1	1	101	2308	37	73	80.203674	6]
5	1	717	1	1	2	159	2305	82	83	52.566772	Call
5	1	717	1	1	3	242	2290	38	92	50.948723	3]
5	1	717	1	1	4	305	2291	47	96	32.301361	(]
5	1	717	1	1	5	376	2287	63	100	17.071083	fol)
2	1	718	0	0	0	461	2317	159	53	-1	
3	1	718	1	0	0	461	2317	159	53	-1	
4	1	718	1	1	0	461	2317	159	53	-1	
5	1	718	1	1	1	461	2317	159	53	63.864754	LWLI
2	1	719	0	0	0	1974	2366	357	7	-1	
3	1	719	1	0	0	1974	2366	357	7	-1	
4	1	719	1	1	0	1974	2366	357	7	-1	
5	1	719	1	1	1	1974	2366	27	4	38.825638	—
5	1	719	1	1	2	2013	2366	318	7	47.778667	ES
2	1	720	0	0	0	2518	2332	61	20	-1	
3	1	720	1	0	0	2518	2332	61	20	-1	
4	1	720	1	1	0	2518	2332	61	20	-1	
5	1	720	1	1	1	2518	2332	61	20	62.081047	150T
2	1	721	0	0	0	3236	2337	47	20	-1	
3	1	721	1	0	0	3236	2337	47	20	-1	
4	1	721	1	1	0	3236	2337	47	20	-1	
5	1	721	1	1	1	3236	2337	47	20	90.963249	90T
2	1	722	0	0	0	4350	2359	45	14	-1	
3	1	722	1	0	0	4350	2359	45	14	-1	
4	1	722	1	1	0	4350	2359	45	14	-1	
5	1	722	1	1	1	4350	2359	45	14	96.484978	R367
2	1	723	0	0	0	4424	2360	46	14	-1	
3	1	723	1	0	0	4424	2360	46	14	-1	
4	1	723	1	1	0	4424	2360	46	14	-1	
5	1	723	1	1	1	4424	2360	46	14	96.236740	R366
2	1	724	0	0	0	5785	2334	27	22	-1	
3	1	724	1	0	0	5785	2334	27	22	-1	
4	1	724	1	1	0	5785	2334	27	22	-1	
5	1	724	1	1	1	5785	2334	27	22	0.737419	'78
2	1	725	0	0	0	5818	2332	18	18	-1	
3	1	725	1	0	0	5818	2332	18	18	-1	
4	1	725	1	1	0	5818	2332	18	18	-1	
5	1	725	1	1	1	5818	2332	18	18	40.898346	a
2	1	726	0	0	0	6995	2324	14	30	-1	
3	1	726	1	0	0	6995	2324	14	30	-1	
4	1	726	1	1	0	6995	2324	14	30	-1	
5	1	726	1	1	1	6995	2324	14	30	60.860413	3
2	1	727	0	0	0	7883	2325	28	33	-1	
3	1	727	1	0	0	7883	2325	28	33	-1	
4	1	727	1	1	0	7883	2325	28	33	-1	
5	1	727	1	1	1	7883	2325	28	33	70.318100	(2)
2	1	728	0	0	0	1014	2306	172	94	-1	
3	1	728	1	0	0	1014	2306	172	94	-1	
4	1	728	1	1	0	1014	2306	172	94	-1	
5	1	728	1	1	1	1014	2306	134	84	7.741737	Cye!
5	1	728	1	1	2	1129	2346	57	54	51.749611	‘sec
2	1	729	0	0	0	4352	2378	34	13	-1	
3	1	729	1	0	0	4352	2378	34	13	-1	
4	1	729	1	1	0	4352	2378	34	13	-1	
5	1	729	1	1	1	4352	2378	34	13	92.577682	82K
2	1	730	0	0	0	4427	2378	46	13	-1	
3	1	730	1	0	0	4427	2378	46	13	-1	
4	1	730	1	1	0	4427	2378	46	13	-1	
5	1	730	1	1	1	4427	2378	46	13	96.506752	270K
2	1	731	0	0	0	4605	2365	65	16	-1	
3	1	731	1	0	0	4605	2365	65	16	-1	
4	1	731	1	1	0	4605	2365	65	16	-1	
5	1	731	1	1	1	4605	2367	9	14	37.529831	3
5	1	731	1	1	2	4639	2365	31	14	37.529831	14V
2	1	732	0	0	0	5395	2365	59	25	-1	
3	1	732	1	0	0	5395	2365	59	25	-1	
4	1	732	1	1	0	5395	2365	59	25	-1	
5	1	732	1	1	1	5395	2365	59	25	83.303780	4)
5	1	732	1	1	2	5435	2361	22	33	79.238663	Tc
2	1	733	0	0	0	5540	2365	101	25	-1	
3	1	733	1	0	0	5540	2365	101	25	-1	
4	1	733	1	1	0	5540	2365	101	25	-1	
5	1	733	1	1	1	5540	2371	35	14	88.985596	GND
5	1	733	1	1	2	5586	2365	55	25	63.713551	(1)-4
2	1	734	0	0	0	6083	2378	114	16	-1	
3	1	734	1	0	0	6083	2378	114	16	-1	
4	1	734	1	1	0	6083	2378	114	16	-1	
5	1	734	1	1	1	6083	2378	114	16	15.190826	D60I~6I1
2	1	735	0	0	0	528	2395	72	24	-1	
3	1	735	1	0	0	528	2395	72	24	-1	
4	1	735	1	1	0	528	2395	72	24	-1	
5	1	735	1	1	1	528	2395	72	24	96.828224	track
2	1	736	0	0	0	684	2221	388	186	-1	
3	1	736	1	0	0	684	2221	388	186	-1	
4	1	736	1	1	0	684	2221	388	186	-1	
5	1	736	1	1	1	625	2196	177	257	0.000000	/9)
5	1	736	1	1	2	838	2190	234	217	11.227341	6
2	1	737	0	0	0	1021	2400	6	8	-1	
3	1	737	1	0	0	1021	2400	6	8	-1	
4	1	737	1	1	0	1021	2400	6	8	-1	
5	1	737	1	1	1	1021	2400	6	8	0.000000	h
2	1	738	0	0	0	2789	2382	567	23	-1	
3	1	738	1	0	0	2789	2382	567	23	-1	
4	1	738	1	1	0	2789	2382	567	23	-1	
5	1	738	1	1	1	2789	2382	48	19	86.683411	*1T
5	1	738	1	1	2	2847	2378	15	34	87.660751	=
5	1	738	1	1	3	2870	2382	228	20	87.660751	0.420ms~0.424ms
5	1	738	1	1	4	3111	2382	79	21	94.692184	(U.S.A.
5	1	738	1	1	5	3207	2384	42	19	96.692200	and
5	1	738	1	1	6	3261	2383	95	22	95.937904	Canada)
2	1	739	0	0	0	4849	2388	59	15	-1	
3	1	739	1	0	0	4849	2388	59	15	-1	
4	1	739	1	1	0	4849	2388	59	15	-1	
5	1	739	1	1	1	4849	2388	59	15	17.087219	C351
2	1	740	0	0	0	5749	2401	23	13	-1	
3	1	740	1	0	0	5749	2401	23	13	-1	
4	1	740	1	1	0	5749	2401	23	13	-1	
5	1	740	1	1	1	5749	2401	23	13	71.480904	Ov
2	1	741	0	0	0	6078	2405	96	21	-1	
3	1	741	1	0	0	6078	2405	96	21	-1	
4	1	741	1	1	0	6078	2405	96	21	-1	
5	1	741	1	1	1	6078	2405	96	21	90.557838	MAI65
2	1	742	0	0	0	6268	2375	186	35	-1	
3	1	742	1	0	0	6268	2375	186	35	-1	
4	1	742	1	1	0	6268	2375	186	35	-1	
5	1	742	1	1	1	6268	2375	64	35	96.625702	Key
5	1	742	1	1	2	6345	2375	109	27	96.250122	matrix
2	1	743	0	0	0	7221	2394	53	14	-1	
3	1	743	1	0	0	7221	2394	53	14	-1	
4	1	743	1	1	0	7221	2394	53	14	-1	
5	1	743	1	1	1	7221	2394	53	14	37.515774	5Vv
5	1	743	1	1	2	7260	2390	18	26	54.390926	+}
2	1	744	0	0	0	104	2387	319	47	-1	
3	1	744	1	0	0	104	2387	319	47	-1	
4	1	744	1	1	0	104	2387	319	47	-1	
5	1	744	1	1	1	100	2374	38	72	50.050011	+4)
5	1	744	1	1	2	163	2375	46	72	13.362289	(2)
5	1	744	1	1	3	234	2375	46	72	54.827156	Ce]
5	1	744	1	1	4	305	2375	47	73	47.631767	ba
5	1	744	1	1	5	376	2374	47	73	37.143208	|)
2	1	745	0	0	0	621	2395	150	62	-1	
3	1	745	1	0	0	621	2395	150	62	-1	
4	1	745	1	1	0	621	2395	150	62	-1	
5	1	745	1	1	1	621	2395	150	62	93.432060	[standby]
2	1	746	0	0	0	800	2395	102	61	-1	
3	1	746	1	0	0	800	2395	102	61	-1	
4	1	746	1	1	0	800	2395	102	61	-1	
5	1	746	1	1	1	800	2395	87	61	30.415558	[lever
5	1	746	1	1	2	901	2417	1	25	46.635155	|
2	1	747	0	0	0	958	2415	131	38	-1	
3	1	747	1	0	0	958	2415	131	38	-1	
4	1	747	1	1	0	958	2415	131	38	-1	
5	1	747	1	1	1	958	2415	131	38	79.244904	[elapsed]
2	1	748	0	0	0	2080	2406	130	22	-1	
3	1	748	1	0	0	2080	2406	130	22	-1	
4	1	748	1	1	0	2080	2406	130	22	-1	
5	1	748	1	1	1	2080	2406	59	19	95.255157	Head
5	1	748	1	1	2	2151	2407	59	21	95.255157	pulse
2	1	749	0	0	0	2807	2416	548	24	-1	
3	1	749	1	0	0	2807	2416	548	24	-1	
4	1	749	1	1	0	2807	2416	548	24	-1	
5	1	749	1	1	1	2807	2416	29	18	92.719620	1T
5	1	749	1	1	2	2851	2412	11	32	87.913879	=
5	1	749	1	1	3	2869	2416	229	20	87.913879	0.454ms~0.460ms
5	1	749	1	1	4	3111	2417	95	23	96.089104	(Europe
5	1	749	1	1	5	3216	2419	42	18	96.190453	and
5	1	749	1	1	6	3269	2417	86	22	95.561348	Others)
2	1	750	0	0	0	4457	2415	29	16	-1	
3	1	750	1	0	0	4457	2415	29	16	-1	
4	1	750	1	1	0	4457	2415	29	16	-1	
5	1	750	1	1	1	4457	2415	29	16	21.425751	22V
2	1	751	0	0	0	4648	2417	29	14	-1	
3	1	751	1	0	0	4648	2417	29	14	-1	
4	1	751	1	1	0	4648	2417	29	14	-1	
5	1	751	1	1	1	4648	2417	29	14	80.981293	14V
2	1	752	0	0	0	4848	2414	195	22	-1	
3	1	752	1	0	0	4848	2414	195	22	-1	
4	1	752	1	1	0	4848	2414	195	22	-1	
5	1	752	1	1	1	4848	2414	195	22	45.573479	MN74HCU04S
2	1	753	0	0	0	5576	2435	55	12	-1	
3	1	753	1	0	0	5576	2435	55	12	-1	
4	1	753	1	1	0	5576	2435	55	12	-1	
5	1	753	1	1	1	5576	2435	55	12	0.000000	22.78
2	1	754	0	0	0	5743	2421	55	14	-1	
3	1	754	1	0	0	5743	2421	55	14	-1	
4	1	754	1	1	0	5743	2421	55	14	-1	
5	1	754	1	1	1	5743	2421	55	14	7.942307	(2.4)
2	1	755	0	0	0	6778	2397	97	41	-1	
3	1	755	1	0	0	6778	2397	97	41	-1	
4	1	755	1	1	0	6778	2397	97	41	-1	
5	1	755	1	1	1	6778	2397	97	41	24.441978	rT
2	1	756	0	0	0	6985	2397	51	43	-1	
3	1	756	1	0	0	6985	2397	51	43	-1	
4	1	756	1	1	0	6985	2397	51	43	-1	
5	1	756	1	1	1	6985	2397	51	43	25.571136	|
2	1	757	0	0	0	7152	2422	48	15	-1	
3	1	757	1	0	0	7152	2422	48	15	-1	
4	1	757	1	1	0	7152	2422	48	15	-1	
5	1	757	1	1	1	7152	2422	48	15	94.292809	R607
2	1	758	0	0	0	7153	2438	35	14	-1	
3	1	758	1	0	0	7153	2438	35	14	-1	
4	1	758	1	1	0	7153	2438	35	14	-1	
5	1	758	1	1	1	7153	2438	35	14	96.499031	330
2	1	759	0	0	0	7271	2427	65	15	-1	
3	1	759	1	0	0	7271	2427	65	15	-1	
4	1	759	1	1	0	7271	2427	65	15	-1	
5	1	759	1	1	1	7271	2427	65	15	33.195183	A-Space
2	1	760	0	0	0	1142	2418	96	25	-1	
3	1	760	1	0	0	1142	2418	96	25	-1	
4	1	760	1	1	0	1142	2418	96	25	-1	
5	1	760	1	1	1	1142	2418	73	25	95.599388	track
5	1	760	1	1	2	1232	2429	6	8	58.772980	|»
2	1	761	0	0	0	6736	2460	31	10	-1	
3	1	761	1	0	0	6736	2460	31	10	-1	
4	1	761	1	1	0	6736	2460	31	10	-1	
5	1	761	1	1	1	6736	2460	31	10	54.068718	or
2	1	762	0	0	0	6736	2447	31	13	-1	
3	1	762	1	0	0	6736	2447	31	13	-1	
4	1	762	1	1	0	6736	2447	31	13	-1	
5	1	762	1	1	1	6736	2447	31	13	9.740936	Ye)
2	1	763	0	0	0	6816	2462	30	10	-1	
3	1	763	1	0	0	6816	2462	30	10	-1	
4	1	763	1	1	0	6816	2462	30	10	-1	
5	1	763	1	1	1	6816	2462	30	10	80.254128	on
2	1	764	0	0	0	6816	2449	31	12	-1	
3	1	764	1	0	0	6816	2449	31	12	-1	
4	1	764	1	1	0	6816	2449	31	12	-1	
5	1	764	1	1	1	6816	2449	31	12	76.170250	9°
2	1	765	0	0	0	6902	2459	31	10	-1	
3	1	765	1	0	0	6902	2459	31	10	-1	
4	1	765	1	1	0	6902	2459	31	10	-1	
5	1	765	1	1	1	6902	2459	31	10	53.995148	or
2	1	766	0	0	0	6902	2447	32	11	-1	
3	1	766	1	0	0	6902	2447	32	11	-1	
4	1	766	1	1	0	6902	2447	32	11	-1	
5	1	766	1	1	1	6902	2447	32	11	12.859795	fot}
2	1	767	0	0	0	6984	2466	30	11	-1	
3	1	767	1	0	0	6984	2466	30	11	-1	
4	1	767	1	1	0	6984	2466	30	11	-1	
5	1	767	1	1	1	6984	2466	30	11	68.194603	as
2	1	768	0	0	0	6985	2454	29	10	-1	
3	1	768	1	0	0	6985	2454	29	10	-1	
4	1	768	1	1	0	6985	2454	29	10	-1	
5	1	768	1	1	1	6985	2454	29	10	54.708038	or
2	1	769	0	0	0	6985	2442	30	11	-1	
3	1	769	1	0	0	6985	2442	30	11	-1	
4	1	769	1	1	0	6985	2442	30	11	-1	
5	1	769	1	1	1	6985	2442	30	11	55.944870	foto)
2	1	770	0	0	0	8401	2403	193	54	-1	
3	1	770	1	0	0	8401	2403	193	54	-1	
4	1	770	1	1	0	8401	2403	193	54	-1	
5	1	770	1	1	1	8401	2403	58	54	48.096313	B)
5	1	770	1	1	2	8478	2422	116	29	48.294788	cnaos
2	1	771	0	0	0	2442	2467	93	26	-1	
3	1	771	1	0	0	2442	2467	93	26	-1	
4	1	771	1	1	0	2442	2467	93	26	-1	
5	1	771	1	1	1	2442	2467	47	26	96.779343	Key
5	1	771	1	1	2	2500	2467	35	21	95.995461	No
2	1	772	0	0	0	2635	2468	112	21	-1	
3	1	772	1	0	0	2635	2468	112	21	-1	
4	1	772	1	1	0	2635	2468	112	21	-1	
5	1	772	1	1	1	2635	2468	112	21	96.719353	Function
2	1	773	0	0	0	2864	2469	137	22	-1	
3	1	773	1	0	0	2864	2469	137	22	-1	
4	1	773	1	1	0	2864	2469	137	22	-1	
5	1	773	1	1	1	2864	2469	58	22	96.599510	Data
5	1	773	1	1	2	2933	2470	68	21	96.772148	Code
2	1	774	0	0	0	3050	2471	93	26	-1	
3	1	774	1	0	0	3050	2471	93	26	-1	
4	1	774	1	1	0	3050	2471	93	26	-1	
5	1	774	1	1	1	3050	2471	48	26	96.786362	Key
5	1	774	1	1	2	3108	2471	35	21	96.385506	No
2	1	775	0	0	0	3244	2472	112	22	-1	
3	1	775	1	0	0	3244	2472	112	22	-1	
4	1	775	1	1	0	3244	2472	112	22	-1	
5	1	775	1	1	1	3244	2472	112	22	96.597534	Function
2	1	776	0	0	0	3473	2473	137	22	-1	
3	1	776	1	0	0	3473	2473	137	22	-1	
4	1	776	1	1	0	3473	2473	137	22	-1	
5	1	776	1	1	1	3473	2473	58	22	96.453735	Data
5	1	776	1	1	2	3541	2474	69	21	96.159271	Code
2	1	777	0	0	0	5453	2434	176	63	-1	
3	1	777	1	0	0	5453	2434	176	63	-1	
4	1	777	1	1	0	5453	2434	176	63	-1	
5	1	777	1	1	1	5453	2468	65	29	0.000000	IcS5Ol
5	1	777	1	1	2	5550	2434	79	63	42.099106	cant
2	1	778	0	0	0	5770	2490	36	14	-1	
3	1	778	1	0	0	5770	2490	36	14	-1	
4	1	778	1	1	0	5770	2490	36	14	-1	
5	1	778	1	1	1	5770	2490	36	14	87.430664	Play
2	1	779	0	0	0	6585	2485	53	16	-1	
3	1	779	1	0	0	6585	2485	53	16	-1	
4	1	779	1	1	0	6585	2485	53	16	-1	
5	1	779	1	1	1	6585	2485	53	16	77.216492	Q60!
2	1	780	0	0	0	6735	2472	31	11	-1	
3	1	780	1	0	0	6735	2472	31	11	-1	
4	1	780	1	1	0	6735	2472	31	11	-1	
5	1	780	1	1	1	6735	2472	31	11	51.853390	ee
2	1	781	0	0	0	6816	2475	30	11	-1	
3	1	781	1	0	0	6816	2475	30	11	-1	
4	1	781	1	1	0	6816	2475	30	11	-1	
5	1	781	1	1	1	6816	2475	30	11	63.670998	ae
2	1	782	0	0	0	6901	2470	32	12	-1	
3	1	782	1	0	0	6901	2470	32	12	-1	
4	1	782	1	1	0	6901	2470	32	12	-1	
5	1	782	1	1	1	6901	2470	32	12	55.638054	at
2	1	783	0	0	0	7307	2489	20	14	-1	
3	1	783	1	0	0	7307	2489	20	14	-1	
4	1	783	1	1	0	7307	2489	20	14	-1	
5	1	783	1	1	1	7307	2489	20	14	88.202080	22
2	1	784	0	0	0	7528	2460	347	27	-1	
3	1	784	1	0	0	7528	2460	347	27	-1	
4	1	784	1	1	0	7528	2460	347	27	-1	
5	1	784	1	1	1	7528	2456	55	44	54.044003	[yy
5	1	784	1	1	2	7574	2460	301	27	38.201126	yp
2	1	785	0	0	0	87	2414	1148	96	-1	
3	1	785	1	0	0	87	2414	1148	96	-1	
4	1	785	1	1	0	87	2414	1148	96	-1	
5	1	785	1	1	1	87	2433	51	70	55.978340	[ig]
5	1	785	1	1	2	159	2434	93	69	14.067703	[raf
5	1	785	1	1	3	230	2434	50	69	66.212433	[ia]
5	1	785	1	1	4	301	2435	51	68	53.531532	(i9]
5	1	785	1	1	5	376	2434	94	70	37.429764	Ess
5	1	785	1	1	6	447	2449	48	61	75.664574	>
5	1	785	1	1	7	524	2460	75	50	2.525406	[O]
5	1	785	1	1	8	625	2461	73	50	96.576401	[auto
5	1	785	1	1	9	709	2461	59	38	82.939697	cue]
5	1	785	1	1	10	804	2414	112	96	35.126511	Tre
5	1	785	1	1	11	959	2462	130	46	75.853737	[remain
5	1	785	1	1	12	1076	2456	24	56	36.196423	]}
5	1	785	1	1	13	1113	2456	19	56	36.196423	||[
5	1	785	1	1	14	1146	2462	89	38	93.297043	total
5	1	785	1	1	15	1221	2456	19	56	88.751099	}
2	1	786	0	0	0	5444	2496	137	21	-1	
3	1	786	1	0	0	5444	2496	137	21	-1	
4	1	786	1	1	0	5444	2496	137	21	-1	
5	1	786	1	1	1	5444	2496	137	21	91.957710	AN8290S
2	1	787	0	0	0	5772	2509	48	17	-1	
3	1	787	1	0	0	5772	2509	48	17	-1	
4	1	787	1	1	0	5772	2509	48	17	-1	
5	1	787	1	1	1	5772	2509	48	17	85.372841	138ps
2	1	788	0	0	0	6386	2515	59	14	-1	
3	1	788	1	0	0	6386	2515	59	14	-1	
4	1	788	1	1	0	6386	2515	59	14	-1	
5	1	788	1	1	1	6386	2515	59	14	45.230541	MAI65
2	1	789	0	0	0	6394	2497	41	13	-1	
3	1	789	1	0	0	6394	2497	41	13	-1	
4	1	789	1	1	0	6394	2497	41	13	-1	
5	1	789	1	1	1	6394	2497	41	13	70.121414	0612
2	1	790	0	0	0	7154	2503	49	14	-1	
3	1	790	1	0	0	7154	2503	49	14	-1	
4	1	790	1	1	0	7154	2503	49	14	-1	
5	1	790	1	1	1	7154	2503	49	14	41.680931	R6EOB
2	1	791	0	0	0	7285	2505	37	16	-1	
3	1	791	1	0	0	7285	2505	37	16	-1	
4	1	791	1	1	0	7285	2505	37	16	-1	
5	1	791	1	1	1	7285	2505	37	16	96.491203	Play
2	1	792	0	0	0	7528	2489	44	26	-1	
3	1	792	1	0	0	7528	2489	44	26	-1	
4	1	792	1	1	0	7528	2489	44	26	-1	
5	1	792	1	1	1	7528	2489	44	26	32.513199	TT
2	1	793	0	0	0	8411	2470	230	36	-1	
3	1	793	1	0	0	8411	2470	230	36	-1	
4	1	793	1	1	0	8411	2470	230	36	-1	
5	1	793	1	1	1	8411	2470	95	35	93.284615	(Main
5	1	793	1	1	2	8522	2471	119	35	91.336395	P.C.B.)
2	1	794	0	0	0	1976	2460	314	91	-1	
3	1	794	1	0	0	1976	2460	314	91	-1	
4	1	794	1	1	0	1976	2460	314	91	-1	
5	1	794	1	1	1	1976	2460	314	91	27.740936	ree
2	1	795	0	0	0	2576	2509	59	26	-1	
3	1	795	1	0	0	2576	2509	59	26	-1	
4	1	795	1	1	0	2576	2509	59	26	-1	
5	1	795	1	1	1	2576	2509	59	26	96.918068	Stop
2	1	796	0	0	0	2886	2511	91	22	-1	
3	1	796	1	0	0	2886	2511	91	22	-1	
4	1	796	1	1	0	2886	2511	91	22	-1	
5	1	796	1	1	1	2886	2511	91	22	96.800385	000000
2	1	797	0	0	0	3086	2513	28	21	-1	
3	1	797	1	0	0	3086	2513	28	21	-1	
4	1	797	1	1	0	3086	2513	28	21	-1	
5	1	797	1	1	1	3086	2513	28	21	96.980202	20
2	1	798	0	0	0	3186	2514	132	21	-1	
3	1	798	1	0	0	3186	2514	132	21	-1	
4	1	798	1	1	0	3186	2514	132	21	-1	
5	1	798	1	1	1	3186	2514	109	21	96.410072	Numeric
5	1	798	1	1	2	3305	2515	13	20	95.265877	5
2	1	799	0	0	0	3495	2515	90	22	-1	
3	1	799	1	0	0	3495	2515	90	22	-1	
4	1	799	1	1	0	3495	2515	90	22	-1	
5	1	799	1	1	1	3495	2515	90	22	96.432800	001010
2	1	800	0	0	0	4419	2536	21	14	-1	
3	1	800	1	0	0	4419	2536	21	14	-1	
4	1	800	1	1	0	4419	2536	21	14	-1	
5	1	800	1	1	1	4419	2536	21	14	86.997879	ov
2	1	801	0	0	0	4653	2526	33	9	-1	
3	1	801	1	0	0	4653	2526	33	9	-1	
4	1	801	1	1	0	4653	2526	33	9	-1	
5	1	801	1	1	1	4653	2526	33	9	22.481750	ee
2	1	802	0	0	0	4849	2527	66	15	-1	
3	1	802	1	0	0	4849	2527	66	15	-1	
4	1	802	1	1	0	4849	2527	66	15	-1	
5	1	802	1	1	1	4849	2527	66	15	58.356400	1C355
2	1	803	0	0	0	5490	2539	38	14	-1	
3	1	803	1	0	0	5490	2539	38	14	-1	
4	1	803	1	1	0	5490	2539	38	14	-1	
5	1	803	1	1	1	5490	2539	38	14	31.475250	-8V
2	1	804	0	0	0	5556	2540	78	12	-1	
3	1	804	1	0	0	5556	2540	78	12	-1	
4	1	804	1	1	0	5556	2540	78	12	-1	
5	1	804	1	1	1	5556	2540	78	12	73.362709	——
2	1	805	0	0	0	6508	2530	39	13	-1	
3	1	805	1	0	0	6508	2530	39	13	-1	
4	1	805	1	1	0	6508	2530	39	13	-1	
5	1	805	1	1	1	6508	2530	39	13	88.008987	3.4V
2	1	806	0	0	0	6763	2513	158	27	-1	
3	1	806	1	0	0	6763	2513	158	27	-1	
4	1	806	1	1	0	6763	2513	158	27	-1	
5	1	806	1	1	1	6763	2513	115	27	62.735218	Y)~s@
5	1	806	1	1	2	6891	2522	30	11	42.487453	os
2	1	807	0	0	0	6804	2539	56	7	-1	
3	1	807	1	0	0	6804	2539	56	7	-1	
4	1	807	1	1	0	6804	2539	56	7	-1	
5	1	807	1	1	1	6804	2539	56	7	60.394737	=o
2	1	808	0	0	0	6971	2518	73	22	-1	
3	1	808	1	0	0	6971	2518	73	22	-1	
4	1	808	1	1	0	6971	2518	73	22	-1	
5	1	808	1	1	1	6971	2524	31	16	1.158127	ao
5	1	808	1	1	2	7007	2514	37	30	0.000000	(Y)
2	1	809	0	0	0	2576	2549	96	29	-1	
3	1	809	1	0	0	2576	2549	96	29	-1	
4	1	809	1	1	0	2576	2549	96	29	-1	
5	1	809	1	1	1	2576	2551	56	27	96.489838	Skip
5	1	809	1	1	2	2649	2549	23	27	29.269058	K€
2	1	810	0	0	0	2886	2554	91	21	-1	
3	1	810	1	0	0	2886	2554	91	21	-1	
4	1	810	1	1	0	2886	2554	91	21	-1	
5	1	810	1	1	1	2886	2554	91	21	96.605797	010000
2	1	811	0	0	0	3085	2555	25	21	-1	
3	1	811	1	0	0	3085	2555	25	21	-1	
4	1	811	1	1	0	3085	2555	25	21	-1	
5	1	811	1	1	1	3085	2555	25	21	92.773766	21
2	1	812	0	0	0	3186	2556	133	22	-1	
3	1	812	1	0	0	3186	2556	133	22	-1	
4	1	812	1	1	0	3186	2556	133	22	-1	
5	1	812	1	1	1	3186	2556	109	21	96.760551	Numeric
5	1	812	1	1	2	3305	2557	14	21	96.798264	6
2	1	813	0	0	0	3496	2558	89	21	-1	
3	1	813	1	0	0	3496	2558	89	21	-1	
4	1	813	1	1	0	3496	2558	89	21	-1	
5	1	813	1	1	1	3496	2558	89	21	96.861778	101010
2	1	814	0	0	0	4846	2553	159	21	-1	
3	1	814	1	0	0	4846	2553	159	21	-1	
4	1	814	1	1	0	4846	2553	159	21	-1	
5	1	814	1	1	1	4846	2553	159	21	78.552139	AN6564NS
2	1	815	0	0	0	5836	2556	23	12	-1	
3	1	815	1	0	0	5836	2556	23	12	-1	
4	1	815	1	1	0	5836	2556	23	12	-1	
5	1	815	1	1	1	5836	2556	23	12	95.068871	24
2	1	816	0	0	0	6754	2544	21	22	-1	
3	1	816	1	0	0	6754	2544	21	22	-1	
4	1	816	1	1	0	6754	2544	21	22	-1	
5	1	816	1	1	1	6754	2544	21	22	44.017258	“4
2	1	817	0	0	0	6803	2546	54	21	-1	
3	1	817	1	0	0	6803	2546	54	21	-1	
4	1	817	1	1	0	6803	2546	54	21	-1	
5	1	817	1	1	1	6803	2546	54	21	40.205765	oo
2	1	818	0	0	0	6908	2544	34	20	-1	
3	1	818	1	0	0	6908	2544	34	20	-1	
4	1	818	1	1	0	6908	2544	34	20	-1	
5	1	818	1	1	1	6908	2544	34	20	60.539639	7
2	1	819	0	0	0	6971	2543	53	21	-1	
3	1	819	1	0	0	6971	2543	53	21	-1	
4	1	819	1	1	0	6971	2543	53	21	-1	
5	1	819	1	1	1	6971	2545	13	11	33.602020	2
5	1	819	1	1	2	6993	2543	31	21	26.845871	oh
2	1	820	0	0	0	7295	2546	49	21	-1	
3	1	820	1	0	0	7295	2546	49	21	-1	
4	1	820	1	1	0	7295	2546	49	21	-1	
5	1	820	1	1	1	7295	2546	49	21	1.058884	EN
2	1	821	0	0	0	3153	2529	15	62	-1	
3	1	821	1	0	0	3153	2529	15	62	-1	
4	1	821	1	1	0	3153	2529	15	62	-1	
5	1	821	1	1	1	3153	2529	15	62	71.364365	i
2	1	822	0	0	0	4445	2591	34	15	-1	
3	1	822	1	0	0	4445	2591	34	15	-1	
4	1	822	1	1	0	4445	2591	34	15	-1	
5	1	822	1	1	1	4445	2591	34	15	91.006546	2.8V
2	1	823	0	0	0	4657	2587	43	14	-1	
3	1	823	1	0	0	4657	2587	43	14	-1	
4	1	823	1	1	0	4657	2587	43	14	-1	
5	1	823	1	1	1	4657	2587	43	14	83.871948	R363
2	1	824	0	0	0	6568	2525	124	61	-1	
3	1	824	1	0	0	6568	2525	124	61	-1	
4	1	824	1	1	0	6568	2525	124	61	-1	
5	1	824	1	1	1	6568	2525	124	61	63.248028	1...)
2	1	825	0	0	0	6705	2588	38	13	-1	
3	1	825	1	0	0	6705	2588	38	13	-1	
4	1	825	1	1	0	6705	2588	38	13	-1	
5	1	825	1	1	1	6705	2588	38	13	87.446571	3.6V
2	1	826	0	0	0	7156	2588	46	14	-1	
3	1	826	1	0	0	7156	2588	46	14	-1	
4	1	826	1	1	0	7156	2588	46	14	-1	
5	1	826	1	1	1	7156	2588	46	14	31.110306	R609
2	1	827	0	0	0	7285	2588	47	13	-1	
3	1	827	1	0	0	7285	2588	47	13	-1	
4	1	827	1	1	0	7285	2588	47	13	-1	
5	1	827	1	1	1	7285	2588	47	13	89.701622	Pouse
2	1	828	0	0	0	7295	2572	32	14	-1	
3	1	828	1	0	0	7295	2572	32	14	-1	
4	1	828	1	1	0	7295	2572	32	14	-1	
5	1	828	1	1	1	7295	2572	32	14	91.602356	623
2	1	829	0	0	0	7913	2581	57	14	-1	
3	1	829	1	0	0	7913	2581	57	14	-1	
4	1	829	1	1	0	7913	2581	57	14	-1	
5	1	829	1	1	1	7913	2581	57	14	84.192528	FC605
2	1	830	0	0	0	2059	2595	73	20	-1	
3	1	830	1	0	0	2059	2595	73	20	-1	
4	1	830	1	1	0	2059	2595	73	20	-1	
5	1	830	1	1	1	2059	2595	53	20	80.917862	Data
5	1	830	1	1	2	2126	2597	6	18	80.917862	1
2	1	831	0	0	0	2576	2592	101	28	-1	
3	1	831	1	0	0	2576	2592	101	28	-1	
4	1	831	1	1	0	2576	2592	101	28	-1	
5	1	831	1	1	1	2576	2593	56	27	90.022865	Skip
5	1	831	1	1	2	2654	2592	23	27	61.069820	Dl
2	1	832	0	0	0	2887	2596	90	21	-1	
3	1	832	1	0	0	2887	2596	90	21	-1	
4	1	832	1	1	0	2887	2596	90	21	-1	
5	1	832	1	1	1	2887	2596	90	21	96.716209	110000
2	1	833	0	0	0	3085	2597	28	21	-1	
3	1	833	1	0	0	3085	2597	28	21	-1	
4	1	833	1	1	0	3085	2597	28	21	-1	
5	1	833	1	1	1	3085	2597	28	21	96.867668	22
2	1	834	0	0	0	3186	2598	132	21	-1	
3	1	834	1	0	0	3186	2598	132	21	-1	
4	1	834	1	1	0	3186	2598	132	21	-1	
5	1	834	1	1	1	3186	2598	109	21	94.513718	Numeric
5	1	834	1	1	2	3305	2599	13	20	96.522285	7
2	1	835	0	0	0	3494	2600	91	21	-1	
3	1	835	1	0	0	3494	2600	91	21	-1	
4	1	835	1	1	0	3494	2600	91	21	-1	
5	1	835	1	1	1	3494	2600	91	21	96.238197	011010
2	1	836	0	0	0	4663	2607	29	14	-1	
3	1	836	1	0	0	4663	2607	29	14	-1	
4	1	836	1	1	0	4663	2607	29	14	-1	
5	1	836	1	1	1	4663	2607	29	14	71.063873	10K
2	1	837	0	0	0	6897	2601	31	14	-1	
3	1	837	1	0	0	6897	2601	31	14	-1	
4	1	837	1	1	0	6897	2601	31	14	-1	
5	1	837	1	1	1	6897	2601	31	14	96.499191	fost
2	1	838	0	0	0	7294	2612	31	16	-1	
3	1	838	1	0	0	7294	2612	31	16	-1	
4	1	838	1	1	0	7294	2612	31	16	-1	
5	1	838	1	1	1	7294	2612	31	16	16.438583	iS)
2	1	839	0	0	0	7645	2488	245	139	-1	
3	1	839	1	0	0	7645	2488	245	139	-1	
4	1	839	1	1	0	7645	2488	245	139	-1	
5	1	839	1	1	1	7645	2488	245	139	0.000000	a
2	1	840	0	0	0	75	2603	601	39	-1	
3	1	840	1	0	0	75	2603	601	39	-1	
4	1	840	1	1	0	75	2603	601	39	-1	
5	1	840	1	1	1	75	2609	22	22	53.718880	©
5	1	840	1	1	2	118	2603	152	38	96.170998	Anode
5	1	840	1	1	3	287	2606	259	35	95.708900	connection
5	1	840	1	1	4	565	2605	111	37	95.708900	table
2	1	841	0	0	0	2885	2638	91	22	-1	
3	1	841	1	0	0	2885	2638	91	22	-1	
4	1	841	1	1	0	2885	2638	91	22	-1	
5	1	841	1	1	1	2885	2638	91	22	96.653259	001000
2	1	842	0	0	0	3085	2640	28	20	-1	
3	1	842	1	0	0	3085	2640	28	20	-1	
4	1	842	1	1	0	3085	2640	28	20	-1	
5	1	842	1	1	1	3085	2640	28	20	96.925323	23
2	1	843	0	0	0	6396	2638	42	14	-1	
3	1	843	1	0	0	6396	2638	42	14	-1	
4	1	843	1	1	0	6396	2638	42	14	-1	
5	1	843	1	1	1	6396	2638	42	14	71.395439	0613
2	1	844	0	0	0	6582	2637	59	16	-1	
3	1	844	1	0	0	6582	2637	59	16	-1	
4	1	844	1	1	0	6582	2637	59	16	-1	
5	1	844	1	1	1	6582	2637	59	16	79.381310	Q602
2	1	845	0	0	0	7295	2630	51	16	-1	
3	1	845	1	0	0	7295	2630	51	16	-1	
4	1	845	1	1	0	7295	2630	51	16	-1	
5	1	845	1	1	1	7295	2630	51	16	6.307076	I~
2	1	846	0	0	0	2576	2635	142	28	-1	
3	1	846	1	0	0	2576	2635	142	28	-1	
4	1	846	1	1	0	2576	2635	142	28	-1	
5	1	846	1	1	1	2576	2635	89	22	96.138107	Search
5	1	846	1	1	2	2677	2637	41	26	0.000000	<q
2	1	847	0	0	0	3185	2640	133	22	-1	
3	1	847	1	0	0	3185	2640	133	22	-1	
4	1	847	1	1	0	3185	2640	133	22	-1	
5	1	847	1	1	1	3185	2640	110	22	95.276329	Numeric
5	1	847	1	1	2	3305	2641	13	21	96.938469	8
2	1	848	0	0	0	3496	2642	89	22	-1	
3	1	848	1	0	0	3496	2642	89	22	-1	
4	1	848	1	1	0	3496	2642	89	22	-1	
5	1	848	1	1	1	3496	2642	89	22	96.396118	111010
2	1	849	0	0	0	5626	2654	39	14	-1	
3	1	849	1	0	0	5626	2654	39	14	-1	
4	1	849	1	1	0	5626	2654	39	14	-1	
5	1	849	1	1	1	5626	2654	39	14	77.286400	2.5V
2	1	850	0	0	0	6386	2657	60	14	-1	
3	1	850	1	0	0	6386	2657	60	14	-1	
4	1	850	1	1	0	6386	2657	60	14	-1	
5	1	850	1	1	1	6386	2657	60	14	71.845703	MAI65
2	1	851	0	0	0	6509	2670	40	13	-1	
3	1	851	1	0	0	6509	2670	40	13	-1	
4	1	851	1	1	0	6509	2670	40	13	-1	
5	1	851	1	1	1	6509	2670	40	13	86.966782	3.4V
2	1	852	0	0	0	7741	2649	22	14	-1	
3	1	852	1	0	0	7741	2649	22	14	-1	
4	1	852	1	1	0	7741	2649	22	14	-1	
5	1	852	1	1	1	7741	2649	22	14	19.124596	SV
2	1	853	0	0	0	7884	2634	28	34	-1	
3	1	853	1	0	0	7884	2634	28	34	-1	
4	1	853	1	1	0	7884	2634	28	34	-1	
5	1	853	1	1	1	7884	2634	28	34	39.165680	(2
2	1	854	0	0	0	165	2695	31	13	-1	
3	1	854	1	0	0	165	2695	31	13	-1	
4	1	854	1	1	0	165	2695	31	13	-1	
5	1	854	1	1	1	165	2695	31	13	90.688240	14G
2	1	855	0	0	0	245	2695	31	13	-1	
3	1	855	1	0	0	245	2695	31	13	-1	
4	1	855	1	1	0	245	2695	31	13	-1	
5	1	855	1	1	1	245	2695	31	13	54.298077	13G
2	1	856	0	0	0	325	2695	31	13	-1	
3	1	856	1	0	0	325	2695	31	13	-1	
4	1	856	1	1	0	325	2695	31	13	-1	
5	1	856	1	1	1	325	2695	31	13	77.244591	12G
2	1	857	0	0	0	405	2695	31	13	-1	
3	1	857	1	0	0	405	2695	31	13	-1	
4	1	857	1	1	0	405	2695	31	13	-1	
5	1	857	1	1	1	405	2695	31	13	66.248276	1G
2	1	858	0	0	0	486	2695	30	13	-1	
3	1	858	1	0	0	486	2695	30	13	-1	
4	1	858	1	1	0	486	2695	30	13	-1	
5	1	858	1	1	1	486	2695	30	13	92.771736	10G
2	1	859	0	0	0	729	2695	21	13	-1	
3	1	859	1	0	0	729	2695	21	13	-1	
4	1	859	1	1	0	729	2695	21	13	-1	
5	1	859	1	1	1	729	2695	21	13	93.660431	7G
2	1	860	0	0	0	807	2695	23	13	-1	
3	1	860	1	0	0	807	2695	23	13	-1	
4	1	860	1	1	0	807	2695	23	13	-1	
5	1	860	1	1	1	807	2695	23	13	96.645782	6G
2	1	861	0	0	0	888	2695	22	13	-1	
3	1	861	1	0	0	888	2695	22	13	-1	
4	1	861	1	1	0	888	2695	22	13	-1	
5	1	861	1	1	1	888	2695	22	13	89.930099	5G
2	1	862	0	0	0	967	2695	22	13	-1	
3	1	862	1	0	0	967	2695	22	13	-1	
4	1	862	1	1	0	967	2695	22	13	-1	
5	1	862	1	1	1	967	2695	22	13	96.470047	4G
2	1	863	0	0	0	1048	2695	22	13	-1	
3	1	863	1	0	0	1048	2695	22	13	-1	
4	1	863	1	1	0	1048	2695	22	13	-1	
5	1	863	1	1	1	1048	2695	22	13	96.566597	3G
2	1	864	0	0	0	1128	2695	23	14	-1	
3	1	864	1	0	0	1128	2695	23	14	-1	
4	1	864	1	1	0	1128	2695	23	14	-1	
5	1	864	1	1	1	1128	2695	23	14	95.857071	2G
2	1	865	0	0	0	1210	2695	21	14	-1	
3	1	865	1	0	0	1210	2695	21	14	-1	
4	1	865	1	1	0	1210	2695	21	14	-1	
5	1	865	1	1	1	1210	2695	21	14	96.928123	1G
2	1	866	0	0	0	2575	2677	149	26	-1	
3	1	866	1	0	0	2575	2677	149	26	-1	
4	1	866	1	1	0	2575	2677	149	26	-1	
5	1	866	1	1	1	2575	2678	89	21	95.976852	Search
5	1	866	1	1	2	2680	2677	44	26	43.728798	D>
2	1	867	0	0	0	2887	2680	89	22	-1	
3	1	867	1	0	0	2887	2680	89	22	-1	
4	1	867	1	1	0	2887	2680	89	22	-1	
5	1	867	1	1	1	2887	2680	89	22	96.527802	101000
2	1	868	0	0	0	3085	2682	28	20	-1	
3	1	868	1	0	0	3085	2682	28	20	-1	
4	1	868	1	1	0	3085	2682	28	20	-1	
5	1	868	1	1	1	3085	2682	28	20	96.571266	24
2	1	869	0	0	0	3185	2682	133	22	-1	
3	1	869	1	0	0	3185	2682	133	22	-1	
4	1	869	1	1	0	3185	2682	133	22	-1	
5	1	869	1	1	1	3185	2682	109	22	96.565460	Numeric
5	1	869	1	1	2	3305	2683	13	21	96.806122	9
2	1	870	0	0	0	3494	2684	91	22	-1	
3	1	870	1	0	0	3494	2684	91	22	-1	
4	1	870	1	1	0	3494	2684	91	22	-1	
5	1	870	1	1	1	3494	2684	91	22	96.226021	000110
2	1	871	0	0	0	4383	2685	47	14	-1	
3	1	871	1	0	0	4383	2685	47	14	-1	
4	1	871	1	1	0	4383	2685	47	14	-1	
5	1	871	1	1	1	4383	2685	47	14	95.393257	R368
2	1	872	0	0	0	5255	2677	40	11	-1	
3	1	872	1	0	0	5255	2677	40	11	-1	
4	1	872	1	1	0	5255	2677	40	11	-1	
5	1	872	1	1	1	5255	2677	40	11	40.901836	to
2	1	873	0	0	0	5281	2689	30	10	-1	
3	1	873	1	0	0	5281	2689	30	10	-1	
4	1	873	1	1	0	5281	2689	30	10	-1	
5	1	873	1	1	1	5277	2679	14	28	1.198151	Pa
5	1	873	1	1	2	5295	2689	16	10	0.000000	toed
2	1	874	0	0	0	5281	2700	31	11	-1	
3	1	874	1	0	0	5281	2700	31	11	-1	
4	1	874	1	1	0	5281	2700	31	11	-1	
5	1	874	1	1	1	5281	2700	31	11	83.272995	vo
2	1	875	0	0	0	6886	2680	103	17	-1	
3	1	875	1	0	0	6886	2680	103	17	-1	
4	1	875	1	1	0	6886	2680	103	17	-1	
5	1	875	1	1	1	6886	2680	8	8	52.332199	9
5	1	875	1	1	2	6917	2683	72	14	94.879318	SEARCH
2	1	876	0	0	0	7528	2655	114	57	-1	
3	1	876	1	0	0	7528	2655	114	57	-1	
4	1	876	1	1	0	7528	2655	114	57	-1	
5	1	876	1	1	1	7528	2655	114	57	40.051949	ai
2	1	877	0	0	0	568	2688	102	30	-1	
3	1	877	1	0	0	568	2688	102	30	-1	
4	1	877	1	1	0	568	2688	102	30	-1	
5	1	877	1	1	1	568	2695	23	13	29.924309	ga
5	1	877	1	1	2	620	2688	2	30	29.924309	|
5	1	877	1	1	3	648	2695	22	13	69.938339	ac
2	1	878	0	0	0	1972	2629	216	90	-1	
3	1	878	1	0	0	1972	2629	216	90	-1	
4	1	878	1	1	0	1972	2629	216	90	-1	
5	1	878	1	1	1	1972	2629	216	90	63.708477	JES!
2	1	879	0	0	0	4454	2703	22	15	-1	
3	1	879	1	0	0	4454	2703	22	15	-1	
4	1	879	1	1	0	4454	2703	22	15	-1	
5	1	879	1	1	1	4454	2703	22	15	78.499886	Ov
2	1	880	0	0	0	4512	2706	18	14	-1	
3	1	880	1	0	0	4512	2706	18	14	-1	
4	1	880	1	1	0	4512	2706	18	14	-1	
5	1	880	1	1	1	4512	2706	18	14	74.742783	lo
2	1	881	0	0	0	4646	2719	22	15	-1	
3	1	881	1	0	0	4646	2719	22	15	-1	
4	1	881	1	1	0	4646	2719	22	15	-1	
5	1	881	1	1	1	4646	2719	22	15	63.159977	OV
2	1	882	0	0	0	5325	2645	56	78	-1	
3	1	882	1	0	0	5325	2645	56	78	-1	
4	1	882	1	1	0	5325	2645	56	78	-1	
5	1	882	1	1	1	5325	2645	56	78	55.546082	il
2	1	883	0	0	0	6570	2666	122	61	-1	
3	1	883	1	0	0	6570	2666	122	61	-1	
4	1	883	1	1	0	6570	2666	122	61	-1	
5	1	883	1	1	1	6570	2666	122	61	0.000000	..
2	1	884	0	0	0	6711	2701	40	14	-1	
3	1	884	1	0	0	6711	2701	40	14	-1	
4	1	884	1	1	0	6711	2701	40	14	-1	
5	1	884	1	1	1	6711	2701	40	14	86.557823	3.6V
2	1	885	0	0	0	7347	2699	26	15	-1	
3	1	885	1	0	0	7347	2699	26	15	-1	
4	1	885	1	1	0	7347	2699	26	15	-1	
5	1	885	1	1	1	7347	2699	26	15	53.794235	a1
2	1	886	0	0	0	8401	2670	194	73	-1	
3	1	886	1	0	0	8401	2670	194	73	-1	
4	1	886	1	1	0	8401	2670	194	73	-1	
5	1	886	1	1	1	8401	2670	43	73	0.000000	'D
5	1	886	1	1	2	8478	2697	117	28	92.597771	CN406
2	1	887	0	0	0	393	2725	62	37	-1	
3	1	887	1	0	0	393	2725	62	37	-1	
4	1	887	1	1	0	393	2725	62	37	-1	
5	1	887	1	1	1	393	2725	62	37	0.000000	L).
2	1	888	0	0	0	473	2725	62	37	-1	
3	1	888	1	0	0	473	2725	62	37	-1	
4	1	888	1	1	0	473	2725	62	37	-1	
5	1	888	1	1	1	473	2725	62	37	13.584351	L].
2	1	889	0	0	0	2061	2730	32	20	-1	
3	1	889	1	0	0	2061	2730	32	20	-1	
4	1	889	1	1	0	2061	2730	32	20	-1	
5	1	889	1	1	1	2061	2730	32	20	90.726883	2T
2	1	890	0	0	0	2576	2720	77	21	-1	
3	1	890	1	0	0	2576	2720	77	21	-1	
4	1	890	1	1	0	2576	2720	77	21	-1	
5	1	890	1	1	1	2576	2720	77	21	96.610870	Pause
2	1	891	0	0	0	2885	2722	91	22	-1	
3	1	891	1	0	0	2885	2722	91	22	-1	
4	1	891	1	1	0	2885	2722	91	22	-1	
5	1	891	1	1	1	2885	2722	91	22	96.480705	011000
2	1	892	0	0	0	3084	2724	29	21	-1	
3	1	892	1	0	0	3084	2724	29	21	-1	
4	1	892	1	1	0	3084	2724	29	21	-1	
5	1	892	1	1	1	3084	2724	29	21	96.296471	25
2	1	893	0	0	0	3185	2724	133	22	-1	
3	1	893	1	0	0	3185	2724	133	22	-1	
4	1	893	1	1	0	3185	2724	133	22	-1	
5	1	893	1	1	1	3185	2724	109	22	96.436272	Numeric
5	1	893	1	1	2	3304	2725	14	21	96.680641	0
2	1	894	0	0	0	3496	2726	88	22	-1	
3	1	894	1	0	0	3496	2726	88	22	-1	
4	1	894	1	1	0	3496	2726	88	22	-1	
5	1	894	1	1	1	3496	2726	88	22	96.625916	100110
2	1	895	0	0	0	5764	2742	67	18	-1	
3	1	895	1	0	0	5764	2742	67	18	-1	
4	1	895	1	1	0	5764	2742	67	18	-1	
5	1	895	1	1	1	5764	2742	67	18	72.696747	abc
2	1	896	0	0	0	6512	2697	81	45	-1	
3	1	896	1	0	0	6512	2697	81	45	-1	
4	1	896	1	1	0	6512	2697	81	45	-1	
5	1	896	1	1	1	6512	2697	81	45	64.621658	so
2	1	897	0	0	0	2576	2762	89	26	-1	
3	1	897	1	0	0	2576	2762	89	26	-1	
4	1	897	1	1	0	2576	2762	89	26	-1	
5	1	897	1	1	1	2576	2762	89	26	96.396698	Repeat
2	1	898	0	0	0	2887	2764	89	22	-1	
3	1	898	1	0	0	2887	2764	89	22	-1	
4	1	898	1	1	0	2887	2764	89	22	-1	
5	1	898	1	1	1	2887	2764	89	22	96.892159	111000
2	1	899	0	0	0	3084	2766	29	21	-1	
3	1	899	1	0	0	3084	2766	29	21	-1	
4	1	899	1	1	0	3084	2766	29	21	-1	
5	1	899	1	1	1	3084	2766	29	21	93.726540	33
2	1	900	0	0	0	3184	2766	140	22	-1	
3	1	900	1	0	0	3184	2766	140	22	-1	
4	1	900	1	1	0	3184	2766	140	22	-1	
5	1	900	1	1	1	3184	2766	103	22	96.301132	Asterisk
5	1	900	1	1	2	3306	2770	18	18	72.830872	>
2	1	901	0	0	0	3495	2768	85	22	-1	
3	1	901	1	0	0	3495	2768	85	22	-1	
4	1	901	1	1	0	3495	2768	85	22	-1	
5	1	901	1	1	1	3495	2768	85	22	96.165436	100001
2	1	902	0	0	0	4275	2769	43	14	-1	
3	1	902	1	0	0	4275	2769	43	14	-1	
4	1	902	1	1	0	4275	2769	43	14	-1	
5	1	902	1	1	1	4275	2769	43	14	75.543213	R353
2	1	903	0	0	0	6899	2761	147	14	-1	
3	1	903	1	0	0	6899	2761	147	14	-1	
4	1	903	1	1	0	6899	2761	147	14	-1	
5	1	903	1	1	1	6899	2761	71	14	96.345917	SEARCH
5	1	903	1	1	2	6980	2761	66	13	94.672607	ON/OFF
2	1	904	0	0	0	8416	2744	230	36	-1	
3	1	904	1	0	0	8416	2744	230	36	-1	
4	1	904	1	1	0	8416	2744	230	36	-1	
5	1	904	1	1	1	8416	2744	95	35	93.292702	(Main
5	1	904	1	1	2	8527	2745	119	35	91.137772	P.C.B.)
2	1	905	0	0	0	473	2769	62	38	-1	
3	1	905	1	0	0	473	2769	62	38	-1	
4	1	905	1	1	0	473	2769	62	38	-1	
5	1	905	1	1	1	473	2769	62	38	33.709183	LI).
2	1	906	0	0	0	2057	2793	77	21	-1	
3	1	906	1	0	0	2057	2793	77	21	-1	
4	1	906	1	1	0	2057	2793	77	21	-1	
5	1	906	1	1	1	2057	2793	53	20	88.011551	Data
5	1	906	1	1	2	2121	2794	13	20	66.784164	O
2	1	907	0	0	0	4282	2788	32	13	-1	
3	1	907	1	0	0	4282	2788	32	13	-1	
4	1	907	1	1	0	4282	2788	32	13	-1	
5	1	907	1	1	1	4282	2788	32	13	94.910927	47K
2	1	908	0	0	0	5283	2788	94	45	-1	
3	1	908	1	0	0	5283	2788	94	45	-1	
4	1	908	1	1	0	5283	2788	94	45	-1	
5	1	908	1	1	1	5283	2788	94	45	0.000000	GKeXEX
2	1	909	0	0	0	6386	2801	58	14	-1	
3	1	909	1	0	0	6386	2801	58	14	-1	
4	1	909	1	1	0	6386	2801	58	14	-1	
5	1	909	1	1	1	6386	2801	58	14	75.809662	MAI65
2	1	910	0	0	0	6395	2782	45	14	-1	
3	1	910	1	0	0	6395	2782	45	14	-1	
4	1	910	1	1	0	6395	2782	45	14	-1	
5	1	910	1	1	1	6395	2782	45	14	21.036736	O64
2	1	911	0	0	0	6584	2777	56	17	-1	
3	1	911	1	0	0	6584	2777	56	17	-1	
4	1	911	1	1	0	6584	2777	56	17	-1	
5	1	911	1	1	1	6584	2777	56	17	92.942978	Q603
2	1	912	0	0	0	7065	2788	34	10	-1	
3	1	912	1	0	0	7065	2788	34	10	-1	
4	1	912	1	1	0	7065	2788	34	10	-1	
5	1	912	1	1	1	7065	2788	34	10	54.618191	sx
2	1	913	0	0	0	7065	2797	35	12	-1	
3	1	913	1	0	0	7065	2797	35	12	-1	
4	1	913	1	1	0	7065	2797	35	12	-1	
5	1	913	1	1	1	7065	2797	35	12	79.908585	on
2	1	914	0	0	0	7400	2793	35	12	-1	
3	1	914	1	0	0	7400	2793	35	12	-1	
4	1	914	1	1	0	7400	2793	35	12	-1	
5	1	914	1	1	1	7400	2793	35	12	46.475159	ao
2	1	915	0	0	0	7999	2795	137	14	-1	
3	1	915	1	0	0	7999	2795	137	14	-1	
4	1	915	1	1	0	7999	2795	137	14	-1	
5	1	915	1	1	1	7999	2796	73	13	95.085365	SEARCH
5	1	915	1	1	2	8081	2795	55	14	95.085365	(FWD)
2	1	916	0	0	0	2477	2803	27	21	-1	
3	1	916	1	0	0	2477	2803	27	21	-1	
4	1	916	1	1	0	2477	2803	27	21	-1	
5	1	916	1	1	1	2477	2803	27	21	96.931137	10
2	1	917	0	0	0	2576	2804	53	26	-1	
3	1	917	1	0	0	2576	2804	53	26	-1	
4	1	917	1	1	0	2576	2804	53	26	-1	
5	1	917	1	1	1	2576	2804	53	26	96.096359	Play
2	1	918	0	0	0	2884	2806	91	22	-1	
3	1	918	1	0	0	2884	2806	91	22	-1	
4	1	918	1	1	0	2884	2806	91	22	-1	
5	1	918	1	1	1	2884	2806	91	22	96.380402	010100
2	1	919	0	0	0	3084	2808	29	21	-1	
3	1	919	1	0	0	3084	2808	29	21	-1	
4	1	919	1	1	0	3084	2808	29	21	-1	
5	1	919	1	1	1	3084	2808	29	21	96.874695	36
2	1	920	0	0	0	3185	2808	145	27	-1	
3	1	920	1	0	0	3185	2808	145	27	-1	
4	1	920	1	1	0	3185	2808	145	27	-1	
5	1	920	1	1	1	3185	2808	64	21	92.546349	Level
5	1	920	1	1	2	3262	2809	68	26	57.931591	UpA
2	1	921	0	0	0	3493	2810	87	22	-1	
3	1	921	1	0	0	3493	2810	87	22	-1	
4	1	921	1	1	0	3493	2810	87	22	-1	
5	1	921	1	1	1	3493	2810	87	22	96.630394	001001
2	1	922	0	0	0	5313	2800	117	41	-1	
3	1	922	1	0	0	5313	2800	117	41	-1	
4	1	922	1	1	0	5313	2800	117	41	-1	
5	1	922	1	1	1	5313	2800	117	41	0.000000	YETAISX
2	1	923	0	0	0	5368	2803	25	25	-1	
3	1	923	1	0	0	5368	2803	25	25	-1	
4	1	923	1	1	0	5368	2803	25	25	-1	
5	1	923	1	1	1	5368	2803	25	25	82.497002	(4)
2	1	924	0	0	0	5396	2799	89	33	-1	
3	1	924	1	0	0	5396	2799	89	33	-1	
4	1	924	1	1	0	5396	2799	89	33	-1	
5	1	924	1	1	1	5396	2799	89	33	47.605133	060)
2	1	925	0	0	0	5751	2799	97	32	-1	
3	1	925	1	0	0	5751	2799	97	32	-1	
4	1	925	1	1	0	5751	2799	97	32	-1	
5	1	925	1	1	1	5751	2799	97	32	63.327003	(eo)
2	1	926	0	0	0	6035	2823	175	16	-1	
3	1	926	1	0	0	6035	2823	175	16	-1	
4	1	926	1	1	0	6035	2823	175	16	-1	
5	1	926	1	1	1	6035	2824	52	15	17.533882	Q60!
5	1	926	1	1	2	6101	2829	13	6	85.666382	~
5	1	926	1	1	3	6123	2823	87	15	92.456230	603,619
2	1	927	0	0	0	6514	2813	40	13	-1	
3	1	927	1	0	0	6514	2813	40	13	-1	
4	1	927	1	1	0	6514	2813	40	13	-1	
5	1	927	1	1	1	6514	2813	40	13	74.363487	3.4V
2	1	928	0	0	0	7066	2809	34	11	-1	
3	1	928	1	0	0	7066	2809	34	11	-1	
4	1	928	1	1	0	7066	2809	34	11	-1	
5	1	928	1	1	1	7066	2809	34	11	53.233627	ae
2	1	929	0	0	0	7444	2786	32	31	-1	
3	1	929	1	0	0	7444	2786	32	31	-1	
4	1	929	1	1	0	7444	2786	32	31	-1	
5	1	929	1	1	1	7444	2786	32	31	83.683823	®
2	1	930	0	0	0	473	2810	62	50	-1	
3	1	930	1	0	0	473	2810	62	50	-1	
4	1	930	1	1	0	473	2810	62	50	-1	
5	1	930	1	1	1	473	2810	62	50	40.412674	LI.
2	1	931	0	0	0	2477	2846	23	20	-1	
3	1	931	1	0	0	2477	2846	23	20	-1	
4	1	931	1	1	0	2477	2846	23	20	-1	
5	1	931	1	1	1	2477	2846	23	20	96.482620	11
2	1	932	0	0	0	2575	2846	68	21	-1	
3	1	932	1	0	0	2575	2846	68	21	-1	
4	1	932	1	1	0	2575	2846	68	21	-1	
5	1	932	1	1	1	2575	2846	68	21	96.185600	Clear
2	1	933	0	0	0	4197	2836	30	10	-1	
3	1	933	1	0	0	4197	2836	30	10	-1	
4	1	933	1	1	0	4197	2836	30	10	-1	
5	1	933	1	1	1	4197	2836	30	10	41.307354	ox
2	1	934	0	0	0	4197	2848	31	10	-1	
3	1	934	1	0	0	4197	2848	31	10	-1	
4	1	934	1	1	0	4197	2848	31	10	-1	
5	1	934	1	1	1	4197	2848	31	10	13.657875	Poke)
2	1	935	0	0	0	4318	2843	31	11	-1	
3	1	935	1	0	0	4318	2843	31	11	-1	
4	1	935	1	1	0	4318	2843	31	11	-1	
5	1	935	1	1	1	4318	2843	31	11	44.733627	02
2	1	936	0	0	0	4404	2843	28	11	-1	
3	1	936	1	0	0	4404	2843	28	11	-1	
4	1	936	1	1	0	4404	2843	28	11	-1	
5	1	936	1	1	1	4404	2843	28	11	90.195618	o>
2	1	937	0	0	0	5687	2843	54	14	-1	
3	1	937	1	0	0	5687	2843	54	14	-1	
4	1	937	1	1	0	5687	2843	54	14	-1	
5	1	937	1	1	1	5687	2843	54	14	73.033722	CNSII
2	1	938	0	0	0	6570	2806	123	62	-1	
3	1	938	1	0	0	6570	2806	123	62	-1	
4	1	938	1	1	0	6570	2806	123	62	-1	
5	1	938	1	1	1	6570	2806	123	62	25.989525	Shae)
2	1	939	0	0	0	6710	2842	39	14	-1	
3	1	939	1	0	0	6710	2842	39	14	-1	
4	1	939	1	1	0	6710	2842	39	14	-1	
5	1	939	1	1	1	6710	2842	39	14	73.212418	3.6V
2	1	940	0	0	0	7482	2850	45	17	-1	
3	1	940	1	0	0	7482	2850	45	17	-1	
4	1	940	1	1	0	7482	2850	45	17	-1	
5	1	940	1	1	1	7482	2850	45	17	96.468971	R605
2	1	941	0	0	0	7962	2831	180	28	-1	
3	1	941	1	0	0	7962	2831	180	28	-1	
4	1	941	1	1	0	7962	2831	180	28	-1	
5	1	941	1	1	1	7962	2838	20	13	41.637573	©
5	1	941	1	1	2	7999	2831	143	28	40.036999	SUL
2	1	942	0	0	0	2886	2849	89	21	-1	
3	1	942	1	0	0	2886	2849	89	21	-1	
4	1	942	1	1	0	2886	2849	89	21	-1	
5	1	942	1	1	1	2886	2849	89	21	96.912643	110100
2	1	943	0	0	0	3083	2850	29	21	-1	
3	1	943	1	0	0	3083	2850	29	21	-1	
4	1	943	1	1	0	3083	2850	29	21	-1	
5	1	943	1	1	1	3083	2850	29	21	96.613113	37
2	1	944	0	0	0	3185	2851	181	22	-1	
3	1	944	1	0	0	3185	2851	181	22	-1	
4	1	944	1	1	0	3185	2851	181	22	-1	
5	1	944	1	1	1	3185	2851	64	21	95.966843	Level
5	1	944	1	1	2	3262	2851	72	21	32.165466	Down
5	1	944	1	1	3	3341	2852	25	21	32.165466	¥
2	1	945	0	0	0	3495	2853	85	21	-1	
3	1	945	1	0	0	3495	2853	85	21	-1	
4	1	945	1	1	0	3495	2853	85	21	-1	
5	1	945	1	1	1	3495	2853	85	21	96.679710	101001
2	1	946	0	0	0	4197	2859	30	10	-1	
3	1	946	1	0	0	4197	2859	30	10	-1	
4	1	946	1	1	0	4197	2859	30	10	-1	
5	1	946	1	1	1	4197	2859	30	10	24.363167	oF
2	1	947	0	0	0	4197	2871	31	9	-1	
3	1	947	1	0	0	4197	2871	31	9	-1	
4	1	947	1	1	0	4197	2871	31	9	-1	
5	1	947	1	1	1	4197	2871	31	9	53.026543	as
2	1	948	0	0	0	4404	2867	29	10	-1	
3	1	948	1	0	0	4404	2867	29	10	-1	
4	1	948	1	1	0	4404	2867	29	10	-1	
5	1	948	1	1	1	4404	2867	29	10	71.647263	on
2	1	949	0	0	0	6033	2853	114	20	-1	
3	1	949	1	0	0	6033	2853	114	20	-1	
4	1	949	1	1	0	6033	2853	114	20	-1	
5	1	949	1	1	1	6033	2853	114	20	75.327316	UN4112
2	1	950	0	0	0	6890	2869	167	14	-1	
3	1	950	1	0	0	6890	2869	167	14	-1	
4	1	950	1	1	0	6890	2869	167	14	-1	
5	1	950	1	1	1	6890	2869	47	14	95.273048	AUTO
5	1	950	1	1	2	6947	2869	34	14	95.371704	CUE
5	1	950	1	1	3	6990	2869	67	14	94.969971	ON/OFF
2	1	951	0	0	0	7481	2867	35	17	-1	
3	1	951	1	0	0	7481	2867	35	17	-1	
4	1	951	1	1	0	7481	2867	35	17	-1	
5	1	951	1	1	1	7481	2867	35	17	96.595535	470
2	1	952	0	0	0	7879	2825	33	50	-1	
3	1	952	1	0	0	7879	2825	33	50	-1	
4	1	952	1	1	0	7879	2825	33	50	-1	
5	1	952	1	1	1	7879	2825	33	50	5.817184	eo
2	1	953	0	0	0	79	2810	301	87	-1	
3	1	953	1	0	0	79	2810	301	87	-1	
4	1	953	1	1	0	79	2810	301	87	-1	
5	1	953	1	1	1	79	2810	301	87	0.000000	ialaKianian
2	1	954	0	0	0	519	2884	16	11	-1	
3	1	954	1	0	0	519	2884	16	11	-1	
4	1	954	1	1	0	519	2884	16	11	-1	
5	1	954	1	1	1	519	2884	16	11	95.739243	20
2	1	955	0	0	0	2476	2888	27	21	-1	
3	1	955	1	0	0	2476	2888	27	21	-1	
4	1	955	1	1	0	2476	2888	27	21	-1	
5	1	955	1	1	1	2476	2888	27	21	96.861702	15
2	1	956	0	0	0	2575	2888	148	22	-1	
3	1	956	1	0	0	2575	2888	148	22	-1	
4	1	956	1	1	0	2575	2888	148	22	-1	
5	1	956	1	1	1	2575	2888	75	22	95.579597	Music
5	1	956	1	1	2	2661	2889	62	21	95.923241	Scan
2	1	957	0	0	0	2886	2891	89	21	-1	
3	1	957	1	0	0	2886	2891	89	21	-1	
4	1	957	1	1	0	2886	2891	89	21	-1	
5	1	957	1	1	1	2886	2891	89	21	96.653191	111100
2	1	958	0	0	0	3083	2892	29	21	-1	
3	1	958	1	0	0	3083	2892	29	21	-1	
4	1	958	1	1	0	3083	2892	29	21	-1	
5	1	958	1	1	1	3083	2892	29	21	96.870949	40
2	1	959	0	0	0	3185	2893	70	21	-1	
3	1	959	1	0	0	3185	2893	70	21	-1	
4	1	959	1	1	0	3185	2893	70	21	-1	
5	1	959	1	1	1	3185	2893	70	21	96.327332	Index
2	1	960	0	0	0	3493	2894	87	22	-1	
3	1	960	1	0	0	3493	2894	87	22	-1	
4	1	960	1	1	0	3493	2894	87	22	-1	
5	1	960	1	1	1	3493	2894	87	22	96.313919	000101
2	1	961	0	0	0	4318	2854	57	52	-1	
3	1	961	1	0	0	4318	2854	57	52	-1	
4	1	961	1	1	0	4318	2854	57	52	-1	
5	1	961	1	1	1	4318	2854	57	52	52.454033	“1
2	1	962	0	0	0	5751	2868	32	31	-1	
3	1	962	1	0	0	5751	2868	32	31	-1	
4	1	962	1	1	0	5751	2868	32	31	-1	
5	1	962	1	1	1	5751	2868	32	31	9.292488	(@)
2	1	963	0	0	0	5804	2867	44	32	-1	
3	1	963	1	0	0	5804	2867	44	32	-1	
4	1	963	1	1	0	5804	2867	44	32	-1	
5	1	963	1	1	1	5804	2867	44	32	22.516754	50)
2	1	964	0	0	0	7962	2871	170	27	-1	
3	1	964	1	0	0	7962	2871	170	27	-1	
4	1	964	1	1	0	7962	2871	170	27	-1	
5	1	964	1	1	1	7962	2881	25	14	73.912247	s2
5	1	964	1	1	2	8014	2867	35	40	78.161354	_S
5	1	964	1	1	3	8013	2871	119	27	73.162643	LS
2	1	965	0	0	0	6389	2919	44	14	-1	
3	1	965	1	0	0	6389	2919	44	14	-1	
4	1	965	1	1	0	6389	2919	44	14	-1	
5	1	965	1	1	1	6389	2919	44	14	92.093849	0626
2	1	966	0	0	0	6586	2919	54	16	-1	
3	1	966	1	0	0	6586	2919	54	16	-1	
4	1	966	1	1	0	6586	2919	54	16	-1	
5	1	966	1	1	1	6586	2919	54	16	16.991089	Q6I9
2	1	967	0	0	0	8004	2925	134	14	-1	
3	1	967	1	0	0	8004	2925	134	14	-1	
4	1	967	1	1	0	8004	2925	134	14	-1	
5	1	967	1	1	1	8004	2925	134	14	90.259239	SEARCH(REV)
2	1	968	0	0	0	2476	2929	27	22	-1	
3	1	968	1	0	0	2476	2929	27	22	-1	
4	1	968	1	1	0	2476	2929	27	22	-1	
5	1	968	1	1	1	2476	2929	27	22	96.959167	16
2	1	969	0	0	0	2575	2930	128	22	-1	
3	1	969	1	0	0	2575	2930	128	22	-1	
4	1	969	1	1	0	2575	2930	128	22	-1	
5	1	969	1	1	1	2575	2930	109	22	96.218681	Numeric
5	1	969	1	1	2	2696	2931	7	20	96.218681	1
2	1	970	0	0	0	2884	2933	91	21	-1	
3	1	970	1	0	0	2884	2933	91	21	-1	
4	1	970	1	1	0	2884	2933	91	21	-1	
5	1	970	1	1	1	2884	2933	91	21	96.674934	000010
2	1	971	0	0	0	3083	2934	29	21	-1	
3	1	971	1	0	0	3083	2934	29	21	-1	
4	1	971	1	1	0	3083	2934	29	21	-1	
5	1	971	1	1	1	3083	2934	29	21	96.949280	42
2	1	972	0	0	0	3184	2935	105	26	-1	
3	1	972	1	0	0	3184	2935	105	26	-1	
4	1	972	1	1	0	3184	2935	105	26	-1	
5	1	972	1	1	1	3184	2935	105	26	96.243881	Memory
2	1	973	0	0	0	3431	2916	19	56	-1	
3	1	973	1	0	0	3431	2916	19	56	-1	
4	1	973	1	1	0	3431	2916	19	56	-1	
5	1	973	1	1	1	3431	2916	19	56	41.987038	[
2	1	974	0	0	0	3493	2936	87	22	-1	
3	1	974	1	0	0	3493	2936	87	22	-1	
4	1	974	1	1	0	3493	2936	87	22	-1	
5	1	974	1	1	1	3493	2936	87	22	96.597244	010101
2	1	975	0	0	0	6386	2938	61	13	-1	
3	1	975	1	0	0	6386	2938	61	13	-1	
4	1	975	1	1	0	6386	2938	61	13	-1	
5	1	975	1	1	1	6386	2938	61	13	38.523323	MAI6S
2	1	976	0	0	0	6510	2952	37	13	-1	
3	1	976	1	0	0	6510	2952	37	13	-1	
4	1	976	1	1	0	6510	2952	37	13	-1	
5	1	976	1	1	1	6510	2952	37	13	65.019485	4.5V
2	1	977	0	0	0	7157	2941	57	16	-1	
3	1	977	1	0	0	7157	2941	57	16	-1	
4	1	977	1	1	0	7157	2941	57	16	-1	
5	1	977	1	1	1	7157	2941	57	16	89.699593	0622
2	1	978	0	0	0	492	2961	17	12	-1	
3	1	978	1	0	0	492	2961	17	12	-1	
4	1	978	1	1	0	492	2961	17	12	-1	
5	1	978	1	1	1	492	2961	17	12	96.775642	10
2	1	979	0	0	0	2118	2962	31	19	-1	
3	1	979	1	0	0	2118	2962	31	19	-1	
4	1	979	1	1	0	2118	2962	31	19	-1	
5	1	979	1	1	1	2118	2962	31	19	89.616730	2T
2	1	980	0	0	0	2476	2972	27	20	-1	
3	1	980	1	0	0	2476	2972	27	20	-1	
4	1	980	1	1	0	2476	2972	27	20	-1	
5	1	980	1	1	1	2476	2972	27	20	92.535698	17
2	1	981	0	0	0	2575	2972	132	22	-1	
3	1	981	1	0	0	2575	2972	132	22	-1	
4	1	981	1	1	0	2575	2972	132	22	-1	
5	1	981	1	1	1	2575	2972	109	22	95.536629	Numeric
5	1	981	1	1	2	2694	2973	13	20	96.767639	2
2	1	982	0	0	0	2885	2975	89	21	-1	
3	1	982	1	0	0	2885	2975	89	21	-1	
4	1	982	1	1	0	2885	2975	89	21	-1	
5	1	982	1	1	1	2885	2975	89	21	96.885040	100010
2	1	983	0	0	0	3083	2976	29	21	-1	
3	1	983	1	0	0	3083	2976	29	21	-1	
4	1	983	1	1	0	3083	2976	29	21	-1	
5	1	983	1	1	1	3083	2976	29	21	96.664009	43
2	1	984	0	0	0	6008	2910	90	88	-1	
3	1	984	1	0	0	6008	2910	90	88	-1	
4	1	984	1	1	0	6008	2910	90	88	-1	
5	1	984	1	1	1	6008	2910	90	88	52.655342	B
2	1	985	0	0	0	6708	2982	39	13	-1	
3	1	985	1	0	0	6708	2982	39	13	-1	
4	1	985	1	1	0	6708	2982	39	13	-1	
5	1	985	1	1	1	6708	2982	39	13	62.323681	47V
2	1	986	0	0	0	7154	2971	245	22	-1	
3	1	986	1	0	0	7154	2971	245	22	-1	
4	1	986	1	1	0	7154	2971	245	22	-1	
5	1	986	1	1	1	7154	2971	245	22	83.410278	SVGLB74MG3HL
2	1	987	0	0	0	7569	2949	92	33	-1	
3	1	987	1	0	0	7569	2949	92	33	-1	
4	1	987	1	1	0	7569	2949	92	33	-1	
5	1	987	1	1	1	7569	2949	92	33	57.467098	(OB)
2	1	988	0	0	0	7962	2964	19	12	-1	
3	1	988	1	0	0	7962	2964	19	12	-1	
4	1	988	1	1	0	7962	2964	19	12	-1	
5	1	988	1	1	1	7962	2964	19	12	67.388359	gi
2	1	989	0	0	0	8030	2954	111	29	-1	
3	1	989	1	0	0	8030	2954	111	29	-1	
4	1	989	1	1	0	8030	2954	111	29	-1	
5	1	989	1	1	1	8030	2954	111	29	57.283836	SLT
2	1	990	0	0	0	172	3005	14	12	-1	
3	1	990	1	0	0	172	3005	14	12	-1	
4	1	990	1	1	0	172	3005	14	12	-1	
5	1	990	1	1	1	172	3005	14	12	38.081955	ni
2	1	991	0	0	0	252	3005	16	13	-1	
3	1	991	1	0	0	252	3005	16	13	-1	
4	1	991	1	1	0	252	3005	16	13	-1	
5	1	991	1	1	1	252	3005	16	13	96.504463	12
2	1	992	0	0	0	332	3005	16	13	-1	
3	1	992	1	0	0	332	3005	16	13	-1	
4	1	992	1	1	0	332	3005	16	13	-1	
5	1	992	1	1	1	332	3005	16	13	95.520218	13
2	1	993	0	0	0	412	3005	16	12	-1	
3	1	993	1	0	0	412	3005	16	12	-1	
4	1	993	1	1	0	412	3005	16	12	-1	
5	1	993	1	1	1	412	3005	16	12	93.210724	14
2	1	994	0	0	0	492	3005	17	13	-1	
3	1	994	1	0	0	492	3005	17	13	-1	
4	1	994	1	1	0	492	3005	17	13	-1	
5	1	994	1	1	1	492	3005	17	13	79.924522	15
2	1	995	0	0	0	2134	3002	31	19	-1	
3	1	995	1	0	0	2134	3002	31	19	-1	
4	1	995	1	1	0	2134	3002	31	19	-1	
5	1	995	1	1	1	2134	3002	31	19	90.555382	2T
2	1	996	0	0	0	3184	2977	202	26	-1	
3	1	996	1	0	0	3184	2977	202	26	-1	
4	1	996	1	1	0	3184	2977	202	26	-1	
5	1	996	1	1	1	3184	2977	202	26	90.382286	Elapsed/remain
2	1	997	0	0	0	3494	2979	85	21	-1	
3	1	997	1	0	0	3494	2979	85	21	-1	
4	1	997	1	1	0	3494	2979	85	21	-1	
5	1	997	1	1	1	3494	2979	85	21	94.910843	110101
2	1	998	0	0	0	5661	2901	165	115	-1	
3	1	998	1	0	0	5661	2901	165	115	-1	
4	1	998	1	1	0	5661	2901	165	115	-1	
5	1	998	1	1	1	5661	2901	165	115	37.453865	ale
2	1	999	0	0	0	6510	3008	40	13	-1	
3	1	999	1	0	0	6510	3008	40	13	-1	
4	1	999	1	1	0	6510	3008	40	13	-1	
5	1	999	1	1	1	6510	3008	40	13	55.494057	0.2V
2	1	1000	0	0	0	7523	2992	74	21	-1	
3	1	1000	1	0	0	7523	2992	74	21	-1	
4	1	1000	1	1	0	7523	2992	74	21	-1	
5	1	1000	1	1	1	7523	2992	74	21	2.759949	CNEOZ
5	1	1000	1	1	2	7586	2981	14	37	2.759949	5
2	1	1001	0	0	0	7963	3003	24	13	-1	
3	1	1001	1	0	0	7963	3003	24	13	-1	
4	1	1001	1	1	0	7963	3003	24	13	-1	
5	1	1001	1	1	1	7963	3003	24	13	82.489891	g2
2	1	1002	0	0	0	2476	3014	27	20	-1	
3	1	1002	1	0	0	2476	3014	27	20	-1	
4	1	1002	1	1	0	2476	3014	27	20	-1	
5	1	1002	1	1	1	2476	3014	27	20	96.947182	18
2	1	1003	0	0	0	2574	3014	133	22	-1	
3	1	1003	1	0	0	2574	3014	133	22	-1	
4	1	1003	1	1	0	2574	3014	133	22	-1	
5	1	1003	1	1	1	2574	3014	109	22	96.396355	Numeric
5	1	1003	1	1	2	2693	3015	14	21	96.712349	3
2	1	1004	0	0	0	2883	3017	91	21	-1	
3	1	1004	1	0	0	2883	3017	91	21	-1	
4	1	1004	1	1	0	2883	3017	91	21	-1	
5	1	1004	1	1	1	2883	3017	91	21	96.367577	010010
2	1	1005	0	0	0	3083	3018	29	21	-1	
3	1	1005	1	0	0	3083	3018	29	21	-1	
4	1	1005	1	1	0	3083	3018	29	21	-1	
5	1	1005	1	1	1	3083	3018	29	21	96.751526	44
2	1	1006	0	0	0	3183	3019	142	21	-1	
3	1	1006	1	0	0	3183	3019	142	21	-1	
4	1	1006	1	1	0	3183	3019	142	21	-1	
5	1	1006	1	1	1	3183	3019	142	21	91.760178	Track/total
2	1	1007	0	0	0	3493	3021	86	21	-1	
3	1	1007	1	0	0	3493	3021	86	21	-1	
4	1	1007	1	1	0	3493	3021	86	21	-1	
5	1	1007	1	1	1	3493	3021	86	21	96.543434	001101
2	1	1008	0	0	0	5720	3035	41	15	-1	
3	1	1008	1	0	0	5720	3035	41	15	-1	
4	1	1008	1	1	0	5720	3035	41	15	-1	
5	1	1008	1	1	1	5720	3035	41	15	64.959602	C513
2	1	1009	0	0	0	7158	3031	56	16	-1	
3	1	1009	1	0	0	7158	3031	56	16	-1	
4	1	1009	1	1	0	7158	3031	56	16	-1	
5	1	1009	1	1	1	7158	3031	56	16	76.506874	D623
2	1	1010	0	0	0	7584	3015	67	14	-1	
3	1	1010	1	0	0	7584	3015	67	14	-1	
4	1	1010	1	1	0	7584	3015	67	14	-1	
5	1	1010	1	1	1	7584	3015	67	14	63.952785	Sune
2	1	1011	0	0	0	172	3049	16	13	-1	
3	1	1011	1	0	0	172	3049	16	13	-1	
4	1	1011	1	1	0	172	3049	16	13	-1	
5	1	1011	1	1	1	172	3049	16	13	96.719460	16
2	1	1012	0	0	0	251	3050	16	12	-1	
3	1	1012	1	0	0	251	3050	16	12	-1	
4	1	1012	1	1	0	251	3050	16	12	-1	
5	1	1012	1	1	1	251	3050	16	12	46.638344	7
2	1	1013	0	0	0	331	3050	17	13	-1	
3	1	1013	1	0	0	331	3050	17	13	-1	
4	1	1013	1	1	0	331	3050	17	13	-1	
5	1	1013	1	1	1	331	3050	17	13	96.620789	18
2	1	1014	0	0	0	491	3050	18	12	-1	
3	1	1014	1	0	0	491	3050	18	12	-1	
4	1	1014	1	1	0	491	3050	18	12	-1	
5	1	1014	1	1	1	491	3050	18	12	96.429558	20
2	1	1015	0	0	0	639	3050	40	13	-1	
3	1	1015	1	0	0	639	3050	40	13	-1	
4	1	1015	1	1	0	639	3050	40	13	-1	
5	1	1015	1	1	1	639	3050	40	13	96.148842	track
2	1	1016	0	0	0	710	3048	57	16	-1	
3	1	1016	1	0	0	710	3048	57	16	-1	
4	1	1016	1	1	0	710	3048	57	16	-1	
5	1	1016	1	1	1	710	3048	57	16	95.701439	standby
2	1	1017	0	0	0	797	3050	43	13	-1	
3	1	1017	1	0	0	797	3050	43	13	-1	
4	1	1017	1	1	0	797	3050	43	13	-1	
5	1	1017	1	1	1	797	3050	43	13	95.650185	index
2	1	1018	0	0	0	883	3048	31	13	-1	
3	1	1018	1	0	0	883	3048	31	13	-1	
4	1	1018	1	1	0	883	3048	31	13	-1	
5	1	1018	1	1	1	883	3048	31	13	93.663940	level
2	1	1019	0	0	0	962	3042	28	9	-1	
3	1	1019	1	0	0	962	3042	28	9	-1	
4	1	1019	1	1	0	962	3042	28	9	-1	
5	1	1019	1	1	1	962	3042	28	9	66.198265	min.
2	1	1020	0	0	0	966	3059	23	13	-1	
3	1	1020	1	0	0	966	3059	23	13	-1	
4	1	1020	1	1	0	966	3059	23	13	-1	
5	1	1020	1	1	1	966	3059	23	13	96.240173	col
2	1	1021	0	0	0	1030	3048	56	16	-1	
3	1	1021	1	0	0	1030	3048	56	16	-1	
4	1	1021	1	1	0	1030	3048	56	16	-1	
5	1	1021	1	1	1	1030	3048	56	16	96.212814	elapsed
2	1	1022	0	0	0	1123	3042	27	10	-1	
3	1	1022	1	0	0	1123	3042	27	10	-1	
4	1	1022	1	1	0	1123	3042	27	10	-1	
5	1	1022	1	1	1	1123	3042	27	10	88.729652	sec.
2	1	1023	0	0	0	1128	3059	23	13	-1	
3	1	1023	1	0	0	1128	3059	23	13	-1	
4	1	1023	1	1	0	1128	3059	23	13	-1	
5	1	1023	1	1	1	1128	3059	23	13	81.889542	OP
2	1	1024	0	0	0	1963	3051	365	8	-1	
3	1	1024	1	0	0	1963	3051	365	8	-1	
4	1	1024	1	1	0	1963	3051	365	8	-1	
5	1	1024	1	1	1	1963	3039	62	28	29.192017	—-—
2	1	1025	0	0	0	4184	2965	694	96	-1	
3	1	1025	1	0	0	4184	2965	694	96	-1	
4	1	1025	1	1	0	4184	2965	694	96	-1	
5	1	1025	1	1	1	4184	2965	96	96	15.822617	HK
5	1	1025	1	1	2	4308	2977	152	37	96.313240	PITCH
5	1	1025	1	1	3	4481	2977	251	39	93.299057	CONTROL
5	1	1025	1	1	4	4751	2977	127	38	87.515594	P.C.B
2	1	1026	0	0	0	5714	3054	56	14	-1	
3	1	1026	1	0	0	5714	3054	56	14	-1	
4	1	1026	1	1	0	5714	3054	56	14	-1	
5	1	1026	1	1	1	5714	3054	56	14	63.190952	25V47
2	1	1027	0	0	0	6004	3019	302	40	-1	
3	1	1027	1	0	0	6004	3019	370	40	-1	
4	1	1027	1	1	0	6004	3019	302	40	-1	
5	1	1027	1	1	1	6004	3019	302	40	78.752762	OPERATION
5	1	1027	1	1	2	6322	3044	52	12	24.197350	....
2	1	1028	0	0	0	6776	3046	122	16	-1	
3	1	1028	1	0	0	6776	3046	122	16	-1	
4	1	1028	1	1	0	6776	3046	122	16	-1	
5	1	1028	1	1	1	6776	3046	122	16	61.152786	0616
5	1	1028	1	1	2	6839	3042	11	29	61.152786	~
5	1	1028	1	1	3	6859	3046	39	16	52.719898	62)
2	1	1029	0	0	0	1178	3030	58	50	-1	
3	1	1029	1	0	0	1178	3030	58	50	-1	
4	1	1029	1	1	0	1178	3030	58	50	-1	
5	1	1029	1	1	1	1178	3030	58	50	89.722931	=
2	1	1030	0	0	0	2476	3056	27	21	-1	
3	1	1030	1	0	0	2476	3056	27	21	-1	
4	1	1030	1	1	0	2476	3056	27	21	-1	
5	1	1030	1	1	1	2476	3056	27	21	96.816399	19
2	1	1031	0	0	0	2574	3057	133	21	-1	
3	1	1031	1	0	0	2574	3057	133	21	-1	
4	1	1031	1	1	0	2574	3057	133	21	-1	
5	1	1031	1	1	1	2574	3057	109	21	95.692032	Numeric
5	1	1031	1	1	2	2693	3058	14	19	96.976196	4
2	1	1032	0	0	0	2885	3059	89	21	-1	
3	1	1032	1	0	0	2885	3059	89	21	-1	
4	1	1032	1	1	0	2885	3059	89	21	-1	
5	1	1032	1	1	1	2885	3059	89	21	96.863304	110010
2	1	1033	0	0	0	6770	3073	238	22	-1	
3	1	1033	1	0	0	6770	3073	238	22	-1	
4	1	1033	1	1	0	6770	3073	238	22	-1	
5	1	1033	1	1	1	6770	3073	238	22	89.949081	SVGLB74VR3HL
2	1	1034	0	0	0	7157	3058	238	22	-1	
3	1	1034	1	0	0	7157	3058	238	22	-1	
4	1	1034	1	1	0	7157	3058	238	22	-1	
5	1	1034	1	1	1	7157	3058	238	22	84.460205	SVGLB74DU3HL
2	1	1035	0	0	0	378	3034	85	89	-1	
3	1	1035	1	0	0	378	3034	85	89	-1	
4	1	1035	1	1	0	378	3034	85	89	-1	
5	1	1035	1	1	1	378	3034	85	89	25.272743	4
2	1	1036	0	0	0	643	3090	33	19	-1	
3	1	1036	1	0	0	643	3090	33	19	-1	
4	1	1036	1	1	0	643	3090	33	19	-1	
5	1	1036	1	1	1	643	3090	33	19	39.068230	(a)
2	1	1037	0	0	0	707	3093	63	12	-1	
3	1	1037	1	0	0	707	3093	63	12	-1	
4	1	1037	1	1	0	707	3093	63	12	-1	
5	1	1037	1	1	1	707	3093	32	12	21.786949	auto
5	1	1037	1	1	2	744	3095	26	10	96.855423	cue
2	1	1038	0	0	0	873	3092	51	13	-1	
3	1	1038	1	0	0	873	3092	51	13	-1	
4	1	1038	1	1	0	873	3092	51	13	-1	
5	1	1038	1	1	1	873	3092	51	13	36.917820	M.scan
2	1	1039	0	0	0	967	3095	22	13	-1	
3	1	1039	1	0	0	967	3095	22	13	-1	
4	1	1039	1	1	0	967	3095	22	13	-1	
5	1	1039	1	1	1	967	3095	22	13	88.446770	dB
2	1	1040	0	0	0	1034	3096	49	9	-1	
3	1	1040	1	0	0	1034	3096	49	9	-1	
4	1	1040	1	1	0	1034	3096	49	9	-1	
5	1	1040	1	1	1	1034	3096	49	9	95.669518	remain
2	1	1041	0	0	0	1125	3095	23	13	-1	
3	1	1041	1	0	0	1125	3095	23	13	-1	
4	1	1041	1	1	0	1125	3095	23	13	-1	
5	1	1041	1	1	1	1125	3095	23	13	92.508957	No.
2	1	1042	0	0	0	1204	3094	30	12	-1	
3	1	1042	1	0	0	1204	3094	30	12	-1	
4	1	1042	1	1	0	1204	3094	30	12	-1	
5	1	1042	1	1	1	1204	3094	30	12	94.822243	total
2	1	1043	0	0	0	6005	3078	128	38	-1	
3	1	1043	1	0	0	6005	3078	128	38	-1	
4	1	1043	1	1	0	6005	3078	128	38	-1	
5	1	1043	1	1	1	6005	3078	128	38	92.998627	P.C.B
2	1	1044	0	0	0	6310	3063	365	59	-1	
3	1	1044	1	0	0	6310	3063	365	59	-1	
4	1	1044	1	1	0	6310	3063	365	59	-1	
5	1	1044	1	1	1	6310	3063	116	59	63.666443	JLIL,
5	1	1044	1	1	2	6470	3078	91	29	90.198242	L.E.D.
5	1	1044	1	1	3	6587	3078	88	28	96.392578	Drive
2	1	1045	0	0	0	7771	3105	70	14	-1	
3	1	1045	1	0	0	7771	3105	70	14	-1	
4	1	1045	1	1	0	7771	3105	70	14	-1	
5	1	1045	1	1	1	7771	3105	70	14	95.691513	SEARCH
2	1	1046	0	0	0	7773	3125	43	13	-1	
3	1	1046	1	0	0	7773	3125	43	13	-1	
4	1	1046	1	1	0	7773	3125	43	13	-1	
5	1	1046	1	1	1	7773	3125	43	13	90.575676	DIAL
2	1	1047	0	0	0	8404	3130	195	55	-1	
3	1	1047	1	0	0	8404	3130	195	55	-1	
4	1	1047	1	1	0	8404	3130	195	55	-1	
5	1	1047	1	1	1	8404	3130	33	55	6.930481	D
5	1	1047	1	1	2	8482	3156	117	28	92.680984	CN303
2	1	1048	0	0	0	1050	3214	133	24	-1	
3	1	1048	1	0	0	1050	3214	133	24	-1	
4	1	1048	1	1	0	1050	3214	133	24	-1	
5	1	1048	1	1	1	1050	3227	29	3	81.450562	—
5	1	1048	1	1	2	1100	3214	83	24	88.782227	55
5	1	1048	1	1	3	1160	3201	26	43	88.782227	—
2	1	1049	0	0	0	3435	3217	133	25	-1	
3	1	1049	1	0	0	3435	3217	133	25	-1	
4	1	1049	1	1	0	3435	3217	133	25	-1	
5	1	1049	1	1	1	3435	3231	29	3	83.256813	—
5	1	1049	1	1	2	3484	3217	84	25	86.059441	56
5	1	1049	1	1	3	3544	3203	27	44	86.059441	—
2	1	1050	0	0	0	5651	3221	133	25	-1	
3	1	1050	1	0	0	5651	3221	133	25	-1	
4	1	1050	1	1	0	5651	3221	133	25	-1	
5	1	1050	1	1	1	5651	3235	29	3	54.186028	—
5	1	1050	1	1	2	5700	3221	84	25	88.990837	57
5	1	1050	1	1	3	5760	3207	27	44	88.990837	—
2	1	1051	0	0	0	7878	3225	133	24	-1	
3	1	1051	1	0	0	7878	3225	133	24	-1	
4	1	1051	1	1	0	7878	3225	133	24	-1	
5	1	1051	1	1	1	7878	3238	27	3	89.599884	—
5	1	1051	1	1	2	7927	3225	84	24	91.084564	58
5	1	1051	1	1	3	7990	3213	25	41	91.084564	—
2	1	1052	0	0	0	8424	3202	229	36	-1	
3	1	1052	1	0	0	8424	3202	229	36	-1	
4	1	1052	1	1	0	8424	3202	229	36	-1	
5	1	1052	1	1	1	8424	3202	94	35	93.296692	(Main
5	1	1052	1	1	2	8534	3203	119	35	92.051010	P.C.B.)
