level	page_num	block_num	par_num	line_num	word_num	left	top	width	height	conf	text
1	1	0	0	0	0	0	0	3518	9055	-1	
2	1	1	0	0	0	2551	80	320	8	-1	
3	1	1	1	0	0	2551	80	320	8	-1	
4	1	1	1	1	0	2551	80	320	8	-1	
5	1	1	1	1	1	2551	80	120	8	0.000000	Bona
5	1	1	1	1	2	2687	69	184	28	0.000000	nininnini
2	1	2	0	0	0	3183	78	54	9	-1	
3	1	2	1	0	0	3183	78	54	9	-1	
4	1	2	1	1	0	3183	78	54	9	-1	
5	1	2	1	1	1	3183	78	54	9	42.011902	os
2	1	3	0	0	0	2383	77	55	14	-1	
3	1	3	1	0	0	2383	77	55	14	-1	
4	1	3	1	1	0	2383	77	55	14	-1	
5	1	3	1	1	1	2383	77	55	14	42.792934	Dem)
2	1	4	0	0	0	2450	77	54	14	-1	
3	1	4	1	0	0	2450	77	54	14	-1	
4	1	4	1	1	0	2450	77	54	14	-1	
5	1	4	1	1	1	2450	77	54	14	86.283287	NN
2	1	5	0	0	0	2450	93	87	15	-1	
3	1	5	1	0	0	2450	93	87	15	-1	
4	1	5	1	1	0	2450	93	87	15	-1	
5	1	5	1	1	1	2450	93	87	15	33.413651	a
2	1	6	0	0	0	2550	94	587	15	-1	
3	1	6	1	0	0	2550	94	587	15	-1	
4	1	6	1	1	0	2550	94	587	15	-1	
5	1	6	1	1	1	2550	94	587	15	0.000000	OBNANARWNHHODANDONSLWND
2	1	7	0	0	0	3150	88	88	19	-1	
3	1	7	1	0	0	3150	88	88	19	-1	
4	1	7	1	1	0	3150	88	88	19	-1	
5	1	7	1	1	1	3150	88	88	19	5.331505	a@O
5	1	7	1	1	2	3218	83	24	28	52.945427	+
2	1	8	0	0	0	1302	107	68	11	-1	
3	1	8	1	0	0	1302	107	68	11	-1	
4	1	8	1	1	0	1302	107	68	11	-1	
5	1	8	1	1	1	1302	107	68	11	19.862930	———
2	1	9	0	0	0	621	79	132	61	-1	
3	1	9	1	0	0	621	79	132	61	-1	
4	1	9	1	1	0	621	79	132	61	-1	
5	1	9	1	1	1	621	79	132	61	42.309479	Bad
2	1	10	0	0	0	1020	91	47	47	-1	
3	1	10	1	0	0	1020	91	47	47	-1	
4	1	10	1	1	0	1020	91	47	47	-1	
5	1	10	1	1	1	1020	91	47	47	33.317329	[a]
2	1	11	0	0	0	2116	139	54	25	-1	
3	1	11	1	0	0	2116	139	54	25	-1	
4	1	11	1	1	0	2116	139	54	25	-1	
5	1	11	1	1	1	2116	139	54	25	88.539558	=O
2	1	12	0	0	0	2262	140	35	13	-1	
3	1	12	1	0	0	2262	140	35	13	-1	
4	1	12	1	1	0	2262	140	35	13	-1	
5	1	12	1	1	1	2262	140	35	13	0.000000	*c
2	1	13	0	0	0	2315	139	49	18	-1	
3	1	13	1	0	0	2315	139	49	18	-1	
4	1	13	1	1	0	2315	139	49	18	-1	
5	1	13	1	1	1	2315	139	49	18	0.000000	p>
5	1	13	1	1	2	2346	134	21	28	0.000000	oO
2	1	14	0	0	0	2382	139	152	17	-1	
3	1	14	1	0	0	2382	139	152	17	-1	
4	1	14	1	1	0	2382	139	152	17	-1	
5	1	14	1	1	1	2382	139	152	17	0.000000	ANDHHAVD
2	1	15	0	0	0	2550	136	587	41	-1	
3	1	15	1	0	0	2550	136	587	41	-1	
4	1	15	1	1	0	2550	136	587	41	-1	
5	1	15	1	1	1	2550	136	587	41	0.000000	LQPLLLLLPLRALPHGHOHHH
2	1	16	0	0	0	3149	138	50	20	-1	
3	1	16	1	0	0	3149	138	50	20	-1	
4	1	16	1	1	0	3149	138	50	20	-1	
5	1	16	1	1	1	3149	138	50	20	49.945339	ns
2	1	17	0	0	0	3150	155	49	16	-1	
3	1	17	1	0	0	3150	155	49	16	-1	
4	1	17	1	1	0	3150	155	49	16	-1	
5	1	17	1	1	1	3150	155	49	16	40.558609	pee)
2	1	18	0	0	0	501	181	12	5	-1	
3	1	18	1	0	0	501	181	12	5	-1	
4	1	18	1	1	0	501	181	12	5	-1	
5	1	18	1	1	1	501	181	12	5	57.394394	2
2	1	19	0	0	0	1068	161	198	28	-1	
3	1	19	1	0	0	1068	161	198	28	-1	
4	1	19	1	1	0	1068	161	198	28	-1	
5	1	19	1	1	1	1068	161	70	28	53.512840	KPa
5	1	19	1	1	2	1196	171	7	7	33.500961	K
5	1	19	1	1	3	1260	172	6	8	2.688370	N
2	1	20	0	0	0	1956	180	32	8	-1	
3	1	20	1	0	0	1956	180	32	8	-1	
4	1	20	1	1	0	1956	180	32	8	-1	
5	1	20	1	1	1	1956	180	32	8	55.385937	—e
2	1	21	0	0	0	2115	161	50	19	-1	
3	1	21	1	0	0	2115	161	50	19	-1	
4	1	21	1	1	0	2115	161	50	19	-1	
5	1	21	1	1	1	2115	161	50	19	60.010712	aso
2	1	22	0	0	0	2215	164	55	17	-1	
3	1	22	1	0	0	2215	164	55	17	-1	
4	1	22	1	1	0	2215	164	55	17	-1	
5	1	22	1	1	1	2215	164	55	17	13.169312	mA
2	1	23	0	0	0	2414	173	120	16	-1	
3	1	23	1	0	0	2414	173	120	16	-1	
4	1	23	1	1	0	2414	173	120	16	-1	
5	1	23	1	1	1	2414	173	120	16	19.942314	WOAWNND
2	1	24	0	0	0	2551	174	121	15	-1	
3	1	24	1	0	0	2551	174	121	15	-1	
4	1	24	1	1	0	2551	174	121	15	-1	
5	1	24	1	1	1	2551	174	121	15	0.000000	NNNND
2	1	25	0	0	0	2717	175	21	14	-1	
3	1	25	1	0	0	2717	175	21	14	-1	
4	1	25	1	1	0	2717	175	21	14	-1	
5	1	25	1	1	1	2717	175	21	14	27.914207	iS)
2	1	26	0	0	0	2750	176	155	10	-1	
3	1	26	1	0	0	2750	176	155	10	-1	
4	1	26	1	1	0	2750	176	155	10	-1	
5	1	26	1	1	1	2750	176	52	10	53.360512	ao
5	1	26	1	1	2	2823	176	82	10	16.694092	eo
2	1	27	0	0	0	2983	175	88	15	-1	
3	1	27	1	0	0	2983	175	88	15	-1	
4	1	27	1	1	0	2983	175	88	15	-1	
5	1	27	1	1	1	2983	175	88	15	66.626930	eoo
2	1	28	0	0	0	1422	187	36	8	-1	
3	1	28	1	0	0	1422	187	36	8	-1	
4	1	28	1	1	0	1422	187	36	8	-1	
5	1	28	1	1	1	1422	187	36	8	28.201447	—s
2	1	29	0	0	0	2115	179	50	22	-1	
3	1	29	1	0	0	2115	179	50	22	-1	
4	1	29	1	1	0	2115	179	50	22	-1	
5	1	29	1	1	1	2115	179	50	22	0.000000	3
2	1	30	0	0	0	2215	181	55	20	-1	
3	1	30	1	0	0	2215	181	55	20	-1	
4	1	30	1	1	0	2215	181	55	20	-1	
5	1	30	1	1	1	2215	181	55	20	56.142586	+>
2	1	31	0	0	0	2717	192	21	10	-1	
3	1	31	1	0	0	2717	192	21	10	-1	
4	1	31	1	1	0	2717	192	21	10	-1	
5	1	31	1	1	1	2717	192	21	10	66.813217	=
2	1	32	0	0	0	2750	191	155	15	-1	
3	1	32	1	0	0	2750	191	155	15	-1	
4	1	32	1	1	0	2750	191	155	15	-1	
5	1	32	1	1	1	2750	191	155	15	2.543785	WCOOnNOW
2	1	33	0	0	0	621	142	132	78	-1	
3	1	33	1	0	0	621	142	132	78	-1	
4	1	33	1	1	0	621	142	132	78	-1	
5	1	33	1	1	1	621	142	132	78	21.206421	ze
2	1	34	0	0	0	2116	200	49	19	-1	
3	1	34	1	0	0	2116	200	49	19	-1	
4	1	34	1	1	0	2116	200	49	19	-1	
5	1	34	1	1	1	2116	200	49	19	35.189636	3%
2	1	35	0	0	0	2215	200	49	21	-1	
3	1	35	1	0	0	2215	200	49	21	-1	
4	1	35	1	1	0	2215	200	49	21	-1	
5	1	35	1	1	1	2215	200	49	21	42.530346	yo
2	1	36	0	0	0	2415	227	15	5	-1	
3	1	36	1	0	0	2415	227	15	5	-1	
4	1	36	1	1	0	2415	227	15	5	-1	
5	1	36	1	1	1	2415	227	15	5	0.000000	.
2	1	37	0	0	0	2448	227	49	5	-1	
3	1	37	1	0	0	2448	227	49	5	-1	
4	1	37	1	1	0	2448	227	49	5	-1	
5	1	37	1	1	1	2448	227	49	5	8.010033	sees
2	1	38	0	0	0	2617	227	16	5	-1	
3	1	38	1	0	0	2617	227	16	5	-1	
4	1	38	1	1	0	2617	227	16	5	-1	
5	1	38	1	1	1	2617	227	16	5	11.784195	.
2	1	39	0	0	0	2650	227	16	5	-1	
3	1	39	1	0	0	2650	227	16	5	-1	
4	1	39	1	1	0	2650	227	16	5	-1	
5	1	39	1	1	1	2650	227	16	5	0.000000	-
2	1	40	0	0	0	2717	227	16	5	-1	
3	1	40	1	0	0	2717	227	16	5	-1	
4	1	40	1	1	0	2717	227	16	5	-1	
5	1	40	1	1	1	2717	227	16	5	0.000000	.
2	1	41	0	0	0	2817	227	49	5	-1	
3	1	41	1	0	0	2817	227	49	5	-1	
4	1	41	1	1	0	2817	227	49	5	-1	
5	1	41	1	1	1	2817	227	49	5	19.833672	sees
2	1	42	0	0	0	2950	228	16	5	-1	
3	1	42	1	0	0	2950	228	16	5	-1	
4	1	42	1	1	0	2950	228	16	5	-1	
5	1	42	1	1	1	2950	228	16	5	25.641289	.
2	1	43	0	0	0	3084	228	15	5	-1	
3	1	43	1	0	0	3084	228	15	5	-1	
4	1	43	1	1	0	3084	228	15	5	-1	
5	1	43	1	1	1	3084	228	15	5	19.893066	.
2	1	44	0	0	0	3150	216	49	17	-1	
3	1	44	1	0	0	3150	216	49	17	-1	
4	1	44	1	1	0	3150	216	49	17	-1	
5	1	44	1	1	1	3150	216	49	17	52.954071	oS
2	1	45	0	0	0	501	252	12	4	-1	
3	1	45	1	0	0	501	252	12	4	-1	
4	1	45	1	1	0	501	252	12	4	-1	
5	1	45	1	1	1	501	252	12	4	48.583141	—
2	1	46	0	0	0	1955	248	32	8	-1	
3	1	46	1	0	0	1955	248	32	8	-1	
4	1	46	1	1	0	1955	248	32	8	-1	
5	1	46	1	1	1	1955	248	32	8	20.971252	—_
2	1	47	0	0	0	2750	223	22	14	-1	
3	1	47	1	0	0	2750	223	22	14	-1	
4	1	47	1	1	0	2750	223	22	14	-1	
5	1	47	1	1	1	2750	223	22	14	26.949661	o
2	1	48	0	0	0	2983	228	83	16	-1	
3	1	48	1	0	0	2983	228	83	16	-1	
4	1	48	1	1	0	2983	228	83	16	-1	
5	1	48	1	1	1	2983	228	83	16	34.074310	ov
2	1	49	0	0	0	500	260	13	8	-1	
3	1	49	1	0	0	500	260	13	8	-1	
4	1	49	1	1	0	500	260	13	8	-1	
5	1	49	1	1	1	500	260	13	8	16.605148	J
2	1	50	0	0	0	623	232	81	38	-1	
3	1	50	1	0	0	623	232	81	38	-1	
4	1	50	1	1	0	623	232	81	38	-1	
5	1	50	1	1	1	623	232	81	38	71.451149	OO
2	1	51	0	0	0	1291	257	28	1	-1	
3	1	51	1	0	0	1291	257	28	1	-1	
4	1	51	1	1	0	1291	257	28	1	-1	
5	1	51	1	1	1	1287	239	10	28	63.320026	|
2	1	52	0	0	0	2448	251	86	20	-1	
3	1	52	1	0	0	2448	251	86	20	-1	
4	1	52	1	1	0	2448	251	86	20	-1	
5	1	52	1	1	1	2448	251	86	20	0.000000	Orv
2	1	53	0	0	0	2550	252	88	17	-1	
3	1	53	1	0	0	2550	252	88	17	-1	
4	1	53	1	1	0	2550	252	88	17	-1	
5	1	53	1	1	1	2550	252	88	17	0.000000	ONuUD
2	1	54	0	0	0	2783	253	88	22	-1	
3	1	54	1	0	0	2783	253	88	22	-1	
4	1	54	1	1	0	2783	253	88	22	-1	
5	1	54	1	1	1	2783	253	88	22	68.795074	20D
2	1	55	0	0	0	2884	252	54	19	-1	
3	1	55	1	0	0	2884	252	54	19	-1	
4	1	55	1	1	0	2884	252	54	19	-1	
5	1	55	1	1	1	2884	252	54	19	94.418221	>>
2	1	56	0	0	0	2983	252	88	21	-1	
3	1	56	1	0	0	2983	252	88	21	-1	
4	1	56	1	1	0	2983	252	88	21	-1	
5	1	56	1	1	1	2983	252	88	21	0.000000	s4H
2	1	57	0	0	0	3083	252	52	17	-1	
3	1	57	1	0	0	3083	252	52	17	-1	
4	1	57	1	1	0	3083	252	52	17	-1	
5	1	57	1	1	1	3083	252	52	17	70.873749	c<
2	1	58	0	0	0	2683	277	16	5	-1	
3	1	58	1	0	0	2683	277	16	5	-1	
4	1	58	1	1	0	2683	277	16	5	-1	
5	1	58	1	1	1	2683	277	16	5	42.114410	-
2	1	59	0	0	0	2750	277	16	5	-1	
3	1	59	1	0	0	2750	277	16	5	-1	
4	1	59	1	1	0	2750	277	16	5	-1	
5	1	59	1	1	1	2750	277	16	5	39.239777	we
2	1	60	0	0	0	1084	305	173	4	-1	
3	1	60	1	0	0	1084	305	173	4	-1	
4	1	60	1	1	0	1084	305	173	4	-1	
5	1	60	1	1	1	1084	305	43	4	71.287041	—
5	1	60	1	1	2	1154	305	36	4	60.389404	—
2	1	61	0	0	0	2049	291	82	18	-1	
3	1	61	1	0	0	2049	291	82	18	-1	
4	1	61	1	1	0	2049	291	82	18	-1	
5	1	61	1	1	1	2049	291	82	18	1.464119	>USO
2	1	62	0	0	0	2578	290	55	19	-1	
3	1	62	1	0	0	2578	290	55	19	-1	
4	1	62	1	1	0	2578	290	55	19	-1	
5	1	62	1	1	1	2578	290	55	19	46.216736	<3
2	1	63	0	0	0	2983	280	83	28	-1	
3	1	63	1	0	0	2983	280	83	28	-1	
4	1	63	1	1	0	2983	280	83	28	-1	
5	1	63	1	1	1	2983	280	83	28	0.000000	ois
2	1	64	0	0	0	1070	324	47	16	-1	
3	1	64	1	0	0	1070	324	47	16	-1	
4	1	64	1	1	0	1070	324	47	16	-1	
5	1	64	1	1	1	1070	324	47	16	29.600800	“>
2	1	65	0	0	0	1225	321	144	14	-1	
3	1	65	1	0	0	1225	321	144	14	-1	
4	1	65	1	1	0	1225	321	144	14	-1	
5	1	65	1	1	1	1225	321	46	14	52.202591	af
5	1	65	1	1	2	1290	324	79	7	16.159470	ba
2	1	66	0	0	0	2550	319	83	17	-1	
3	1	66	1	0	0	2550	319	83	17	-1	
4	1	66	1	1	0	2550	319	83	17	-1	
5	1	66	1	1	1	2550	319	83	17	11.778030	aL
5	1	66	1	1	2	2615	315	22	31	11.778030	D
2	1	67	0	0	0	623	312	170	38	-1	
3	1	67	1	0	0	623	312	170	38	-1	
4	1	67	1	1	0	623	312	170	38	-1	
5	1	67	1	1	1	623	312	170	38	31.872231	OOOO
2	1	68	0	0	0	2048	328	50	16	-1	
3	1	68	1	0	0	2048	328	50	16	-1	
4	1	68	1	1	0	2048	328	50	16	-1	
5	1	68	1	1	1	2048	328	50	16	92.994949	an
2	1	69	0	0	0	2550	334	87	27	-1	
3	1	69	1	0	0	2550	334	87	27	-1	
4	1	69	1	1	0	2550	334	87	27	-1	
5	1	69	1	1	1	2550	334	87	27	36.493259	227
2	1	70	0	0	0	2883	342	50	18	-1	
3	1	70	1	0	0	2883	342	50	18	-1	
4	1	70	1	1	0	2883	342	50	18	-1	
5	1	70	1	1	1	2883	342	50	18	32.373337	xO
2	1	71	0	0	0	2983	326	49	26	-1	
3	1	71	1	0	0	2983	326	49	26	-1	
4	1	71	1	1	0	2983	326	49	26	-1	
5	1	71	1	1	1	2983	326	49	26	17.533180	3
2	1	72	0	0	0	3083	336	47	18	-1	
3	1	72	1	0	0	3083	336	47	18	-1	
4	1	72	1	1	0	3083	336	47	18	-1	
5	1	72	1	1	1	3083	336	47	18	36.223541	20
2	1	73	0	0	0	1150	376	107	3	-1	
3	1	73	1	0	0	1150	376	107	3	-1	
4	1	73	1	1	0	1150	376	107	3	-1	
5	1	73	1	1	1	1150	376	107	3	6.647659	—————
2	1	74	0	0	0	2983	365	16	5	-1	
3	1	74	1	0	0	2983	365	16	5	-1	
4	1	74	1	1	0	2983	365	16	5	-1	
5	1	74	1	1	1	2983	365	16	5	43.014221	-
2	1	75	0	0	0	3016	355	17	15	-1	
3	1	75	1	0	0	3016	355	17	15	-1	
4	1	75	1	1	0	3016	355	17	15	-1	
5	1	75	1	1	1	3016	355	17	15	45.231911	fe}
2	1	76	0	0	0	3083	350	47	25	-1	
3	1	76	1	0	0	3083	350	47	25	-1	
4	1	76	1	1	0	3083	350	47	25	-1	
5	1	76	1	1	1	3083	350	47	25	66.566299	Zo
2	1	77	0	0	0	2583	369	49	21	-1	
3	1	77	1	0	0	2583	369	49	21	-1	
4	1	77	1	1	0	2583	369	49	21	-1	
5	1	77	1	1	1	2583	369	49	21	45.406075	ao
2	1	78	0	0	0	3083	376	47	15	-1	
3	1	78	1	0	0	3083	376	47	15	-1	
4	1	78	1	1	0	3083	376	47	15	-1	
5	1	78	1	1	1	3083	376	47	15	75.888519	=
5	1	78	1	1	2	3116	370	18	30	62.799801	oO
2	1	79	0	0	0	1071	396	137	21	-1	
3	1	79	1	0	0	1071	396	137	21	-1	
4	1	79	1	1	0	1071	396	137	21	-1	
5	1	79	1	1	1	1071	385	44	36	37.251068	alm
5	1	79	1	1	2	1137	396	38	16	3.411034	|S
5	1	79	1	1	3	1187	385	21	36	0.000000	|*
2	1	80	0	0	0	1288	396	82	11	-1	
3	1	80	1	0	0	1288	396	82	11	-1	
4	1	80	1	1	0	1288	396	82	11	-1	
5	1	80	1	1	1	1288	396	82	11	5.490463	--—2
2	1	81	0	0	0	2550	391	54	18	-1	
3	1	81	1	0	0	2550	391	54	18	-1	
4	1	81	1	1	0	2550	391	54	18	-1	
5	1	81	1	1	1	2550	391	54	18	43.430367	ss
2	1	82	0	0	0	2884	384	48	21	-1	
3	1	82	1	0	0	2884	384	48	21	-1	
4	1	82	1	1	0	2884	384	48	21	-1	
5	1	82	1	1	1	2884	384	48	21	77.537979	=o
2	1	83	0	0	0	2984	389	49	18	-1	
3	1	83	1	0	0	2984	389	49	18	-1	
4	1	83	1	1	0	2984	389	49	18	-1	
5	1	83	1	1	1	2984	389	49	18	79.336601	Zo
2	1	84	0	0	0	3083	401	47	20	-1	
3	1	84	1	0	0	3083	401	47	20	-1	
4	1	84	1	1	0	3083	401	47	20	-1	
5	1	84	1	1	1	3083	401	47	20	62.258896	+O
2	1	85	0	0	0	3083	390	52	15	-1	
3	1	85	1	0	0	3083	390	52	15	-1	
4	1	85	1	1	0	3083	390	52	15	-1	
5	1	85	1	1	1	3083	390	52	15	31.710602	o>
2	1	86	0	0	0	623	393	170	37	-1	
3	1	86	1	0	0	623	393	170	37	-1	
4	1	86	1	1	0	623	393	170	37	-1	
5	1	86	1	1	1	623	393	170	37	53.790848	OOOO
2	1	87	0	0	0	1421	435	36	8	-1	
3	1	87	1	0	0	1421	435	36	8	-1	
4	1	87	1	1	0	1421	435	36	8	-1	
5	1	87	1	1	1	1421	435	36	8	2.972786	—s
2	1	88	0	0	0	2883	413	50	12	-1	
3	1	88	1	0	0	2883	413	50	12	-1	
4	1	88	1	1	0	2883	413	50	12	-1	
5	1	88	1	1	1	2883	413	50	12	61.644211	=O
2	1	89	0	0	0	3078	432	56	9	-1	
3	1	89	1	0	0	3078	432	56	9	-1	
4	1	89	1	1	0	3078	432	56	9	-1	
5	1	89	1	1	1	3078	432	56	9	37.250626	==
2	1	90	0	0	0	395	459	178	6	-1	
3	1	90	1	0	0	395	459	178	6	-1	
4	1	90	1	1	0	395	459	178	6	-1	
5	1	90	1	1	1	395	459	178	6	0.000000	+41
5	1	90	1	1	2	505	444	29	28	62.901436	_}
5	1	90	1	1	3	545	444	31	28	51.935390	_]
2	1	91	0	0	0	3084	443	46	19	-1	
3	1	91	1	0	0	3084	443	46	19	-1	
4	1	91	1	1	0	3084	443	46	19	-1	
5	1	91	1	1	1	3084	443	46	19	18.295792	lwke)
2	1	92	0	0	0	878	478	36	8	-1	
3	1	92	1	0	0	878	478	36	8	-1	
4	1	92	1	1	0	878	478	36	8	-1	
5	1	92	1	1	1	878	478	36	8	45.056683	—_e
2	1	93	0	0	0	1008	447	61	48	-1	
3	1	93	1	0	0	1008	447	61	48	-1	
4	1	93	1	1	0	1008	447	61	48	-1	
5	1	93	1	1	1	1008	447	61	48	0.000000	ry
2	1	94	0	0	0	3017	478	49	16	-1	
3	1	94	1	0	0	3017	478	49	16	-1	
4	1	94	1	1	0	3017	478	49	16	-1	
5	1	94	1	1	1	3017	478	49	16	65.039169	xO
2	1	95	0	0	0	623	473	170	37	-1	
3	1	95	1	0	0	623	473	170	37	-1	
4	1	95	1	1	0	623	473	170	37	-1	
5	1	95	1	1	1	623	473	170	37	28.283783	OOO
2	1	96	0	0	0	3083	511	47	13	-1	
3	1	96	1	0	0	3083	511	47	13	-1	
4	1	96	1	1	0	3083	511	47	13	-1	
5	1	96	1	1	1	3083	511	47	13	27.153717	fo
2	1	97	0	0	0	3083	487	47	27	-1	
3	1	97	1	0	0	3083	487	47	27	-1	
4	1	97	1	1	0	3083	487	47	27	-1	
5	1	97	1	1	1	3083	487	47	27	58.932144	Cs
2	1	98	0	0	0	3083	524	51	24	-1	
3	1	98	1	0	0	3083	524	51	24	-1	
4	1	98	1	1	0	3083	524	51	24	-1	
5	1	98	1	1	1	3083	524	51	24	48.919701	o6
2	1	99	0	0	0	975	502	320	65	-1	
3	1	99	1	0	0	975	502	320	65	-1	
4	1	99	1	1	0	975	502	320	65	-1	
5	1	99	1	1	1	975	502	320	65	0.000000	iA—-
2	1	100	0	0	0	1421	553	35	8	-1	
3	1	100	1	0	0	1421	553	35	8	-1	
4	1	100	1	1	0	1421	553	35	8	-1	
5	1	100	1	1	1	1421	553	35	8	4.897240	—s
2	1	101	0	0	0	3083	545	52	22	-1	
3	1	101	1	0	0	3083	545	52	22	-1	
4	1	101	1	1	0	3083	545	52	22	-1	
5	1	101	1	1	1	3083	545	52	22	91.719444	35
2	1	102	0	0	0	3083	596	52	17	-1	
3	1	102	1	0	0	3083	596	52	17	-1	
4	1	102	1	1	0	3083	596	52	17	-1	
5	1	102	1	1	1	3083	596	52	17	73.346375	am
2	1	103	0	0	0	1248	569	50	51	-1	
3	1	103	1	0	0	1248	569	50	51	-1	
4	1	103	1	1	0	1248	569	50	51	-1	
5	1	103	1	1	1	1248	569	10	51	62.966393	]
5	1	103	1	1	2	1288	605	10	3	56.654587	|
2	1	104	0	0	0	3083	614	47	13	-1	
3	1	104	1	0	0	3083	614	47	13	-1	
4	1	104	1	1	0	3083	614	47	13	-1	
5	1	104	1	1	1	3083	614	47	13	48.281498	ox
2	1	105	0	0	0	3083	625	47	22	-1	
3	1	105	1	0	0	3083	625	47	22	-1	
4	1	105	1	1	0	3083	625	47	22	-1	
5	1	105	1	1	1	3083	625	47	22	63.189407	309
2	1	106	0	0	0	1507	666	47	10	-1	
3	1	106	1	0	0	1507	666	47	10	-1	
4	1	106	1	1	0	1507	666	47	10	-1	
5	1	106	1	1	1	1507	666	47	10	56.777969	—
2	1	107	0	0	0	3083	663	47	18	-1	
3	1	107	1	0	0	3083	663	47	18	-1	
4	1	107	1	1	0	3083	663	47	18	-1	
5	1	107	1	1	1	3083	663	47	18	27.406273	30
2	1	108	0	0	0	3083	679	51	12	-1	
3	1	108	1	0	0	3083	679	51	12	-1	
4	1	108	1	1	0	3083	679	51	12	-1	
5	1	108	1	1	1	3083	679	51	12	11.756737	Pas
2	1	109	0	0	0	3082	698	54	18	-1	
3	1	109	1	0	0	3082	698	54	18	-1	
4	1	109	1	1	0	3082	698	54	18	-1	
5	1	109	1	1	1	3082	698	54	18	77.554726	oc
2	1	110	0	0	0	1211	694	6	33	-1	
3	1	110	1	0	0	1211	694	6	33	-1	
4	1	110	1	1	0	1211	694	6	33	-1	
5	1	110	1	1	1	1211	694	6	33	86.118370	|
2	1	111	0	0	0	1293	712	77	16	-1	
3	1	111	1	0	0	1293	712	77	16	-1	
4	1	111	1	1	0	1293	712	77	16	-1	
5	1	111	1	1	1	1293	712	77	16	0.000000	PG)
2	1	112	0	0	0	3082	753	53	26	-1	
3	1	112	1	0	0	3082	753	53	26	-1	
4	1	112	1	1	0	3082	753	53	26	-1	
5	1	112	1	1	1	3082	753	53	26	88.983231	2>
2	1	113	0	0	0	1069	737	113	54	-1	
3	1	113	1	0	0	1069	737	113	54	-1	
4	1	113	1	1	0	1069	737	113	54	-1	
5	1	113	1	1	1	1069	737	50	54	0.000000	lI
5	1	113	1	1	2	1128	737	27	54	0.000000	2.
5	1	113	1	1	3	1175	748	7	39	71.956345	f
2	1	114	0	0	0	1210	759	6	33	-1	
3	1	114	1	0	0	1210	759	6	33	-1	
4	1	114	1	1	0	1210	759	6	33	-1	
5	1	114	1	1	1	1210	759	6	33	71.367813	|
2	1	115	0	0	0	2082	794	49	13	-1	
3	1	115	1	0	0	2082	794	49	13	-1	
4	1	115	1	1	0	2082	794	49	13	-1	
5	1	115	1	1	1	2082	794	49	13	13.077316	=3
2	1	116	0	0	0	3082	805	48	17	-1	
3	1	116	1	0	0	3082	805	48	17	-1	
4	1	116	1	1	0	3082	805	48	17	-1	
5	1	116	1	1	1	3082	805	48	17	73.727295	os
2	1	117	0	0	0	3083	791	47	14	-1	
3	1	117	1	0	0	3083	791	47	14	-1	
4	1	117	1	1	0	3083	791	47	14	-1	
5	1	117	1	1	1	3083	791	47	14	63.930763	=
2	1	118	0	0	0	1029	814	24	22	-1	
3	1	118	1	0	0	1029	814	24	22	-1	
4	1	118	1	1	0	1029	814	24	22	-1	
5	1	118	1	1	1	1029	814	24	22	94.703117	=
2	1	119	0	0	0	2215	806	49	20	-1	
3	1	119	1	0	0	2215	806	49	20	-1	
4	1	119	1	1	0	2215	806	49	20	-1	
5	1	119	1	1	1	2215	806	49	20	68.194946	ao
2	1	120	0	0	0	1809	862	65	22	-1	
3	1	120	1	0	0	1809	862	65	22	-1	
4	1	120	1	1	0	1809	862	65	22	-1	
5	1	120	1	1	1	1809	862	65	22	39.665443	sa
2	1	121	0	0	0	2082	868	49	14	-1	
3	1	121	1	0	0	2082	868	49	14	-1	
4	1	121	1	1	0	2082	868	49	14	-1	
5	1	121	1	1	1	2082	875	21	3	8.142662	=
5	1	121	1	1	2	2115	868	16	14	8.142662	2
2	1	122	0	0	0	3082	851	54	25	-1	
3	1	122	1	0	0	3082	851	54	25	-1	
4	1	122	1	1	0	3082	851	54	25	-1	
5	1	122	1	1	1	3082	851	54	25	64.005264	aQ
2	1	123	0	0	0	1210	850	8	41	-1	
3	1	123	1	0	0	1210	850	8	41	-1	
4	1	123	1	1	0	1210	850	8	41	-1	
5	1	123	1	1	1	1210	850	8	41	86.383415	|
2	1	124	0	0	0	3083	890	47	14	-1	
3	1	124	1	0	0	3083	890	47	14	-1	
4	1	124	1	1	0	3083	890	47	14	-1	
5	1	124	1	1	1	3083	890	47	14	26.079468	a
2	1	125	0	0	0	979	910	134	12	-1	
3	1	125	1	0	0	979	910	134	12	-1	
4	1	125	1	1	0	979	910	134	12	-1	
5	1	125	1	1	1	979	910	134	12	39.463501	———
2	1	126	0	0	0	3083	904	48	17	-1	
3	1	126	1	0	0	3083	904	48	17	-1	
4	1	126	1	1	0	3083	904	48	17	-1	
5	1	126	1	1	1	3083	904	48	17	35.131012	O
2	1	127	0	0	0	2248	918	49	20	-1	
3	1	127	1	0	0	2248	918	49	20	-1	
4	1	127	1	1	0	2248	918	49	20	-1	
5	1	127	1	1	1	2248	918	49	20	87.680687	ca
2	1	128	0	0	0	3083	921	53	17	-1	
3	1	128	1	0	0	3083	921	53	17	-1	
4	1	128	1	1	0	3083	921	53	17	-1	
5	1	128	1	1	1	3083	921	53	17	59.225922	ga
2	1	129	0	0	0	1154	897	23	61	-1	
3	1	129	1	0	0	1154	897	23	61	-1	
4	1	129	1	1	0	1154	897	23	61	-1	
5	1	129	1	1	1	1154	897	23	61	62.909935	|
2	1	130	0	0	0	1211	924	7	41	-1	
3	1	130	1	0	0	1211	924	7	41	-1	
4	1	130	1	1	0	1211	924	7	41	-1	
5	1	130	1	1	1	1211	924	7	41	73.513901	|
2	1	131	0	0	0	3083	954	53	16	-1	
3	1	131	1	0	0	3083	954	53	16	-1	
4	1	131	1	1	0	3083	954	53	16	-1	
5	1	131	1	1	1	3083	954	53	16	78.040504	o~
2	1	132	0	0	0	446	976	30	14	-1	
3	1	132	1	0	0	446	976	30	14	-1	
4	1	132	1	1	0	446	976	30	14	-1	
5	1	132	1	1	1	446	976	30	14	9.528008	os
2	1	133	0	0	0	446	962	30	12	-1	
3	1	133	1	0	0	446	962	30	12	-1	
4	1	133	1	1	0	446	962	30	12	-1	
5	1	133	1	1	1	446	962	30	12	57.584263	o3
2	1	134	0	0	0	1154	955	12	39	-1	
3	1	134	1	0	0	1154	955	12	39	-1	
4	1	134	1	1	0	1154	955	12	39	-1	
5	1	134	1	1	1	1154	955	12	39	46.303959	}-
2	1	135	0	0	0	2347	1002	50	17	-1	
3	1	135	1	0	0	2347	1002	50	17	-1	
4	1	135	1	1	0	2347	1002	50	17	-1	
5	1	135	1	1	1	2347	1002	50	17	0.000000	fom]
2	1	136	0	0	0	1110	991	258	73	-1	
3	1	136	1	0	0	1110	991	258	73	-1	
4	1	136	1	1	0	1110	991	258	73	-1	
5	1	136	1	1	1	1110	991	191	73	51.867485	Fa
5	1	136	1	1	2	1352	1042	16	11	66.341171	©
2	1	137	0	0	0	1316	1055	53	16	-1	
3	1	137	1	0	0	1316	1055	53	16	-1	
4	1	137	1	1	0	1316	1055	53	16	-1	
5	1	137	1	1	1	1316	1056	29	2	78.945526	~~
5	1	137	1	1	2	1352	1051	17	30	53.277679	G)
2	1	138	0	0	0	1809	1074	65	20	-1	
3	1	138	1	0	0	1809	1074	65	20	-1	
4	1	138	1	1	0	1809	1074	65	20	-1	
5	1	138	1	1	1	1809	1084	26	10	33.932251	+
5	1	138	1	1	2	1851	1070	23	33	2.527710	©Q
2	1	139	0	0	0	1118	1067	171	39	-1	
3	1	139	1	0	0	1118	1067	171	39	-1	
4	1	139	1	1	0	1118	1067	171	39	-1	
5	1	139	1	1	1	1118	1067	171	39	34.002579	(PF
2	1	140	0	0	0	2348	1091	48	21	-1	
3	1	140	1	0	0	2348	1091	48	21	-1	
4	1	140	1	1	0	2348	1091	48	21	-1	
5	1	140	1	1	1	2348	1091	48	21	0.000000	=3
2	1	141	0	0	0	977	1099	170	23	-1	
3	1	141	1	0	0	977	1099	170	23	-1	
4	1	141	1	1	0	977	1099	170	23	-1	
5	1	141	1	1	1	977	1099	170	23	40.490250	CO
2	1	142	0	0	0	446	1141	30	10	-1	
3	1	142	1	0	0	446	1141	30	10	-1	
4	1	142	1	1	0	446	1141	30	10	-1	
5	1	142	1	1	1	446	1141	30	10	42.440369	U5
2	1	143	0	0	0	446	1128	63	15	-1	
3	1	143	1	0	0	446	1128	63	15	-1	
4	1	143	1	1	0	446	1128	63	15	-1	
5	1	143	1	1	1	446	1128	63	15	23.227951	38a
2	1	144	0	0	0	722	1135	13	9	-1	
3	1	144	1	0	0	722	1135	13	9	-1	
4	1	144	1	1	0	722	1135	13	9	-1	
5	1	144	1	1	1	722	1135	13	9	19.455917	o
2	1	145	0	0	0	767	1135	10	8	-1	
3	1	145	1	0	0	767	1135	10	8	-1	
4	1	145	1	1	0	767	1135	10	8	-1	
5	1	145	1	1	1	767	1135	10	8	8.251579	»
2	1	146	0	0	0	1210	1104	8	40	-1	
3	1	146	1	0	0	1210	1104	8	40	-1	
4	1	146	1	1	0	1210	1104	8	40	-1	
5	1	146	1	1	1	1210	1104	8	40	82.738571	|
2	1	147	0	0	0	1252	1105	62	44	-1	
3	1	147	1	0	0	1252	1105	62	44	-1	
4	1	147	1	1	0	1252	1105	62	44	-1	
5	1	147	1	1	1	1252	1105	9	44	34.085510	}
5	1	147	1	1	2	1282	1105	32	44	21.329697	|.
2	1	148	0	0	0	438	1178	50	21	-1	
3	1	148	1	0	0	438	1178	50	21	-1	
4	1	148	1	1	0	438	1178	50	21	-1	
5	1	148	1	1	1	438	1178	50	21	21.389168	TT)
2	1	149	0	0	0	1110	1158	180	50	-1	
3	1	149	1	0	0	1110	1158	180	50	-1	
4	1	149	1	1	0	1110	1158	180	50	-1	
5	1	149	1	1	1	1110	1158	180	50	40.999760	Lea]
2	1	150	0	0	0	633	1215	12	9	-1	
3	1	150	1	0	0	633	1215	12	9	-1	
4	1	150	1	1	0	633	1215	12	9	-1	
5	1	150	1	1	1	633	1215	12	9	94.189484	a
2	1	151	0	0	0	677	1215	10	8	-1	
3	1	151	1	0	0	677	1215	10	8	-1	
4	1	151	1	1	0	677	1215	10	8	-1	
5	1	151	1	1	1	677	1215	10	8	78.301537	°
2	1	152	0	0	0	722	1216	13	8	-1	
3	1	152	1	0	0	722	1216	13	8	-1	
4	1	152	1	1	0	722	1216	13	8	-1	
5	1	152	1	1	1	722	1216	13	8	25.206375	o
2	1	153	0	0	0	767	1216	10	8	-1	
3	1	153	1	0	0	767	1216	10	8	-1	
4	1	153	1	1	0	767	1216	10	8	-1	
5	1	153	1	1	1	767	1216	10	8	57.775078	»
2	1	154	0	0	0	1206	1199	50	45	-1	
3	1	154	1	0	0	1206	1199	50	45	-1	
4	1	154	1	1	0	1206	1199	50	45	-1	
5	1	154	1	1	1	1206	1199	13	45	15.685585	je
5	1	154	1	1	2	1237	1204	19	36	0.000000	)-
2	1	155	0	0	0	2326	1900	20	14	-1	
3	1	155	1	0	0	2326	1900	20	14	-1	
4	1	155	1	1	0	2326	1900	20	14	-1	
5	1	155	1	1	1	2326	1900	20	14	47.931969	iw)
2	1	156	0	0	0	2745	1906	273	15	-1	
3	1	156	1	0	0	2745	1906	273	15	-1	
4	1	156	1	1	0	2745	1906	273	15	-1	
5	1	156	1	1	1	2745	1906	273	15	29.469368	NID)
5	1	156	1	1	2	2831	1902	34	26	36.731953	Oo]
5	1	156	1	1	3	2877	1902	31	26	57.099403	&]
5	1	156	1	1	4	2918	1902	31	26	20.579597	WO)
5	1	156	1	1	5	2957	1902	34	26	6.432259	M)
5	1	156	1	1	6	2998	1902	23	26	59.591793	oO
2	1	157	0	0	0	482	1942	644	9	-1	
3	1	157	1	0	0	482	1942	644	9	-1	
4	1	157	1	1	0	482	1942	644	9	-1	
5	1	157	1	1	1	482	1942	644	9	41.690636	ee
5	1	157	1	1	2	783	1930	106	28	37.388500	ES
5	1	157	1	1	3	949	1942	177	9	45.780582	EE
2	1	158	0	0	0	2136	1974	64	18	-1	
3	1	158	1	0	0	2136	1974	64	18	-1	
4	1	158	1	1	0	2136	1974	64	18	-1	
5	1	158	1	1	1	2136	1974	64	18	61.959270	TT
2	1	159	0	0	0	2913	2018	63	12	-1	
3	1	159	1	0	0	2913	2018	63	12	-1	
4	1	159	1	1	0	2913	2018	63	12	-1	
5	1	159	1	1	1	2913	2018	63	12	23.856277	xx
2	1	160	0	0	0	2908	2041	104	17	-1	
3	1	160	1	0	0	2908	2041	104	17	-1	
4	1	160	1	1	0	2908	2041	104	17	-1	
5	1	160	1	1	1	2908	2041	104	17	0.000000	TlIivIisa
2	1	161	0	0	0	2908	2068	64	28	-1	
3	1	161	1	0	0	2908	2068	64	28	-1	
4	1	161	1	1	0	2908	2068	64	28	-1	
5	1	161	1	1	1	2908	2068	64	28	67.740158	via
2	1	162	0	0	0	1539	2120	48	23	-1	
3	1	162	1	0	0	1539	2120	48	23	-1	
4	1	162	1	1	0	1539	2120	48	23	-1	
5	1	162	1	1	1	1539	2120	48	23	83.806900	ao
2	1	163	0	0	0	1540	2153	41	13	-1	
3	1	163	1	0	0	1540	2153	41	13	-1	
4	1	163	1	1	0	1540	2153	41	13	-1	
5	1	163	1	1	1	1540	2153	41	13	71.278381	os
2	1	164	0	0	0	2827	2106	67	47	-1	
3	1	164	1	0	0	2827	2106	67	47	-1	
4	1	164	1	1	0	2827	2106	67	47	-1	
5	1	164	1	1	1	2827	2106	67	47	32.231514	¥\4
2	1	165	0	0	0	1212	2161	19	13	-1	
3	1	165	1	0	0	1212	2161	19	13	-1	
4	1	165	1	1	0	1212	2161	19	13	-1	
5	1	165	1	1	1	1212	2161	19	13	84.488304	N
2	1	166	0	0	0	1270	2162	19	13	-1	
3	1	166	1	0	0	1270	2162	19	13	-1	
4	1	166	1	1	0	1270	2162	19	13	-1	
5	1	166	1	1	1	1270	2162	19	13	80.594627	N
2	1	167	0	0	0	1540	2174	41	14	-1	
3	1	167	1	0	0	1540	2174	41	14	-1	
4	1	167	1	1	0	1540	2174	41	14	-1	
5	1	167	1	1	1	1540	2174	41	14	60.635063	ao
2	1	168	0	0	0	1653	2165	33	8	-1	
3	1	168	1	0	0	1653	2165	33	8	-1	
4	1	168	1	1	0	1653	2165	33	8	-1	
5	1	168	1	1	1	1653	2165	33	8	17.440483	—_
2	1	169	0	0	0	3139	2175	33	7	-1	
3	1	169	1	0	0	3139	2175	33	7	-1	
4	1	169	1	1	0	3139	2175	33	7	-1	
5	1	169	1	1	1	3139	2175	33	7	42.082367	_e
2	1	170	0	0	0	1212	2177	19	16	-1	
3	1	170	1	0	0	1212	2177	19	16	-1	
4	1	170	1	1	0	1212	2177	19	16	-1	
5	1	170	1	1	1	1212	2177	19	16	95.670937	4
2	1	171	0	0	0	1270	2178	19	16	-1	
3	1	171	1	0	0	1270	2178	19	16	-1	
4	1	171	1	1	0	1270	2178	19	16	-1	
5	1	171	1	1	1	1270	2178	19	16	96.500168	4
2	1	172	0	0	0	1538	2189	43	22	-1	
3	1	172	1	0	0	1538	2189	43	22	-1	
4	1	172	1	1	0	1538	2189	43	22	-1	
5	1	172	1	1	1	1538	2189	43	22	90.247620	~3
2	1	173	0	0	0	1653	2221	33	7	-1	
3	1	173	1	0	0	1653	2221	33	7	-1	
4	1	173	1	1	0	1653	2221	33	7	-1	
5	1	173	1	1	1	1653	2221	33	7	0.000000	=_e
2	1	174	0	0	0	2699	2303	122	3	-1	
3	1	174	1	0	0	2699	2303	122	3	-1	
4	1	174	1	1	0	2699	2303	122	3	-1	
5	1	174	1	1	1	2699	2303	122	3	0.000000	Socccas
2	1	175	0	0	0	2809	2326	29	21	-1	
3	1	175	1	0	0	2809	2326	29	21	-1	
4	1	175	1	1	0	2809	2326	29	21	-1	
5	1	175	1	1	1	2809	2326	29	21	84.675072	o!
2	1	176	0	0	0	483	2349	600	8	-1	
3	1	176	1	0	0	483	2349	600	8	-1	
4	1	176	1	1	0	483	2349	600	8	-1	
5	1	176	1	1	1	483	2349	600	8	0.000000	oe
5	1	176	1	1	2	910	2337	87	28	39.338142	SS
2	1	177	0	0	0	1095	2337	54	21	-1	
3	1	177	1	0	0	1095	2337	54	21	-1	
4	1	177	1	1	0	1095	2337	54	21	-1	
5	1	177	1	1	1	1095	2337	54	21	37.267872	—/7
2	1	178	0	0	0	2809	2347	29	13	-1	
3	1	178	1	0	0	2809	2347	29	13	-1	
4	1	178	1	1	0	2809	2347	29	13	-1	
5	1	178	1	1	1	2809	2347	29	13	93.096619	al
2	1	179	0	0	0	3049	2345	52	22	-1	
3	1	179	1	0	0	3049	2345	52	22	-1	
4	1	179	1	1	0	3049	2345	52	22	-1	
5	1	179	1	1	1	3049	2345	52	22	83.534859	zo
2	1	180	0	0	0	1538	2361	47	22	-1	
3	1	180	1	0	0	1538	2361	47	22	-1	
4	1	180	1	1	0	1538	2361	47	22	-1	
5	1	180	1	1	1	1538	2361	47	22	43.133392	a9
2	1	181	0	0	0	2204	2378	84	3	-1	
3	1	181	1	0	0	2204	2378	84	3	-1	
4	1	181	1	1	0	2204	2378	84	3	-1	
5	1	181	1	1	1	2204	2378	84	3	0.000000	eseccs.
2	1	182	0	0	0	2680	2356	157	35	-1	
3	1	182	1	0	0	2680	2356	157	35	-1	
4	1	182	1	1	0	2680	2356	157	35	-1	
5	1	182	1	1	1	2680	2356	68	32	0.000000	ives
5	1	182	1	1	2	2780	2358	57	33	36.186462	V3!
2	1	183	0	0	0	1538	2392	42	21	-1	
3	1	183	1	0	0	1538	2392	42	21	-1	
4	1	183	1	1	0	1538	2392	42	21	-1	
5	1	183	1	1	1	1538	2392	42	21	17.966347	3
2	1	184	0	0	0	2680	2387	66	14	-1	
3	1	184	1	0	0	2680	2387	66	14	-1	
4	1	184	1	1	0	2680	2387	66	14	-1	
5	1	184	1	1	1	2680	2387	66	14	0.000000	L-j-3
2	1	185	0	0	0	1536	2424	42	11	-1	
3	1	185	1	0	0	1536	2424	42	11	-1	
4	1	185	1	1	0	1536	2424	42	11	-1	
5	1	185	1	1	1	1536	2424	42	11	55.866173	2a
2	1	186	0	0	0	2275	2428	25	10	-1	
3	1	186	1	0	0	2275	2428	25	10	-1	
4	1	186	1	1	0	2275	2428	25	10	-1	
5	1	186	1	1	1	2275	2428	25	10	43.221535	st
2	1	187	0	0	0	2206	2397	64	53	-1	
3	1	187	1	0	0	2206	2397	64	53	-1	
4	1	187	1	1	0	2206	2397	64	53	-1	
5	1	187	1	1	1	2206	2397	64	53	30.474197	ek
2	1	188	0	0	0	2804	2434	58	27	-1	
3	1	188	1	0	0	2804	2434	58	27	-1	
4	1	188	1	1	0	2804	2434	58	27	-1	
5	1	188	1	1	1	2804	2434	58	27	35.968071	ox
2	1	189	0	0	0	2238	2455	141	16	-1	
3	1	189	1	0	0	2238	2455	141	16	-1	
4	1	189	1	1	0	2238	2455	141	16	-1	
5	1	189	1	1	1	2238	2455	141	16	56.083580	r|-2+----4
2	1	190	0	0	0	2727	2430	58	33	-1	
3	1	190	1	0	0	2727	2430	58	33	-1	
4	1	190	1	1	0	2727	2430	58	33	-1	
5	1	190	1	1	1	2727	2430	58	33	65.863953	of
5	1	190	1	1	2	2769	2411	20	56	28.185211	*
2	1	191	0	0	0	736	2483	63	14	-1	
3	1	191	1	0	0	736	2483	63	14	-1	
4	1	191	1	1	0	736	2483	63	14	-1	
5	1	191	1	1	1	736	2483	63	14	0.000000	NL
2	1	192	0	0	0	820	2484	147	14	-1	
3	1	192	1	0	0	820	2484	147	14	-1	
4	1	192	1	1	0	820	2484	147	14	-1	
5	1	192	1	1	1	820	2484	147	14	5.404213	On]
5	1	192	1	1	2	870	2480	27	26	27.715111	&}
5	1	192	1	1	3	909	2484	58	14	0.000000	G)}P~
2	1	193	0	0	0	989	2484	20	14	-1	
3	1	193	1	0	0	989	2484	20	14	-1	
4	1	193	1	1	0	989	2484	20	14	-1	
5	1	193	1	1	1	989	2484	20	14	31.557549	oO
2	1	194	0	0	0	1911	2470	55	29	-1	
3	1	194	1	0	0	1911	2470	55	29	-1	
4	1	194	1	1	0	1911	2470	55	29	-1	
5	1	194	1	1	1	1911	2470	55	29	60.436501	x®
2	1	195	0	0	0	2189	2449	43	34	-1	
3	1	195	1	0	0	2189	2449	43	34	-1	
4	1	195	1	1	0	2189	2449	43	34	-1	
5	1	195	1	1	1	2189	2449	43	34	53.221046	“3
2	1	196	0	0	0	2277	2501	53	19	-1	
3	1	196	1	0	0	2277	2501	53	19	-1	
4	1	196	1	1	0	2277	2501	53	19	-1	
5	1	196	1	1	1	2277	2501	53	19	62.772060	GA
2	1	197	0	0	0	1537	2535	46	5	-1	
3	1	197	1	0	0	1537	2535	46	5	-1	
4	1	197	1	1	0	1537	2535	46	5	-1	
5	1	197	1	1	1	1537	2535	46	5	37.064201	—
2	1	198	0	0	0	878	2547	59	15	-1	
3	1	198	1	0	0	878	2547	59	15	-1	
4	1	198	1	1	0	878	2547	59	15	-1	
5	1	198	1	1	1	878	2547	59	15	39.256287	++
2	1	199	0	0	0	1537	2544	41	12	-1	
3	1	199	1	0	0	1537	2544	41	12	-1	
4	1	199	1	1	0	1537	2544	41	12	-1	
5	1	199	1	1	1	1537	2544	41	12	89.613220	as
2	1	200	0	0	0	1906	2541	41	14	-1	
3	1	200	1	0	0	1906	2541	41	14	-1	
4	1	200	1	1	0	1906	2541	41	14	-1	
5	1	200	1	1	1	1906	2541	41	14	32.133423	hold
2	1	201	0	0	0	2261	2521	101	38	-1	
3	1	201	1	0	0	2261	2521	101	38	-1	
4	1	201	1	1	0	2261	2521	101	38	-1	
5	1	201	1	1	1	2261	2526	55	33	44.447361	-8--
5	1	201	1	1	2	2328	2521	34	22	2.598038	3
2	1	202	0	0	0	2401	2410	153	154	-1	
3	1	202	1	0	0	2401	2410	153	154	-1	
4	1	202	1	1	0	2401	2410	153	154	-1	
5	1	202	1	1	1	2401	2410	153	154	12.438141	a
2	1	203	0	0	0	1538	2567	39	16	-1	
3	1	203	1	0	0	1538	2567	39	16	-1	
4	1	203	1	1	0	1538	2567	39	16	-1	
5	1	203	1	1	1	1538	2567	39	16	50.100098	To
2	1	204	0	0	0	861	2576	106	16	-1	
3	1	204	1	0	0	861	2576	106	16	-1	
4	1	204	1	1	0	861	2576	106	16	-1	
5	1	204	1	1	1	861	2576	106	16	2.929222	DM!)
5	1	204	1	1	2	949	2572	21	30	34.967506	Mn
2	1	205	0	0	0	1537	2590	40	14	-1	
3	1	205	1	0	0	1537	2590	40	14	-1	
4	1	205	1	1	0	1537	2590	40	14	-1	
5	1	205	1	1	1	1537	2590	40	14	91.820908	aa
2	1	206	0	0	0	1536	2603	41	14	-1	
3	1	206	1	0	0	1536	2603	41	14	-1	
4	1	206	1	1	0	1536	2603	41	14	-1	
5	1	206	1	1	1	1536	2603	41	14	70.794769	23
2	1	207	0	0	0	1832	2604	68	14	-1	
3	1	207	1	0	0	1832	2604	68	14	-1	
4	1	207	1	1	0	1832	2604	68	14	-1	
5	1	207	1	1	1	1832	2604	68	14	0.000000	op
2	1	208	0	0	0	2882	2588	58	28	-1	
3	1	208	1	0	0	2882	2588	58	28	-1	
4	1	208	1	1	0	2882	2588	58	28	-1	
5	1	208	1	1	1	2882	2588	58	28	65.203804	pk
5	1	208	1	1	2	2926	2584	18	36	24.650276	*
2	1	209	0	0	0	2960	2586	67	32	-1	
3	1	209	1	0	0	2960	2586	67	32	-1	
4	1	209	1	1	0	2960	2586	67	32	-1	
5	1	209	1	1	1	2960	2586	67	32	37.091259	yt
5	1	209	1	1	2	3010	2569	18	54	36.367855	®
2	1	210	0	0	0	2322	2565	544	77	-1	
3	1	210	1	0	0	2322	2565	544	77	-1	
4	1	210	1	1	0	2322	2565	544	77	-1	
5	1	210	1	1	1	2322	2565	544	77	34.859818	ttt
2	1	211	0	0	0	2132	2632	52	38	-1	
3	1	211	1	0	0	2132	2632	52	38	-1	
4	1	211	1	1	0	2132	2632	52	38	-1	
5	1	211	1	1	1	2132	2632	52	38	24.703072	Fie
2	1	212	0	0	0	861	2652	65	25	-1	
3	1	212	1	0	0	861	2652	65	25	-1	
4	1	212	1	1	0	861	2652	65	25	-1	
5	1	212	1	1	1	861	2652	65	25	0.000000	7\¥
2	1	213	0	0	0	2133	2669	50	20	-1	
3	1	213	1	0	0	2133	2669	50	20	-1	
4	1	213	1	1	0	2133	2669	50	20	-1	
5	1	213	1	1	1	2133	2669	50	20	81.316322	Pu
2	1	214	0	0	0	2499	2662	155	32	-1	
3	1	214	1	0	0	2499	2662	155	32	-1	
4	1	214	1	1	0	2499	2662	155	32	-1	
5	1	214	1	1	1	2499	2667	23	24	91.451370	K
5	1	214	1	1	2	2536	2662	63	32	52.140942	“ok
5	1	214	1	1	3	2615	2658	39	40	70.089333	“lo
2	1	215	0	0	0	2881	2664	59	31	-1	
3	1	215	1	0	0	2881	2664	59	31	-1	
4	1	215	1	1	0	2881	2664	59	31	-1	
5	1	215	1	1	1	2881	2667	18	28	11.087837	9
5	1	215	1	1	2	2927	2664	13	8	42.649483	=
2	1	216	0	0	0	2957	2666	71	29	-1	
3	1	216	1	0	0	2957	2666	71	29	-1	
4	1	216	1	1	0	2957	2666	71	29	-1	
5	1	216	1	1	1	2957	2666	71	29	68.553314	ox
5	1	216	1	1	2	3009	2652	20	48	11.467865	*
2	1	217	0	0	0	815	2677	66	47	-1	
3	1	217	1	0	0	815	2677	66	47	-1	
4	1	217	1	1	0	815	2677	66	47	-1	
5	1	217	1	1	1	815	2677	66	47	0.000000	y¥\%
2	1	218	0	0	0	2133	2719	50	19	-1	
3	1	218	1	0	0	2133	2719	50	19	-1	
4	1	218	1	1	0	2133	2719	50	19	-1	
5	1	218	1	1	1	2133	2719	50	19	61.979107	ao
2	1	219	0	0	0	2415	2740	54	27	-1	
3	1	219	1	0	0	2415	2740	54	27	-1	
4	1	219	1	1	0	2415	2740	54	27	-1	
5	1	219	1	1	1	2415	2740	54	27	52.689911	ox”
2	1	220	0	0	0	2801	2744	59	28	-1	
3	1	220	1	0	0	2801	2744	59	28	-1	
4	1	220	1	1	0	2801	2744	59	28	-1	
5	1	220	1	1	1	2801	2744	59	28	79.597870	ox
5	1	220	1	1	2	2846	2731	17	46	44.621490	>
2	1	221	0	0	0	2478	2720	231	76	-1	
3	1	221	1	0	0	2478	2720	231	76	-1	
4	1	221	1	1	0	2478	2720	231	76	-1	
5	1	221	1	1	1	2478	2720	231	76	32.511559	|
2	1	222	0	0	0	2133	2763	50	42	-1	
3	1	222	1	0	0	2133	2763	50	42	-1	
4	1	222	1	1	0	2133	2763	50	42	-1	
5	1	222	1	1	1	2133	2763	50	42	38.984169	*8
2	1	223	0	0	0	2825	2811	37	12	-1	
3	1	223	1	0	0	2825	2811	37	12	-1	
4	1	223	1	1	0	2825	2811	37	12	-1	
5	1	223	1	1	1	2821	2804	12	28	26.493690	ro
5	1	223	1	1	2	2835	2811	27	12	10.997696	fiX)
2	1	224	0	0	0	1090	2848	6	11	-1	
3	1	224	1	0	0	1090	2848	6	11	-1	
4	1	224	1	1	0	1090	2848	6	11	-1	
5	1	224	1	1	1	1090	2848	6	11	78.784561	"
2	1	225	0	0	0	1534	2860	46	5	-1	
3	1	225	1	0	0	1534	2860	46	5	-1	
4	1	225	1	1	0	1534	2860	46	5	-1	
5	1	225	1	1	1	1534	2860	46	5	68.823509	—
2	1	226	0	0	0	734	2887	20	7	-1	
3	1	226	1	0	0	734	2887	20	7	-1	
4	1	226	1	1	0	734	2887	20	7	-1	
5	1	226	1	1	1	734	2887	20	7	12.056618	—
2	1	227	0	0	0	1535	2869	40	14	-1	
3	1	227	1	0	0	1535	2869	40	14	-1	
4	1	227	1	1	0	1535	2869	40	14	-1	
5	1	227	1	1	1	1535	2869	40	14	54.520477	Qs
2	1	228	0	0	0	1534	2893	41	16	-1	
3	1	228	1	0	0	1534	2893	41	16	-1	
4	1	228	1	1	0	1534	2893	41	16	-1	
5	1	228	1	1	1	1534	2893	41	16	60.105785	oa
2	1	229	0	0	0	2555	2798	76	113	-1	
3	1	229	1	0	0	2555	2798	76	113	-1	
4	1	229	1	1	0	2555	2798	76	113	-1	
5	1	229	1	1	1	2555	2798	76	113	0.000000	s
2	1	230	0	0	0	2633	2798	154	131	-1	
3	1	230	1	0	0	2633	2798	154	131	-1	
4	1	230	1	1	0	2633	2798	154	131	-1	
5	1	230	1	1	1	2633	2798	154	131	58.226299	ae
2	1	231	0	0	0	733	2917	20	8	-1	
3	1	231	1	0	0	733	2917	20	8	-1	
4	1	231	1	1	0	733	2917	20	8	-1	
5	1	231	1	1	1	733	2917	20	8	94.025627	=
2	1	232	0	0	0	1979	2896	340	60	-1	
3	1	232	1	0	0	1979	2896	340	60	-1	
4	1	232	1	1	0	1979	2896	340	60	-1	
5	1	232	1	1	1	1979	2896	132	60	19.285042	0?
5	1	232	1	1	2	2172	2897	147	59	0.000000	os
2	1	233	0	0	0	2382	2897	110	59	-1	
3	1	233	1	0	0	2382	2897	110	59	-1	
4	1	233	1	1	0	2382	2897	110	59	-1	
5	1	233	1	1	1	2382	2897	110	59	0.000000	o-9
2	1	234	0	0	0	2478	2916	152	40	-1	
3	1	234	1	0	0	2478	2916	152	40	-1	
4	1	234	1	1	0	2478	2916	152	40	-1	
5	1	234	1	1	1	2478	2916	152	40	33.290878	py
2	1	235	0	0	0	2633	2898	309	59	-1	
3	1	235	1	0	0	2633	2898	309	59	-1	
4	1	235	1	1	0	2633	2898	309	59	-1	
5	1	235	1	1	1	2633	2898	153	59	46.963921	p99
5	1	235	1	1	2	2838	2917	104	40	63.271969	94
2	1	236	0	0	0	732	2962	21	14	-1	
3	1	236	1	0	0	732	2962	21	14	-1	
4	1	236	1	1	0	732	2962	21	14	-1	
5	1	236	1	1	1	732	2962	21	14	2.274284	°o
2	1	237	0	0	0	1858	2982	53	22	-1	
3	1	237	1	0	0	1858	2982	53	22	-1	
4	1	237	1	1	0	1858	2982	53	22	-1	
5	1	237	1	1	1	1858	2982	53	22	60.994011	=.
2	1	238	0	0	0	2013	2974	298	24	-1	
3	1	238	1	0	0	2013	2974	298	24	-1	
4	1	238	1	1	0	2013	2974	298	24	-1	
5	1	238	1	1	1	2013	2975	77	23	96.823326	Timing
5	1	238	1	1	2	2101	2974	124	20	96.566696	Generation
5	1	238	1	1	3	2235	2975	76	19	96.749763	Circuit
2	1	239	0	0	0	2524	2974	282	22	-1	
3	1	239	1	0	0	2524	2974	282	22	-1	
4	1	239	1	1	0	2524	2974	282	22	-1	
5	1	239	1	1	1	2524	2974	41	22	96.809479	Key
5	1	239	1	1	2	2577	2975	58	21	95.995468	input
5	1	239	1	1	3	2644	2976	80	17	96.087204	control
5	1	239	1	1	4	2734	2975	72	18	96.261337	circuit
2	1	240	0	0	0	3006	2957	97	39	-1	
3	1	240	1	0	0	3006	2957	97	39	-1	
4	1	240	1	1	0	3006	2957	97	39	-1	
5	1	240	1	1	1	3006	2957	97	39	53.665768	O—
2	1	241	0	0	0	1858	3005	54	21	-1	
3	1	241	1	0	0	1858	3005	54	21	-1	
4	1	241	1	1	0	1858	3005	54	21	-1	
5	1	241	1	1	1	1858	3005	54	21	30.845978	z9
2	1	242	0	0	0	2700	3036	46	13	-1	
3	1	242	1	0	0	2700	3036	46	13	-1	
4	1	242	1	1	0	2700	3036	46	13	-1	
5	1	242	1	1	1	2700	3036	46	13	43.039417	n—
2	1	243	0	0	0	1858	3025	54	40	-1	
3	1	243	1	0	0	1858	3025	54	40	-1	
4	1	243	1	1	0	1858	3025	54	40	-1	
5	1	243	1	1	1	1858	3025	54	40	78.758942	38
2	1	244	0	0	0	2482	3047	78	17	-1	
3	1	244	1	0	0	2482	3047	78	17	-1	
4	1	244	1	1	0	2482	3047	78	17	-1	
5	1	244	1	1	1	2482	3047	78	17	0.000000	Qa0on9
2	1	245	0	0	0	2700	3051	47	12	-1	
3	1	245	1	0	0	2700	3051	47	12	-1	
4	1	245	1	1	0	2700	3051	47	12	-1	
5	1	245	1	1	1	2700	3051	47	12	30.162140	st
2	1	246	0	0	0	2860	3040	78	15	-1	
3	1	246	1	0	0	2860	3040	78	15	-1	
4	1	246	1	1	0	2860	3040	78	15	-1	
5	1	246	1	1	1	2860	3040	78	15	0.000000	wrmNO
2	1	247	0	0	0	3006	3022	102	31	-1	
3	1	247	1	0	0	3006	3022	102	31	-1	
4	1	247	1	1	0	3006	3022	102	31	-1	
5	1	247	1	1	1	3006	3022	102	31	0.000000	©)—+
2	1	248	0	0	0	2700	3072	46	18	-1	
3	1	248	1	0	0	2700	3072	46	18	-1	
4	1	248	1	1	0	2700	3072	46	18	-1	
5	1	248	1	1	1	2700	3072	46	18	39.313362	ag.
2	1	249	0	0	0	731	3084	21	14	-1	
3	1	249	1	0	0	731	3084	21	14	-1	
4	1	249	1	1	0	731	3084	21	14	-1	
5	1	249	1	1	1	731	3084	21	14	43.732979	wo
2	1	250	0	0	0	1858	3061	53	31	-1	
3	1	250	1	0	0	1858	3061	53	31	-1	
4	1	250	1	1	0	1858	3061	53	31	-1	
5	1	250	1	1	1	1858	3061	53	31	0.000000	s-
2	1	251	0	0	0	731	3099	21	14	-1	
3	1	251	1	0	0	731	3099	21	14	-1	
4	1	251	1	1	0	731	3099	21	14	-1	
5	1	251	1	1	1	731	3099	21	14	42.905693	wo
2	1	252	0	0	0	3006	3086	101	32	-1	
3	1	252	1	0	0	3006	3086	101	32	-1	
4	1	252	1	1	0	3006	3086	101	32	-1	
5	1	252	1	1	1	3006	3086	101	32	11.152031	(«)——
2	1	253	0	0	0	2889	3147	42	17	-1	
3	1	253	1	0	0	2889	3147	42	17	-1	
4	1	253	1	1	0	2889	3147	42	17	-1	
5	1	253	1	1	1	2889	3147	42	17	48.283417	6a
2	1	254	0	0	0	2973	3245	75	21	-1	
3	1	254	1	0	0	2973	3245	75	21	-1	
4	1	254	1	1	0	2973	3245	75	21	-1	
5	1	254	1	1	1	2973	3245	75	21	90.371422	C1003
2	1	255	0	0	0	2518	3299	40	13	-1	
3	1	255	1	0	0	2518	3299	40	13	-1	
4	1	255	1	1	0	2518	3299	40	13	-1	
5	1	255	1	1	1	2518	3299	40	13	0.018890	—¢
2	1	256	0	0	0	2684	3297	70	20	-1	
3	1	256	1	0	0	2684	3297	70	20	-1	
4	1	256	1	1	0	2684	3297	70	20	-1	
5	1	256	1	1	1	2684	3297	70	20	92.780449	R1001
2	1	257	0	0	0	2963	3266	101	40	-1	
3	1	257	1	0	0	2963	3266	101	40	-1	
4	1	257	1	1	0	2963	3266	101	40	-1	
5	1	257	1	1	1	2963	3270	50	18	12.726669	63V
5	1	257	1	1	2	3025	3266	39	40	12.726669	190
2	1	258	0	0	0	730	3306	18	18	-1	
3	1	258	1	0	0	730	3306	18	18	-1	
4	1	258	1	1	0	730	3306	18	18	-1	
5	1	258	1	1	1	730	3306	18	18	49.768089	*
2	1	259	0	0	0	1930	3304	77	20	-1	
3	1	259	1	0	0	1930	3304	77	20	-1	
4	1	259	1	1	0	1930	3304	77	20	-1	
5	1	259	1	1	1	1930	3304	77	20	57.020344	C1001.
2	1	260	0	0	0	2472	3323	91	14	-1	
3	1	260	1	0	0	2472	3323	91	14	-1	
4	1	260	1	1	0	2472	3323	91	14	-1	
5	1	260	1	1	1	2472	3319	30	24	50.031654	oOo
5	1	260	1	1	2	2518	3319	45	24	55.193817	WTF
2	1	261	0	0	0	2941	3299	166	26	-1	
3	1	261	1	0	0	2941	3299	166	26	-1	
4	1	261	1	1	0	2941	3299	166	26	-1	
5	1	261	1	1	1	2941	3299	166	26	45.251274	-—t—+
2	1	262	0	0	0	2686	3324	56	20	-1	
3	1	262	1	0	0	2686	3324	56	20	-1	
4	1	262	1	1	0	2686	3324	56	20	-1	
5	1	262	1	1	1	2686	3324	56	20	87.279297	1/4W
2	1	263	0	0	0	2005	3353	55	28	-1	
3	1	263	1	0	0	2005	3353	55	28	-1	
4	1	263	1	1	0	2005	3353	55	28	-1	
5	1	263	1	1	1	2005	3353	55	28	71.733093	28
2	1	264	0	0	0	2149	3352	54	30	-1	
3	1	264	1	0	0	2149	3352	54	30	-1	
4	1	264	1	1	0	2149	3352	54	30	-1	
5	1	264	1	1	1	2149	3352	54	30	54.607845	2°
2	1	265	0	0	0	2684	3354	69	18	-1	
3	1	265	1	0	0	2684	3354	69	18	-1	
4	1	265	1	1	0	2684	3354	69	18	-1	
5	1	265	1	1	1	2684	3354	7	18	0.000000	1
5	1	265	1	1	2	2703	3354	50	18	0.000000	ohm
2	1	266	0	0	0	2527	3387	29	16	-1	
3	1	266	1	0	0	2527	3387	29	16	-1	
4	1	266	1	1	0	2527	3387	29	16	-1	
5	1	266	1	1	1	2527	3387	29	16	63.876125	S
2	1	267	0	0	0	2149	3416	53	15	-1	
3	1	267	1	0	0	2149	3416	53	15	-1	
4	1	267	1	1	0	2149	3416	53	15	-1	
5	1	267	1	1	1	2149	3416	53	15	53.029842	o-
2	1	268	0	0	0	2457	3419	80	19	-1	
3	1	268	1	0	0	2457	3419	80	19	-1	
4	1	268	1	1	0	2457	3419	80	19	-1	
5	1	268	1	1	1	2457	3419	80	19	20.417595	2mn
2	1	269	0	0	0	2457	3437	111	25	-1	
3	1	269	1	0	0	2457	3437	111	25	-1	
4	1	269	1	1	0	2457	3437	111	25	-1	
5	1	269	1	1	1	2457	3437	111	25	36.240677	nOMmo
2	1	270	0	0	0	3025	3419	29	41	-1	
3	1	270	1	0	0	3025	3419	29	41	-1	
4	1	270	1	1	0	3025	3419	29	41	-1	
5	1	270	1	1	1	3025	3419	29	41	27.876732	|"
2	1	271	0	0	0	1942	3461	75	20	-1	
3	1	271	1	0	0	1942	3461	75	20	-1	
4	1	271	1	1	0	1942	3461	75	20	-1	
5	1	271	1	1	1	1942	3461	75	20	90.707321	C1002
2	1	272	0	0	0	2079	3445	14	43	-1	
3	1	272	1	0	0	2079	3445	14	43	-1	
4	1	272	1	1	0	2079	3445	14	43	-1	
5	1	272	1	1	1	2079	3445	14	43	86.882751	\
2	1	273	0	0	0	2512	3460	56	16	-1	
3	1	273	1	0	0	2512	3460	56	16	-1	
4	1	273	1	1	0	2512	3460	56	16	-1	
5	1	273	1	1	1	2512	3460	56	16	44.074883	oa
2	1	274	0	0	0	2512	3507	56	26	-1	
3	1	274	1	0	0	2512	3507	56	26	-1	
4	1	274	1	1	0	2512	3507	56	26	-1	
5	1	274	1	1	1	2512	3507	56	26	0.000000	>-
2	1	275	0	0	0	1446	4185	19	11	-1	
3	1	275	1	0	0	1446	4185	19	11	-1	
4	1	275	1	1	0	1446	4185	19	11	-1	
5	1	275	1	1	1	1446	4185	19	11	40.329727	sv
2	1	276	0	0	0	1500	4183	14	12	-1	
3	1	276	1	0	0	1500	4183	14	12	-1	
4	1	276	1	1	0	1500	4183	14	12	-1	
5	1	276	1	1	1	1500	4183	14	12	72.979851	a
2	1	277	0	0	0	1556	4182	19	12	-1	
3	1	277	1	0	0	1556	4182	19	12	-1	
4	1	277	1	1	0	1556	4182	19	12	-1	
5	1	277	1	1	1	1556	4182	19	12	96.170502	a
2	1	278	0	0	0	1801	4185	18	8	-1	
3	1	278	1	0	0	1801	4185	18	8	-1	
4	1	278	1	1	0	1801	4185	18	8	-1	
5	1	278	1	1	1	1801	4185	18	8	75.186493	~
2	1	279	0	0	0	1927	4181	47	15	-1	
3	1	279	1	0	0	1927	4181	47	15	-1	
4	1	279	1	1	0	1927	4181	47	15	-1	
5	1	279	1	1	1	1927	4181	47	15	61.820225	No
2	1	280	0	0	0	2039	4180	45	22	-1	
3	1	280	1	0	0	2039	4180	45	22	-1	
4	1	280	1	1	0	2039	4180	45	22	-1	
5	1	280	1	1	1	2039	4180	45	22	61.292747	Zs
2	1	281	0	0	0	638	4197	43	14	-1	
3	1	281	1	0	0	638	4197	43	14	-1	
4	1	281	1	1	0	638	4197	43	14	-1	
5	1	281	1	1	1	638	4197	43	14	96.314339	R352
2	1	282	0	0	0	1926	4197	48	25	-1	
3	1	282	1	0	0	1926	4197	48	25	-1	
4	1	282	1	1	0	1926	4197	48	25	-1	
5	1	282	1	1	1	1926	4197	48	25	57.656902	as
2	1	283	0	0	0	2039	4204	45	17	-1	
3	1	283	1	0	0	2039	4204	45	17	-1	
4	1	283	1	1	0	2039	4204	45	17	-1	
5	1	283	1	1	1	2039	4204	45	17	47.072540	2u
2	1	284	0	0	0	638	4214	44	14	-1	
3	1	284	1	0	0	638	4214	44	14	-1	
4	1	284	1	1	0	638	4214	44	14	-1	
5	1	284	1	1	1	638	4214	44	14	96.688393	470K
2	1	285	0	0	0	1926	4220	48	16	-1	
3	1	285	1	0	0	1926	4220	48	16	-1	
4	1	285	1	1	0	1926	4220	48	16	-1	
5	1	285	1	1	1	1926	4220	48	16	56.426239	x2
2	1	286	0	0	0	2136	4267	45	14	-1	
3	1	286	1	0	0	2136	4267	45	14	-1	
4	1	286	1	1	0	2136	4267	45	14	-1	
5	1	286	1	1	1	2136	4267	45	14	85.309792	C357
2	1	287	0	0	0	717	4282	32	13	-1	
3	1	287	1	0	0	717	4282	32	13	-1	
4	1	287	1	1	0	717	4282	32	13	-1	
5	1	287	1	1	1	717	4282	32	13	45.864792	fu
2	1	288	0	0	0	718	4294	31	12	-1	
3	1	288	1	0	0	718	4294	31	12	-1	
4	1	288	1	1	0	718	4294	31	12	-1	
5	1	288	1	1	1	718	4294	31	12	16.478233	Zao
2	1	289	0	0	0	2148	4285	30	14	-1	
3	1	289	1	0	0	2148	4285	30	14	-1	
4	1	289	1	1	0	2148	4285	30	14	-1	
5	1	289	1	1	1	2148	4285	30	14	0.000000	1oP
2	1	290	0	0	0	717	4306	32	12	-1	
3	1	290	1	0	0	717	4306	32	12	-1	
4	1	290	1	1	0	717	4306	32	12	-1	
5	1	290	1	1	1	717	4306	32	12	82.576256	Ra
2	1	291	0	0	0	640	4318	42	14	-1	
3	1	291	1	0	0	640	4318	42	14	-1	
4	1	291	1	1	0	640	4318	42	14	-1	
5	1	291	1	1	1	640	4318	42	14	36.600742	C351
2	1	292	0	0	0	649	4336	33	13	-1	
3	1	292	1	0	0	649	4336	33	13	-1	
4	1	292	1	1	0	649	4336	33	13	-1	
5	1	292	1	1	1	649	4336	33	13	87.451141	0.01
2	1	293	0	0	0	1127	4362	32	10	-1	
3	1	293	1	0	0	1127	4362	32	10	-1	
4	1	293	1	1	0	1127	4362	32	10	-1	
5	1	293	1	1	1	1127	4362	32	10	61.808678	No
2	1	294	0	0	0	1127	4350	32	11	-1	
3	1	294	1	0	0	1127	4350	32	11	-1	
4	1	294	1	1	0	1127	4350	32	11	-1	
5	1	294	1	1	1	1127	4350	32	11	62.868004	an
2	1	295	0	0	0	2343	4354	32	10	-1	
3	1	295	1	0	0	2343	4354	32	10	-1	
4	1	295	1	1	0	2343	4354	32	10	-1	
5	1	295	1	1	1	2343	4354	32	10	58.847504	ao
2	1	296	0	0	0	2343	4341	32	13	-1	
3	1	296	1	0	0	2343	4341	32	13	-1	
4	1	296	1	1	0	2343	4341	32	13	-1	
5	1	296	1	1	1	2343	4341	32	13	60.677383	wx
2	1	297	0	0	0	1128	4374	31	12	-1	
3	1	297	1	0	0	1128	4374	31	12	-1	
4	1	297	1	1	0	1128	4374	31	12	-1	
5	1	297	1	1	1	1128	4374	31	12	62.244553	RD
2	1	298	0	0	0	1497	4365	45	14	-1	
3	1	298	1	0	0	1497	4365	45	14	-1	
4	1	298	1	1	0	1497	4365	45	14	-1	
5	1	298	1	1	1	1497	4365	45	14	81.199173	C364
2	1	299	0	0	0	1604	4365	45	14	-1	
3	1	299	1	0	0	1604	4365	45	14	-1	
4	1	299	1	1	0	1604	4365	45	14	-1	
5	1	299	1	1	1	1604	4365	45	14	95.113571	R359
2	1	300	0	0	0	1920	4366	76	15	-1	
3	1	300	1	0	0	1920	4366	76	15	-1	
4	1	300	1	1	0	1920	4366	76	15	-1	
5	1	300	1	1	1	1920	4366	76	15	0.000000	4
2	1	301	0	0	0	2308	4366	67	15	-1	
3	1	301	1	0	0	2308	4366	67	15	-1	
4	1	301	1	1	0	2308	4366	67	15	-1	
5	1	301	1	1	1	2308	4366	67	15	0.037064	o¢e
2	1	302	0	0	0	2343	4379	32	10	-1	
3	1	302	1	0	0	2343	4379	32	10	-1	
4	1	302	1	1	0	2343	4379	32	10	-1	
5	1	302	1	1	1	2343	4379	32	10	10.456146	+4
2	1	303	0	0	0	805	4398	27	9	-1	
3	1	303	1	0	0	805	4398	27	9	-1	
4	1	303	1	1	0	805	4398	27	9	-1	
5	1	303	1	1	1	805	4398	27	9	35.718140	ar
2	1	304	0	0	0	805	4383	28	11	-1	
3	1	304	1	0	0	805	4383	28	11	-1	
4	1	304	1	1	0	805	4383	28	11	-1	
5	1	304	1	1	1	805	4383	28	11	85.880966	aD
2	1	305	0	0	0	1506	4383	31	14	-1	
3	1	305	1	0	0	1506	4383	31	14	-1	
4	1	305	1	1	0	1506	4383	31	14	-1	
5	1	305	1	1	1	1506	4383	31	14	88.147598	0.01
2	1	306	0	0	0	1612	4383	38	14	-1	
3	1	306	1	0	0	1612	4383	38	14	-1	
4	1	306	1	1	0	1612	4383	38	14	-1	
5	1	306	1	1	1	1612	4383	38	14	90.175835	100K
2	1	307	0	0	0	2039	4356	183	57	-1	
3	1	307	1	0	0	2039	4356	183	57	-1	
4	1	307	1	1	0	2039	4356	183	57	-1	
5	1	307	1	1	1	2039	4364	21	16	24.667213	°
5	1	307	1	1	2	2085	4356	137	57	27.279289	/~8X
2	1	308	0	0	0	2343	4399	71	15	-1	
3	1	308	1	0	0	2343	4399	71	15	-1	
4	1	308	1	1	0	2343	4399	71	15	-1	
5	1	308	1	1	1	2343	4404	13	10	84.756760	x
5	1	308	1	1	2	2369	4399	45	14	94.162491	C359
2	1	309	0	0	0	641	4404	45	14	-1	
3	1	309	1	0	0	641	4404	45	14	-1	
4	1	309	1	1	0	641	4404	45	14	-1	
5	1	309	1	1	1	641	4404	45	14	88.095695	C366
2	1	310	0	0	0	642	4420	40	13	-1	
3	1	310	1	0	0	642	4420	40	13	-1	
4	1	310	1	1	0	642	4420	40	13	-1	
5	1	310	1	1	1	642	4420	40	13	40.629917	SOvI
2	1	311	0	0	0	805	4408	28	11	-1	
3	1	311	1	0	0	805	4408	28	11	-1	
4	1	311	1	1	0	805	4408	28	11	-1	
5	1	311	1	1	1	805	4408	28	11	88.757401	RD
2	1	312	0	0	0	1127	4424	31	11	-1	
3	1	312	1	0	0	1127	4424	31	11	-1	
4	1	312	1	1	0	1127	4424	31	11	-1	
5	1	312	1	1	1	1127	4424	31	11	33.887680	na
2	1	313	0	0	0	1483	4399	89	22	-1	
3	1	313	1	0	0	1483	4399	89	22	-1	
4	1	313	1	1	0	1483	4399	89	22	-1	
5	1	313	1	1	1	1483	4399	89	22	0.000000	FHI-4
2	1	314	0	0	0	2149	4416	29	14	-1	
3	1	314	1	0	0	2149	4416	29	14	-1	
4	1	314	1	1	0	2149	4416	29	14	-1	
5	1	314	1	1	1	2149	4416	29	14	26.511681	lop
2	1	315	0	0	0	2370	4417	33	14	-1	
3	1	315	1	0	0	2370	4417	33	14	-1	
4	1	315	1	1	0	2370	4417	33	14	-1	
5	1	315	1	1	1	2370	4417	33	14	73.952774	0.01
2	1	316	0	0	0	1128	4437	30	10	-1	
3	1	316	1	0	0	1128	4437	30	10	-1	
4	1	316	1	1	0	1128	4437	30	10	-1	
5	1	316	1	1	1	1128	4437	30	10	47.388908	xO
2	1	317	0	0	0	1700	4435	38	12	-1	
3	1	317	1	0	0	1700	4435	38	12	-1	
4	1	317	1	1	0	1700	4435	38	12	-1	
5	1	317	1	1	1	1700	4435	38	12	67.252045	yo
2	1	318	0	0	0	1127	4461	31	12	-1	
3	1	318	1	0	0	1127	4461	31	12	-1	
4	1	318	1	1	0	1127	4461	31	12	-1	
5	1	318	1	1	1	1127	4461	31	12	28.539566	Pt.)
2	1	319	0	0	0	1127	4449	31	10	-1	
3	1	319	1	0	0	1127	4449	31	10	-1	
4	1	319	1	1	0	1127	4449	31	10	-1	
5	1	319	1	1	1	1127	4449	31	10	64.850327	on
2	1	320	0	0	0	1680	4453	58	15	-1	
3	1	320	1	0	0	1680	4453	58	15	-1	
4	1	320	1	1	0	1680	4453	58	15	-1	
5	1	320	1	1	1	1680	4453	58	15	24.997650	VWaRe
2	1	321	0	0	0	2162	4458	32	15	-1	
3	1	321	1	0	0	2162	4458	32	15	-1	
4	1	321	1	1	0	2162	4458	32	15	-1	
5	1	321	1	1	1	2162	4458	32	15	37.971210	nD
2	1	322	0	0	0	2359	4454	40	14	-1	
3	1	322	1	0	0	2359	4454	40	14	-1	
4	1	322	1	1	0	2359	4454	40	14	-1	
5	1	322	1	1	1	2359	4454	40	14	82.731934	c36!
2	1	323	0	0	0	2163	4471	30	20	-1	
3	1	323	1	0	0	2163	4471	30	20	-1	
4	1	323	1	1	0	2163	4471	30	20	-1	
5	1	323	1	1	1	2163	4471	30	20	29.410889	o8
2	1	324	0	0	0	2263	4484	44	13	-1	
3	1	324	1	0	0	2263	4484	44	13	-1	
4	1	324	1	1	0	2263	4484	44	13	-1	
5	1	324	1	1	1	2263	4484	44	13	96.227982	R370
2	1	325	0	0	0	2359	4473	35	13	-1	
3	1	325	1	0	0	2359	4473	35	13	-1	
4	1	325	1	1	0	2359	4473	35	13	-1	
5	1	325	1	1	1	2359	4473	35	13	75.978661	0.01
2	1	326	0	0	0	2014	4486	94	14	-1	
3	1	326	1	0	0	2014	4486	94	14	-1	
4	1	326	1	1	0	2014	4486	94	14	-1	
5	1	326	1	1	1	2014	4482	19	25	7.986870	So
5	1	326	1	1	2	2044	4486	64	14	41.267014	——
2	1	327	0	0	0	2264	4502	35	13	-1	
3	1	327	1	0	0	2264	4502	35	13	-1	
4	1	327	1	1	0	2264	4502	35	13	-1	
5	1	327	1	1	1	2264	4502	35	13	96.155373	330
2	1	328	0	0	0	2341	4490	49	22	-1	
3	1	328	1	0	0	2341	4490	49	22	-1	
4	1	328	1	1	0	2341	4490	49	22	-1	
5	1	328	1	1	1	2341	4490	49	22	66.587402	Fh
2	1	329	0	0	0	934	4518	47	10	-1	
3	1	329	1	0	0	934	4518	47	10	-1	
4	1	329	1	1	0	934	4518	47	10	-1	
5	1	329	1	1	1	934	4518	47	10	36.992817	ale
2	1	330	0	0	0	1470	4519	32	13	-1	
3	1	330	1	0	0	1470	4519	32	13	-1	
4	1	330	1	1	0	1470	4519	32	13	-1	
5	1	330	1	1	1	1470	4519	32	13	4.632980	rf)
2	1	331	0	0	0	2513	4516	48	23	-1	
3	1	331	1	0	0	2513	4516	48	23	-1	
4	1	331	1	1	0	2513	4516	48	23	-1	
5	1	331	1	1	1	2513	4516	48	23	72.694626	Zs
2	1	332	0	0	0	2819	4503	57	26	-1	
3	1	332	1	0	0	2819	4503	57	26	-1	
4	1	332	1	1	0	2819	4503	57	26	-1	
5	1	332	1	1	1	2819	4503	57	26	17.328651	(_)
5	1	332	1	1	2	2854	4499	27	34	71.777077	vA
2	1	333	0	0	0	1469	4543	33	13	-1	
3	1	333	1	0	0	1469	4543	33	13	-1	
4	1	333	1	1	0	1469	4543	33	13	-1	
5	1	333	1	1	1	1469	4543	33	13	61.140526	ae
2	1	334	0	0	0	1469	4531	33	13	-1	
3	1	334	1	0	0	1469	4531	33	13	-1	
4	1	334	1	1	0	1469	4531	33	13	-1	
5	1	334	1	1	1	1469	4531	33	13	72.275253	oa
2	1	335	0	0	0	2113	4532	44	13	-1	
3	1	335	1	0	0	2113	4532	44	13	-1	
4	1	335	1	1	0	2113	4532	44	13	-1	
5	1	335	1	1	1	2113	4532	44	13	91.958374	C367
2	1	336	0	0	0	2513	4539	47	16	-1	
3	1	336	1	0	0	2513	4539	47	16	-1	
4	1	336	1	1	0	2513	4539	47	16	-1	
5	1	336	1	1	1	2513	4539	47	16	94.575897	Zu
2	1	337	0	0	0	2818	4532	126	24	-1	
3	1	337	1	0	0	2818	4532	126	24	-1	
4	1	337	1	1	0	2818	4532	126	24	-1	
5	1	337	1	1	1	2818	4532	88	24	0.000000	(_)PITCH
5	1	337	1	1	2	2922	4538	22	14	95.425987	VR
2	1	338	0	0	0	2117	4550	33	13	-1	
3	1	338	1	0	0	2117	4550	33	13	-1	
4	1	338	1	1	0	2117	4550	33	13	-1	
5	1	338	1	1	1	2117	4550	33	13	78.869865	22P
2	1	339	0	0	0	2513	4559	48	16	-1	
3	1	339	1	0	0	2513	4559	48	16	-1	
4	1	339	1	1	0	2513	4559	48	16	-1	
5	1	339	1	1	1	2513	4559	48	16	88.761200	No
2	1	340	0	0	0	1222	4572	81	15	-1	
3	1	340	1	0	0	1222	4572	81	15	-1	
4	1	340	1	1	0	1222	4572	81	15	-1	
5	1	340	1	1	1	1222	4572	81	15	0.000000	—s
2	1	341	0	0	0	1400	4583	33	14	-1	
3	1	341	1	0	0	1400	4583	33	14	-1	
4	1	341	1	1	0	1400	4583	33	14	-1	
5	1	341	1	1	1	1400	4583	33	14	73.195114	xo
2	1	342	0	0	0	1499	4582	45	14	-1	
3	1	342	1	0	0	1499	4582	45	14	-1	
4	1	342	1	1	0	1499	4582	45	14	-1	
5	1	342	1	1	1	1499	4582	45	14	90.083565	C363
2	1	343	0	0	0	2513	4575	48	17	-1	
3	1	343	1	0	0	2513	4575	48	17	-1	
4	1	343	1	1	0	2513	4575	48	17	-1	
5	1	343	1	1	1	2513	4575	48	17	48.373070	ho
2	1	344	0	0	0	2819	4560	81	24	-1	
3	1	344	1	0	0	2819	4560	81	24	-1	
4	1	344	1	1	0	2819	4560	81	24	-1	
5	1	344	1	1	1	2815	4556	14	32	47.733116	(
5	1	344	1	1	2	2819	4560	81	24	22.393082	)+iav
2	1	345	0	0	0	1103	4605	48	9	-1	
3	1	345	1	0	0	1103	4605	48	9	-1	
4	1	345	1	1	0	1103	4605	48	9	-1	
5	1	345	1	1	1	1099	4595	17	28	27.111099	nN
5	1	345	1	1	2	1124	4595	27	28	55.915497	fo
2	1	346	0	0	0	1398	4598	35	13	-1	
3	1	346	1	0	0	1398	4598	35	13	-1	
4	1	346	1	1	0	1398	4598	35	13	-1	
5	1	346	1	1	1	1398	4598	35	13	71.555222	pa
2	1	347	0	0	0	1399	4610	34	9	-1	
3	1	347	1	0	0	1399	4610	34	9	-1	
4	1	347	1	1	0	1399	4610	34	9	-1	
5	1	347	1	1	1	1399	4610	34	9	33.579483	ary
2	1	348	0	0	0	1506	4599	34	14	-1	
3	1	348	1	0	0	1506	4599	34	14	-1	
4	1	348	1	1	0	1506	4599	34	14	-1	
5	1	348	1	1	1	1506	4599	34	14	94.472832	0.01
2	1	349	0	0	0	2854	4593	48	14	-1	
3	1	349	1	0	0	2854	4593	48	14	-1	
4	1	349	1	1	0	2854	4593	48	14	-1	
5	1	349	1	1	1	2854	4593	48	14	23.913910	-12v
2	1	350	0	0	0	1398	4618	34	11	-1	
3	1	350	1	0	0	1398	4618	34	11	-1	
4	1	350	1	1	0	1398	4618	34	11	-1	
5	1	350	1	1	1	1398	4618	34	11	72.644783	ON
2	1	351	0	0	0	1483	4617	83	22	-1	
3	1	351	1	0	0	1483	4617	83	22	-1	
4	1	351	1	1	0	1483	4617	83	22	-1	
5	1	351	1	1	1	1483	4617	83	22	0.000000	Hi;
2	1	352	0	0	0	1847	4631	42	14	-1	
3	1	352	1	0	0	1847	4631	42	14	-1	
4	1	352	1	1	0	1847	4631	42	14	-1	
5	1	352	1	1	1	1847	4631	42	14	81.993980	R351
2	1	353	0	0	0	2820	4615	126	24	-1	
3	1	353	1	0	0	2820	4615	126	24	-1	
4	1	353	1	1	0	2820	4615	126	24	-1	
5	1	353	1	1	1	2816	4611	14	32	0.000000	(
5	1	353	1	1	2	2856	4618	53	15	0.000000	)PITCH
5	1	353	1	1	3	2923	4620	23	14	93.330467	sw
2	1	354	0	0	0	1249	4641	43	15	-1	
3	1	354	1	0	0	1249	4641	43	15	-1	
4	1	354	1	1	0	1249	4641	43	15	-1	
5	1	354	1	1	1	1249	4641	43	15	94.319298	R356
2	1	355	0	0	0	1484	4643	44	14	-1	
3	1	355	1	0	0	1484	4643	44	14	-1	
4	1	355	1	1	0	1484	4643	44	14	-1	
5	1	355	1	1	1	1484	4643	44	14	95.123947	R355
2	1	356	0	0	0	1973	4628	40	35	-1	
3	1	356	1	0	0	1973	4628	40	35	-1	
4	1	356	1	1	0	1973	4628	40	35	-1	
5	1	356	1	1	1	1973	4628	40	35	66.724548	ac
2	1	357	0	0	0	2057	4639	43	14	-1	
3	1	357	1	0	0	2057	4639	43	14	-1	
4	1	357	1	1	0	2057	4639	43	14	-1	
5	1	357	1	1	1	2057	4639	43	14	90.176453	C362
2	1	358	0	0	0	2854	4648	35	14	-1	
3	1	358	1	0	0	2854	4648	35	14	-1	
4	1	358	1	1	0	2854	4648	35	14	-1	
5	1	358	1	1	1	2854	4648	35	14	91.940804	osc
2	1	359	0	0	0	983	4653	43	14	-1	
3	1	359	1	0	0	983	4653	43	14	-1	
4	1	359	1	1	0	983	4653	43	14	-1	
5	1	359	1	1	1	983	4653	43	14	94.943214	R364
2	1	360	0	0	0	988	4673	28	14	-1	
3	1	360	1	0	0	988	4673	28	14	-1	
4	1	360	1	1	0	988	4673	28	14	-1	
5	1	360	1	1	1	988	4673	28	14	0.000000	1oK
2	1	361	0	0	0	1253	4659	37	14	-1	
3	1	361	1	0	0	1253	4659	37	14	-1	
4	1	361	1	1	0	1253	4659	37	14	-1	
5	1	361	1	1	1	1253	4659	37	14	95.800606	2.7K
2	1	362	0	0	0	1485	4660	39	13	-1	
3	1	362	1	0	0	1485	4660	39	13	-1	
4	1	362	1	1	0	1485	4660	39	13	-1	
5	1	362	1	1	1	1485	4660	39	13	94.791260	3.3K
2	1	363	0	0	0	2066	4656	31	14	-1	
3	1	363	1	0	0	2066	4656	31	14	-1	
4	1	363	1	1	0	2066	4656	31	14	-1	
5	1	363	1	1	1	2066	4656	31	14	85.422791	0.01
2	1	364	0	0	0	897	4669	34	23	-1	
3	1	364	1	0	0	897	4669	34	23	-1	
4	1	364	1	1	0	897	4669	34	23	-1	
5	1	364	1	1	1	897	4669	34	23	21.211906	QS
2	1	365	0	0	0	2855	4677	19	12	-1	
3	1	365	1	0	0	2855	4677	19	12	-1	
4	1	365	1	1	0	2855	4677	19	12	-1	
5	1	365	1	1	1	2855	4677	19	12	68.201263	xt
2	1	366	0	0	0	1383	4703	43	14	-1	
3	1	366	1	0	0	1383	4703	43	14	-1	
4	1	366	1	1	0	1383	4703	43	14	-1	
5	1	366	1	1	1	1383	4703	43	14	88.870537	C352
2	1	367	0	0	0	1963	4663	153	57	-1	
3	1	367	1	0	0	1963	4663	209	57	-1	
4	1	367	1	1	0	1963	4663	153	57	-1	
5	1	367	1	1	1	1963	4663	49	57	71.938126	LJ
5	1	367	1	1	2	2035	4663	81	57	33.047333	[HA
2	1	368	0	0	0	2818	4698	73	24	-1	
3	1	368	1	0	0	2818	4698	73	24	-1	
4	1	368	1	1	0	2818	4698	73	24	-1	
5	1	368	1	1	1	2818	4698	26	24	20.434761	(_)
5	1	368	1	1	2	2855	4704	36	14	96.763245	GND
2	1	369	0	0	0	3259	4692	36	24	-1	
3	1	369	1	0	0	3259	4692	36	24	-1	
4	1	369	1	1	0	3259	4692	36	24	-1	
5	1	369	1	1	1	3259	4692	36	24	34.479691	ba
5	1	369	1	1	2	3291	4688	8	40	85.297974	|
2	1	370	0	0	0	812	4722	85	14	-1	
3	1	370	1	0	0	812	4722	85	14	-1	
4	1	370	1	1	0	812	4722	85	14	-1	
5	1	370	1	1	1	812	4722	43	14	89.079704	R362
5	1	370	1	1	2	869	4722	28	14	82.791656	10K
2	1	371	0	0	0	1202	4722	44	14	-1	
3	1	371	1	0	0	1202	4722	44	14	-1	
4	1	371	1	1	0	1202	4722	44	14	-1	
5	1	371	1	1	1	1202	4722	44	14	80.872009	R354
2	1	372	0	0	0	1388	4721	36	14	-1	
3	1	372	1	0	0	1388	4721	36	14	-1	
4	1	372	1	1	0	1388	4721	36	14	-1	
5	1	372	1	1	1	1388	4721	36	14	93.574577	0.01
2	1	373	0	0	0	1469	4721	36	12	-1	
3	1	373	1	0	0	1469	4721	36	12	-1	
4	1	373	1	1	0	1469	4721	36	12	-1	
5	1	373	1	1	1	1469	4721	36	12	44.446136	oa
2	1	374	0	0	0	1600	4719	40	14	-1	
3	1	374	1	0	0	1600	4719	40	14	-1	
4	1	374	1	1	0	1600	4719	40	14	-1	
5	1	374	1	1	1	1600	4719	40	14	82.516319	R361
2	1	375	0	0	0	1862	4724	33	14	-1	
3	1	375	1	0	0	1862	4724	33	14	-1	
4	1	375	1	1	0	1862	4724	33	14	-1	
5	1	375	1	1	1	1862	4724	33	14	90.702797	369
2	1	376	0	0	0	2177	4634	250	96	-1	
3	1	376	1	0	0	2177	4634	250	96	-1	
4	1	376	1	1	0	2177	4634	250	96	-1	
5	1	376	1	1	1	2177	4634	250	96	29.373924	Ls
2	1	377	0	0	0	2696	4728	33	20	-1	
3	1	377	1	0	0	2696	4728	33	20	-1	
4	1	377	1	1	0	2696	4728	33	20	-1	
5	1	377	1	1	1	2696	4728	33	20	88.683403	Hh
2	1	378	0	0	0	2818	4726	79	24	-1	
3	1	378	1	0	0	2818	4726	79	24	-1	
4	1	378	1	1	0	2818	4726	79	24	-1	
5	1	378	1	1	1	2818	4726	25	24	0.000000	(_)
5	1	378	1	1	2	2858	4732	39	14	66.915924	+5v
2	1	379	0	0	0	1205	4739	35	13	-1	
3	1	379	1	0	0	1205	4739	35	13	-1	
4	1	379	1	1	0	1205	4739	35	13	-1	
5	1	379	1	1	1	1205	4739	35	13	79.086914	47K
2	1	380	0	0	0	1470	4746	35	12	-1	
3	1	380	1	0	0	1470	4746	35	12	-1	
4	1	380	1	1	0	1470	4746	35	12	-1	
5	1	380	1	1	1	1470	4746	35	12	80.711823	<a
2	1	381	0	0	0	1605	4738	40	14	-1	
3	1	381	1	0	0	1605	4738	40	14	-1	
4	1	381	1	1	0	1605	4738	40	14	-1	
5	1	381	1	1	1	1605	4738	40	14	93.771393	2.2K
2	1	382	0	0	0	1864	4738	33	13	-1	
3	1	382	1	0	0	1864	4738	33	13	-1	
4	1	382	1	1	0	1864	4738	33	13	-1	
5	1	382	1	1	1	1864	4738	33	13	0.000000	KeleHi
2	1	383	0	0	0	2384	4746	190	17	-1	
3	1	383	1	0	0	2384	4746	190	17	-1	
4	1	383	1	1	0	2384	4746	190	17	-1	
5	1	383	1	1	1	2384	4746	190	17	5.269638	——_|—__—
2	1	384	0	0	0	2713	4756	33	12	-1	
3	1	384	1	0	0	2713	4756	33	12	-1	
4	1	384	1	1	0	2713	4756	33	12	-1	
5	1	384	1	1	1	2713	4756	33	12	30.495186	[ote]
2	1	385	0	0	0	2148	4734	137	53	-1	
3	1	385	1	0	0	2148	4734	137	53	-1	
4	1	385	1	1	0	2148	4734	137	53	-1	
5	1	385	1	1	1	2148	4770	14	10	0.000000	-
5	1	385	1	1	2	2208	4734	77	53	3.256424	[|
2	1	386	0	0	0	2713	4773	33	12	-1	
3	1	386	1	0	0	2713	4773	33	12	-1	
4	1	386	1	1	0	2713	4773	33	12	-1	
5	1	386	1	1	1	2713	4773	33	12	66.751228	ow
2	1	387	0	0	0	1248	4796	43	14	-1	
3	1	387	1	0	0	1248	4796	43	14	-1	
4	1	387	1	1	0	1248	4796	43	14	-1	
5	1	387	1	1	1	1248	4796	43	14	91.339729	C354
2	1	388	0	0	0	1404	4784	32	13	-1	
3	1	388	1	0	0	1404	4784	32	13	-1	
4	1	388	1	1	0	1404	4784	32	13	-1	
5	1	388	1	1	1	1404	4784	32	13	53.444958	So
2	1	389	0	0	0	1683	4785	31	11	-1	
3	1	389	1	0	0	1683	4785	31	11	-1	
4	1	389	1	1	0	1683	4785	31	11	-1	
5	1	389	1	1	1	1683	4785	31	11	55.671085	nD
2	1	390	0	0	0	2713	4785	34	10	-1	
3	1	390	1	0	0	2713	4785	34	10	-1	
4	1	390	1	1	0	2713	4785	34	10	-1	
5	1	390	1	1	1	2713	4785	34	10	57.972317	La
2	1	391	0	0	0	1236	4815	32	14	-1	
3	1	391	1	0	0	1236	4815	32	14	-1	
4	1	391	1	1	0	1236	4815	32	14	-1	
5	1	391	1	1	1	1236	4815	32	14	87.274231	22P
2	1	392	0	0	0	1404	4819	32	14	-1	
3	1	392	1	0	0	1404	4819	32	14	-1	
4	1	392	1	1	0	1404	4819	32	14	-1	
5	1	392	1	1	1	1404	4819	32	14	43.346767	Bo
2	1	393	0	0	0	1683	4820	30	10	-1	
3	1	393	1	0	0	1683	4820	30	10	-1	
4	1	393	1	1	0	1683	4820	30	10	-1	
5	1	393	1	1	1	1683	4820	30	10	75.309105	xO
2	1	394	0	0	0	1683	4806	30	12	-1	
3	1	394	1	0	0	1683	4806	30	12	-1	
4	1	394	1	1	0	1683	4806	30	12	-1	
5	1	394	1	1	1	1683	4806	30	12	82.804855	Ra
2	1	395	0	0	0	1757	4810	43	14	-1	
3	1	395	1	0	0	1757	4810	43	14	-1	
4	1	395	1	1	0	1757	4810	43	14	-1	
5	1	395	1	1	1	1757	4810	43	14	76.621902	R373
2	1	396	0	0	0	2514	4794	47	22	-1	
3	1	396	1	0	0	2514	4794	47	22	-1	
4	1	396	1	1	0	2514	4794	47	22	-1	
5	1	396	1	1	1	2514	4794	47	22	57.686134	Zo
2	1	397	0	0	0	1761	4829	35	14	-1	
3	1	397	1	0	0	1761	4829	35	14	-1	
4	1	397	1	1	0	1761	4829	35	14	-1	
5	1	397	1	1	1	1761	4829	35	14	96.638550	390
2	1	398	0	0	0	2199	4839	56	14	-1	
3	1	398	1	0	0	2199	4839	56	14	-1	
4	1	398	1	1	0	2199	4839	56	14	-1	
5	1	398	1	1	1	2199	4848	8	5	64.218102	<|
5	1	398	1	1	2	2220	4839	35	14	96.647598	680
2	1	399	0	0	0	2220	4823	46	14	-1	
3	1	399	1	0	0	2220	4823	46	14	-1	
4	1	399	1	1	0	2220	4823	46	14	-1	
5	1	399	1	1	1	2220	4823	46	14	95.493156	R374
2	1	400	0	0	0	2514	4819	47	17	-1	
3	1	400	1	0	0	2514	4819	47	17	-1	
4	1	400	1	1	0	2514	4819	47	17	-1	
5	1	400	1	1	1	2514	4819	47	17	75.421776	au
2	1	401	0	0	0	944	4846	47	23	-1	
3	1	401	1	0	0	944	4846	47	23	-1	
4	1	401	1	1	0	944	4846	47	23	-1	
5	1	401	1	1	1	944	4846	47	23	72.942993	Ba
2	1	402	0	0	0	1083	4848	47	22	-1	
3	1	402	1	0	0	1083	4848	47	22	-1	
4	1	402	1	1	0	1083	4848	47	22	-1	
5	1	402	1	1	1	1083	4848	47	22	68.943764	Zo
2	1	403	0	0	0	1908	4811	135	50	-1	
3	1	403	1	0	0	1908	4811	135	50	-1	
4	1	403	1	1	0	1908	4811	135	50	-1	
5	1	403	1	1	1	1908	4811	135	50	39.471325	UU
2	1	404	0	0	0	944	4868	47	16	-1	
3	1	404	1	0	0	944	4868	47	16	-1	
4	1	404	1	1	0	944	4868	47	16	-1	
5	1	404	1	1	1	944	4868	47	16	66.511795	Za
2	1	405	0	0	0	1083	4872	47	16	-1	
3	1	405	1	0	0	1083	4872	47	16	-1	
4	1	405	1	1	0	1083	4872	47	16	-1	
5	1	405	1	1	1	1083	4872	47	16	79.562714	zu
2	1	406	0	0	0	1396	4884	33	13	-1	
3	1	406	1	0	0	1396	4884	33	13	-1	
4	1	406	1	1	0	1396	4884	33	13	-1	
5	1	406	1	1	1	1396	4884	33	13	58.935543	aoe
2	1	407	0	0	0	1455	4865	47	14	-1	
3	1	407	1	0	0	1455	4865	47	14	-1	
4	1	407	1	1	0	1455	4865	47	14	-1	
5	1	407	1	1	1	1455	4865	47	14	26.066086	Cats)
2	1	408	0	0	0	944	4886	47	17	-1	
3	1	408	1	0	0	944	4886	47	17	-1	
4	1	408	1	1	0	944	4886	47	17	-1	
5	1	408	1	1	1	944	4886	47	17	82.401901	ou
2	1	409	0	0	0	1083	4888	47	21	-1	
3	1	409	1	0	0	1083	4888	47	21	-1	
4	1	409	1	1	0	1083	4888	47	21	-1	
5	1	409	1	1	1	1083	4888	47	21	0.000000	v2
2	1	410	0	0	0	1258	4896	40	15	-1	
3	1	410	1	0	0	1258	4896	40	15	-1	
4	1	410	1	1	0	1258	4896	40	15	-1	
5	1	410	1	1	1	1258	4896	40	15	38.792171	=a
2	1	411	0	0	0	1262	4878	37	20	-1	
3	1	411	1	0	0	1262	4878	37	20	-1	
4	1	411	1	1	0	1262	4878	37	20	-1	
5	1	411	1	1	1	1262	4878	37	20	73.142433	of
2	1	412	0	0	0	1396	4894	33	15	-1	
3	1	412	1	0	0	1396	4894	33	15	-1	
4	1	412	1	1	0	1396	4894	33	15	-1	
5	1	412	1	1	1	1396	4894	33	15	61.788982	Za
2	1	413	0	0	0	1439	4882	63	25	-1	
3	1	413	1	0	0	1439	4882	63	25	-1	
4	1	413	1	1	0	1439	4882	63	25	-1	
5	1	413	1	1	1	1439	4882	63	25	82.242142	Ya
2	1	414	0	0	0	944	4904	47	19	-1	
3	1	414	1	0	0	944	4904	47	19	-1	
4	1	414	1	1	0	944	4904	47	19	-1	
5	1	414	1	1	1	944	4904	47	19	49.594017	ao
2	1	415	0	0	0	1264	4910	34	10	-1	
3	1	415	1	0	0	1264	4910	34	10	-1	
4	1	415	1	1	0	1264	4910	34	10	-1	
5	1	415	1	1	1	1264	4910	34	10	61.466930	x2
2	1	416	0	0	0	1516	4912	46	15	-1	
3	1	416	1	0	0	1516	4912	46	15	-1	
4	1	416	1	1	0	1516	4912	46	15	-1	
5	1	416	1	1	1	1516	4912	46	15	34.555786	C360
2	1	417	0	0	0	1517	4929	34	14	-1	
3	1	417	1	0	0	1517	4929	34	14	-1	
4	1	417	1	1	0	1517	4929	34	14	-1	
5	1	417	1	1	1	1517	4929	34	14	90.784103	0.01
2	1	418	0	0	0	2164	4931	36	12	-1	
3	1	418	1	0	0	2164	4931	36	12	-1	
4	1	418	1	1	0	2164	4931	36	12	-1	
5	1	418	1	1	1	2164	4931	36	12	48.947636	qx
2	1	419	0	0	0	2294	4932	36	11	-1	
3	1	419	1	0	0	2294	4932	36	11	-1	
4	1	419	1	1	0	2294	4932	36	11	-1	
5	1	419	1	1	1	2294	4932	36	11	53.608597	vip
2	1	420	0	0	0	1767	4965	34	10	-1	
3	1	420	1	0	0	1767	4965	34	10	-1	
4	1	420	1	1	0	1767	4965	34	10	-1	
5	1	420	1	1	1	1767	4965	34	10	53.095547	or
2	1	421	0	0	0	1768	4953	32	9	-1	
3	1	421	1	0	0	1768	4953	32	9	-1	
4	1	421	1	1	0	1768	4953	32	9	-1	
5	1	421	1	1	1	1768	4953	32	9	44.407959	=r
2	1	422	0	0	0	1252	4972	42	14	-1	
3	1	422	1	0	0	1252	4972	42	14	-1	
4	1	422	1	1	0	1252	4972	42	14	-1	
5	1	422	1	1	1	1252	4972	42	14	81.923599	C355
2	1	423	0	0	0	1329	4972	42	14	-1	
3	1	423	1	0	0	1329	4972	42	14	-1	
4	1	423	1	1	0	1329	4972	42	14	-1	
5	1	423	1	1	1	1329	4972	42	14	92.419983	C356
2	1	424	0	0	0	1761	4976	40	19	-1	
3	1	424	1	0	0	1761	4976	40	19	-1	
4	1	424	1	1	0	1761	4976	40	19	-1	
5	1	424	1	1	1	1761	4976	40	19	92.743988	ER
2	1	425	0	0	0	1838	5002	77	17	-1	
3	1	425	1	0	0	1838	5002	77	17	-1	
4	1	425	1	1	0	1838	5002	77	17	-1	
5	1	425	1	1	1	1838	5002	77	17	0.000000	—
2	1	426	0	0	0	2038	4992	89	27	-1	
3	1	426	1	0	0	2038	4992	89	27	-1	
4	1	426	1	1	0	2038	4992	89	27	-1	
5	1	426	1	1	1	2038	4992	89	27	18.610542	jK——*4
2	1	427	0	0	0	1259	4991	206	33	-1	
3	1	427	1	0	0	1259	4991	206	33	-1	
4	1	427	1	1	0	1259	4991	206	33	-1	
5	1	427	1	1	1	1259	4992	32	14	0.000000	33P
5	1	427	1	1	2	1323	4991	54	14	0.000000	4700P
5	1	427	1	1	3	1406	4997	15	12	9.081787	5
2	1	428	0	0	0	1480	5019	11	9	-1	
3	1	428	1	0	0	1480	5019	11	9	-1	
4	1	428	1	1	0	1480	5019	11	9	-1	
5	1	428	1	1	1	1480	5019	11	9	96.455475	=
2	1	429	0	0	0	2210	4992	75	75	-1	
3	1	429	1	0	0	2210	4992	75	75	-1	
4	1	429	1	1	0	2210	4992	75	75	-1	
5	1	429	1	1	1	2210	4992	75	75	56.125530	a
2	1	430	0	0	0	1350	5077	48	12	-1	
3	1	430	1	0	0	1350	5077	48	12	-1	
4	1	430	1	1	0	1350	5077	48	12	-1	
5	1	430	1	1	1	1350	5077	48	12	31.010902	Qo
2	1	431	0	0	0	2283	5075	46	15	-1	
3	1	431	1	0	0	2283	5075	46	15	-1	
4	1	431	1	1	0	2283	5075	46	15	-1	
5	1	431	1	1	1	2283	5075	46	15	96.342247	R376
2	1	432	0	0	0	1248	5039	80	80	-1	
3	1	432	1	0	0	1248	5039	80	80	-1	
4	1	432	1	1	0	1248	5039	80	80	-1	
5	1	432	1	1	1	1248	5039	80	80	69.368141	=
2	1	433	0	0	0	807	5281	44	14	-1	
3	1	433	1	0	0	807	5281	44	14	-1	
4	1	433	1	1	0	807	5281	44	14	-1	
5	1	433	1	1	1	807	5281	44	14	56.866512	C507
2	1	434	0	0	0	1582	5261	112	22	-1	
3	1	434	1	0	0	1582	5261	112	22	-1	
4	1	434	1	1	0	1582	5261	112	22	-1	
5	1	434	1	1	1	1582	5261	112	22	0.000000	ceca
2	1	435	0	0	0	1616	5280	41	15	-1	
3	1	435	1	0	0	1616	5280	41	15	-1	
4	1	435	1	1	0	1616	5280	41	15	-1	
5	1	435	1	1	1	1616	5280	41	15	71.269112	L501
2	1	436	0	0	0	1706	5301	60	14	-1	
3	1	436	1	0	0	1706	5301	60	14	-1	
4	1	436	1	1	0	1706	5301	60	14	-1	
5	1	436	1	1	1	1706	5301	60	14	6.296829	aco
2	1	437	0	0	0	1901	5301	38	13	-1	
3	1	437	1	0	0	1901	5301	38	13	-1	
4	1	437	1	1	0	1901	5301	38	13	-1	
5	1	437	1	1	1	1901	5301	38	13	83.898979	ae
2	1	438	0	0	0	1612	5302	48	21	-1	
3	1	438	1	0	0	1612	5302	48	21	-1	
4	1	438	1	1	0	1612	5302	48	21	-1	
5	1	438	1	1	1	1612	5302	48	21	67.313210	LOpH
2	1	439	0	0	0	2788	5285	143	41	-1	
3	1	439	1	0	0	2788	5285	143	41	-1	
4	1	439	1	1	0	2788	5285	143	41	-1	
5	1	439	1	1	1	2788	5285	143	41	0.000000	acmee
2	1	440	0	0	0	721	5325	152	26	-1	
3	1	440	1	0	0	721	5325	152	26	-1	
4	1	440	1	1	0	721	5325	152	26	-1	
5	1	440	1	1	1	721	5325	152	26	54.412872	Pd
2	1	441	0	0	0	1023	5325	123	15	-1	
3	1	441	1	0	0	1023	5325	123	15	-1	
4	1	441	1	1	0	1023	5325	123	15	-1	
5	1	441	1	1	1	1023	5325	46	15	95.460587	C506
5	1	441	1	1	2	1084	5325	62	14	82.629097	0.0015
2	1	442	0	0	0	1360	5328	62	12	-1	
3	1	442	1	0	0	1360	5328	62	12	-1	
4	1	442	1	1	0	1360	5328	62	12	-1	
5	1	442	1	1	1	1360	5328	62	12	0.000000	ea
2	1	443	0	0	0	1448	5329	14	12	-1	
3	1	443	1	0	0	1448	5329	14	12	-1	
4	1	443	1	1	0	1448	5329	14	12	-1	
5	1	443	1	1	1	1448	5329	14	12	53.847267	a
2	1	444	0	0	0	2815	5329	33	23	-1	
3	1	444	1	0	0	2815	5329	33	23	-1	
4	1	444	1	1	0	2815	5329	33	23	-1	
5	1	444	1	1	1	2815	5329	33	23	20.054367	Ves
2	1	445	0	0	0	2921	5375	32	14	-1	
3	1	445	1	0	0	2921	5375	32	14	-1	
4	1	445	1	1	0	2921	5375	32	14	-1	
5	1	445	1	1	1	2921	5375	32	14	70.293846	on
2	1	446	0	0	0	1128	5394	71	26	-1	
3	1	446	1	0	0	1128	5394	71	26	-1	
4	1	446	1	1	0	1128	5394	71	26	-1	
5	1	446	1	1	1	1128	5394	71	26	29.538261	@-@)
2	1	447	0	0	0	1308	5396	25	23	-1	
3	1	447	1	0	0	1308	5396	25	23	-1	
4	1	447	1	1	0	1308	5396	25	23	-1	
5	1	447	1	1	1	1308	5396	25	23	35.277855	®)
2	1	448	0	0	0	1353	5395	70	25	-1	
3	1	448	1	0	0	1353	5395	70	25	-1	
4	1	448	1	1	0	1353	5395	70	25	-1	
5	1	448	1	1	1	1353	5395	70	25	57.743717	@-@)
2	1	449	0	0	0	1532	5396	116	25	-1	
3	1	449	1	0	0	1532	5396	116	25	-1	
4	1	449	1	1	0	1532	5396	116	25	-1	
5	1	449	1	1	1	1532	5396	116	25	16.741852	G-@-©
2	1	450	0	0	0	1002	5444	44	17	-1	
3	1	450	1	0	0	1002	5444	44	17	-1	
4	1	450	1	1	0	1002	5444	44	17	-1	
5	1	450	1	1	1	1002	5444	44	17	46.807640	pP-
2	1	451	0	0	0	2921	5431	32	13	-1	
3	1	451	1	0	0	2921	5431	32	13	-1	
4	1	451	1	1	0	2921	5431	32	13	-1	
5	1	451	1	1	1	2921	5431	32	13	79.088524	On
2	1	452	0	0	0	1001	5464	45	17	-1	
3	1	452	1	0	0	1001	5464	45	17	-1	
4	1	452	1	1	0	1001	5464	45	17	-1	
5	1	452	1	1	1	1001	5464	45	17	89.519875	zo
2	1	453	0	0	0	2921	5458	32	12	-1	
3	1	453	1	0	0	2921	5458	32	12	-1	
4	1	453	1	1	0	2921	5458	32	12	-1	
5	1	453	1	1	1	2921	5458	32	12	74.198868	Ou
2	1	454	0	0	0	2851	5465	83	40	-1	
3	1	454	1	0	0	2851	5465	83	40	-1	
4	1	454	1	1	0	2851	5465	83	40	-1	
5	1	454	1	1	1	2851	5465	83	40	25.308014	aoe
2	1	455	0	0	0	971	5480	75	29	-1	
3	1	455	1	0	0	971	5480	75	29	-1	
4	1	455	1	1	0	971	5480	75	29	-1	
5	1	455	1	1	1	971	5490	2	9	58.626495	1
5	1	455	1	1	2	1001	5480	45	29	60.683033	Og
2	1	456	0	0	0	2921	5513	31	13	-1	
3	1	456	1	0	0	2921	5513	31	13	-1	
4	1	456	1	1	0	2921	5513	31	13	-1	
5	1	456	1	1	1	2921	5513	31	13	68.535851	Ow
2	1	457	0	0	0	2921	5543	31	12	-1	
3	1	457	1	0	0	2921	5543	31	12	-1	
4	1	457	1	1	0	2921	5543	31	12	-1	
5	1	457	1	1	1	2921	5543	31	12	72.379616	On
2	1	458	0	0	0	1268	5565	19	11	-1	
3	1	458	1	0	0	1268	5565	19	11	-1	
4	1	458	1	1	0	1268	5565	19	11	-1	
5	1	458	1	1	1	1268	5565	19	11	27.026634	ol
2	1	459	0	0	0	1128	5585	70	26	-1	
3	1	459	1	0	0	1128	5585	70	26	-1	
4	1	459	1	1	0	1128	5585	70	26	-1	
5	1	459	1	1	1	1128	5585	70	26	43.808918	©O-®)
2	1	460	0	0	0	1714	5381	94	222	-1	
3	1	460	1	0	0	1714	5381	94	222	-1	
4	1	460	1	1	0	1714	5381	94	222	-1	
5	1	460	1	1	1	1714	5381	94	222	0.000000	t
2	1	461	0	0	0	1532	5586	115	26	-1	
3	1	461	1	0	0	1532	5586	115	26	-1	
4	1	461	1	1	0	1532	5586	115	26	-1	
5	1	461	1	1	1	1532	5586	115	26	40.801704	G-O-®
2	1	462	0	0	0	2920	5600	32	12	-1	
3	1	462	1	0	0	2920	5600	32	12	-1	
4	1	462	1	1	0	2920	5600	32	12	-1	
5	1	462	1	1	1	2920	5600	32	12	60.766903	on
2	1	463	0	0	0	1353	5586	70	51	-1	
3	1	463	1	0	0	1353	5586	70	51	-1	
4	1	463	1	1	0	1353	5586	70	51	-1	
5	1	463	1	1	1	1353	5586	70	51	37.298492	°°?
2	1	464	0	0	0	2850	5621	82	52	-1	
3	1	464	1	0	0	2850	5621	82	52	-1	
4	1	464	1	1	0	2850	5621	82	52	-1	
5	1	464	1	1	1	2850	5621	82	52	42.030224	mon
2	1	465	0	0	0	2991	5658	38	15	-1	
3	1	465	1	0	0	2991	5658	38	15	-1	
4	1	465	1	1	0	2991	5658	38	15	-1	
5	1	465	1	1	1	2991	5658	38	15	49.288486	Bl
2	1	466	0	0	0	2995	5650	61	7	-1	
3	1	466	1	0	0	2995	5650	61	7	-1	
4	1	466	1	1	0	2995	5650	61	7	-1	
5	1	466	1	1	1	2995	5650	61	7	0.000000	=hf—
2	1	467	0	0	0	3088	5655	82	10	-1	
3	1	467	1	0	0	3088	5655	82	10	-1	
4	1	467	1	1	0	3088	5655	82	10	-1	
5	1	467	1	1	1	3088	5655	82	10	8.868629	offi
2	1	468	0	0	0	1263	5586	102	91	-1	
3	1	468	1	0	0	1263	5586	102	91	-1	
4	1	468	1	1	0	1263	5586	102	91	-1	
5	1	468	1	1	1	1263	5586	102	91	43.380165	Tt
2	1	469	0	0	0	1543	5684	34	11	-1	
3	1	469	1	0	0	1543	5684	34	11	-1	
4	1	469	1	1	0	1543	5684	34	11	-1	
5	1	469	1	1	1	1543	5684	34	11	65.303436	Da
2	1	470	0	0	0	1544	5673	34	9	-1	
3	1	470	1	0	0	1544	5673	34	9	-1	
4	1	470	1	1	0	1544	5673	34	9	-1	
5	1	470	1	1	1	1544	5673	34	9	53.586143	Sa
2	1	471	0	0	0	1649	5666	33	9	-1	
3	1	471	1	0	0	1649	5666	33	9	-1	
4	1	471	1	1	0	1649	5666	33	9	-1	
5	1	471	1	1	1	1649	5666	33	9	58.296410	<a
2	1	472	0	0	0	1755	5641	81	37	-1	
3	1	472	1	0	0	1755	5641	81	37	-1	
4	1	472	1	1	0	1755	5641	81	37	-1	
5	1	472	1	1	1	1755	5641	81	37	79.542221	=”
2	1	473	0	0	0	2116	5676	27	6	-1	
3	1	473	1	0	0	2116	5676	27	6	-1	
4	1	473	1	1	0	2116	5676	27	6	-1	
5	1	473	1	1	1	2116	5676	27	6	33.063377	—_
2	1	474	0	0	0	2919	5681	32	11	-1	
3	1	474	1	0	0	2919	5681	32	11	-1	
4	1	474	1	1	0	2919	5681	32	11	-1	
5	1	474	1	1	1	2919	5681	32	11	82.503738	az
2	1	475	0	0	0	495	5702	14	5	-1	
3	1	475	1	0	0	495	5702	14	5	-1	
4	1	475	1	1	0	495	5702	14	5	-1	
5	1	475	1	1	1	495	5702	14	5	34.812492	ea
2	1	476	0	0	0	1302	5701	45	14	-1	
3	1	476	1	0	0	1302	5701	45	14	-1	
4	1	476	1	1	0	1302	5701	45	14	-1	
5	1	476	1	1	1	1302	5701	45	14	75.308983	c502
2	1	477	0	0	0	1544	5696	33	12	-1	
3	1	477	1	0	0	1544	5696	33	12	-1	
4	1	477	1	1	0	1544	5696	33	12	-1	
5	1	477	1	1	1	1544	5696	33	12	32.590027	Ee)
2	1	478	0	0	0	1800	5675	87	28	-1	
3	1	478	1	0	0	1800	5675	87	28	-1	
4	1	478	1	1	0	1800	5675	87	28	-1	
5	1	478	1	1	1	1800	5675	87	28	76.799911	Wo:
2	1	479	0	0	0	2995	5701	61	8	-1	
3	1	479	1	0	0	2995	5701	61	8	-1	
4	1	479	1	1	0	2995	5701	61	8	-1	
5	1	479	1	1	1	2995	5701	61	8	54.753605	=hfe
2	1	480	0	0	0	1300	5720	41	14	-1	
3	1	480	1	0	0	1300	5720	41	14	-1	
4	1	480	1	1	0	1300	5720	41	14	-1	
5	1	480	1	1	1	1300	5720	41	14	21.844742	5ov1
2	1	481	0	0	0	1412	5600	52	136	-1	
3	1	481	1	0	0	1412	5600	52	136	-1	
4	1	481	1	1	0	1412	5600	52	136	-1	
5	1	481	1	1	1	1412	5600	52	136	53.542816	i
2	1	482	0	0	0	1646	5698	102	36	-1	
3	1	482	1	0	0	1646	5698	102	36	-1	
4	1	482	1	1	0	1646	5698	102	36	-1	
5	1	482	1	1	1	1646	5698	36	24	23.570969	aa]
5	1	482	1	1	2	1712	5703	36	31	92.863152	<
2	1	483	0	0	0	1800	5707	87	17	-1	
3	1	483	1	0	0	1800	5707	87	17	-1	
4	1	483	1	1	0	1800	5707	87	17	-1	
5	1	483	1	1	1	1800	5707	87	17	8.347694	mero
2	1	484	0	0	0	2885	5705	66	23	-1	
3	1	484	1	0	0	2885	5705	66	23	-1	
4	1	484	1	1	0	2885	5705	66	23	-1	
5	1	484	1	1	1	2881	5701	36	39	36.830963	(5)
5	1	484	1	1	2	2923	5708	28	14	0.000000	°o
2	1	485	0	0	0	2995	5709	81	16	-1	
3	1	485	1	0	0	2995	5709	81	16	-1	
4	1	485	1	1	0	2995	5709	81	16	-1	
5	1	485	1	1	1	2995	5709	81	16	0.000000	his
2	1	486	0	0	0	3135	5707	34	10	-1	
3	1	486	1	0	0	3135	5707	34	10	-1	
4	1	486	1	1	0	3135	5707	34	10	-1	
5	1	486	1	1	1	3135	5707	34	10	52.681389	mf
2	1	487	0	0	0	426	5732	57	16	-1	
3	1	487	1	0	0	426	5732	57	16	-1	
4	1	487	1	1	0	426	5732	57	16	-1	
5	1	487	1	1	1	426	5732	57	16	0.000000	ar<2
2	1	488	0	0	0	1756	5723	80	33	-1	
3	1	488	1	0	0	1756	5723	80	33	-1	
4	1	488	1	1	0	1756	5723	80	33	-1	
5	1	488	1	1	1	1756	5723	80	33	80.145767	Az
2	1	489	0	0	0	1851	5729	36	14	-1	
3	1	489	1	0	0	1851	5729	36	14	-1	
4	1	489	1	1	0	1851	5729	36	14	-1	
5	1	489	1	1	1	1851	5729	36	14	23.985794	t=
2	1	490	0	0	0	2919	5738	34	13	-1	
3	1	490	1	0	0	2919	5738	34	13	-1	
4	1	490	1	1	0	2919	5738	34	13	-1	
5	1	490	1	1	1	2919	5738	34	13	40.996468	oO
2	1	491	0	0	0	450	5749	32	12	-1	
3	1	491	1	0	0	450	5749	32	12	-1	
4	1	491	1	1	0	450	5749	32	12	-1	
5	1	491	1	1	1	450	5749	32	12	48.066975	sa
2	1	492	0	0	0	1083	5749	34	12	-1	
3	1	492	1	0	0	1083	5749	34	12	-1	
4	1	492	1	1	0	1083	5749	34	12	-1	
5	1	492	1	1	1	1083	5749	34	12	82.693069	no
2	1	493	0	0	0	1084	5763	33	15	-1	
3	1	493	1	0	0	1084	5763	33	15	-1	
4	1	493	1	1	0	1084	5763	33	15	-1	
5	1	493	1	1	1	1084	5763	33	15	83.530930	p<
2	1	494	0	0	0	1286	5764	35	14	-1	
3	1	494	1	0	0	1286	5764	35	14	-1	
4	1	494	1	1	0	1286	5764	35	14	-1	
5	1	494	1	1	1	1286	5764	35	14	69.593620	Zo
2	1	495	0	0	0	1844	5746	44	17	-1	
3	1	495	1	0	0	1844	5746	44	17	-1	
4	1	495	1	1	0	1844	5746	44	17	-1	
5	1	495	1	1	1	1844	5746	44	17	9.158028	Ow
2	1	496	0	0	0	2116	5756	28	6	-1	
3	1	496	1	0	0	2116	5756	28	6	-1	
4	1	496	1	1	0	2116	5756	28	6	-1	
5	1	496	1	1	1	2116	5756	28	6	39.747696	_
2	1	497	0	0	0	2991	5762	38	15	-1	
3	1	497	1	0	0	2991	5762	38	15	-1	
4	1	497	1	1	0	2991	5762	38	15	-1	
5	1	497	1	1	1	2991	5762	38	15	31.608360	Fay
2	1	498	0	0	0	2994	5753	30	8	-1	
3	1	498	1	0	0	2994	5753	30	8	-1	
4	1	498	1	1	0	2994	5753	30	8	-1	
5	1	498	1	1	1	2994	5755	15	6	83.245499	=
5	1	498	1	1	2	3020	5753	4	5	10.315475	T
2	1	499	0	0	0	3037	5745	167	37	-1	
3	1	499	1	0	0	3037	5745	167	37	-1	
4	1	499	1	1	0	3037	5745	167	37	-1	
5	1	499	1	1	1	3037	5749	61	29	51.615997	ho
5	1	499	1	1	2	3117	5745	52	37	0.000000	[oof
5	1	499	1	1	3	3188	5750	16	28	0.000000	xX
2	1	500	0	0	0	997	5789	29	10	-1	
3	1	500	1	0	0	997	5789	29	10	-1	
4	1	500	1	1	0	997	5789	29	10	-1	
5	1	500	1	1	1	997	5789	29	10	19.308891	ao
2	1	501	0	0	0	998	5770	30	10	-1	
3	1	501	1	0	0	998	5770	30	10	-1	
4	1	501	1	1	0	998	5770	30	10	-1	
5	1	501	1	1	1	998	5770	30	10	58.415489	52
2	1	502	0	0	0	1287	5778	34	14	-1	
3	1	502	1	0	0	1287	5778	34	14	-1	
4	1	502	1	1	0	1287	5778	34	14	-1	
5	1	502	1	1	1	1287	5778	34	14	36.059341	Ba
2	1	503	0	0	0	1754	5758	82	37	-1	
3	1	503	1	0	0	1754	5758	82	37	-1	
4	1	503	1	1	0	1754	5758	82	37	-1	
5	1	503	1	1	1	1754	5758	82	37	39.906662	els)
2	1	504	0	0	0	992	5800	33	10	-1	
3	1	504	1	0	0	992	5800	33	10	-1	
4	1	504	1	1	0	992	5800	33	10	-1	
5	1	504	1	1	1	992	5800	33	10	87.385422	=<
2	1	505	0	0	0	1148	5784	109	17	-1	
3	1	505	1	0	0	1148	5784	109	17	-1	
4	1	505	1	1	0	1148	5784	109	17	-1	
5	1	505	1	1	1	1148	5784	109	17	7.183456	WoT
2	1	506	0	0	0	1285	5792	36	17	-1	
3	1	506	1	0	0	1285	5792	36	17	-1	
4	1	506	1	1	0	1285	5792	36	17	-1	
5	1	506	1	1	1	1285	5792	36	17	92.073959	ae
2	1	507	0	0	0	1641	5802	26	15	-1	
3	1	507	1	0	0	1641	5802	26	15	-1	
4	1	507	1	1	0	1641	5802	26	15	-1	
5	1	507	1	1	1	1641	5802	26	15	24.924850	Ay
2	1	508	0	0	0	1709	5785	39	30	-1	
3	1	508	1	0	0	1709	5785	39	30	-1	
4	1	508	1	1	0	1709	5785	39	30	-1	
5	1	508	1	1	1	1709	5785	39	30	53.265259	0
2	1	509	0	0	0	3020	5805	36	8	-1	
3	1	509	1	0	0	3020	5805	36	8	-1	
4	1	509	1	1	0	3020	5805	36	8	-1	
5	1	509	1	1	1	3020	5805	36	8	45.544781	=
2	1	510	0	0	0	495	5744	122	82	-1	
3	1	510	1	0	0	495	5744	122	82	-1	
4	1	510	1	1	0	495	5744	122	82	-1	
5	1	510	1	1	1	495	5744	122	82	31.210846	el
2	1	511	0	0	0	1167	5822	82	14	-1	
3	1	511	1	0	0	1167	5822	82	14	-1	
4	1	511	1	1	0	1167	5822	82	14	-1	
5	1	511	1	1	1	1167	5822	19	14	94.799507	04
5	1	511	1	1	2	1202	5822	47	14	96.189041	0.027
2	1	512	0	0	0	1433	5827	103	14	-1	
3	1	512	1	0	0	1433	5827	103	14	-1	
4	1	512	1	1	0	1433	5827	103	14	-1	
5	1	512	1	1	1	1433	5827	103	14	38.031876	eaoo
2	1	513	0	0	0	1622	5822	38	13	-1	
3	1	513	1	0	0	1622	5822	38	13	-1	
4	1	513	1	1	0	1622	5822	38	13	-1	
5	1	513	1	1	1	1622	5822	38	13	60.849213	cs01
2	1	514	0	0	0	1755	5800	81	29	-1	
3	1	514	1	0	0	1755	5800	81	29	-1	
4	1	514	1	1	0	1755	5800	81	29	-1	
5	1	514	1	1	1	1755	5800	81	29	26.594788	ar
2	1	515	0	0	0	2825	5817	19	24	-1	
3	1	515	1	0	0	2825	5817	19	24	-1	
4	1	515	1	1	0	2825	5817	19	24	-1	
5	1	515	1	1	1	2825	5817	19	24	35.710243	8)
2	1	516	0	0	0	2840	5801	51	25	-1	
3	1	516	1	0	0	2840	5801	51	25	-1	
4	1	516	1	1	0	2840	5801	51	25	-1	
5	1	516	1	1	1	2840	5801	51	25	0.000000	™,
2	1	517	0	0	0	2919	5822	32	11	-1	
3	1	517	1	0	0	2919	5822	32	11	-1	
4	1	517	1	1	0	2919	5822	32	11	-1	
5	1	517	1	1	1	2919	5822	32	11	57.358749	oo
2	1	518	0	0	0	2992	5810	213	19	-1	
3	1	518	1	0	0	2992	5810	213	19	-1	
4	1	518	1	1	0	2992	5810	213	19	-1	
5	1	518	1	1	1	2992	5810	213	19	0.000000	BARRA
5	1	518	1	1	2	3177	5799	32	34	46.609974	FS
2	1	519	0	0	0	927	5836	60	12	-1	
3	1	519	1	0	0	927	5836	60	12	-1	
4	1	519	1	1	0	927	5836	60	12	-1	
5	1	519	1	1	1	927	5836	60	12	79.201576	one
2	1	520	0	0	0	1606	5843	57	14	-1	
3	1	520	1	0	0	1606	5843	57	14	-1	
4	1	520	1	1	0	1606	5843	57	14	-1	
5	1	520	1	1	1	1606	5843	57	14	80.089844	25V33
2	1	521	0	0	0	2919	5847	32	10	-1	
3	1	521	1	0	0	2919	5847	32	10	-1	
4	1	521	1	1	0	2919	5847	32	10	-1	
5	1	521	1	1	1	2919	5847	32	10	57.034039	ao
2	1	522	0	0	0	2992	5852	178	31	-1	
3	1	522	1	0	0	2992	5852	178	31	-1	
4	1	522	1	1	0	2992	5852	178	31	-1	
5	1	522	1	1	1	2992	5852	178	31	0.074600	shahshlel
2	1	523	0	0	0	2819	5872	25	24	-1	
3	1	523	1	0	0	2819	5872	25	24	-1	
4	1	523	1	1	0	2819	5872	25	24	-1	
5	1	523	1	1	1	2819	5872	25	24	0.000000	R)
2	1	524	0	0	0	2919	5905	32	11	-1	
3	1	524	1	0	0	2919	5905	32	11	-1	
4	1	524	1	1	0	2919	5905	32	11	-1	
5	1	524	1	1	1	2919	5905	32	11	55.849224	Oo
2	1	525	0	0	0	2981	5898	44	44	-1	
3	1	525	1	0	0	2981	5898	44	44	-1	
4	1	525	1	1	0	2981	5898	44	44	-1	
5	1	525	1	1	1	2981	5898	44	44	20.302399	Wh
2	1	526	0	0	0	3080	5913	39	50	-1	
3	1	526	1	0	0	3080	5913	39	50	-1	
4	1	526	1	1	0	3080	5913	39	50	-1	
5	1	526	1	1	1	3080	5913	39	50	0.000000	_
2	1	527	0	0	0	2733	5912	79	60	-1	
3	1	527	1	0	0	2733	5912	79	60	-1	
4	1	527	1	1	0	2733	5912	79	60	-1	
5	1	527	1	1	1	2733	5912	79	60	69.552940	me
2	1	528	0	0	0	2886	5955	25	25	-1	
3	1	528	1	0	0	2886	5955	25	25	-1	
4	1	528	1	1	0	2886	5955	25	25	-1	
5	1	528	1	1	1	2886	5955	25	25	51.320423	S)
2	1	529	0	0	0	2919	5961	32	11	-1	
3	1	529	1	0	0	2919	5961	32	11	-1	
4	1	529	1	1	0	2919	5961	32	11	-1	
5	1	529	1	1	1	2919	5961	32	11	58.194153	Ow
2	1	530	0	0	0	2953	5946	230	46	-1	
3	1	530	1	0	0	2953	5946	230	46	-1	
4	1	530	1	1	0	2953	5946	230	46	-1	
5	1	530	1	1	1	2953	5946	230	46	0.000000	im—
2	1	531	0	0	0	2820	5985	24	24	-1	
3	1	531	1	0	0	2820	5985	24	24	-1	
4	1	531	1	1	0	2820	5985	24	24	-1	
5	1	531	1	1	1	2820	5985	24	24	43.680386	(3)
2	1	532	0	0	0	2919	6017	32	12	-1	
3	1	532	1	0	0	2919	6017	32	12	-1	
4	1	532	1	1	0	2919	6017	32	12	-1	
5	1	532	1	1	1	2919	6017	32	12	75.328735	On
2	1	533	0	0	0	403	6004	96	41	-1	
3	1	533	1	0	0	403	6004	96	41	-1	
4	1	533	1	1	0	403	6004	96	41	-1	
5	1	533	1	1	1	403	6004	96	41	52.272507	vO
2	1	534	0	0	0	3089	5980	69	57	-1	
3	1	534	1	0	0	3089	5980	69	57	-1	
4	1	534	1	1	0	3089	5980	69	57	-1	
5	1	534	1	1	1	3089	5980	69	57	22.053368	0
2	1	535	0	0	0	1563	6057	18	13	-1	
3	1	535	1	0	0	1563	6057	18	13	-1	
4	1	535	1	1	0	1563	6057	18	13	-1	
5	1	535	1	1	1	1563	6057	18	13	94.503578	a
2	1	536	0	0	0	1626	6055	62	15	-1	
3	1	536	1	0	0	1626	6055	62	15	-1	
4	1	536	1	1	0	1626	6055	62	15	-1	
5	1	536	1	1	1	1626	6055	62	15	0.000000	ooca
2	1	537	0	0	0	2850	6025	60	39	-1	
3	1	537	1	0	0	2850	6025	60	39	-1	
4	1	537	1	1	0	2850	6025	60	39	-1	
5	1	537	1	1	1	2846	6021	16	47	45.231583	|
5	1	537	1	1	2	2881	6025	29	39	13.247101	25
2	1	538	0	0	0	402	6046	96	38	-1	
3	1	538	1	0	0	402	6046	96	38	-1	
4	1	538	1	1	0	402	6046	96	38	-1	
5	1	538	1	1	1	402	6046	96	38	21.862297	ow
2	1	539	0	0	0	1991	6058	82	49	-1	
3	1	539	1	0	0	1991	6058	82	49	-1	
4	1	539	1	1	0	1991	6058	82	49	-1	
5	1	539	1	1	1	1991	6058	82	49	25.224106	=O
2	1	540	0	0	0	2893	6067	39	10	-1	
3	1	540	1	0	0	2893	6067	39	10	-1	
4	1	540	1	1	0	2893	6067	39	10	-1	
5	1	540	1	1	1	2893	6067	39	10	22.139404	A)
5	1	540	1	1	2	2924	6057	12	28	58.312496	=
2	1	541	0	0	0	2993	6075	65	13	-1	
3	1	541	1	0	0	2993	6075	65	13	-1	
4	1	541	1	1	0	2993	6075	65	13	-1	
5	1	541	1	1	1	2993	6075	65	13	41.674805	Ons?
2	1	542	0	0	0	1093	6078	46	20	-1	
3	1	542	1	0	0	1093	6078	46	20	-1	
4	1	542	1	1	0	1093	6078	46	20	-1	
5	1	542	1	1	1	1093	6078	46	20	17.955322	Es)
2	1	543	0	0	0	1987	6077	65	48	-1	
3	1	543	1	0	0	1987	6077	65	48	-1	
4	1	543	1	1	0	1987	6077	65	48	-1	
5	1	543	1	1	1	1987	6077	16	48	49.182297	|
5	1	543	1	1	2	2019	6081	33	40	28.137047	bs
2	1	544	0	0	0	2048	6084	31	20	-1	
3	1	544	1	0	0	2048	6084	31	20	-1	
4	1	544	1	1	0	2048	6084	31	20	-1	
5	1	544	1	1	1	2048	6084	31	20	58.483040	FI
2	1	545	0	0	0	1918	6069	70	80	-1	
3	1	545	1	0	0	1918	6069	70	80	-1	
4	1	545	1	1	0	1918	6069	70	80	-1	
5	1	545	1	1	1	1918	6059	70	90	24.487007	=e
2	1	546	0	0	0	1960	6096	131	53	-1	
3	1	546	1	0	0	1960	6096	131	53	-1	
4	1	546	1	1	0	1960	6096	131	53	-1	
5	1	546	1	1	1	1960	6096	92	53	43.380081	Sms
5	1	546	1	1	2	2049	6113	42	19	0.000000	Uci4
2	1	547	0	0	0	2820	6096	24	24	-1	
3	1	547	1	0	0	2820	6096	24	24	-1	
4	1	547	1	1	0	2820	6096	24	24	-1	
5	1	547	1	1	1	2820	6096	24	24	47.121269	(3)
2	1	548	0	0	0	3060	6076	129	52	-1	
3	1	548	1	0	0	3060	6076	129	52	-1	
4	1	548	1	1	0	3060	6076	129	52	-1	
5	1	548	1	1	1	3060	6076	129	52	26.178116	noo
5	1	548	1	1	2	3167	6072	27	61	92.544098	|
2	1	549	0	0	0	402	6104	92	38	-1	
3	1	549	1	0	0	402	6104	92	38	-1	
4	1	549	1	1	0	402	6104	92	38	-1	
5	1	549	1	1	1	402	6104	92	38	77.942543	Oy
2	1	550	0	0	0	2993	6118	55	21	-1	
3	1	550	1	0	0	2993	6118	55	21	-1	
4	1	550	1	1	0	2993	6118	55	21	-1	
5	1	550	1	1	1	2993	6122	8	12	0.000000	O
5	1	550	1	1	2	3010	6118	38	21	0.000000	ITS)
2	1	551	0	0	0	1092	6138	44	20	-1	
3	1	551	1	0	0	1092	6138	44	20	-1	
4	1	551	1	1	0	1092	6138	44	20	-1	
5	1	551	1	1	1	1092	6138	44	20	61.805157	D2
2	1	552	0	0	0	1442	6163	41	14	-1	
3	1	552	1	0	0	1442	6163	41	14	-1	
4	1	552	1	1	0	1442	6163	41	14	-1	
5	1	552	1	1	1	1442	6163	41	14	67.254486	0601
2	1	553	0	0	0	1524	6105	439	90	-1	
3	1	553	1	0	0	1524	6105	439	90	-1	
4	1	553	1	1	0	1524	6105	439	90	-1	
5	1	553	1	1	1	1524	6105	439	90	17.261208	—————
2	1	554	0	0	0	1960	6124	129	53	-1	
3	1	554	1	0	0	1960	6124	129	53	-1	
4	1	554	1	1	0	1960	6124	129	53	-1	
5	1	554	1	1	1	1960	6124	92	53	51.296391	ome
5	1	554	1	1	2	2048	6142	41	19	0.000000	Jsi3
2	1	555	0	0	0	2028	6153	25	24	-1	
3	1	555	1	0	0	2028	6153	25	24	-1	
4	1	555	1	1	0	2028	6153	25	24	-1	
5	1	555	1	1	1	2028	6153	25	24	0.000000	(-)
2	1	556	0	0	0	2851	6136	102	38	-1	
3	1	556	1	0	0	2851	6136	102	38	-1	
4	1	556	1	1	0	2851	6136	102	38	-1	
5	1	556	1	1	1	2851	6136	53	38	45.900932	85
2	1	557	0	0	0	3099	6124	106	39	-1	
3	1	557	1	0	0	3099	6124	106	39	-1	
4	1	557	1	1	0	3099	6124	106	39	-1	
5	1	557	1	1	1	3099	6124	106	39	16.784813	OTs
2	1	558	0	0	0	2050	6171	40	17	-1	
3	1	558	1	0	0	2050	6171	40	17	-1	
4	1	558	1	1	0	2050	6171	40	17	-1	
5	1	558	1	1	1	2050	6171	40	17	0.000000	Vci2
2	1	559	0	0	0	2920	6182	31	11	-1	
3	1	559	1	0	0	2920	6182	31	11	-1	
4	1	559	1	1	0	2920	6182	31	11	-1	
5	1	559	1	1	1	2920	6182	31	11	92.268394	an
2	1	560	0	0	0	2993	6172	52	17	-1	
3	1	560	1	0	0	2993	6172	52	17	-1	
4	1	560	1	1	0	2993	6172	52	17	-1	
5	1	560	1	1	1	2993	6172	52	17	0.000000	=\—
2	1	561	0	0	0	1956	6152	65	66	-1	
3	1	561	1	0	0	1956	6152	65	66	-1	
4	1	561	1	1	0	1956	6152	65	66	-1	
5	1	561	1	1	1	1956	6152	65	66	57.714752	on
2	1	562	0	0	0	2024	6197	8	17	-1	
3	1	562	1	0	0	2024	6197	8	17	-1	
4	1	562	1	1	0	2024	6197	8	17	-1	
5	1	562	1	1	1	2024	6197	8	17	0.000000	b
2	1	563	0	0	0	2028	6181	25	24	-1	
3	1	563	1	0	0	2028	6181	25	24	-1	
4	1	563	1	1	0	2028	6181	25	24	-1	
5	1	563	1	1	1	2028	6181	25	24	51.500153	(2)
2	1	564	0	0	0	2049	6199	7	16	-1	
3	1	564	1	0	0	2049	6199	7	16	-1	
4	1	564	1	1	0	2049	6199	7	16	-1	
5	1	564	1	1	1	2049	6199	7	16	41.854393	q
2	1	565	0	0	0	2062	6202	25	14	-1	
3	1	565	1	0	0	2062	6202	25	14	-1	
4	1	565	1	1	0	2062	6202	25	14	-1	
5	1	565	1	1	1	2062	6202	25	14	36.576965	GU
2	1	566	0	0	0	1217	6223	29	8	-1	
3	1	566	1	0	0	1217	6223	29	8	-1	
4	1	566	1	1	0	1217	6223	29	8	-1	
5	1	566	1	1	1	1217	6223	29	8	33.011971	ay!
2	1	567	0	0	0	1303	6224	27	9	-1	
3	1	567	1	0	0	1303	6224	27	9	-1	
4	1	567	1	1	0	1303	6224	27	9	-1	
5	1	567	1	1	1	1303	6224	27	9	4.047897	“uw
2	1	568	0	0	0	2028	6208	24	25	-1	
3	1	568	1	0	0	2028	6208	24	25	-1	
4	1	568	1	1	0	2028	6208	24	25	-1	
5	1	568	1	1	1	2028	6208	24	25	22.384293	()
2	1	569	0	0	0	1216	6234	30	15	-1	
3	1	569	1	0	0	1216	6234	30	15	-1	
4	1	569	1	1	0	1216	6234	30	15	-1	
5	1	569	1	1	1	1216	6234	30	15	8.444427	a?
2	1	570	0	0	0	1303	6235	27	22	-1	
3	1	570	1	0	0	1303	6235	27	22	-1	
4	1	570	1	1	0	1303	6235	27	22	-1	
5	1	570	1	1	1	1303	6235	27	22	40.710072	08
2	1	571	0	0	0	1387	6246	29	14	-1	
3	1	571	1	0	0	1387	6246	29	14	-1	
4	1	571	1	1	0	1387	6246	29	14	-1	
5	1	571	1	1	1	1387	6246	29	14	52.577316	eo
2	1	572	0	0	0	1637	6196	395	77	-1	
3	1	572	1	0	0	1637	6196	395	77	-1	
4	1	572	1	1	0	1637	6196	395	77	-1	
5	1	572	1	1	1	1637	6221	230	26	47.133827	——
5	1	572	1	1	2	1956	6196	76	77	4.872162	oa
2	1	573	0	0	0	2024	6223	30	51	-1	
3	1	573	1	0	0	2024	6223	30	51	-1	
4	1	573	1	1	0	2024	6223	30	51	-1	
5	1	573	1	1	1	2024	6223	30	51	80.730659	Ks)
2	1	574	0	0	0	2049	6226	42	16	-1	
3	1	574	1	0	0	2049	6226	42	16	-1	
4	1	574	1	1	0	2049	6226	42	16	-1	
5	1	574	1	1	1	2049	6226	42	16	0.000000	G10
2	1	575	0	0	0	2820	6236	24	21	-1	
3	1	575	1	0	0	2820	6236	24	21	-1	
4	1	575	1	1	0	2820	6236	24	21	-1	
5	1	575	1	1	1	2820	6236	24	21	31.713089	(3)
2	1	576	0	0	0	2851	6221	51	24	-1	
3	1	576	1	0	0	2851	6221	51	24	-1	
4	1	576	1	1	0	2851	6221	51	24	-1	
5	1	576	1	1	1	2847	6217	14	40	55.950951	|
2	1	577	0	0	0	2920	6241	31	10	-1	
3	1	577	1	0	0	2920	6241	31	10	-1	
4	1	577	1	1	0	2920	6241	31	10	-1	
5	1	577	1	1	1	2920	6241	31	10	69.823471	Ou
2	1	578	0	0	0	3053	6207	153	51	-1	
3	1	578	1	0	0	3053	6207	153	51	-1	
4	1	578	1	1	0	3053	6207	153	51	-1	
5	1	578	1	1	1	3053	6207	98	51	74.376205	ASS
5	1	578	1	1	2	3193	6220	13	12	20.059029	|
2	1	579	0	0	0	1303	6261	27	9	-1	
3	1	579	1	0	0	1303	6261	27	9	-1	
4	1	579	1	1	0	1303	6261	27	9	-1	
5	1	579	1	1	1	1303	6261	27	9	0.000000	—-
2	1	580	0	0	0	1388	6263	28	9	-1	
3	1	580	1	0	0	1388	6263	28	9	-1	
4	1	580	1	1	0	1388	6263	28	9	-1	
5	1	580	1	1	1	1388	6263	28	9	0.000000	oO
2	1	581	0	0	0	2024	6253	32	19	-1	
3	1	581	1	0	0	2024	6253	32	19	-1	
4	1	581	1	1	0	2024	6253	32	19	-1	
5	1	581	1	1	1	2024	6253	32	19	0.000000	>~)
2	1	582	0	0	0	2063	6255	21	14	-1	
3	1	582	1	0	0	2063	6255	21	14	-1	
4	1	582	1	1	0	2063	6255	21	14	-1	
5	1	582	1	1	1	2063	6255	21	14	82.544060	G9
2	1	583	0	0	0	1444	6273	47	14	-1	
3	1	583	1	0	0	1444	6273	47	14	-1	
4	1	583	1	1	0	1444	6273	47	14	-1	
5	1	583	1	1	1	1444	6273	47	14	51.170624	D602
2	1	584	0	0	0	1524	6137	133	165	-1	
3	1	584	1	0	0	1524	6137	133	165	-1	
4	1	584	1	1	0	1524	6137	133	165	-1	
5	1	584	1	1	1	1524	6137	133	165	55.048767	ig
2	1	585	0	0	0	2886	6262	47	26	-1	
3	1	585	1	0	0	2886	6262	47	26	-1	
4	1	585	1	1	0	2886	6262	47	26	-1	
5	1	585	1	1	1	2886	6262	47	26	51.240395	ols
2	1	586	0	0	0	1179	6211	32	95	-1	
3	1	586	1	0	0	1179	6211	32	95	-1	
4	1	586	1	1	0	1179	6211	32	95	-1	
5	1	586	1	1	1	1179	6211	32	95	62.548359	‘
2	1	587	0	0	0	3102	6295	51	14	-1	
3	1	587	1	0	0	3102	6295	51	14	-1	
4	1	587	1	1	0	3102	6295	51	14	-1	
5	1	587	1	1	1	3102	6295	51	14	0.000000	2.
2	1	588	0	0	0	2734	6248	77	87	-1	
3	1	588	1	0	0	2734	6248	77	87	-1	
4	1	588	1	1	0	2734	6248	77	87	-1	
5	1	588	1	1	1	2734	6248	77	87	48.967709	ml
2	1	589	0	0	0	2852	6305	43	34	-1	
3	1	589	1	0	0	2852	6305	43	34	-1	
4	1	589	1	1	0	2852	6305	43	34	-1	
5	1	589	1	1	1	2852	6305	43	34	0.000000	Ts
2	1	590	0	0	0	2920	6326	32	10	-1	
3	1	590	1	0	0	2920	6326	32	10	-1	
4	1	590	1	1	0	2920	6326	32	10	-1	
5	1	590	1	1	1	2920	6326	32	10	88.208511	aw
2	1	591	0	0	0	2994	6311	64	18	-1	
3	1	591	1	0	0	2994	6311	64	18	-1	
4	1	591	1	1	0	2994	6311	64	18	-1	
5	1	591	1	1	1	2994	6311	64	18	14.217232	3d
5	1	591	1	1	2	3040	6307	22	32	26.923721	|.
2	1	592	0	0	0	1216	6342	30	23	-1	
3	1	592	1	0	0	1216	6342	30	23	-1	
4	1	592	1	1	0	1216	6342	30	23	-1	
5	1	592	1	1	1	1216	6342	30	23	59.725349	a8
2	1	593	0	0	0	1659	6277	307	82	-1	
3	1	593	1	0	0	1659	6277	307	82	-1	
4	1	593	1	1	0	1659	6277	307	82	-1	
5	1	593	1	1	1	1659	6253	330	106	28.867752	ae
2	1	594	0	0	0	2024	6338	61	18	-1	
3	1	594	1	0	0	2024	6338	61	18	-1	
4	1	594	1	1	0	2024	6338	61	18	-1	
5	1	594	1	1	1	2024	6338	61	18	43.075897	P68
2	1	595	0	0	0	3098	6324	66	37	-1	
3	1	595	1	0	0	3098	6324	66	37	-1	
4	1	595	1	1	0	3098	6324	66	37	-1	
5	1	595	1	1	1	3098	6324	66	37	76.329597	LO
2	1	596	0	0	0	1216	6368	30	9	-1	
3	1	596	1	0	0	1216	6368	30	9	-1	
4	1	596	1	1	0	1216	6368	30	9	-1	
5	1	596	1	1	1	1216	6368	30	9	0.000000	—®
2	1	597	0	0	0	1303	6371	27	9	-1	
3	1	597	1	0	0	1303	6371	27	9	-1	
4	1	597	1	1	0	1303	6371	27	9	-1	
5	1	597	1	1	1	1303	6371	27	9	0.000000	~—_
2	1	598	0	0	0	1388	6372	28	10	-1	
3	1	598	1	0	0	1388	6372	28	10	-1	
4	1	598	1	1	0	1388	6372	28	10	-1	
5	1	598	1	1	1	1388	6372	28	10	0.000000	a
2	1	599	0	0	0	1388	6357	28	13	-1	
3	1	599	1	0	0	1388	6357	28	13	-1	
4	1	599	1	1	0	1388	6357	28	13	-1	
5	1	599	1	1	1	1388	6357	28	13	78.781311	xo
2	1	600	0	0	0	1980	6361	41	26	-1	
3	1	600	1	0	0	1980	6361	41	26	-1	
4	1	600	1	1	0	1980	6361	41	26	-1	
5	1	600	1	1	1	1980	6364	9	20	38.250687	J
5	1	600	1	1	2	2011	6361	10	26	38.250687	|
2	1	601	0	0	0	2048	6366	36	17	-1	
3	1	601	1	0	0	2048	6366	36	17	-1	
4	1	601	1	1	0	2048	6366	36	17	-1	
5	1	601	1	1	1	2048	6366	36	17	32.183411	167
2	1	602	0	0	0	2886	6347	24	24	-1	
3	1	602	1	0	0	2886	6347	24	24	-1	
4	1	602	1	1	0	2886	6347	24	24	-1	
5	1	602	1	1	1	2886	6347	24	24	51.168922	(8)
2	1	603	0	0	0	567	6386	32	12	-1	
3	1	603	1	0	0	567	6386	32	12	-1	
4	1	603	1	1	0	567	6386	32	12	-1	
5	1	603	1	1	1	567	6386	32	12	84.713005	zo
2	1	604	0	0	0	990	6386	31	17	-1	
3	1	604	1	0	0	990	6386	31	17	-1	
4	1	604	1	1	0	990	6386	31	17	-1	
5	1	604	1	1	1	990	6386	31	17	78.319366	Eo
2	1	605	0	0	0	1182	6323	30	75	-1	
3	1	605	1	0	0	1182	6323	30	75	-1	
4	1	605	1	1	0	1182	6323	30	75	-1	
5	1	605	1	1	1	1182	6323	30	75	28.700523	i
2	1	606	0	0	0	1443	6385	46	14	-1	
3	1	606	1	0	0	1443	6385	46	14	-1	
4	1	606	1	1	0	1443	6385	46	14	-1	
5	1	606	1	1	1	1443	6385	46	14	95.587036	0603
2	1	607	0	0	0	2821	6376	24	24	-1	
3	1	607	1	0	0	2821	6376	24	24	-1	
4	1	607	1	1	0	2821	6376	24	24	-1	
5	1	607	1	1	1	2821	6376	24	24	44.199539	(3)
2	1	608	0	0	0	2887	6376	24	24	-1	
3	1	608	1	0	0	2887	6376	24	24	-1	
4	1	608	1	1	0	2887	6376	24	24	-1	
5	1	608	1	1	1	2887	6376	24	24	44.358921	(S)
2	1	609	0	0	0	2920	6379	31	11	-1	
3	1	609	1	0	0	2920	6379	31	11	-1	
4	1	609	1	1	0	2920	6379	31	11	-1	
5	1	609	1	1	1	2920	6379	31	11	83.767357	on
2	1	610	0	0	0	2952	6357	234	50	-1	
3	1	610	1	0	0	2952	6357	234	50	-1	
4	1	610	1	1	0	2952	6357	234	50	-1	
5	1	610	1	1	1	2952	6357	142	50	1.964172	—)
5	1	610	1	1	2	3106	6357	80	50	17.152786	a
2	1	611	0	0	0	568	6401	31	10	-1	
3	1	611	1	0	0	568	6401	31	10	-1	
4	1	611	1	1	0	568	6401	31	10	-1	
5	1	611	1	1	1	568	6401	31	10	46.048450	Bo
2	1	612	0	0	0	704	6395	32	15	-1	
3	1	612	1	0	0	704	6395	32	15	-1	
4	1	612	1	1	0	704	6395	32	15	-1	
5	1	612	1	1	1	704	6395	32	15	61.851460	BO
2	1	613	0	0	0	705	6409	31	9	-1	
3	1	613	1	0	0	705	6409	31	9	-1	
4	1	613	1	1	0	705	6409	31	9	-1	
5	1	613	1	1	1	705	6409	31	9	59.416115	za
2	1	614	0	0	0	820	6420	14	10	-1	
3	1	614	1	0	0	820	6420	14	10	-1	
4	1	614	1	1	0	820	6420	14	10	-1	
5	1	614	1	1	1	820	6420	14	10	80.490761	V
2	1	615	0	0	0	848	6408	32	10	-1	
3	1	615	1	0	0	848	6408	32	10	-1	
4	1	615	1	1	0	848	6408	32	10	-1	
5	1	615	1	1	1	848	6408	32	10	71.128517	Fa
2	1	616	0	0	0	848	6396	32	15	-1	
3	1	616	1	0	0	848	6396	32	15	-1	
4	1	616	1	1	0	848	6396	32	15	-1	
5	1	616	1	1	1	848	6396	32	15	51.388641	pO
2	1	617	0	0	0	990	6402	31	14	-1	
3	1	617	1	0	0	990	6402	31	14	-1	
4	1	617	1	1	0	990	6402	31	14	-1	
5	1	617	1	1	1	990	6402	31	14	65.783630	Po
2	1	618	0	0	0	1525	6304	65	111	-1	
3	1	618	1	0	0	1525	6304	65	111	-1	
4	1	618	1	1	0	1525	6304	65	111	-1	
5	1	618	1	1	1	1525	6304	65	111	46.443138	il
2	1	619	0	0	0	1957	6389	74	78	-1	
3	1	619	1	0	0	1957	6389	74	78	-1	
4	1	619	1	1	0	1957	6389	74	78	-1	
5	1	619	1	1	1	1957	6389	74	78	83.464409	om
2	1	620	0	0	0	2049	6394	35	16	-1	
3	1	620	1	0	0	2049	6394	35	16	-1	
4	1	620	1	1	0	2049	6394	35	16	-1	
5	1	620	1	1	1	2049	6394	35	16	73.280807	166
2	1	621	0	0	0	2920	6403	32	10	-1	
3	1	621	1	0	0	2920	6403	32	10	-1	
4	1	621	1	1	0	2920	6403	32	10	-1	
5	1	621	1	1	1	2920	6403	32	10	84.527733	ow
2	1	622	0	0	0	3095	6375	69	48	-1	
3	1	622	1	0	0	3095	6375	69	48	-1	
4	1	622	1	1	0	3095	6375	69	48	-1	
5	1	622	1	1	1	3095	6375	69	48	84.698196	CO
2	1	623	0	0	0	567	6423	32	10	-1	
3	1	623	1	0	0	567	6423	32	10	-1	
4	1	623	1	1	0	567	6423	32	10	-1	
5	1	623	1	1	1	567	6423	32	10	91.196434	an
2	1	624	0	0	0	680	6420	55	11	-1	
3	1	624	1	0	0	680	6420	55	11	-1	
4	1	624	1	1	0	680	6420	55	11	-1	
5	1	624	1	1	1	680	6420	55	11	48.941467	Var
2	1	625	0	0	0	703	6430	33	14	-1	
3	1	625	1	0	0	703	6430	33	14	-1	
4	1	625	1	1	0	703	6430	33	14	-1	
5	1	625	1	1	1	703	6430	33	14	73.024429	ae
2	1	626	0	0	0	847	6423	33	15	-1	
3	1	626	1	0	0	847	6423	33	15	-1	
4	1	626	1	1	0	847	6423	33	15	-1	
5	1	626	1	1	1	847	6423	33	15	38.240326	Oa
2	1	627	0	0	0	961	6419	60	16	-1	
3	1	627	1	0	0	961	6419	60	16	-1	
4	1	627	1	1	0	961	6419	60	16	-1	
5	1	627	1	1	1	961	6419	60	16	76.032257	Yon
2	1	628	0	0	0	1116	6426	28	6	-1	
3	1	628	1	0	0	1116	6426	28	6	-1	
4	1	628	1	1	0	1116	6426	28	6	-1	
5	1	628	1	1	1	1116	6426	28	6	0.000000	—
2	1	629	0	0	0	2023	6416	61	45	-1	
3	1	629	1	0	0	2023	6416	61	45	-1	
4	1	629	1	1	0	2023	6416	61	45	-1	
5	1	629	1	1	1	2023	6416	61	45	28.060059	rays
2	1	630	0	0	0	3090	6420	29	13	-1	
3	1	630	1	0	0	3090	6420	29	13	-1	
4	1	630	1	1	0	3090	6420	29	13	-1	
5	1	630	1	1	1	3090	6420	29	13	36.830181	Pee
2	1	631	0	0	0	1388	6449	28	9	-1	
3	1	631	1	0	0	1388	6449	28	9	-1	
4	1	631	1	1	0	1388	6449	28	9	-1	
5	1	631	1	1	1	1388	6449	28	9	12.615112	per
2	1	632	0	0	0	1918	6425	47	46	-1	
3	1	632	1	0	0	1918	6425	47	46	-1	
4	1	632	1	1	0	1918	6425	47	46	-1	
5	1	632	1	1	1	1918	6425	47	46	41.493496	cf
2	1	633	0	0	0	2024	6434	61	34	-1	
3	1	633	1	0	0	2024	6434	61	34	-1	
4	1	633	1	1	0	2024	6434	61	34	-1	
5	1	633	1	1	1	2024	6434	61	34	42.830357	On
2	1	634	0	0	0	2852	6444	51	26	-1	
3	1	634	1	0	0	2852	6444	51	26	-1	
4	1	634	1	1	0	2852	6444	51	26	-1	
5	1	634	1	1	1	2852	6444	51	26	3.253571	TS
2	1	635	0	0	0	3059	6434	124	22	-1	
3	1	635	1	0	0	3059	6434	124	22	-1	
4	1	635	1	1	0	3059	6434	124	22	-1	
5	1	635	1	1	1	3059	6434	124	22	15.188889	LAs
2	1	636	0	0	0	1216	6482	29	5	-1	
3	1	636	1	0	0	1216	6482	29	5	-1	
4	1	636	1	1	0	1216	6482	29	5	-1	
5	1	636	1	1	1	1216	6482	29	5	26.279648	<=
2	1	637	0	0	0	1216	6459	30	15	-1	
3	1	637	1	0	0	1216	6459	30	15	-1	
4	1	637	1	1	0	1216	6459	30	15	-1	
5	1	637	1	1	1	1216	6459	30	15	70.790215	no
2	1	638	0	0	0	1388	6474	28	10	-1	
3	1	638	1	0	0	1388	6474	28	10	-1	
4	1	638	1	1	0	1388	6474	28	10	-1	
5	1	638	1	1	1	1388	6474	28	10	49.384071	-9
2	1	639	0	0	0	1389	6461	27	12	-1	
3	1	639	1	0	0	1389	6461	27	12	-1	
4	1	639	1	1	0	1389	6461	27	12	-1	
5	1	639	1	1	1	1389	6461	27	12	66.539764	an
2	1	640	0	0	0	1183	6436	28	70	-1	
3	1	640	1	0	0	1183	6436	28	70	-1	
4	1	640	1	1	0	1183	6436	28	70	-1	
5	1	640	1	1	1	1183	6436	28	70	63.018059	i
2	1	641	0	0	0	1303	6483	27	11	-1	
3	1	641	1	0	0	1303	6483	27	11	-1	
4	1	641	1	1	0	1303	6483	27	11	-1	
5	1	641	1	1	1	1303	6483	27	11	49.561405	~-o
2	1	642	0	0	0	1443	6495	46	14	-1	
3	1	642	1	0	0	1443	6495	46	14	-1	
4	1	642	1	1	0	1443	6495	46	14	-1	
5	1	642	1	1	1	1443	6495	46	14	96.647469	0604
2	1	643	0	0	0	1956	6451	33	101	-1	
3	1	643	1	0	0	1956	6451	33	101	-1	
4	1	643	1	1	0	1956	6451	33	101	-1	
5	1	643	1	1	1	1956	6451	33	101	33.304436	8
2	1	644	0	0	0	2062	6482	22	15	-1	
3	1	644	1	0	0	2062	6482	22	15	-1	
4	1	644	1	1	0	2062	6482	22	15	-1	
5	1	644	1	1	1	2062	6482	22	15	93.025726	G3
2	1	645	0	0	0	2733	6417	78	86	-1	
3	1	645	1	0	0	2733	6417	78	86	-1	
4	1	645	1	1	0	2733	6417	78	86	-1	
5	1	645	1	1	1	2733	6417	78	86	55.714539	ml
2	1	646	0	0	0	497	6510	13	10	-1	
3	1	646	1	0	0	497	6510	13	10	-1	
4	1	646	1	1	0	497	6510	13	10	-1	
5	1	646	1	1	1	497	6510	13	10	76.774597	°
2	1	647	0	0	0	553	6527	13	8	-1	
3	1	647	1	0	0	553	6527	13	8	-1	
4	1	647	1	1	0	553	6527	13	8	-1	
5	1	647	1	1	1	553	6527	13	8	64.931534	rey
2	1	648	0	0	0	554	6510	12	10	-1	
3	1	648	1	0	0	554	6510	12	10	-1	
4	1	648	1	1	0	554	6510	12	10	-1	
5	1	648	1	1	1	554	6510	12	10	35.140274	rs
2	1	649	0	0	0	690	6514	15	8	-1	
3	1	649	1	0	0	690	6514	15	8	-1	
4	1	649	1	1	0	690	6514	15	8	-1	
5	1	649	1	1	1	690	6514	15	8	29.010902	as
2	1	650	0	0	0	1525	6417	66	109	-1	
3	1	650	1	0	0	1525	6417	66	109	-1	
4	1	650	1	1	0	1525	6417	66	109	-1	
5	1	650	1	1	1	1525	6417	66	109	42.876534	il
2	1	651	0	0	0	2028	6507	57	35	-1	
3	1	651	1	0	0	2028	6507	57	35	-1	
4	1	651	1	1	0	2028	6507	57	35	-1	
5	1	651	1	1	1	2028	6507	57	35	21.678589	Oe
2	1	652	0	0	0	497	6528	13	9	-1	
3	1	652	1	0	0	497	6528	13	9	-1	
4	1	652	1	1	0	497	6528	13	9	-1	
5	1	652	1	1	1	497	6528	13	9	3.824478	n
2	1	653	0	0	0	498	6541	12	9	-1	
3	1	653	1	0	0	498	6541	12	9	-1	
4	1	653	1	1	0	498	6541	12	9	-1	
5	1	653	1	1	1	498	6541	12	9	93.242477	<
2	1	654	0	0	0	554	6538	12	9	-1	
3	1	654	1	0	0	554	6538	12	9	-1	
4	1	654	1	1	0	554	6538	12	9	-1	
5	1	654	1	1	1	554	6538	12	9	93.231277	<
2	1	655	0	0	0	2883	6511	69	33	-1	
3	1	655	1	0	0	2883	6511	69	33	-1	
4	1	655	1	1	0	2883	6511	69	33	-1	
5	1	655	1	1	1	2883	6511	69	33	0.000000	(G)ou
2	1	656	0	0	0	1217	6564	29	11	-1	
3	1	656	1	0	0	1217	6564	29	11	-1	
4	1	656	1	1	0	1217	6564	29	11	-1	
5	1	656	1	1	1	1217	6564	29	11	40.888718	za
2	1	657	0	0	0	1388	6555	28	14	-1	
3	1	657	1	0	0	1388	6555	28	14	-1	
4	1	657	1	1	0	1388	6555	28	14	-1	
5	1	657	1	1	1	1388	6555	28	14	27.078568	7)
2	1	658	0	0	0	1957	6517	115	72	-1	
3	1	658	1	0	0	1957	6517	124	72	-1	
4	1	658	1	1	0	1957	6517	115	72	-1	
5	1	658	1	1	1	1957	6517	115	72	0.000000	CH
2	1	659	0	0	0	1304	6575	25	10	-1	
3	1	659	1	0	0	1304	6575	25	10	-1	
4	1	659	1	1	0	1304	6575	25	10	-1	
5	1	659	1	1	1	1304	6575	25	10	17.407455	pg
2	1	660	0	0	0	1388	6568	28	15	-1	
3	1	660	1	0	0	1388	6568	28	15	-1	
4	1	660	1	1	0	1388	6568	28	15	-1	
5	1	660	1	1	1	1388	6568	28	15	64.217201	on
2	1	661	0	0	0	2852	6544	100	51	-1	
3	1	661	1	0	0	2852	6544	100	51	-1	
4	1	661	1	1	0	2852	6544	100	51	-1	
5	1	661	1	1	1	2852	6544	100	51	30.757004	mone
2	1	662	0	0	0	1216	6589	30	10	-1	
3	1	662	1	0	0	1216	6589	30	10	-1	
4	1	662	1	1	0	1216	6589	30	10	-1	
5	1	662	1	1	1	1216	6589	30	10	0.000000	a
2	1	663	0	0	0	1303	6585	27	30	-1	
3	1	663	1	0	0	1303	6585	27	30	-1	
4	1	663	1	1	0	1303	6585	27	30	-1	
5	1	663	1	1	1	1303	6585	27	30	34.209396	ae
2	1	664	0	0	0	1444	6604	47	14	-1	
3	1	664	1	0	0	1444	6604	47	14	-1	
4	1	664	1	1	0	1444	6604	47	14	-1	
5	1	664	1	1	1	1444	6604	47	14	94.818268	0605
2	1	665	0	0	0	634	6559	55	68	-1	
3	1	665	1	0	0	634	6559	55	68	-1	
4	1	665	1	1	0	634	6559	55	68	-1	
5	1	665	1	1	1	634	6559	55	68	30.351631	we
2	1	666	0	0	0	776	6559	52	67	-1	
3	1	666	1	0	0	776	6559	52	67	-1	
4	1	666	1	1	0	776	6559	52	67	-1	
5	1	666	1	1	1	776	6559	52	67	5.081596	ve
2	1	667	0	0	0	916	6558	54	68	-1	
3	1	667	1	0	0	916	6558	54	68	-1	
4	1	667	1	1	0	916	6558	54	68	-1	
5	1	667	1	1	1	916	6558	54	68	72.200272	4
2	1	668	0	0	0	1571	6529	64	109	-1	
3	1	668	1	0	0	1571	6529	64	109	-1	
4	1	668	1	1	0	1571	6529	64	109	-1	
5	1	668	1	1	1	1571	6529	64	109	54.983444	ll
2	1	669	0	0	0	2887	6599	64	24	-1	
3	1	669	1	0	0	2887	6599	64	24	-1	
4	1	669	1	1	0	2887	6599	64	24	-1	
5	1	669	1	1	1	2887	6599	64	24	0.000000	S)o-
2	1	670	0	0	0	2852	6640	43	35	-1	
3	1	670	1	0	0	2852	6640	43	35	-1	
4	1	670	1	1	0	2852	6640	43	35	-1	
5	1	670	1	1	1	2852	6640	43	35	53.524521	=.
2	1	671	0	0	0	1390	6685	27	14	-1	
3	1	671	1	0	0	1390	6685	27	14	-1	
4	1	671	1	1	0	1390	6685	27	14	-1	
5	1	671	1	1	1	1390	6685	27	14	44.537621	a?
2	1	672	0	0	0	2888	6683	42	24	-1	
3	1	672	1	0	0	2888	6683	42	24	-1	
4	1	672	1	1	0	2888	6683	42	24	-1	
5	1	672	1	1	1	2888	6683	42	24	25.883797	(3)
5	1	672	1	1	2	2921	6670	11	41	89.709038	-
2	1	673	0	0	0	917	6718	68	14	-1	
3	1	673	1	0	0	917	6718	68	14	-1	
4	1	673	1	1	0	917	6718	68	14	-1	
5	1	673	1	1	1	917	6722	13	10	0.000000	|
5	1	673	1	1	2	942	6718	43	14	0.000000	0616
2	1	674	0	0	0	1442	6718	47	14	-1	
3	1	674	1	0	0	1442	6718	47	14	-1	
4	1	674	1	1	0	1442	6718	47	14	-1	
5	1	674	1	1	1	1442	6718	47	14	95.405815	0606
2	1	675	0	0	0	2893	6711	59	24	-1	
3	1	675	1	0	0	2893	6711	59	24	-1	
4	1	675	1	1	0	2893	6711	59	24	-1	
5	1	675	1	1	1	2893	6711	59	24	0.251625	RO
5	1	675	1	1	2	2942	6707	14	40	17.358612	-
2	1	676	0	0	0	917	6734	96	17	-1	
3	1	676	1	0	0	917	6734	96	17	-1	
4	1	676	1	1	0	917	6734	96	17	-1	
5	1	676	1	1	1	917	6734	61	17	54.928421	<JAuro
5	1	676	1	1	2	986	6738	27	13	96.661598	Cue
2	1	677	0	0	0	1035	6735	44	14	-1	
3	1	677	1	0	0	1035	6735	44	14	-1	
4	1	677	1	1	0	1035	6735	44	14	-1	
5	1	677	1	1	1	1035	6735	44	14	50.478127	R60!
2	1	678	0	0	0	1571	6640	87	110	-1	
3	1	678	1	0	0	1571	6640	87	110	-1	
4	1	678	1	1	0	1571	6640	87	110	-1	
5	1	678	1	1	1	1571	6640	87	110	57.476700	til
2	1	679	0	0	0	2888	6739	46	24	-1	
3	1	679	1	0	0	2888	6739	46	24	-1	
4	1	679	1	1	0	2888	6739	46	24	-1	
5	1	679	1	1	1	2888	6739	46	24	46.619080	OKs
2	1	680	0	0	0	975	6763	30	14	-1	
3	1	680	1	0	0	975	6763	30	14	-1	
4	1	680	1	1	0	975	6763	30	14	-1	
5	1	680	1	1	1	975	6763	30	14	64.060974	fa)
2	1	681	0	0	0	1035	6754	33	13	-1	
3	1	681	1	0	0	1035	6754	33	13	-1	
4	1	681	1	1	0	1035	6754	33	13	-1	
5	1	681	1	1	1	1035	6754	33	13	95.427994	470
2	1	682	0	0	0	424	6770	47	18	-1	
3	1	682	1	0	0	424	6770	47	18	-1	
4	1	682	1	1	0	424	6770	47	18	-1	
5	1	682	1	1	1	424	6770	47	18	94.493324	No
2	1	683	0	0	0	981	6780	24	14	-1	
3	1	683	1	0	0	981	6780	24	14	-1	
4	1	683	1	1	0	981	6780	24	14	-1	
5	1	683	1	1	1	981	6780	24	14	11.693909	‘y
2	1	684	0	0	0	1217	6791	29	14	-1	
3	1	684	1	0	0	1217	6791	29	14	-1	
4	1	684	1	1	0	1217	6791	29	14	-1	
5	1	684	1	1	1	1217	6791	29	14	22.282166	uly
2	1	685	0	0	0	1217	6776	30	16	-1	
3	1	685	1	0	0	1217	6776	30	16	-1	
4	1	685	1	1	0	1217	6776	30	16	-1	
5	1	685	1	1	1	1217	6776	30	16	63.013195	Eu
2	1	686	0	0	0	1388	6795	28	13	-1	
3	1	686	1	0	0	1388	6795	28	13	-1	
4	1	686	1	1	0	1388	6795	28	13	-1	
5	1	686	1	1	1	1388	6795	28	13	56.431065	Om
2	1	687	0	0	0	2852	6779	54	25	-1	
3	1	687	1	0	0	2852	6779	54	25	-1	
4	1	687	1	1	0	2852	6779	54	25	-1	
5	1	687	1	1	1	2852	6779	54	25	29.025940	=,
2	1	688	0	0	0	424	6810	47	19	-1	
3	1	688	1	0	0	424	6810	47	19	-1	
4	1	688	1	1	0	424	6810	47	19	-1	
5	1	688	1	1	1	424	6810	47	19	65.222275	Mo
2	1	689	0	0	0	945	6803	45	15	-1	
3	1	689	1	0	0	945	6803	45	15	-1	
4	1	689	1	1	0	945	6803	45	15	-1	
5	1	689	1	1	1	945	6803	45	15	36.595554	0617
2	1	690	0	0	0	1217	6818	29	11	-1	
3	1	690	1	0	0	1217	6818	29	11	-1	
4	1	690	1	1	0	1217	6818	29	11	-1	
5	1	690	1	1	1	1217	6818	29	11	24.807953	om
2	1	691	0	0	0	1303	6806	26	8	-1	
3	1	691	1	0	0	1303	6806	26	8	-1	
4	1	691	1	1	0	1303	6806	26	8	-1	
5	1	691	1	1	1	1303	6806	26	8	70.916069	co
2	1	692	0	0	0	1389	6810	27	9	-1	
3	1	692	1	0	0	1389	6810	27	9	-1	
4	1	692	1	1	0	1389	6810	27	9	-1	
5	1	692	1	1	1	1389	6810	27	9	12.734619	papas
2	1	693	0	0	0	951	6824	42	13	-1	
3	1	693	1	0	0	951	6824	42	13	-1	
4	1	693	1	1	0	951	6824	42	13	-1	
5	1	693	1	1	1	951	6824	42	13	91.848679	Stow
2	1	694	0	0	0	1032	6816	47	14	-1	
3	1	694	1	0	0	1032	6816	47	14	-1	
4	1	694	1	1	0	1032	6816	47	14	-1	
5	1	694	1	1	1	1032	6816	47	14	93.739922	R602
2	1	695	0	0	0	1046	6834	23	13	-1	
3	1	695	1	0	0	1046	6834	23	13	-1	
4	1	695	1	1	0	1046	6834	23	13	-1	
5	1	695	1	1	1	1046	6834	23	13	66.107079	7O
2	1	696	0	0	0	1184	6768	28	76	-1	
3	1	696	1	0	0	1184	6768	28	76	-1	
4	1	696	1	1	0	1184	6768	28	76	-1	
5	1	696	1	1	1	1184	6768	28	76	40.980042	i
2	1	697	0	0	0	1388	6818	28	14	-1	
3	1	697	1	0	0	1388	6818	28	14	-1	
4	1	697	1	1	0	1388	6818	28	14	-1	
5	1	697	1	1	1	1388	6818	28	14	39.391861	on
2	1	698	0	0	0	1445	6829	45	13	-1	
3	1	698	1	0	0	1445	6829	45	13	-1	
4	1	698	1	1	0	1445	6829	45	13	-1	
5	1	698	1	1	1	1445	6829	45	13	94.396645	0607
2	1	699	0	0	0	974	6846	31	14	-1	
3	1	699	1	0	0	974	6846	31	14	-1	
4	1	699	1	1	0	974	6846	31	14	-1	
5	1	699	1	1	1	974	6846	31	14	32.747192	Ga)
2	1	700	0	0	0	974	6863	30	15	-1	
3	1	700	1	0	0	974	6863	30	15	-1	
4	1	700	1	1	0	974	6863	30	15	-1	
5	1	700	1	1	1	974	6863	30	15	0.000000	Psy
2	1	701	0	0	0	904	6897	13	4	-1	
3	1	701	1	0	0	904	6897	13	4	-1	
4	1	701	1	1	0	904	6897	13	4	-1	
5	1	701	1	1	1	904	6897	13	4	53.509518	=
2	1	702	0	0	0	953	6890	43	15	-1	
3	1	702	1	0	0	953	6890	43	15	-1	
4	1	702	1	1	0	953	6890	43	15	-1	
5	1	702	1	1	1	953	6890	43	15	70.351944	0618
2	1	703	0	0	0	1217	6902	29	11	-1	
3	1	703	1	0	0	1217	6902	29	11	-1	
4	1	703	1	1	0	1217	6902	29	11	-1	
5	1	703	1	1	1	1217	6902	29	11	63.563606	an
2	1	704	0	0	0	1217	6886	30	11	-1	
3	1	704	1	0	0	1217	6886	30	11	-1	
4	1	704	1	1	0	1217	6886	30	11	-1	
5	1	704	1	1	1	1217	6886	30	11	56.551376	aw
2	1	705	0	0	0	1036	6901	46	15	-1	
3	1	705	1	0	0	1036	6901	46	15	-1	
4	1	705	1	1	0	1036	6901	46	15	-1	
5	1	705	1	1	1	1036	6901	46	15	94.147041	R603
2	1	706	0	0	0	1217	6915	29	10	-1	
3	1	706	1	0	0	1217	6915	29	10	-1	
4	1	706	1	1	0	1217	6915	29	10	-1	
5	1	706	1	1	1	1217	6915	29	10	19.030159	aN
2	1	707	0	0	0	635	6927	32	13	-1	
3	1	707	1	0	0	635	6927	32	13	-1	
4	1	707	1	1	0	635	6927	32	13	-1	
5	1	707	1	1	1	635	6927	32	13	85.665649	on
2	1	708	0	0	0	744	6936	34	13	-1	
3	1	708	1	0	0	744	6936	34	13	-1	
4	1	708	1	1	0	744	6936	34	13	-1	
5	1	708	1	1	1	744	6936	34	13	74.759094	2a
2	1	709	0	0	0	744	6924	34	12	-1	
3	1	709	1	0	0	744	6924	34	12	-1	
4	1	709	1	1	0	744	6924	34	12	-1	
5	1	709	1	1	1	744	6924	34	12	59.107574	Pu
2	1	710	0	0	0	821	6928	32	11	-1	
3	1	710	1	0	0	821	6928	32	11	-1	
4	1	710	1	1	0	821	6928	32	11	-1	
5	1	710	1	1	1	821	6928	32	11	71.401657	mn
2	1	711	0	0	0	822	6940	31	11	-1	
3	1	711	1	0	0	822	6940	31	11	-1	
4	1	711	1	1	0	822	6940	31	11	-1	
5	1	711	1	1	1	822	6940	31	11	65.553131	Pa
2	1	712	0	0	0	1218	6927	28	11	-1	
3	1	712	1	0	0	1218	6927	28	11	-1	
4	1	712	1	1	0	1218	6927	28	11	-1	
5	1	712	1	1	1	1218	6927	28	11	39.766449	=o
2	1	713	0	0	0	1445	6941	48	14	-1	
3	1	713	1	0	0	1445	6941	48	14	-1	
4	1	713	1	1	0	1445	6941	48	14	-1	
5	1	713	1	1	1	1445	6941	48	14	94.928886	0608
2	1	714	0	0	0	2025	6923	50	19	-1	
3	1	714	1	0	0	2025	6923	50	19	-1	
4	1	714	1	1	0	2025	6923	50	19	-1	
5	1	714	1	1	1	2025	6923	50	19	1.567802	[sb
2	1	715	0	0	0	635	6956	31	12	-1	
3	1	715	1	0	0	635	6956	31	12	-1	
4	1	715	1	1	0	635	6956	31	12	-1	
5	1	715	1	1	1	635	6956	31	12	79.180779	cn
2	1	716	0	0	0	635	6943	31	13	-1	
3	1	716	1	0	0	635	6943	31	13	-1	
4	1	716	1	1	0	635	6943	31	13	-1	
5	1	716	1	1	1	635	6943	31	13	75.766785	ae
2	1	717	0	0	0	744	6961	34	13	-1	
3	1	717	1	0	0	744	6961	34	13	-1	
4	1	717	1	1	0	744	6961	34	13	-1	
5	1	717	1	1	1	744	6961	34	13	79.874420	zo
2	1	718	0	0	0	744	6949	34	12	-1	
3	1	718	1	0	0	744	6949	34	12	-1	
4	1	718	1	1	0	744	6949	34	12	-1	
5	1	718	1	1	1	744	6949	34	12	63.945480	ow
2	1	719	0	0	0	804	6952	49	12	-1	
3	1	719	1	0	0	804	6952	49	12	-1	
4	1	719	1	1	0	804	6952	49	12	-1	
5	1	719	1	1	1	804	6952	49	12	74.677399	maw
2	1	720	0	0	0	884	6910	237	45	-1	
3	1	720	1	0	0	884	6910	237	45	-1	
4	1	720	1	1	0	884	6910	237	45	-1	
5	1	720	1	1	1	884	6910	107	38	45.480366	ee
5	1	720	1	1	2	1030	6877	41	82	55.166878	se
5	1	720	1	1	3	1098	6942	23	13	87.093346	|
2	1	721	0	0	0	2049	6950	24	19	-1	
3	1	721	1	0	0	2049	6950	24	19	-1	
4	1	721	1	1	0	2049	6950	24	19	-1	
5	1	721	1	1	1	2049	6950	24	19	52.970119	Ic
2	1	722	0	0	0	635	6968	31	13	-1	
3	1	722	1	0	0	635	6968	31	13	-1	
4	1	722	1	1	0	635	6968	31	13	-1	
5	1	722	1	1	1	635	6968	31	13	88.412064	mo
2	1	723	0	0	0	951	6971	10	13	-1	
3	1	723	1	0	0	951	6971	10	13	-1	
4	1	723	1	1	0	951	6971	10	13	-1	
5	1	723	1	1	1	951	6971	10	13	38.010895	Oo
2	1	724	0	0	0	946	6984	143	31	-1	
3	1	724	1	0	0	946	6984	143	31	-1	
4	1	724	1	1	0	946	6984	143	31	-1	
5	1	724	1	1	1	946	6990	58	13	92.375580	Seorch
5	1	724	1	1	2	1010	6990	21	13	96.664902	ON
5	1	724	1	1	3	1041	6984	48	31	23.924530	S04
2	1	725	0	0	0	2049	6979	26	19	-1	
3	1	725	1	0	0	2049	6979	26	19	-1	
4	1	725	1	1	0	2049	6979	26	19	-1	
5	1	725	1	1	1	2049	6979	26	19	44.706642	Wd
2	1	726	0	0	0	954	7012	51	15	-1	
3	1	726	1	0	0	954	7012	51	15	-1	
4	1	726	1	1	0	954	7012	51	15	-1	
5	1	726	1	1	1	954	7012	51	15	51.240387	Mid)
2	1	727	0	0	0	1217	7017	29	11	-1	
3	1	727	1	0	0	1217	7017	29	11	-1	
4	1	727	1	1	0	1217	7017	29	11	-1	
5	1	727	1	1	1	1217	7017	29	11	80.780525	An
2	1	728	0	0	0	1303	7022	27	12	-1	
3	1	728	1	0	0	1303	7022	27	12	-1	
4	1	728	1	1	0	1303	7022	27	12	-1	
5	1	728	1	1	1	1303	7022	27	12	55.974049	Vo
2	1	729	0	0	0	1389	7008	28	11	-1	
3	1	729	1	0	0	1389	7008	28	11	-1	
4	1	729	1	1	0	1389	7008	28	11	-1	
5	1	729	1	1	1	1389	7008	28	11	57.553944	ww
2	1	730	0	0	0	1390	7021	26	10	-1	
3	1	730	1	0	0	1390	7021	26	10	-1	
4	1	730	1	1	0	1390	7021	26	10	-1	
5	1	730	1	1	1	1390	7021	26	10	47.730110	=o
2	1	731	0	0	0	974	7030	31	14	-1	
3	1	731	1	0	0	974	7030	31	14	-1	
4	1	731	1	1	0	974	7030	31	14	-1	
5	1	731	1	1	1	974	7030	31	14	30.392586	TD
2	1	732	0	0	0	1217	7030	29	15	-1	
3	1	732	1	0	0	1217	7030	29	15	-1	
4	1	732	1	1	0	1217	7030	29	15	-1	
5	1	732	1	1	1	1217	7030	29	15	74.121246	an
2	1	733	0	0	0	1389	7044	27	10	-1	
3	1	733	1	0	0	1389	7044	27	10	-1	
4	1	733	1	1	0	1389	7044	27	10	-1	
5	1	733	1	1	1	1389	7044	27	10	55.261215	me
2	1	734	0	0	0	698	7065	41	16	-1	
3	1	734	1	0	0	698	7065	41	16	-1	
4	1	734	1	1	0	698	7065	41	16	-1	
5	1	734	1	1	1	698	7065	41	16	59.484425	R612
2	1	735	0	0	0	1446	7052	49	14	-1	
3	1	735	1	0	0	1446	7052	49	14	-1	
4	1	735	1	1	0	1446	7052	49	14	-1	
5	1	735	1	1	1	1446	7052	49	14	92.697083	0609
2	1	736	0	0	0	698	7084	32	16	-1	
3	1	736	1	0	0	698	7084	32	16	-1	
4	1	736	1	1	0	698	7084	32	16	-1	
5	1	736	1	1	1	698	7084	32	16	95.503792	47K
2	1	737	0	0	0	1217	7113	31	14	-1	
3	1	737	1	0	0	1217	7113	31	14	-1	
4	1	737	1	1	0	1217	7113	31	14	-1	
5	1	737	1	1	1	1217	7113	31	14	51.532516	mu
2	1	738	0	0	0	1219	7127	28	14	-1	
3	1	738	1	0	0	1219	7127	28	14	-1	
4	1	738	1	1	0	1219	7127	28	14	-1	
5	1	738	1	1	1	1219	7127	28	14	24.313904	Wo
2	1	739	0	0	0	1305	7116	26	15	-1	
3	1	739	1	0	0	1305	7116	26	15	-1	
4	1	739	1	1	0	1305	7116	26	15	-1	
5	1	739	1	1	1	1305	7116	26	15	55.234142	Bo
2	1	740	0	0	0	2050	7120	20	17	-1	
3	1	740	1	0	0	2050	7120	20	17	-1	
4	1	740	1	1	0	2050	7120	20	17	-1	
5	1	740	1	1	1	2050	7120	20	17	19.859482	Vi
2	1	741	0	0	0	985	7154	30	10	-1	
3	1	741	1	0	0	985	7154	30	10	-1	
4	1	741	1	1	0	985	7154	30	10	-1	
5	1	741	1	1	1	985	7154	30	10	18.892906	—2
2	1	742	0	0	0	1066	7152	30	11	-1	
3	1	742	1	0	0	1066	7152	30	11	-1	
4	1	742	1	1	0	1066	7152	30	11	-1	
5	1	742	1	1	1	1066	7152	30	11	15.943535	ry
2	1	743	0	0	0	1217	7140	30	12	-1	
3	1	743	1	0	0	1217	7140	30	12	-1	
4	1	743	1	1	0	1217	7140	30	12	-1	
5	1	743	1	1	1	1217	7140	30	12	56.352043	mN
2	1	744	0	0	0	439	7157	48	15	-1	
3	1	744	1	0	0	439	7157	48	15	-1	
4	1	744	1	1	0	439	7157	48	15	-1	
5	1	744	1	1	1	439	7157	48	15	80.793259	no
2	1	745	0	0	0	526	7154	51	16	-1	
3	1	745	1	0	0	526	7154	51	16	-1	
4	1	745	1	1	0	526	7154	51	16	-1	
5	1	745	1	1	1	526	7154	51	16	67.552124	no
2	1	746	0	0	0	900	7165	30	13	-1	
3	1	746	1	0	0	900	7165	30	13	-1	
4	1	746	1	1	0	900	7165	30	13	-1	
5	1	746	1	1	1	900	7165	30	13	52.552914	Da
2	1	747	0	0	0	901	7156	29	10	-1	
3	1	747	1	0	0	901	7156	29	10	-1	
4	1	747	1	1	0	901	7156	29	10	-1	
5	1	747	1	1	1	901	7156	29	10	16.639748	=>
2	1	748	0	0	0	984	7167	31	11	-1	
3	1	748	1	0	0	984	7167	31	11	-1	
4	1	748	1	1	0	984	7167	31	11	-1	
5	1	748	1	1	1	984	7167	31	11	63.560181	AD
2	1	749	0	0	0	1066	7165	29	10	-1	
3	1	749	1	0	0	1066	7165	29	10	-1	
4	1	749	1	1	0	1066	7165	29	10	-1	
5	1	749	1	1	1	1066	7165	29	10	50.957493	WI
2	1	750	0	0	0	1218	7153	29	13	-1	
3	1	750	1	0	0	1218	7153	29	13	-1	
4	1	750	1	1	0	1218	7153	29	13	-1	
5	1	750	1	1	1	1218	7153	29	13	37.974388	Be
2	1	751	0	0	0	1445	7162	44	14	-1	
3	1	751	1	0	0	1445	7162	44	14	-1	
4	1	751	1	1	0	1445	7162	44	14	-1	
5	1	751	1	1	1	1445	7162	44	14	93.316185	0610
2	1	752	0	0	0	2567	7168	12	12	-1	
3	1	752	1	0	0	2567	7168	12	12	-1	
4	1	752	1	1	0	2567	7168	12	12	-1	
5	1	752	1	1	1	2567	7168	12	12	77.050697	=
2	1	753	0	0	0	439	7173	48	19	-1	
3	1	753	1	0	0	439	7173	48	19	-1	
4	1	753	1	1	0	439	7173	48	19	-1	
5	1	753	1	1	1	439	7173	48	19	24.844856	<o
2	1	754	0	0	0	526	7172	51	17	-1	
3	1	754	1	0	0	526	7172	51	17	-1	
4	1	754	1	1	0	526	7172	51	17	-1	
5	1	754	1	1	1	526	7172	51	17	79.449844	<o
2	1	755	0	0	0	900	7179	30	12	-1	
3	1	755	1	0	0	900	7179	30	12	-1	
4	1	755	1	1	0	900	7179	30	12	-1	
5	1	755	1	1	1	900	7179	30	12	37.707741	rye)
2	1	756	0	0	0	984	7180	31	12	-1	
3	1	756	1	0	0	984	7180	31	12	-1	
4	1	756	1	1	0	984	7180	31	12	-1	
5	1	756	1	1	1	984	7180	31	12	0.000000	cote)
2	1	757	0	0	0	1066	7177	29	12	-1	
3	1	757	1	0	0	1066	7177	29	12	-1	
4	1	757	1	1	0	1066	7177	29	12	-1	
5	1	757	1	1	1	1066	7177	29	12	0.000000	.Je}
2	1	758	0	0	0	439	7189	48	25	-1	
3	1	758	1	0	0	439	7189	48	25	-1	
4	1	758	1	1	0	439	7189	48	25	-1	
5	1	758	1	1	1	439	7189	48	25	52.320766	oa
2	1	759	0	0	0	526	7188	51	26	-1	
3	1	759	1	0	0	526	7188	51	26	-1	
4	1	759	1	1	0	526	7188	51	26	-1	
5	1	759	1	1	1	526	7188	51	26	70.221161	an
2	1	760	0	0	0	1389	7241	28	10	-1	
3	1	760	1	0	0	1389	7241	28	10	-1	
4	1	760	1	1	0	1389	7241	28	10	-1	
5	1	760	1	1	1	1389	7241	28	10	55.658836	co
2	1	761	0	0	0	1390	7265	26	10	-1	
3	1	761	1	0	0	1390	7265	26	10	-1	
4	1	761	1	1	0	1390	7265	26	10	-1	
5	1	761	1	1	1	1390	7265	26	10	86.435471	<n
2	1	762	0	0	0	1446	7276	39	14	-1	
3	1	762	1	0	0	1446	7276	39	14	-1	
4	1	762	1	1	0	1446	7276	39	14	-1	
5	1	762	1	1	1	1446	7276	39	14	0.000000	o6t)
2	1	763	0	0	0	637	7301	34	10	-1	
3	1	763	1	0	0	637	7301	34	10	-1	
4	1	763	1	1	0	637	7301	34	10	-1	
5	1	763	1	1	1	637	7301	34	10	27.953842	ao
2	1	764	0	0	0	637	7287	35	11	-1	
3	1	764	1	0	0	637	7287	35	11	-1	
4	1	764	1	1	0	637	7287	35	11	-1	
5	1	764	1	1	1	637	7287	35	11	52.655716	DH
2	1	765	0	0	0	1076	7289	32	19	-1	
3	1	765	1	0	0	1076	7289	32	19	-1	
4	1	765	1	1	0	1076	7289	32	19	-1	
5	1	765	1	1	1	1076	7289	32	19	54.556751	oo
2	1	766	0	0	0	1707	7308	17	2	-1	
3	1	766	1	0	0	1707	7308	17	2	-1	
4	1	766	1	1	0	1707	7308	17	2	-1	
5	1	766	1	1	1	1707	7308	17	2	60.105957	=
2	1	767	0	0	0	637	7308	34	14	-1	
3	1	767	1	0	0	637	7308	34	14	-1	
4	1	767	1	1	0	637	7308	34	14	-1	
5	1	767	1	1	1	637	7308	34	14	44.554363	32
2	1	768	0	0	0	874	7300	32	25	-1	
3	1	768	1	0	0	874	7300	32	25	-1	
4	1	768	1	1	0	874	7300	32	25	-1	
5	1	768	1	1	1	874	7300	32	25	61.415527	Y)
2	1	769	0	0	0	958	7300	31	26	-1	
3	1	769	1	0	0	958	7300	31	26	-1	
4	1	769	1	1	0	958	7300	31	26	-1	
5	1	769	1	1	1	958	7300	31	26	31.888794	)
2	1	770	0	0	0	1078	7306	29	12	-1	
3	1	770	1	0	0	1078	7306	29	12	-1	
4	1	770	1	1	0	1078	7306	29	12	-1	
5	1	770	1	1	1	1078	7306	29	12	79.676468	BN
2	1	771	0	0	0	637	7320	35	16	-1	
3	1	771	1	0	0	637	7320	35	16	-1	
4	1	771	1	1	0	637	7320	35	16	-1	
5	1	771	1	1	1	637	7320	35	16	49.675323	ier"
2	1	772	0	0	0	2119	7325	26	10	-1	
3	1	772	1	0	0	2119	7325	26	10	-1	
4	1	772	1	1	0	2119	7325	26	10	-1	
5	1	772	1	1	1	2119	7325	26	10	91.644699	ou
2	1	773	0	0	0	727	7363	39	10	-1	
3	1	773	1	0	0	727	7363	39	10	-1	
4	1	773	1	1	0	727	7363	39	10	-1	
5	1	773	1	1	1	727	7363	39	10	33.281982	Ve
2	1	774	0	0	0	790	7362	29	11	-1	
3	1	774	1	0	0	790	7362	29	11	-1	
4	1	774	1	1	0	790	7362	29	11	-1	
5	1	774	1	1	1	790	7362	29	11	50.129391	any
2	1	775	0	0	0	1136	7367	44	13	-1	
3	1	775	1	0	0	1136	7367	44	13	-1	
4	1	775	1	1	0	1136	7367	44	13	-1	
5	1	775	1	1	1	1136	7367	44	13	78.379005	aca
2	1	776	0	0	0	1247	7368	18	12	-1	
3	1	776	1	0	0	1247	7368	18	12	-1	
4	1	776	1	1	0	1247	7368	18	12	-1	
5	1	776	1	1	1	1247	7368	18	12	59.278980	s
2	1	777	0	0	0	1333	7366	14	12	-1	
3	1	777	1	0	0	1333	7366	14	12	-1	
4	1	777	1	1	0	1333	7366	14	12	-1	
5	1	777	1	1	1	1333	7366	14	12	83.154747	a
2	1	778	0	0	0	1418	7368	14	11	-1	
3	1	778	1	0	0	1418	7368	14	11	-1	
4	1	778	1	1	0	1418	7368	14	11	-1	
5	1	778	1	1	1	1418	7368	14	11	31.411865	e
2	1	779	0	0	0	1518	7364	308	18	-1	
3	1	779	1	0	0	1518	7364	308	18	-1	
4	1	779	1	1	0	1518	7364	308	18	-1	
5	1	779	1	1	1	1518	7365	81	14	67.122208	3200
5	1	779	1	1	2	1611	7364	88	18	0.000000	55-5
5	1	779	1	1	3	1719	7360	107	26	0.000000	-—7T0%90O
2	1	780	0	0	0	691	7400	48	14	-1	
3	1	780	1	0	0	691	7400	48	14	-1	
4	1	780	1	1	0	691	7400	48	14	-1	
5	1	780	1	1	1	691	7400	48	14	95.958763	0620
2	1	781	0	0	0	685	7420	49	15	-1	
3	1	781	1	0	0	685	7420	49	15	-1	
4	1	781	1	1	0	685	7420	49	15	-1	
5	1	781	1	1	1	685	7420	49	15	96.530754	Pitch
2	1	782	0	0	0	2693	7411	30	11	-1	
3	1	782	1	0	0	2693	7411	30	11	-1	
4	1	782	1	1	0	2693	7411	30	11	-1	
5	1	782	1	1	1	2693	7411	30	11	51.086498	ow
2	1	783	0	0	0	2851	7413	46	15	-1	
3	1	783	1	0	0	2851	7413	46	15	-1	
4	1	783	1	1	0	2851	7413	46	15	-1	
5	1	783	1	1	1	2851	7413	46	15	95.936668	0624
2	1	784	0	0	0	701	7444	31	15	-1	
3	1	784	1	0	0	701	7444	31	15	-1	
4	1	784	1	1	0	701	7444	31	15	-1	
5	1	784	1	1	1	701	7444	31	15	36.837406	fa)
2	1	785	0	0	0	2999	7436	44	14	-1	
3	1	785	1	0	0	2999	7436	44	14	-1	
4	1	785	1	1	0	2999	7436	44	14	-1	
5	1	785	1	1	1	2999	7436	44	14	54.650291	R610
2	1	786	0	0	0	701	7462	31	14	-1	
3	1	786	1	0	0	701	7462	31	14	-1	
4	1	786	1	1	0	701	7462	31	14	-1	
5	1	786	1	1	1	701	7462	31	14	17.660965	Sas
2	1	787	0	0	0	2843	7450	56	24	-1	
3	1	787	1	0	0	2843	7450	56	24	-1	
4	1	787	1	1	0	2843	7450	56	24	-1	
5	1	787	1	1	1	2843	7450	23	21	47.386009	dX
5	1	787	1	1	2	2868	7460	31	14	37.230953	iA’
2	1	788	0	0	0	2999	7453	35	13	-1	
3	1	788	1	0	0	2999	7453	35	13	-1	
4	1	788	1	1	0	2999	7453	35	13	-1	
5	1	788	1	1	1	2999	7453	35	13	96.642181	470
2	1	789	0	0	0	636	7481	32	12	-1	
3	1	789	1	0	0	636	7481	32	12	-1	
4	1	789	1	1	0	636	7481	32	12	-1	
5	1	789	1	1	1	636	7481	32	12	58.325333	aD
2	1	790	0	0	0	2868	7477	30	14	-1	
3	1	790	1	0	0	2868	7477	30	14	-1	
4	1	790	1	1	0	2868	7477	30	14	-1	
5	1	790	1	1	1	2868	7477	30	14	29.416306	Kas
5	1	790	1	1	2	2894	7473	8	28	31.378288	7
2	1	791	0	0	0	635	7495	33	11	-1	
3	1	791	1	0	0	635	7495	33	11	-1	
4	1	791	1	1	0	635	7495	33	11	-1	
5	1	791	1	1	1	635	7495	33	11	60.906303	xD
2	1	792	0	0	0	2860	7503	50	13	-1	
3	1	792	1	0	0	2860	7503	50	13	-1	
4	1	792	1	1	0	2860	7503	50	13	-1	
5	1	792	1	1	1	2860	7503	50	13	92.272751	EMPH
2	1	793	0	0	0	512	7523	14	9	-1	
3	1	793	1	0	0	512	7523	14	9	-1	
4	1	793	1	1	0	512	7523	14	9	-1	
5	1	793	1	1	1	512	7523	14	9	0.000000	°
2	1	794	0	0	0	634	7505	34	22	-1	
3	1	794	1	0	0	634	7505	34	22	-1	
4	1	794	1	1	0	634	7505	34	22	-1	
5	1	794	1	1	1	634	7505	34	22	0.000000	8
2	1	795	0	0	0	512	7548	14	10	-1	
3	1	795	1	0	0	512	7548	14	10	-1	
4	1	795	1	1	0	512	7548	14	10	-1	
5	1	795	1	1	1	512	7548	14	10	82.549011	a
2	1	796	0	0	0	512	7536	14	9	-1	
3	1	796	1	0	0	512	7536	14	9	-1	
4	1	796	1	1	0	512	7536	14	9	-1	
5	1	796	1	1	1	512	7536	14	9	91.462234	z
2	1	797	0	0	0	3140	7541	46	15	-1	
3	1	797	1	0	0	3140	7541	46	15	-1	
4	1	797	1	1	0	3140	7541	46	15	-1	
5	1	797	1	1	1	3140	7541	46	15	89.035316	co
2	1	798	0	0	0	2407	7563	33	21	-1	
3	1	798	1	0	0	2407	7563	33	21	-1	
4	1	798	1	1	0	2407	7563	33	21	-1	
5	1	798	1	1	1	2407	7563	33	21	32.108009	><
2	1	799	0	0	0	3140	7561	46	17	-1	
3	1	799	1	0	0	3140	7561	46	17	-1	
4	1	799	1	1	0	3140	7561	46	17	-1	
5	1	799	1	1	1	3140	7561	46	17	58.371426	zo
2	1	800	0	0	0	481	7569	88	42	-1	
3	1	800	1	0	0	481	7569	88	42	-1	
4	1	800	1	1	0	481	7569	88	42	-1	
5	1	800	1	1	1	481	7571	45	27	65.963303	com
5	1	800	1	1	2	537	7569	32	42	21.923897	2)
2	1	801	0	0	0	3141	7584	45	17	-1	
3	1	801	1	0	0	3141	7584	45	17	-1	
4	1	801	1	1	0	3141	7584	45	17	-1	
5	1	801	1	1	1	3141	7584	45	17	52.415310	ho
2	1	802	0	0	0	490	7611	19	14	-1	
3	1	802	1	0	0	490	7611	19	14	-1	
4	1	802	1	1	0	490	7611	19	14	-1	
5	1	802	1	1	1	490	7611	19	14	60.016529	gl
2	1	803	0	0	0	1165	7580	85	45	-1	
3	1	803	1	0	0	1165	7580	85	45	-1	
4	1	803	1	1	0	1165	7580	85	45	-1	
5	1	803	1	1	1	1165	7580	85	45	22.607101	r—°
2	1	804	0	0	0	536	7595	33	49	-1	
3	1	804	1	0	0	536	7595	33	49	-1	
4	1	804	1	1	0	536	7595	33	49	-1	
5	1	804	1	1	1	536	7595	33	49	65.764229	2
2	1	805	0	0	0	567	7524	490	131	-1	
3	1	805	1	0	0	567	7524	490	131	-1	
4	1	805	1	1	0	567	7524	490	131	-1	
5	1	805	1	1	1	567	7524	208	131	26.302017	ae
5	1	805	1	1	2	894	7528	163	115	26.302017	i
2	1	806	0	0	0	489	7635	26	16	-1	
3	1	806	1	0	0	489	7635	59	26	-1	
4	1	806	1	1	0	489	7635	26	16	-1	
5	1	806	1	1	1	489	7635	26	16	20.868080	#2
2	1	807	0	0	0	536	7622	33	38	-1	
3	1	807	1	0	0	536	7622	33	38	-1	
4	1	807	1	1	0	536	7622	33	38	-1	
5	1	807	1	1	1	536	7622	33	38	32.539474	to:
2	1	808	0	0	0	2840	7650	84	14	-1	
3	1	808	1	0	0	2840	7650	84	14	-1	
4	1	808	1	1	0	2840	7650	84	14	-1	
5	1	808	1	1	1	2840	7650	84	14	92.563568	REMOCON
2	1	809	0	0	0	2843	7670	23	22	-1	
3	1	809	1	0	0	2843	7670	23	22	-1	
4	1	809	1	1	0	2843	7670	23	22	-1	
5	1	809	1	1	1	2843	7670	23	22	31.185501	RY
2	1	810	0	0	0	2407	7677	34	44	-1	
3	1	810	1	0	0	2407	7677	34	44	-1	
4	1	810	1	1	0	2407	7677	34	44	-1	
5	1	810	1	1	1	2407	7677	34	44	65.541985	iS
2	1	811	0	0	0	2793	7713	39	15	-1	
3	1	811	1	0	0	2793	7713	39	15	-1	
4	1	811	1	1	0	2793	7713	39	15	-1	
5	1	811	1	1	1	2793	7713	39	15	24.836349	R611
2	1	812	0	0	0	2792	7731	35	14	-1	
3	1	812	1	0	0	2792	7731	35	14	-1	
4	1	812	1	1	0	2792	7731	35	14	-1	
5	1	812	1	1	1	2792	7731	35	14	96.018333	470
2	1	813	0	0	0	2860	7722	46	13	-1	
3	1	813	1	0	0	2860	7722	46	13	-1	
4	1	813	1	1	0	2860	7722	46	13	-1	
5	1	813	1	1	1	2860	7722	46	13	93.819542	0625
2	1	814	0	0	0	367	7587	114	167	-1	
3	1	814	1	0	0	367	7587	114	167	-1	
4	1	814	1	1	0	367	7587	114	167	-1	
5	1	814	1	1	1	367	7587	114	167	27.228584	a
2	1	815	0	0	0	1893	7756	242	18	-1	
3	1	815	1	0	0	1893	7756	242	18	-1	
4	1	815	1	1	0	1893	7756	242	18	-1	
5	1	815	1	1	1	1893	7756	242	18	2.147858	-zvaneandca
2	1	816	0	0	0	1204	7770	43	13	-1	
3	1	816	1	0	0	1204	7770	43	13	-1	
4	1	816	1	1	0	1204	7770	43	13	-1	
5	1	816	1	1	1	1204	7770	43	13	40.219517	0615
2	1	817	0	0	0	1278	7758	239	17	-1	
3	1	817	1	0	0	1278	7758	239	17	-1	
4	1	817	1	1	0	1278	7758	239	17	-1	
5	1	817	1	1	1	1278	7750	28	31	34.381226	—-
5	1	817	1	1	2	1304	7758	213	17	0.000000	,et*e2Q000
2	1	818	0	0	0	1561	7757	269	19	-1	
3	1	818	1	0	0	1561	7757	269	19	-1	
4	1	818	1	1	0	1561	7757	269	19	-1	
5	1	818	1	1	1	1561	7750	154	32	15.495918	e2020053
5	1	818	1	1	2	1727	7757	103	19	17.776573	3-7
2	1	819	0	0	0	380	7805	33	11	-1	
3	1	819	1	0	0	380	7805	33	11	-1	
4	1	819	1	1	0	380	7805	33	11	-1	
5	1	819	1	1	1	380	7805	33	11	56.314167	2
2	1	820	0	0	0	381	7793	31	11	-1	
3	1	820	1	0	0	381	7793	31	11	-1	
4	1	820	1	1	0	381	7793	31	11	-1	
5	1	820	1	1	1	381	7793	31	11	56.839989	b>
2	1	821	0	0	0	1197	7788	57	27	-1	
3	1	821	1	0	0	1197	7788	57	27	-1	
4	1	821	1	1	0	1197	7788	57	27	-1	
5	1	821	1	1	1	1197	7788	57	27	18.227814	MAl6S
2	1	822	0	0	0	1169	7814	198	79	-1	
3	1	822	1	0	0	1169	7814	198	79	-1	
4	1	822	1	1	0	1169	7814	198	79	-1	
5	1	822	1	1	1	1169	7814	198	79	27.541817	Tagan
2	1	823	0	0	0	1425	7818	27	20	-1	
3	1	823	1	0	0	1425	7818	27	20	-1	
4	1	823	1	1	0	1425	7818	27	20	-1	
5	1	823	1	1	1	1425	7818	27	20	43.843742	=
2	1	824	0	0	0	2723	7838	50	16	-1	
3	1	824	1	0	0	2723	7838	50	16	-1	
4	1	824	1	1	0	2723	7838	50	16	-1	
5	1	824	1	1	1	2723	7838	50	16	76.804184	no
2	1	825	0	0	0	779	7645	454	231	-1	
3	1	825	1	0	0	779	7645	454	231	-1	
4	1	825	1	1	0	779	7645	454	231	-1	
5	1	825	1	1	1	779	7645	454	231	46.368504	RE
2	1	826	0	0	0	558	7645	219	267	-1	
3	1	826	1	0	0	558	7645	219	267	-1	
4	1	826	1	1	0	558	7645	219	267	-1	
5	1	826	1	1	1	558	7645	219	267	0.000000	Z
2	1	827	0	0	0	697	7879	192	9	-1	
3	1	827	1	0	0	697	7879	192	9	-1	
4	1	827	1	1	0	697	7879	192	9	-1	
5	1	827	1	1	1	697	7879	192	9	46.058868	SRR
5	1	827	1	1	2	851	7866	41	28	25.515244	A
2	1	828	0	0	0	953	7815	215	101	-1	
3	1	828	1	0	0	953	7815	216	101	-1	
4	1	828	1	1	0	953	7815	215	101	-1	
5	1	828	1	1	1	953	7815	215	101	0.000000	BEEEEEED
2	1	829	0	0	0	1174	7814	49	80	-1	
3	1	829	1	0	0	1174	7814	49	80	-1	
4	1	829	1	1	0	1174	7814	49	80	-1	
5	1	829	1	1	1	1174	7814	49	80	0.000000	[fT
2	1	830	0	0	0	1487	7818	128	72	-1	
3	1	830	1	0	0	1487	7818	128	72	-1	
4	1	830	1	1	0	1487	7818	128	72	-1	
5	1	830	1	1	1	1487	7818	128	72	15.884789	Lok
2	1	831	0	0	0	2723	7872	50	27	-1	
3	1	831	1	0	0	2723	7872	50	27	-1	
4	1	831	1	1	0	2723	7872	50	27	-1	
5	1	831	1	1	1	2723	7872	50	27	0.000000	roN
2	1	832	0	0	0	739	7883	164	29	-1	
3	1	832	1	0	0	739	7883	164	29	-1	
4	1	832	1	1	0	739	7883	164	29	-1	
5	1	832	1	1	1	739	7883	164	29	19.014580	CLOMOMO
2	1	833	0	0	0	893	7879	19	33	-1	
3	1	833	1	0	0	893	7879	19	33	-1	
4	1	833	1	1	0	893	7879	19	33	-1	
5	1	833	1	1	1	893	7879	44	55	35.636322	a)
2	1	834	0	0	0	982	7882	157	30	-1	
3	1	834	1	0	0	982	7882	157	30	-1	
4	1	834	1	1	0	982	7882	157	30	-1	
5	1	834	1	1	1	982	7882	157	30	0.000000	OVDOO>
2	1	835	0	0	0	1132	7882	53	29	-1	
3	1	835	1	0	0	1132	7882	53	29	-1	
4	1	835	1	1	0	1132	7882	53	29	-1	
5	1	835	1	1	1	1132	7882	53	29	51.645390	CX)
2	1	836	0	0	0	1180	7837	967	88	-1	
3	1	836	1	0	0	1180	7837	967	88	-1	
4	1	836	1	1	0	1180	7837	967	88	-1	
5	1	836	1	1	1	1180	7837	106	88	40.416965	ont
5	1	836	1	1	2	1263	7878	266	33	0.000000	[COQOOOOOO)
5	1	836	1	1	3	1536	7874	42	45	42.406879	al
5	1	836	1	1	4	1596	7878	61	33	5.090218	COD
5	1	836	1	1	5	1654	7878	183	33	1.096252	OOOO
5	1	836	1	1	6	1847	7874	39	45	48.067089	el
5	1	836	1	1	7	1880	7878	267	33	1.610016	COOOCHOONO)
2	1	837	0	0	0	2723	7898	38	16	-1	
3	1	837	1	0	0	2723	7898	38	16	-1	
4	1	837	1	1	0	2723	7898	38	16	-1	
5	1	837	1	1	1	2723	7898	38	16	71.383087	re
2	1	838	0	0	0	2809	7883	69	28	-1	
3	1	838	1	0	0	2809	7883	69	28	-1	
4	1	838	1	1	0	2809	7883	69	28	-1	
5	1	838	1	1	1	2809	7883	69	28	58.018730	TLE
2	1	839	0	0	0	1542	7923	13	9	-1	
3	1	839	1	0	0	1542	7923	13	9	-1	
4	1	839	1	1	0	1542	7923	13	9	-1	
5	1	839	1	1	1	1542	7923	13	9	42.619873	a
2	1	840	0	0	0	2722	7910	50	28	-1	
3	1	840	1	0	0	2722	7910	50	28	-1	
4	1	840	1	1	0	2722	7910	50	28	-1	
5	1	840	1	1	1	2722	7910	50	28	77.030891	oo
2	1	841	0	0	0	1232	7934	14	10	-1	
3	1	841	1	0	0	1232	7934	14	10	-1	
4	1	841	1	1	0	1232	7934	14	10	-1	
5	1	841	1	1	1	1232	7922	15	22	40.935780	a
2	1	842	0	0	0	1541	7934	14	11	-1	
3	1	842	1	0	0	1541	7934	14	11	-1	
4	1	842	1	1	0	1541	7934	14	11	-1	
5	1	842	1	1	1	1541	7934	14	11	60.167095	a
2	1	843	0	0	0	2723	7935	49	17	-1	
3	1	843	1	0	0	2723	7935	49	17	-1	
4	1	843	1	1	0	2723	7935	49	17	-1	
5	1	843	1	1	1	2723	7935	49	17	61.291290	Nao
2	1	844	0	0	0	2832	7935	72	18	-1	
3	1	844	1	0	0	2832	7935	72	18	-1	
4	1	844	1	1	0	2832	7935	72	18	-1	
5	1	844	1	1	1	2832	7935	72	18	0.000000	Oo
2	1	845	0	0	0	503	7963	12	9	-1	
3	1	845	1	0	0	503	7963	12	9	-1	
4	1	845	1	1	0	503	7963	12	9	-1	
5	1	845	1	1	1	503	7963	12	9	43.906361	.
2	1	846	0	0	0	542	7962	12	9	-1	
3	1	846	1	0	0	542	7962	12	9	-1	
4	1	846	1	1	0	542	7962	12	9	-1	
5	1	846	1	1	1	542	7962	12	9	43.579750	~
2	1	847	0	0	0	624	7962	13	9	-1	
3	1	847	1	0	0	624	7962	13	9	-1	
4	1	847	1	1	0	624	7962	13	9	-1	
5	1	847	1	1	1	624	7962	13	9	30.939041	a
2	1	848	0	0	0	667	7962	13	9	-1	
3	1	848	1	0	0	667	7962	13	9	-1	
4	1	848	1	1	0	667	7962	13	9	-1	
5	1	848	1	1	1	667	7962	13	9	39.232754	a
2	1	849	0	0	0	668	7979	11	3	-1	
3	1	849	1	0	0	668	7979	11	3	-1	
4	1	849	1	1	0	668	7979	11	3	-1	
5	1	849	1	1	1	668	7979	11	3	94.840919	=
2	1	850	0	0	0	1233	7945	13	22	-1	
3	1	850	1	0	0	1233	7945	13	22	-1	
4	1	850	1	1	0	1233	7945	13	22	-1	
5	1	850	1	1	1	1233	7945	13	22	6.844185	g
2	1	851	0	0	0	1541	7958	15	10	-1	
3	1	851	1	0	0	1541	7958	15	10	-1	
4	1	851	1	1	0	1541	7958	15	10	-1	
5	1	851	1	1	1	1541	7958	15	10	75.162857	o
2	1	852	0	0	0	2808	7955	96	19	-1	
3	1	852	1	0	0	2808	7955	96	19	-1	
4	1	852	1	1	0	2808	7955	96	19	-1	
5	1	852	1	1	1	2808	7955	96	19	0.000000	exKex
2	1	853	0	0	0	2942	7970	31	10	-1	
3	1	853	1	0	0	2942	7970	31	10	-1	
4	1	853	1	1	0	2942	7970	31	10	-1	
5	1	853	1	1	1	2942	7970	31	10	87.315109	DD
2	1	854	0	0	0	2830	7969	74	19	-1	
3	1	854	1	0	0	2830	7969	74	19	-1	
4	1	854	1	1	0	2830	7969	74	19	-1	
5	1	854	1	1	1	2830	7969	74	19	29.520592	walt
2	1	855	0	0	0	2941	8006	32	13	-1	
3	1	855	1	0	0	2941	8006	32	13	-1	
4	1	855	1	1	0	2941	8006	32	13	-1	
5	1	855	1	1	1	2941	8006	32	13	68.606476	mo
2	1	856	0	0	0	2942	7995	31	12	-1	
3	1	856	1	0	0	2942	7995	31	12	-1	
4	1	856	1	1	0	2942	7995	31	12	-1	
5	1	856	1	1	1	2942	7995	31	12	8.719879	fak
5	1	856	1	1	2	2968	7991	8	24	61.110855	4
2	1	857	0	0	0	2830	8009	75	20	-1	
3	1	857	1	0	0	2830	8009	75	20	-1	
4	1	857	1	1	0	2830	8009	75	20	-1	
5	1	857	1	1	1	2830	8009	75	20	35.782204	OEzW
2	1	858	0	0	0	2942	8028	31	15	-1	
3	1	858	1	0	0	2942	8028	31	15	-1	
4	1	858	1	1	0	2942	8028	31	15	-1	
5	1	858	1	1	1	2942	8028	31	15	21.320358	sm
2	1	859	0	0	0	2943	8020	30	10	-1	
3	1	859	1	0	0	2943	8020	30	10	-1	
4	1	859	1	1	0	2943	8020	30	10	-1	
5	1	859	1	1	1	2943	8020	30	10	67.089630	=a
2	1	860	0	0	0	3119	8051	27	31	-1	
3	1	860	1	0	0	3119	8051	27	31	-1	
4	1	860	1	1	0	3119	8051	27	31	-1	
5	1	860	1	1	1	3119	8051	27	31	9.534515	@
2	1	861	0	0	0	959	8298	1183	92	-1	
3	1	861	1	0	0	959	8298	1183	92	-1	
4	1	861	1	1	0	959	8298	1183	92	-1	
5	1	861	1	1	1	955	8294	122	112	13.184097	rn
5	1	861	1	1	2	1113	8294	272	112	7.204750	a:
5	1	861	1	1	3	1440	8294	262	112	13.584671	rs
5	1	861	1	1	4	1841	8294	169	112	25.075806	ns
2	1	862	0	0	0	746	8483	28	5	-1	
3	1	862	1	0	0	746	8483	28	5	-1	
4	1	862	1	1	0	746	8483	28	5	-1	
5	1	862	1	1	1	746	8483	28	5	25.554672	_
2	1	863	0	0	0	1326	8475	27	5	-1	
3	1	863	1	0	0	1326	8475	27	5	-1	
4	1	863	1	1	0	1326	8475	27	5	-1	
5	1	863	1	1	1	1326	8475	27	5	32.380821	—
2	1	864	0	0	0	1020	8478	76	28	-1	
3	1	864	1	0	0	1020	8478	76	28	-1	
4	1	864	1	1	0	1020	8478	76	28	-1	
5	1	864	1	1	1	1020	8478	76	28	58.089020	390
2	1	865	0	0	0	1326	8507	75	32	-1	
3	1	865	1	0	0	1326	8507	75	32	-1	
4	1	865	1	1	0	1326	8507	75	32	-1	
5	1	865	1	1	1	1326	8507	75	32	21.286766	Sone
2	1	866	0	0	0	746	8527	74	27	-1	
3	1	866	1	0	0	746	8527	74	27	-1	
4	1	866	1	1	0	746	8527	74	27	-1	
5	1	866	1	1	1	746	8527	74	27	72.633499	Us.
2	1	867	0	0	0	1324	8552	76	26	-1	
3	1	867	1	0	0	1324	8552	76	26	-1	
4	1	867	1	1	0	1324	8552	76	26	-1	
5	1	867	1	1	1	1324	8552	76	26	14.230843	(om)
2	1	868	0	0	0	1629	8552	76	25	-1	
3	1	868	1	0	0	1629	8552	76	25	-1	
4	1	868	1	1	0	1629	8552	76	25	-1	
5	1	868	1	1	1	1629	8552	76	25	27.246536	om)
