level	page_num	block_num	par_num	line_num	word_num	left	top	width	height	conf	text
1	1	0	0	0	0	0	0	9073	3520	-1	
2	1	1	0	0	0	457	217	50	37	-1	
3	1	1	1	0	0	457	217	50	37	-1	
4	1	1	1	1	0	457	217	50	37	-1	
5	1	1	1	1	1	457	217	50	37	96.954300	17
2	1	2	0	0	0	925	217	50	37	-1	
3	1	2	1	0	0	925	217	50	37	-1	
4	1	2	1	1	0	925	217	50	37	-1	
5	1	2	1	1	1	925	217	50	37	96.808861	18
2	1	3	0	0	0	1406	216	51	38	-1	
3	1	3	1	0	0	1406	216	51	38	-1	
4	1	3	1	1	0	1406	216	51	38	-1	
5	1	3	1	1	1	1406	216	51	38	96.988907	19
2	1	4	0	0	0	1882	216	52	38	-1	
3	1	4	1	0	0	1882	216	52	38	-1	
4	1	4	1	1	0	1882	216	52	38	-1	
5	1	4	1	1	1	1882	216	52	38	97.011879	20
2	1	5	0	0	0	2347	217	47	36	-1	
3	1	5	1	0	0	2347	217	47	36	-1	
4	1	5	1	1	0	2347	217	47	36	-1	
5	1	5	1	1	1	2347	217	47	36	96.712822	21
2	1	6	0	0	0	2826	216	52	37	-1	
3	1	6	1	0	0	2826	216	52	37	-1	
4	1	6	1	1	0	2826	216	52	37	-1	
5	1	6	1	1	1	2826	216	52	37	96.965134	22
2	1	7	0	0	0	3299	216	52	38	-1	
3	1	7	1	0	0	3299	216	52	38	-1	
4	1	7	1	1	0	3299	216	52	38	-1	
5	1	7	1	1	1	3299	216	52	38	96.779320	23
2	1	8	0	0	0	3774	215	52	37	-1	
3	1	8	1	0	0	3774	215	52	37	-1	
4	1	8	1	1	0	3774	215	52	37	-1	
5	1	8	1	1	1	3774	215	52	37	96.944168	24
2	1	9	0	0	0	4243	215	51	37	-1	
3	1	9	1	0	0	4243	215	51	37	-1	
4	1	9	1	1	0	4243	215	51	37	-1	
5	1	9	1	1	1	4243	215	51	37	96.887115	25
2	1	10	0	0	0	4709	215	52	37	-1	
3	1	10	1	0	0	4709	215	52	37	-1	
4	1	10	1	1	0	4709	215	52	37	-1	
5	1	10	1	1	1	4709	215	52	37	96.963882	26
2	1	11	0	0	0	5196	214	52	37	-1	
3	1	11	1	0	0	5196	214	52	37	-1	
4	1	11	1	1	0	5196	214	52	37	-1	
5	1	11	1	1	1	5196	214	52	37	96.833466	27
2	1	12	0	0	0	5668	213	51	37	-1	
3	1	12	1	0	0	5668	213	51	37	-1	
4	1	12	1	1	0	5668	213	51	37	-1	
5	1	12	1	1	1	5668	213	51	37	96.907288	28
2	1	13	0	0	0	6142	211	53	38	-1	
3	1	13	1	0	0	6142	211	53	38	-1	
4	1	13	1	1	0	6142	211	53	38	-1	
5	1	13	1	1	1	6142	211	53	38	96.905113	29
2	1	14	0	0	0	6617	210	51	38	-1	
3	1	14	1	0	0	6617	210	51	38	-1	
4	1	14	1	1	0	6617	210	51	38	-1	
5	1	14	1	1	1	6617	210	51	38	96.996933	30
2	1	15	0	0	0	7092	211	47	38	-1	
3	1	15	1	0	0	7092	211	47	38	-1	
4	1	15	1	1	0	7092	211	47	38	-1	
5	1	15	1	1	1	7092	211	47	38	96.099304	31
2	1	16	0	0	0	7551	209	52	38	-1	
3	1	16	1	0	0	7551	209	52	38	-1	
4	1	16	1	1	0	7551	209	52	38	-1	
5	1	16	1	1	1	7551	209	52	38	96.975945	32
2	1	17	0	0	0	8024	208	52	37	-1	
3	1	17	1	0	0	8024	208	52	37	-1	
4	1	17	1	1	0	8024	208	52	37	-1	
5	1	17	1	1	1	8024	208	52	37	96.902718	33
2	1	18	0	0	0	8501	206	53	38	-1	
3	1	18	1	0	0	8501	206	53	38	-1	
4	1	18	1	1	0	8501	206	53	38	-1	
5	1	18	1	1	1	8501	206	53	38	96.846672	34
2	1	19	0	0	0	2024	311	710	63	-1	
3	1	19	1	0	0	2024	311	710	63	-1	
4	1	19	1	1	0	2024	311	710	63	-1	
5	1	19	1	1	1	2024	311	60	63	84.631599	Gl
5	1	19	1	1	2	2105	327	115	30	91.359055	CN452
5	1	19	1	1	3	2236	328	107	35	96.688736	(Laser
5	1	19	1	1	4	2355	329	108	27	96.665253	switch
5	1	19	1	1	5	2477	329	121	28	93.298111	control
5	1	19	1	1	6	2615	328	119	36	91.178566	P.C.B.)
2	1	20	0	0	0	3967	342	368	36	-1	
3	1	20	1	0	0	3967	335	435	55	-1	
4	1	20	1	1	0	3967	342	368	36	-1	
5	1	20	1	1	1	3967	344	99	34	96.120705	(Pitch
5	1	20	1	1	2	4081	343	119	28	96.754333	control
5	1	20	1	1	3	4217	342	118	35	6.311615	P.c.B.)
2	1	21	0	0	0	823	392	58	13	-1	
3	1	21	1	0	0	823	392	58	13	-1	
4	1	21	1	1	0	823	392	58	13	-1	
5	1	21	1	1	1	823	392	58	13	45.657021	I1C103
2	1	22	0	0	0	1765	406	298	17	-1	
3	1	22	1	0	0	1765	406	298	17	-1	
4	1	22	1	1	0	1765	406	298	17	-1	
5	1	22	1	1	1	1765	406	298	17	34.539803	PPP
5	1	22	1	1	2	1993	402	29	31	59.657917	ww
5	1	22	1	1	3	2037	402	29	31	25.343155	wn
2	1	23	0	0	0	1765	392	302	19	-1	
3	1	23	1	0	0	1765	392	302	19	-1	
4	1	23	1	1	0	1765	392	302	19	-1	
5	1	23	1	1	1	1765	393	119	17	27.314972	vara
5	1	23	1	1	2	1882	392	80	19	29.889420	wey
5	1	23	1	1	3	1967	392	100	15	10.860664	YY,
2	1	24	0	0	0	8048	386	145	35	-1	
3	1	24	1	0	0	8048	386	145	35	-1	
4	1	24	1	1	0	8048	386	145	35	-1	
5	1	24	1	1	1	8048	386	20	35	46.405186	We
5	1	24	1	1	2	8100	387	93	29	62.092060	CN11
2	1	25	0	0	0	820	418	135	23	-1	
3	1	25	1	0	0	820	418	135	23	-1	
4	1	25	1	1	0	820	418	135	23	-1	
5	1	25	1	1	1	816	414	69	39	0.000000	Pindar
5	1	25	1	1	2	894	414	36	39	61.536411	ploy
5	1	25	1	1	3	942	414	17	39	37.402405	|
2	1	26	0	0	0	4269	427	83	15	-1	
3	1	26	1	0	0	4269	427	83	15	-1	
4	1	26	1	1	0	4269	427	83	15	-1	
5	1	26	1	1	1	4269	427	43	15	86.503540	R308
5	1	26	1	1	2	4321	428	31	14	93.462677	10K
2	1	27	0	0	0	847	449	106	11	-1	
3	1	27	1	0	0	847	449	106	11	-1	
4	1	27	1	1	0	847	449	106	11	-1	
5	1	27	1	1	1	847	449	39	11	27.902672	20ms
5	1	27	1	1	2	891	449	62	11	4.146278	QSWOtV|
2	1	28	0	0	0	4964	429	255	36	-1	
3	1	28	1	0	0	4964	429	255	36	-1	
4	1	28	1	1	0	4964	429	255	36	-1	
5	1	28	1	1	1	4964	429	124	35	96.750053	Optical
5	1	28	1	1	2	5102	430	117	35	96.290413	pickup
2	1	29	0	0	0	6832	439	20	20	-1	
3	1	29	1	0	0	6832	439	20	20	-1	
4	1	29	1	1	0	6832	439	20	20	-1	
5	1	29	1	1	1	6832	439	20	20	89.806458	A
2	1	30	0	0	0	6866	411	174	41	-1	
3	1	30	1	0	0	6866	411	174	41	-1	
4	1	30	1	1	0	6866	411	174	41	-1	
5	1	30	1	1	1	6866	441	11	11	44.001297	_,
5	1	30	1	1	2	6894	411	146	28	96.741325	Rectifier
2	1	31	0	0	0	8102	433	384	35	-1	
3	1	31	1	0	0	8102	433	384	35	-1	
4	1	31	1	1	0	8102	433	384	35	-1	
5	1	31	1	1	1	8102	433	123	35	96.838821	(Power
5	1	31	1	1	2	8236	440	118	21	92.964706	source
5	1	31	1	1	3	8367	433	119	35	88.939964	P.C.B.)
2	1	32	0	0	0	2161	446	321	28	-1	
3	1	32	1	0	0	2161	446	321	28	-1	
4	1	32	1	1	0	2161	446	321	28	-1	
5	1	32	1	1	1	2161	446	150	28	96.694107	Traverse
5	1	32	1	1	2	2323	446	61	28	95.878174	coil
5	1	32	1	1	3	2397	446	85	28	96.642860	drive
2	1	33	0	0	0	2930	437	508	36	-1	
3	1	33	1	0	0	2930	437	508	36	-1	
4	1	33	1	1	0	2930	437	508	36	-1	
5	1	33	1	1	1	2930	438	154	35	96.277458	Tracking
5	1	33	1	1	2	3097	438	64	29	96.748558	and
5	1	33	1	1	3	3174	438	95	28	96.436348	focus
5	1	33	1	1	4	3279	437	61	29	96.668976	coil
5	1	33	1	1	5	3354	437	84	29	96.485954	drive
2	1	34	0	0	0	4035	477	81	12	-1	
3	1	34	1	0	0	4035	477	81	12	-1	
4	1	34	1	1	0	4035	477	81	12	-1	
5	1	34	1	1	1	4035	478	4	11	59.733486	4
5	1	34	1	1	2	4059	477	57	12	77.997643	12V
5	1	34	1	1	3	4105	470	15	28	35.390266	¥
2	1	35	0	0	0	4389	453	51	23	-1	
3	1	35	1	0	0	4389	453	51	23	-1	
4	1	35	1	1	0	4389	453	51	23	-1	
5	1	35	1	1	1	4389	453	51	23	73.281853	Ova
2	1	36	0	0	0	5459	425	81	57	-1	
3	1	36	1	0	0	5459	425	81	57	-1	
4	1	36	1	1	0	5459	425	81	57	-1	
5	1	36	1	1	1	5459	425	81	57	3.156960	Se
2	1	37	0	0	0	5966	477	28	13	-1	
3	1	37	1	0	0	5966	477	28	13	-1	
4	1	37	1	1	0	5966	477	28	13	-1	
5	1	37	1	1	1	5966	477	28	13	3.752075	Wy
2	1	38	0	0	0	6049	457	43	19	-1	
3	1	38	1	0	0	6049	457	43	19	-1	
4	1	38	1	1	0	6049	457	43	19	-1	
5	1	38	1	1	1	6049	457	43	19	59.437675	he
2	1	39	0	0	0	6827	461	106	27	-1	
3	1	39	1	0	0	6827	461	106	27	-1	
4	1	39	1	1	0	6827	461	106	27	-1	
5	1	39	1	1	1	6827	461	106	27	22.958519	SvOSIWB40
2	1	40	0	0	0	6989	473	28	10	-1	
3	1	40	1	0	0	6989	473	28	10	-1	
4	1	40	1	1	0	6989	473	28	10	-1	
5	1	40	1	1	1	6989	473	28	10	81.668770	o=
2	1	41	0	0	0	6989	481	34	13	-1	
3	1	41	1	0	0	6989	481	34	13	-1	
4	1	41	1	1	0	6989	481	34	13	-1	
5	1	41	1	1	1	6989	481	34	13	57.058491	aol
2	1	42	0	0	0	7021	447	44	37	-1	
3	1	42	1	0	0	7021	447	44	37	-1	
4	1	42	1	1	0	7021	447	44	37	-1	
5	1	42	1	1	1	7021	447	44	37	42.121777	cts
2	1	43	0	0	0	1279	489	38	27	-1	
3	1	43	1	0	0	1279	489	38	27	-1	
4	1	43	1	1	0	1279	489	38	27	-1	
5	1	43	1	1	1	1279	489	38	27	91.942123	in
2	1	44	0	0	0	1337	480	128	38	-1	
3	1	44	1	0	0	1337	480	128	38	-1	
4	1	44	1	1	0	1337	480	128	38	-1	
5	1	44	1	1	1	1337	480	128	38	90.713135	P.C.B
2	1	45	0	0	0	1369	509	9	8	-1	
3	1	45	1	0	0	1369	509	9	8	-1	
4	1	45	1	1	0	1369	509	9	8	-1	
5	1	45	1	1	1	1369	509	9	8	85.813599	.
2	1	46	0	0	0	1421	509	9	8	-1	
3	1	46	1	0	0	1421	509	9	8	-1	
4	1	46	1	1	0	1421	509	9	8	-1	
5	1	46	1	1	1	1421	509	9	8	81.589783	.
2	1	47	0	0	0	1470	509	9	8	-1	
3	1	47	1	0	0	1470	509	9	8	-1	
4	1	47	1	1	0	1470	509	9	8	-1	
5	1	47	1	1	1	1470	509	9	8	79.562981	.
2	1	48	0	0	0	1575	507	58	13	-1	
3	1	48	1	0	0	1575	507	58	13	-1	
4	1	48	1	1	0	1575	507	58	13	-1	
5	1	48	1	1	1	1575	507	58	13	38.013950	I1C106
2	1	49	0	0	0	1911	501	59	14	-1	
3	1	49	1	0	0	1911	501	59	14	-1	
4	1	49	1	1	0	1911	501	59	14	-1	
5	1	49	1	1	1	1911	501	59	14	41.923439	1C103
2	1	50	0	0	0	2516	503	80	13	-1	
3	1	50	1	0	0	2516	503	80	13	-1	
4	1	50	1	1	0	2516	503	80	13	-1	
5	1	50	1	1	1	2516	503	40	13	86.145294	C148
5	1	50	1	1	2	2568	504	28	12	45.907310	OO!
2	1	51	0	0	0	2656	495	141	18	-1	
3	1	51	1	0	0	2656	495	141	18	-1	
4	1	51	1	1	0	2656	495	141	18	-1	
5	1	51	1	1	1	2656	495	51	18	77.806725	Q101,
5	1	51	1	1	2	2716	495	81	18	81.566193	103,105
2	1	52	0	0	0	2870	495	138	18	-1	
3	1	52	1	0	0	2870	495	138	18	-1	
4	1	52	1	1	0	2870	495	138	18	-1	
5	1	52	1	1	1	2870	495	55	18	88.022659	Q102,
5	1	52	1	1	2	2932	495	76	18	93.015778	104,106
2	1	53	0	0	0	4389	483	50	23	-1	
3	1	53	1	0	0	4389	483	50	23	-1	
4	1	53	1	1	0	4389	483	50	23	-1	
5	1	53	1	1	1	4389	483	50	23	84.168617	C)
5	1	53	1	1	2	4420	479	23	33	56.303822	vr
2	1	54	0	0	0	4850	498	32	12	-1	
3	1	54	1	0	0	4850	498	32	12	-1	
4	1	54	1	1	0	4850	498	32	12	-1	
5	1	54	1	1	1	4850	498	32	12	95.597771	FOC
2	1	55	0	0	0	4953	497	33	12	-1	
3	1	55	1	0	0	4953	497	33	12	-1	
4	1	55	1	1	0	4953	497	33	12	-1	
5	1	55	1	1	1	4953	497	33	12	87.972366	TRK
2	1	56	0	0	0	5548	514	31	3	-1	
3	1	56	1	0	0	5548	514	31	3	-1	
4	1	56	1	1	0	5548	514	31	3	-1	
5	1	56	1	1	1	5548	514	31	3	28.245804	sits
2	1	57	0	0	0	6049	478	43	19	-1	
3	1	57	1	0	0	6049	478	43	19	-1	
4	1	57	1	1	0	6049	478	43	19	-1	
5	1	57	1	1	1	6049	478	43	19	22.577904	ha
2	1	58	0	0	0	6774	485	39	14	-1	
3	1	58	1	0	0	6774	485	39	14	-1	
4	1	58	1	1	0	6774	485	39	14	-1	
5	1	58	1	1	1	6774	485	39	14	49.684563	IZ1V
2	1	59	0	0	0	6989	495	75	10	-1	
3	1	59	1	0	0	6989	495	75	10	-1	
4	1	59	1	1	0	6989	495	75	10	-1	
5	1	59	1	1	1	6989	495	34	10	62.117142	esi
5	1	59	1	1	2	7062	496	2	9	0.000000	T1
2	1	60	0	0	0	7021	509	2	10	-1	
3	1	60	1	0	0	7021	509	2	10	-1	
4	1	60	1	1	0	7021	509	2	10	-1	
5	1	60	1	1	1	7021	509	2	10	45.024128	t
2	1	61	0	0	0	7095	461	75	48	-1	
3	1	61	1	0	0	7095	461	75	48	-1	
4	1	61	1	1	0	7095	461	75	48	-1	
5	1	61	1	1	1	7095	461	4	48	69.841408	|
5	1	61	1	1	2	7106	480	18	12	84.344734	AC
5	1	61	1	1	3	7131	480	39	13	81.732544	10.6V
2	1	62	0	0	0	7449	490	39	13	-1	
3	1	62	1	0	0	7449	490	39	13	-1	
4	1	62	1	1	0	7449	490	39	13	-1	
5	1	62	1	1	1	7449	490	39	13	36.631393	cCNit
2	1	63	0	0	0	1911	520	144	20	-1	
3	1	63	1	0	0	1911	520	144	20	-1	
4	1	63	1	1	0	1911	520	144	20	-1	
5	1	63	1	1	1	1911	520	144	20	89.706833	AN6554NS
2	1	64	0	0	0	2352	518	38	13	-1	
3	1	64	1	0	0	2352	518	38	13	-1	
4	1	64	1	1	0	2352	518	38	13	-1	
5	1	64	1	1	1	2352	518	38	13	30.595482	RIO6.
2	1	65	0	0	0	2419	513	38	13	-1	
3	1	65	1	0	0	2419	513	38	13	-1	
4	1	65	1	1	0	2419	513	38	13	-1	
5	1	65	1	1	1	2419	513	38	13	35.134445	Clo3
2	1	66	0	0	0	2657	518	113	19	-1	
3	1	66	1	0	0	2657	518	113	19	-1	
4	1	66	1	1	0	2657	518	113	19	-1	
5	1	66	1	1	1	2657	518	113	19	90.954826	2SD1055
2	1	67	0	0	0	2870	518	105	19	-1	
3	1	67	1	0	0	2870	518	105	19	-1	
4	1	67	1	1	0	2870	518	105	19	-1	
5	1	67	1	1	1	2870	518	105	19	86.711685	2SB822
2	1	68	0	0	0	3063	478	178	57	-1	
3	1	68	1	0	0	3063	478	178	57	-1	
4	1	68	1	1	0	3063	478	178	57	-1	
5	1	68	1	1	1	3063	479	134	56	11.923981	.*
5	1	68	1	1	2	3225	478	16	12	77.193604	-
2	1	69	0	0	0	3609	530	27	12	-1	
3	1	69	1	0	0	3609	530	27	12	-1	
4	1	69	1	1	0	3609	530	27	12	-1	
5	1	69	1	1	1	3609	530	27	12	81.940002	ox
2	1	70	0	0	0	3658	536	28	8	-1	
3	1	70	1	0	0	3658	536	28	8	-1	
4	1	70	1	1	0	3658	536	28	8	-1	
5	1	70	1	1	1	3658	536	28	8	35.179680	o-
2	1	71	0	0	0	4390	513	65	22	-1	
3	1	71	1	0	0	4390	513	65	22	-1	
4	1	71	1	1	0	4390	513	65	22	-1	
5	1	71	1	1	1	4386	500	27	40	10.360352	CO)
5	1	71	1	1	2	4422	500	33	40	10.108986	s12v
2	1	72	0	0	0	6367	527	30	9	-1	
3	1	72	1	0	0	6367	527	30	9	-1	
4	1	72	1	1	0	6367	527	30	9	-1	
5	1	72	1	1	1	6367	527	30	9	70.304451	me
2	1	73	0	0	0	6933	451	59	70	-1	
3	1	73	1	0	0	6933	451	59	70	-1	
4	1	73	1	1	0	6933	451	59	70	-1	
5	1	73	1	1	1	6933	451	59	70	57.940102	3
2	1	74	0	0	0	7021	523	2	11	-1	
3	1	74	1	0	0	7021	523	2	11	-1	
4	1	74	1	1	0	7021	523	2	11	-1	
5	1	74	1	1	1	7021	523	2	11	10.487061	t
2	1	75	0	0	0	7062	523	2	4	-1	
3	1	75	1	0	0	7062	523	2	4	-1	
4	1	75	1	1	0	7062	523	2	4	-1	
5	1	75	1	1	1	7062	523	2	4	21.645592	Hy
2	1	76	0	0	0	7462	523	43	12	-1	
3	1	76	1	0	0	7462	523	43	12	-1	
4	1	76	1	1	0	7462	523	43	12	-1	
5	1	76	1	1	1	7462	523	19	12	0.000000	Ac
5	1	76	1	1	2	7489	523	16	12	0.000000	iO
2	1	77	0	0	0	1087	470	187	96	-1	
3	1	77	1	0	0	1087	470	187	96	-1	
4	1	77	1	1	0	1087	470	187	96	-1	
5	1	77	1	1	1	1087	470	88	96	0.000000	[}
5	1	77	1	1	2	1208	480	66	37	42.192879	“2
2	1	78	0	0	0	1568	530	213	19	-1	
3	1	78	1	0	0	1568	530	213	19	-1	
4	1	78	1	1	0	1568	530	213	19	-1	
5	1	78	1	1	1	1568	530	213	19	91.185181	SVIUPD4053BC
2	1	79	0	0	0	2354	519	115	43	-1	
3	1	79	1	0	0	2354	519	115	43	-1	
4	1	79	1	1	0	2354	519	115	43	-1	
5	1	79	1	1	1	2354	519	35	32	53.487457	‘47K
5	1	79	1	1	2	2416	529	53	33	10.373291	sover
2	1	80	0	0	0	2730	549	69	12	-1	
3	1	80	1	0	0	2730	549	69	12	-1	
4	1	80	1	1	0	2730	549	69	12	-1	
5	1	80	1	1	1	2730	549	44	12	26.672409	I31V
5	1	80	1	1	2	2795	549	4	12	21.439049	+
2	1	81	0	0	0	3449	548	30	9	-1	
3	1	81	1	0	0	3449	548	30	9	-1	
4	1	81	1	1	0	3449	548	30	9	-1	
5	1	81	1	1	1	3449	548	30	9	55.817810	On
2	1	82	0	0	0	3555	532	29	13	-1	
3	1	82	1	0	0	3555	532	29	13	-1	
4	1	82	1	1	0	3555	532	29	13	-1	
5	1	82	1	1	1	3555	532	29	13	48.903481	ox
2	1	83	0	0	0	3556	544	28	12	-1	
3	1	83	1	0	0	3556	544	28	12	-1	
4	1	83	1	1	0	3556	544	28	12	-1	
5	1	83	1	1	1	3556	544	28	12	60.570271	So
2	1	84	0	0	0	3609	541	28	11	-1	
3	1	84	1	0	0	3609	541	28	11	-1	
4	1	84	1	1	0	3609	541	28	11	-1	
5	1	84	1	1	1	3609	541	28	11	57.554226	No.
2	1	85	0	0	0	3610	552	27	8	-1	
3	1	85	1	0	0	3610	552	27	8	-1	
4	1	85	1	1	0	3610	552	27	8	-1	
5	1	85	1	1	1	3610	552	27	8	55.125031	Xa
2	1	86	0	0	0	3659	552	28	9	-1	
3	1	86	1	0	0	3659	552	28	9	-1	
4	1	86	1	1	0	3659	552	28	9	-1	
5	1	86	1	1	1	3659	552	28	9	53.181221	=o
2	1	87	0	0	0	3734	555	29	10	-1	
3	1	87	1	0	0	3734	555	29	10	-1	
4	1	87	1	1	0	3734	555	29	10	-1	
5	1	87	1	1	1	3734	555	29	10	36.327026	=0
2	1	88	0	0	0	3734	546	29	9	-1	
3	1	88	1	0	0	3734	546	29	9	-1	
4	1	88	1	1	0	3734	546	29	9	-1	
5	1	88	1	1	1	3734	546	29	9	25.458076	=e
2	1	89	0	0	0	3803	551	28	10	-1	
3	1	89	1	0	0	3803	551	28	10	-1	
4	1	89	1	1	0	3803	551	28	10	-1	
5	1	89	1	1	1	3803	551	28	10	34.109749	we
2	1	90	0	0	0	4390	543	64	22	-1	
3	1	90	1	0	0	4390	543	64	22	-1	
4	1	90	1	1	0	4390	543	64	22	-1	
5	1	90	1	1	1	4386	530	27	40	0.290230	CS
5	1	90	1	1	2	4419	530	35	40	0.290230	-17
2	1	91	0	0	0	5961	539	43	12	-1	
3	1	91	1	0	0	5961	539	43	12	-1	
4	1	91	1	1	0	5961	539	43	12	-1	
5	1	91	1	1	1	5961	539	43	12	95.206665	0.047
2	1	92	0	0	0	6367	552	30	13	-1	
3	1	92	1	0	0	6367	552	30	13	-1	
4	1	92	1	1	0	6367	552	30	13	-1	
5	1	92	1	1	1	6367	552	30	13	85.726257	oe
2	1	93	0	0	0	6367	540	30	9	-1	
3	1	93	1	0	0	6367	540	30	9	-1	
4	1	93	1	1	0	6367	540	30	9	-1	
5	1	93	1	1	1	6367	540	30	9	0.000000	@>
2	1	94	0	0	0	6694	542	29	8	-1	
3	1	94	1	0	0	6694	542	29	8	-1	
4	1	94	1	1	0	6694	542	29	8	-1	
5	1	94	1	1	1	6694	542	29	8	58.967865	On
2	1	95	0	0	0	6696	553	26	9	-1	
3	1	95	1	0	0	6696	553	26	9	-1	
4	1	95	1	1	0	6696	553	26	9	-1	
5	1	95	1	1	1	6696	553	26	9	51.824795	sz
2	1	96	0	0	0	6989	533	75	19	-1	
3	1	96	1	0	0	6989	533	75	19	-1	
4	1	96	1	1	0	6989	533	75	19	-1	
5	1	96	1	1	1	6989	533	28	19	73.118683	no
5	1	96	1	1	2	7062	539	2	9	86.770752	i
2	1	97	0	0	0	7106	550	63	13	-1	
3	1	97	1	0	0	7106	550	63	13	-1	
4	1	97	1	1	0	7106	550	63	13	-1	
5	1	97	1	1	1	7106	550	18	13	85.409248	AC
5	1	97	1	1	2	7130	550	39	13	27.425583	10.6
2	1	98	0	0	0	7415	520	31	35	-1	
3	1	98	1	0	0	7415	520	31	35	-1	
4	1	98	1	1	0	7415	520	31	35	-1	
5	1	98	1	1	1	7415	520	31	35	24.814613	Ko
2	1	99	0	0	0	7462	550	34	13	-1	
3	1	99	1	0	0	7462	550	34	13	-1	
4	1	99	1	1	0	7462	550	34	13	-1	
5	1	99	1	1	1	7462	550	34	13	90.091164	GND
2	1	100	0	0	0	843	583	1	9	-1	
3	1	100	1	0	0	843	583	1	9	-1	
4	1	100	1	1	0	843	583	1	9	-1	
5	1	100	1	1	1	843	583	1	9	59.309620	i
2	1	101	0	0	0	850	575	90	11	-1	
3	1	101	1	0	0	850	575	90	11	-1	
4	1	101	1	1	0	850	575	90	11	-1	
5	1	101	1	1	1	850	575	30	11	62.201122	ams
5	1	101	1	1	2	889	575	51	11	34.690582	1W/OIV
2	1	102	0	0	0	1914	566	96	17	-1	
3	1	102	1	0	0	1914	566	96	17	-1	
4	1	102	1	1	0	1914	566	96	17	-1	
5	1	102	1	1	1	1914	566	55	17	78.392952	D105,
5	1	102	1	1	2	1978	567	32	13	85.667625	106
2	1	103	0	0	0	2442	559	19	20	-1	
3	1	103	1	0	0	2442	559	19	20	-1	
4	1	103	1	1	0	2442	559	19	20	-1	
5	1	103	1	1	1	2442	559	19	20	61.671749	®
2	1	104	0	0	0	2668	565	24	11	-1	
3	1	104	1	0	0	2668	565	24	11	-1	
4	1	104	1	1	0	2668	565	24	11	-1	
5	1	104	1	1	1	2668	565	24	11	91.667435	Plo
2	1	105	0	0	0	2669	580	42	10	-1	
3	1	105	1	0	0	2669	580	42	10	-1	
4	1	105	1	1	0	2669	580	42	10	-1	
5	1	105	1	1	1	2669	580	42	10	18.014816	tv/bi
2	1	106	0	0	0	2708	565	32	11	-1	
3	1	106	1	0	0	2708	565	32	11	-1	
4	1	106	1	1	0	2708	565	32	11	-1	
5	1	106	1	1	1	2708	565	32	11	19.485641	ams
2	1	107	0	0	0	2897	559	70	22	-1	
3	1	107	1	0	0	2897	559	70	22	-1	
4	1	107	1	1	0	2897	559	70	22	-1	
5	1	107	1	1	1	2897	559	70	22	67.720230	Aaio3
2	1	108	0	0	0	3190	552	70	20	-1	
3	1	108	1	0	0	3190	552	70	20	-1	
4	1	108	1	1	0	3190	552	70	20	-1	
5	1	108	1	1	1	3190	552	70	20	72.457123	AQios
2	1	109	0	0	0	3448	576	31	13	-1	
3	1	109	1	0	0	3448	576	31	13	-1	
4	1	109	1	1	0	3448	576	31	13	-1	
5	1	109	1	1	1	3448	576	31	13	26.778412	Ow}
2	1	110	0	0	0	3449	570	30	9	-1	
3	1	110	1	0	0	3449	570	30	9	-1	
4	1	110	1	1	0	3449	570	30	9	-1	
5	1	110	1	1	1	3449	570	30	9	28.818375	raked
2	1	111	0	0	0	3449	559	30	10	-1	
3	1	111	1	0	0	3449	559	30	10	-1	
4	1	111	1	1	0	3449	559	30	10	-1	
5	1	111	1	1	1	3449	559	30	10	78.307686	o>
2	1	112	0	0	0	3609	563	28	9	-1	
3	1	112	1	0	0	3609	563	28	9	-1	
4	1	112	1	1	0	3609	563	28	9	-1	
5	1	112	1	1	1	3609	563	28	9	30.714333	=n
2	1	113	0	0	0	3734	568	29	13	-1	
3	1	113	1	0	0	3734	568	29	13	-1	
4	1	113	1	1	0	3734	568	29	13	-1	
5	1	113	1	1	1	3734	568	29	13	61.772629	Po
2	1	114	0	0	0	3803	575	28	13	-1	
3	1	114	1	0	0	3803	575	28	13	-1	
4	1	114	1	1	0	3803	575	28	13	-1	
5	1	114	1	1	1	3803	575	28	13	48.315166	«zn
2	1	115	0	0	0	3803	562	29	11	-1	
3	1	115	1	0	0	3803	562	29	11	-1	
4	1	115	1	1	0	3803	562	29	11	-1	
5	1	115	1	1	1	3803	562	29	11	53.160381	Qn.
2	1	116	0	0	0	3854	575	26	13	-1	
3	1	116	1	0	0	3854	575	26	13	-1	
4	1	116	1	1	0	3854	575	26	13	-1	
5	1	116	1	1	1	3854	575	26	13	7.960220	ne.
2	1	117	0	0	0	4282	553	116	30	-1	
3	1	117	1	0	0	4282	553	116	30	-1	
4	1	117	1	1	0	4282	553	116	30	-1	
5	1	117	1	1	1	4278	549	21	49	0.000000	[
2	1	118	0	0	0	5334	575	20	12	-1	
3	1	118	1	0	0	5334	575	20	12	-1	
4	1	118	1	1	0	5334	575	20	12	-1	
5	1	118	1	1	1	5334	575	20	12	76.339890	A2
2	1	119	0	0	0	5599	576	18	12	-1	
3	1	119	1	0	0	5599	576	18	12	-1	
4	1	119	1	1	0	5599	576	18	12	-1	
5	1	119	1	1	1	5599	576	18	12	92.838326	RF
2	1	120	0	0	0	5674	573	26	13	-1	
3	1	120	1	0	0	5674	573	26	13	-1	
4	1	120	1	1	0	5674	573	26	13	-1	
5	1	120	1	1	1	5674	573	26	13	78.668015	Vice
2	1	121	0	0	0	5939	573	18	12	-1	
3	1	121	1	0	0	5939	573	18	12	-1	
4	1	121	1	1	0	5939	573	18	12	-1	
5	1	121	1	1	1	5939	573	18	12	90.422241	PD
2	1	122	0	0	0	6694	562	29	10	-1	
3	1	122	1	0	0	6694	562	29	10	-1	
4	1	122	1	1	0	6694	562	29	10	-1	
5	1	122	1	1	1	6694	562	29	10	72.080566	ve
2	1	123	0	0	0	6989	546	65	43	-1	
3	1	123	1	0	0	6989	546	65	43	-1	
4	1	123	1	1	0	6989	546	65	43	-1	
5	1	123	1	1	1	6989	546	65	43	56.640507	mas
2	1	124	0	0	0	7415	546	26	32	-1	
3	1	124	1	0	0	7415	546	26	32	-1	
4	1	124	1	1	0	7415	546	26	32	-1	
5	1	124	1	1	1	7415	546	26	32	31.315872	2
2	1	125	0	0	0	7463	576	41	12	-1	
3	1	125	1	0	0	7463	576	41	12	-1	
4	1	125	1	1	0	7463	576	41	12	-1	
5	1	125	1	1	1	7463	576	41	12	90.763893	ACIO
2	1	126	0	0	0	932	599	8	10	-1	
3	1	126	1	0	0	932	599	8	10	-1	
4	1	126	1	1	0	932	599	8	10	-1	
5	1	126	1	1	1	932	599	8	10	96.123566	2
2	1	127	0	0	0	1911	592	110	19	-1	
3	1	127	1	0	0	1911	592	110	19	-1	
4	1	127	1	1	0	1911	592	110	19	-1	
5	1	127	1	1	1	1911	592	110	19	91.742111	MA4082
2	1	128	0	0	0	2129	604	28	8	-1	
3	1	128	1	0	0	2129	604	28	8	-1	
4	1	128	1	1	0	2129	604	28	8	-1	
5	1	128	1	1	1	2129	604	28	8	71.943924	=o
2	1	129	0	0	0	2129	554	50	42	-1	
3	1	129	1	0	0	2129	554	50	42	-1	
4	1	129	1	1	0	2129	554	50	42	-1	
5	1	129	1	1	1	2129	554	50	42	60.693695	sod
2	1	130	0	0	0	2234	592	27	9	-1	
3	1	130	1	0	0	2234	592	27	9	-1	
4	1	130	1	1	0	2234	592	27	9	-1	
5	1	130	1	1	1	2234	592	27	9	42.872650	ox
2	1	131	0	0	0	2234	603	28	10	-1	
3	1	131	1	0	0	2234	603	28	10	-1	
4	1	131	1	1	0	2234	603	28	10	-1	
5	1	131	1	1	1	2234	603	28	10	54.372353	ow
2	1	132	0	0	0	2367	585	87	13	-1	
3	1	132	1	0	0	2367	585	87	13	-1	
4	1	132	1	1	0	2367	585	87	13	-1	
5	1	132	1	1	1	2367	585	37	13	64.010643	RIO7
5	1	132	1	1	2	2416	585	38	13	96.781837	270K
2	1	133	0	0	0	3079	568	94	25	-1	
3	1	133	1	0	0	3079	568	131	32	-1	
4	1	133	1	1	0	3079	568	94	25	-1	
5	1	133	1	1	1	3079	568	32	25	12.903122	2me
5	1	133	1	1	2	3120	571	53	22	0.000000	sv/Oly
2	1	134	0	0	0	3854	594	26	10	-1	
3	1	134	1	0	0	3854	594	26	10	-1	
4	1	134	1	1	0	3854	594	26	10	-1	
5	1	134	1	1	1	3854	594	26	10	57.672813	=o
2	1	135	0	0	0	4282	585	112	29	-1	
3	1	135	1	0	0	4282	585	112	29	-1	
4	1	135	1	1	0	4282	585	112	29	-1	
5	1	135	1	1	1	4282	585	112	29	57.644051	[R206
5	1	135	1	1	2	4344	581	25	47	5.454880	SK
2	1	136	0	0	0	4389	573	56	22	-1	
3	1	136	1	0	0	4389	573	56	22	-1	
4	1	136	1	1	0	4389	573	56	22	-1	
5	1	136	1	1	1	4389	573	56	22	51.998245	(sw
2	1	137	0	0	0	5178	484	134	116	-1	
3	1	137	1	0	0	5178	484	134	116	-1	
4	1	137	1	1	0	5178	484	134	116	-1	
5	1	137	1	1	1	5178	484	134	116	31.948341	ae
2	1	138	0	0	0	5359	483	180	116	-1	
3	1	138	1	0	0	5359	483	180	116	-1	
4	1	138	1	1	0	5359	483	180	116	-1	
5	1	138	1	1	1	5359	483	180	116	40.858467	ue
2	1	139	0	0	0	6827	600	121	10	-1	
3	1	139	1	0	0	6827	600	121	10	-1	
4	1	139	1	1	0	6827	600	121	10	-1	
5	1	139	1	1	1	6827	600	121	10	13.967636	a
2	1	140	0	0	0	7462	602	43	13	-1	
3	1	140	1	0	0	7462	602	43	13	-1	
4	1	140	1	1	0	7462	602	43	13	-1	
5	1	140	1	1	1	7462	602	43	13	62.785877	AC35
2	1	141	0	0	0	855	575	61	50	-1	
3	1	141	1	0	0	855	575	61	50	-1	
4	1	141	1	1	0	855	575	61	50	-1	
5	1	141	1	1	1	855	575	61	50	23.845154	rhe
2	1	142	0	0	0	2233	621	28	9	-1	
3	1	142	1	0	0	2233	621	28	9	-1	
4	1	142	1	1	0	2233	621	28	9	-1	
5	1	142	1	1	1	2233	621	28	9	29.730469	=
2	1	143	0	0	0	2492	586	106	52	-1	
3	1	143	1	0	0	2492	586	106	52	-1	
4	1	143	1	1	0	2492	586	106	52	-1	
5	1	143	1	1	1	2492	598	43	15	53.716957	Qiol
5	1	143	1	1	2	2546	586	52	52	89.318359	CH
2	1	144	0	0	0	3451	626	29	10	-1	
3	1	144	1	0	0	3451	626	29	10	-1	
4	1	144	1	1	0	3451	626	29	10	-1	
5	1	144	1	1	1	3451	626	29	10	75.042953	wx
2	1	145	0	0	0	3853	606	28	12	-1	
3	1	145	1	0	0	3853	606	28	12	-1	
4	1	145	1	1	0	3853	606	28	12	-1	
5	1	145	1	1	1	3853	606	28	12	22.623856	oS
2	1	146	0	0	0	4132	523	148	115	-1	
3	1	146	1	0	0	4132	523	148	115	-1	
4	1	146	1	1	0	4132	523	148	115	-1	
5	1	146	1	1	1	4132	519	52	134	30.770699	rT
5	1	146	1	1	2	4206	523	74	115	22.376938	Tt
2	1	147	0	0	0	4281	610	115	27	-1	
3	1	147	1	0	0	4281	610	115	27	-1	
4	1	147	1	1	0	4281	610	115	27	-1	
5	1	147	1	1	1	4281	610	115	27	27.672798	poo“
2	1	148	0	0	0	4391	599	63	24	-1	
3	1	148	1	0	0	4391	599	63	24	-1	
4	1	148	1	1	0	4391	599	63	24	-1	
5	1	148	1	1	1	4391	599	63	24	67.679909	(_)osc
2	1	149	0	0	0	4592	594	22	24	-1	
3	1	149	1	0	0	4592	594	22	24	-1	
4	1	149	1	1	0	4592	594	22	24	-1	
5	1	149	1	1	1	4592	594	22	24	19.489578	«)
2	1	150	0	0	0	4654	593	25	24	-1	
3	1	150	1	0	0	4654	593	25	24	-1	
4	1	150	1	1	0	4654	593	25	24	-1	
5	1	150	1	1	1	4654	593	25	24	23.884285	(6)
2	1	151	0	0	0	6398	504	176	136	-1	
3	1	151	1	0	0	6398	504	176	136	-1	
4	1	151	1	1	0	6398	504	176	136	-1	
5	1	151	1	1	1	6398	504	176	136	22.489731	UL
2	1	152	0	0	0	6815	625	53	12	-1	
3	1	152	1	0	0	6815	625	53	12	-1	
4	1	152	1	1	0	6815	625	53	12	-1	
5	1	152	1	1	1	6815	625	53	12	42.615067	j-13.1V
2	1	153	0	0	0	7077	615	61	14	-1	
3	1	153	1	0	0	7077	615	61	14	-1	
4	1	153	1	1	0	7077	615	61	14	-1	
5	1	153	1	1	1	7077	615	20	13	95.215019	AC
5	1	153	1	1	2	7105	616	33	13	93.183876	35.4
2	1	154	0	0	0	7462	627	33	13	-1	
3	1	154	1	0	0	7462	627	33	13	-1	
4	1	154	1	1	0	7462	627	33	13	-1	
5	1	154	1	1	1	7462	627	33	13	93.505928	ACS
2	1	155	0	0	0	847	635	100	12	-1	
3	1	155	1	0	0	847	635	100	12	-1	
4	1	155	1	1	0	847	635	100	12	-1	
5	1	155	1	1	1	847	636	30	11	30.533325	ams
5	1	155	1	1	2	885	628	33	28	0.000000	O.2v/
5	1	155	1	1	3	922	635	25	11	0.000000	DIV
2	1	156	0	0	0	1132	632	64	14	-1	
3	1	156	1	0	0	1132	632	64	14	-1	
4	1	156	1	1	0	1132	632	64	14	-1	
5	1	156	1	1	1	1132	632	64	14	35.397018	1€402
2	1	157	0	0	0	1414	633	45	11	-1	
3	1	157	1	0	0	1414	633	45	11	-1	
4	1	157	1	1	0	1414	633	45	11	-1	
5	1	157	1	1	1	1414	633	45	11	90.502739	3.9ms
2	1	158	0	0	0	1550	613	267	29	-1	
3	1	158	1	0	0	1550	613	267	29	-1	
4	1	158	1	1	0	1550	613	267	29	-1	
5	1	158	1	1	1	1550	614	132	28	96.427536	Remote
5	1	158	1	1	2	1694	613	123	28	96.265427	control
2	1	159	0	0	0	2420	644	43	12	-1	
3	1	159	1	0	0	2420	644	43	12	-1	
4	1	159	1	1	0	2420	644	43	12	-1	
5	1	159	1	1	1	2420	644	43	12	27.583626	dI06
2	1	160	0	0	0	2659	596	101	46	-1	
3	1	160	1	0	0	2659	596	101	46	-1	
4	1	160	1	1	0	2659	596	101	46	-1	
5	1	160	1	1	1	2659	596	101	46	38.548004	se
5	1	160	1	1	2	2741	592	24	69	21.883759	|*
2	1	161	0	0	0	3055	600	30	42	-1	
3	1	161	1	0	0	3055	600	30	42	-1	
4	1	161	1	1	0	3055	600	30	42	-1	
5	1	161	1	1	1	3055	600	30	42	0.277161	sf
2	1	162	0	0	0	3450	636	30	10	-1	
3	1	162	1	0	0	3450	636	30	10	-1	
4	1	162	1	1	0	3450	636	30	10	-1	
5	1	162	1	1	1	3450	636	30	10	78.128052	ao
2	1	163	0	0	0	3653	645	49	13	-1	
3	1	163	1	0	0	3653	645	49	13	-1	
4	1	163	1	1	0	3653	645	49	13	-1	
5	1	163	1	1	1	3653	645	49	13	71.265182	0.0012
2	1	164	0	0	0	3658	629	34	13	-1	
3	1	164	1	0	0	3658	629	34	13	-1	
4	1	164	1	1	0	3658	629	34	13	-1	
5	1	164	1	1	1	3658	629	34	13	64.375740	CuO
2	1	165	0	0	0	3790	631	35	12	-1	
3	1	165	1	0	0	3790	631	35	12	-1	
4	1	165	1	1	0	3790	631	35	12	-1	
5	1	165	1	1	1	3790	631	35	12	65.964111	RI3ZI
2	1	166	0	0	0	3794	649	29	13	-1	
3	1	166	1	0	0	3794	649	29	13	-1	
4	1	166	1	1	0	3794	649	29	13	-1	
5	1	166	1	1	1	3794	649	29	13	94.738533	33K
2	1	167	0	0	0	4391	628	46	23	-1	
3	1	167	1	0	0	4391	628	46	23	-1	
4	1	167	1	1	0	4391	628	46	23	-1	
5	1	167	1	1	1	4391	628	46	23	78.647095	C)xi
2	1	168	0	0	0	4589	651	16	13	-1	
3	1	168	1	0	0	4589	651	16	13	-1	
4	1	168	1	1	0	4589	651	16	13	-1	
5	1	168	1	1	1	4589	651	16	13	6.197777	&
2	1	169	0	0	0	4600	642	11	13	-1	
3	1	169	1	0	0	4600	642	11	13	-1	
4	1	169	1	1	0	4600	642	11	13	-1	
5	1	169	1	1	1	4600	642	11	13	57.347908	i)
2	1	170	0	0	0	4661	638	11	17	-1	
3	1	170	1	0	0	4661	638	11	17	-1	
4	1	170	1	1	0	4661	638	11	17	-1	
5	1	170	1	1	1	4661	638	11	17	54.999199	b
2	1	171	0	0	0	4897	638	11	16	-1	
3	1	171	1	0	0	4897	638	11	16	-1	
4	1	171	1	1	0	4897	638	11	16	-1	
5	1	171	1	1	1	4897	638	11	16	91.875931	d
2	1	172	0	0	0	4938	640	11	13	-1	
3	1	172	1	0	0	4938	640	11	13	-1	
4	1	172	1	1	0	4938	640	11	13	-1	
5	1	172	1	1	1	4938	640	11	13	92.442505	e
2	1	173	0	0	0	5663	637	17	13	-1	
3	1	173	1	0	0	5663	637	17	13	-1	
4	1	173	1	1	0	5663	637	17	13	-1	
5	1	173	1	1	1	5663	637	17	13	90.343811	m
2	1	174	0	0	0	5923	636	11	13	-1	
3	1	174	1	0	0	5923	636	11	13	-1	
4	1	174	1	1	0	5923	636	11	13	-1	
5	1	174	1	1	1	5923	636	11	13	75.857361	°
2	1	175	0	0	0	6028	636	11	17	-1	
3	1	175	1	0	0	6028	636	11	17	-1	
4	1	175	1	1	0	6028	636	11	17	-1	
5	1	175	1	1	1	6028	636	11	17	63.344635	Pp
2	1	176	0	0	0	6471	646	23	13	-1	
3	1	176	1	0	0	6471	646	23	13	-1	
4	1	176	1	1	0	6471	646	23	13	-1	
5	1	176	1	1	1	6471	646	23	13	75.912674	SV
2	1	177	0	0	0	928	664	23	11	-1	
3	1	177	1	0	0	928	664	23	11	-1	
4	1	177	1	1	0	928	664	23	11	-1	
5	1	177	1	1	1	928	664	23	11	0.000000	10.6]
2	1	178	0	0	0	2831	670	20	12	-1	
3	1	178	1	0	0	2831	670	20	12	-1	
4	1	178	1	1	0	2831	670	20	12	-1	
5	1	178	1	1	1	2831	670	20	12	57.915493	ov
2	1	179	0	0	0	3136	662	113	17	-1	
3	1	179	1	0	0	3136	662	113	17	-1	
4	1	179	1	1	0	3136	662	113	17	-1	
5	1	179	1	1	1	3136	666	38	13	0.000000	0.2v]
5	1	179	1	1	2	3198	662	51	15	47.717422	QI06
2	1	180	0	0	0	4391	656	64	23	-1	
3	1	180	1	0	0	4391	656	64	23	-1	
4	1	180	1	1	0	4391	656	64	23	-1	
5	1	180	1	1	1	4387	652	33	33	41.227501	(_)
5	1	180	1	1	2	4428	652	27	33	71.452278	GNO
2	1	181	0	0	0	7463	653	33	13	-1	
3	1	181	1	0	0	7463	653	33	13	-1	
4	1	181	1	1	0	7463	653	33	13	-1	
5	1	181	1	1	1	7463	653	33	13	67.814110	acs
2	1	182	0	0	0	7921	607	320	64	-1	
3	1	182	1	0	0	7921	607	320	64	-1	
4	1	182	1	1	0	7921	607	320	64	-1	
5	1	182	1	1	1	7921	616	37	55	89.454628	L
5	1	182	1	1	2	8005	607	153	38	95.222733	PITCH
5	1	182	1	1	3	8176	609	65	36	95.160843	VR
2	1	183	0	0	0	2025	700	28	9	-1	
3	1	183	1	0	0	2025	700	28	9	-1	
4	1	183	1	1	0	2025	700	28	9	-1	
5	1	183	1	1	1	2025	700	28	9	59.428463	=u
2	1	184	0	0	0	2025	678	28	21	-1	
3	1	184	1	0	0	2025	678	28	21	-1	
4	1	184	1	1	0	2025	678	28	21	-1	
5	1	184	1	1	1	2025	678	28	21	54.517601	SS
2	1	185	0	0	0	2092	639	319	65	-1	
3	1	185	1	0	0	2092	639	319	65	-1	
4	1	185	1	1	0	2092	639	319	65	-1	
5	1	185	1	1	1	2092	639	233	65	38.299236	===
5	1	185	1	1	2	2340	644	71	36	0.000000	=a
2	1	186	0	0	0	2773	698	28	8	-1	
3	1	186	1	0	0	2773	698	28	8	-1	
4	1	186	1	1	0	2773	698	28	8	-1	
5	1	186	1	1	1	2773	698	28	8	35.617195	Ce
2	1	187	0	0	0	2997	659	73	49	-1	
3	1	187	1	0	0	2997	659	73	49	-1	
4	1	187	1	1	0	2997	659	73	49	-1	
5	1	187	1	1	1	2997	659	73	49	22.004364	a
2	1	188	0	0	0	3084	690	28	13	-1	
3	1	188	1	0	0	3084	690	28	13	-1	
4	1	188	1	1	0	3084	690	28	13	-1	
5	1	188	1	1	1	3084	690	28	13	7.557266	ce
2	1	189	0	0	0	3723	681	40	13	-1	
3	1	189	1	0	0	3723	681	40	13	-1	
4	1	189	1	1	0	3723	681	40	13	-1	
5	1	189	1	1	1	3723	681	40	13	61.838989	R130
2	1	190	0	0	0	3726	698	29	13	-1	
3	1	190	1	0	0	3726	698	29	13	-1	
4	1	190	1	1	0	3726	698	29	13	-1	
5	1	190	1	1	1	3726	698	29	13	83.111893	Lak
2	1	191	0	0	0	3856	691	27	8	-1	
3	1	191	1	0	0	3856	691	27	8	-1	
4	1	191	1	1	0	3856	691	27	8	-1	
5	1	191	1	1	1	3856	691	27	8	42.737129	a=
2	1	192	0	0	0	3858	681	26	8	-1	
3	1	192	1	0	0	3858	681	26	8	-1	
4	1	192	1	1	0	3858	681	26	8	-1	
5	1	192	1	1	1	3858	681	26	8	24.670128	ox
2	1	193	0	0	0	4876	677	76	14	-1	
3	1	193	1	0	0	4876	677	76	14	-1	
4	1	193	1	1	0	4876	677	76	14	-1	
5	1	193	1	1	1	4876	678	36	13	6.332047	Play
5	1	193	1	1	2	4919	677	33	12	6.332047	2ms
2	1	194	0	0	0	4878	694	68	12	-1	
3	1	194	1	0	0	4878	694	68	12	-1	
4	1	194	1	1	0	4878	694	68	12	-1	
5	1	194	1	1	1	4878	694	68	12	54.744984	O.1W/01V
2	1	195	0	0	0	7463	680	41	12	-1	
3	1	195	1	0	0	7463	680	41	12	-1	
4	1	195	1	1	0	7463	680	41	12	-1	
5	1	195	1	1	1	7463	680	41	12	81.475372	ACI4
2	1	196	0	0	0	8004	665	143	38	-1	
3	1	196	1	0	0	8004	665	143	38	-1	
4	1	196	1	1	0	8004	665	143	38	-1	
5	1	196	1	1	1	8004	665	143	38	87.723152	P.C.B.
2	1	197	0	0	0	2025	711	12	8	-1	
3	1	197	1	0	0	2025	711	12	8	-1	
4	1	197	1	1	0	2025	711	12	8	-1	
5	1	197	1	1	1	2025	711	12	8	0.000000	«
2	1	198	0	0	0	2647	703	50	13	-1	
3	1	198	1	0	0	2647	703	50	13	-1	
4	1	198	1	1	0	2647	703	50	13	-1	
5	1	198	1	1	1	2647	703	50	13	46.984921	-0.6V
2	1	199	0	0	0	2772	709	29	13	-1	
3	1	199	1	0	0	2772	709	29	13	-1	
4	1	199	1	1	0	2772	709	29	13	-1	
5	1	199	1	1	1	2772	709	29	13	34.180229	zy
2	1	200	0	0	0	2957	705	34	12	-1	
3	1	200	1	0	0	2957	705	34	12	-1	
4	1	200	1	1	0	2957	705	34	12	-1	
5	1	200	1	1	1	2957	705	34	12	40.379631	O.6V
2	1	201	0	0	0	3084	704	28	11	-1	
3	1	201	1	0	0	3084	704	28	11	-1	
4	1	201	1	1	0	3084	704	28	11	-1	
5	1	201	1	1	1	3084	704	28	11	64.289322	ran]
2	1	202	0	0	0	3173	688	49	44	-1	
3	1	202	1	0	0	3173	688	49	44	-1	
4	1	202	1	1	0	3173	688	49	44	-1	
5	1	202	1	1	1	3173	688	49	44	72.441483	CD
2	1	203	0	0	0	3236	718	33	12	-1	
3	1	203	1	0	0	3236	718	33	12	-1	
4	1	203	1	1	0	3236	718	33	12	-1	
5	1	203	1	1	1	3236	718	33	12	81.827667	0.7V
2	1	204	0	0	0	5147	700	189	20	-1	
3	1	204	1	0	0	5147	700	189	20	-1	
4	1	204	1	1	0	5147	700	189	20	-1	
5	1	204	1	1	1	5147	700	189	20	29.009956	gbqanopde
2	1	205	0	0	0	5507	689	226	30	-1	
3	1	205	1	0	0	5507	689	226	30	-1	
4	1	205	1	1	0	5507	689	226	30	-1	
5	1	205	1	1	1	5507	689	226	30	21.400047	efkimignhi
2	1	206	0	0	0	7097	698	33	15	-1	
3	1	206	1	0	0	7097	698	33	15	-1	
4	1	206	1	1	0	7097	698	33	15	-1	
5	1	206	1	1	1	7097	698	33	15	79.477768	Qui
2	1	207	0	0	0	7463	707	40	12	-1	
3	1	207	1	0	0	7463	707	40	12	-1	
4	1	207	1	1	0	7463	707	40	12	-1	
5	1	207	1	1	1	7463	707	40	12	46.079453	ACI4
2	1	208	0	0	0	1131	651	695	86	-1	
3	1	208	1	0	0	1131	650	695	87	-1	
4	1	208	1	1	0	1131	651	695	86	-1	
5	1	208	1	1	1	1131	651	165	20	27.133400	MNISSOPDM
5	1	208	1	1	2	1383	654	112	83	36.522293	JU
5	1	208	1	1	3	1503	650	23	56	0.000000	~"
5	1	208	1	1	4	1549	660	73	27	96.912453	data
5	1	208	1	1	5	1635	659	191	35	93.479370	processing
2	1	209	0	0	0	1553	736	22	12	-1	
3	1	209	1	0	0	1553	736	22	12	-1	
4	1	209	1	1	0	1553	736	22	12	-1	
5	1	209	1	1	1	1553	736	22	12	45.814690	5V
2	1	210	0	0	0	1601	737	3	11	-1	
3	1	210	1	0	0	1601	737	3	11	-1	
4	1	210	1	1	0	1601	737	3	11	-1	
5	1	210	1	1	1	1601	737	3	11	0.000000	,
2	1	211	0	0	0	1854	724	9	24	-1	
3	1	211	1	0	0	1854	724	9	24	-1	
4	1	211	1	1	0	1854	724	9	24	-1	
5	1	211	1	1	1	1854	724	9	24	95.167862	4
2	1	212	0	0	0	2259	746	61	12	-1	
3	1	212	1	0	0	2259	746	61	12	-1	
4	1	212	1	1	0	2259	746	61	12	-1	
5	1	212	1	1	1	2255	739	24	28	9.077454	vv]
5	1	212	1	1	2	2301	746	19	12	63.493431	ov
2	1	213	0	0	0	2770	746	29	13	-1	
3	1	213	1	0	0	2770	746	29	13	-1	
4	1	213	1	1	0	2770	746	29	13	-1	
5	1	213	1	1	1	2770	746	29	13	64.864555	nN
2	1	214	0	0	0	3351	747	24	12	-1	
3	1	214	1	0	0	3351	747	24	12	-1	
4	1	214	1	1	0	3351	747	24	12	-1	
5	1	214	1	1	1	3351	747	24	12	94.131248	0.7
2	1	215	0	0	0	3416	746	23	12	-1	
3	1	215	1	0	0	3416	746	23	12	-1	
4	1	215	1	1	0	3416	746	23	12	-1	
5	1	215	1	1	1	3416	746	23	12	73.816895	Ov
2	1	216	0	0	0	3521	746	22	13	-1	
3	1	216	1	0	0	3521	746	22	13	-1	
4	1	216	1	1	0	3521	746	22	13	-1	
5	1	216	1	1	1	3521	746	22	13	36.978432	ry)
2	1	217	0	0	0	3740	728	138	15	-1	
3	1	217	1	0	0	3740	728	138	15	-1	
4	1	217	1	1	0	3740	728	138	15	-1	
5	1	217	1	1	1	3740	728	36	15	81.999069	Play
5	1	217	1	1	2	3784	729	32	11	68.505768	2ms
5	1	217	1	1	3	3824	729	54	11	0.000000	IV/DIv
2	1	218	0	0	0	4281	638	116	99	-1	
3	1	218	1	0	0	4281	638	116	99	-1	
4	1	218	1	1	0	4281	638	116	99	-1	
5	1	218	1	1	1	4281	638	116	99	0.000000	Er
2	1	219	0	0	0	4365	694	53	59	-1	
3	1	219	1	0	0	4365	694	53	59	-1	
4	1	219	1	1	0	4365	694	53	59	-1	
5	1	219	1	1	1	4365	694	53	59	10.818825	Fo
2	1	220	0	0	0	4419	685	54	35	-1	
3	1	220	1	0	0	4419	685	120	67	-1	
4	1	220	1	1	0	4419	685	54	35	-1	
5	1	220	1	1	1	4419	685	54	35	0.000000	cnnds
2	1	221	0	0	0	4618	729	148	13	-1	
3	1	221	1	0	0	4618	729	148	13	-1	
4	1	221	1	1	0	4618	729	148	13	-1	
5	1	221	1	1	1	4618	729	148	13	32.825684	SPEEO/POSITION
2	1	222	0	0	0	4619	747	43	12	-1	
3	1	222	1	0	0	4619	747	43	12	-1	
4	1	222	1	1	0	4619	747	43	12	-1	
5	1	222	1	1	1	4619	747	43	12	84.453934	SENS
2	1	223	0	0	0	5206	740	20	9	-1	
3	1	223	1	0	0	5206	740	20	9	-1	
4	1	223	1	1	0	5206	740	20	9	-1	
5	1	223	1	1	1	5206	740	20	9	43.826576	KA
2	1	224	0	0	0	6088	734	83	17	-1	
3	1	224	1	0	0	6088	734	83	17	-1	
4	1	224	1	1	0	6088	734	83	17	-1	
5	1	224	1	1	1	6088	734	35	14	91.284348	Play
5	1	224	1	1	2	6132	726	39	29	65.267426	O.Sps
2	1	225	0	0	0	6461	689	115	53	-1	
3	1	225	1	0	0	6461	689	115	53	-1	
4	1	225	1	1	0	6461	689	115	53	-1	
5	1	225	1	1	1	6461	689	115	53	47.164234	co
2	1	226	0	0	0	7096	721	119	20	-1	
3	1	226	1	0	0	7096	721	119	20	-1	
4	1	226	1	1	0	7096	721	119	20	-1	
5	1	226	1	1	1	7096	721	119	20	23.440483	2SAl309
2	1	227	0	0	0	7851	740	42	14	-1	
3	1	227	1	0	0	7851	740	42	14	-1	
4	1	227	1	1	0	7851	740	42	14	-1	
5	1	227	1	1	1	7851	740	42	14	5.608070	sTéo
2	1	228	0	0	0	7945	733	148	16	-1	
3	1	228	1	0	0	7945	733	148	16	-1	
4	1	228	1	1	0	7945	733	148	16	-1	
5	1	228	1	1	1	7945	735	51	14	0.000000	(Pita
5	1	228	1	1	2	8008	733	85	16	82.157745	CONTROL)
2	1	229	0	0	0	1184	768	86	13	-1	
3	1	229	1	0	0	1184	768	86	13	-1	
4	1	229	1	1	0	1184	768	86	13	-1	
5	1	229	1	1	1	1184	768	41	13	88.179428	C410
5	1	229	1	1	2	1240	768	30	13	84.298317	22P
2	1	230	0	0	0	2043	720	34	56	-1	
3	1	230	1	0	0	2043	720	75	56	-1	
4	1	230	1	1	0	2043	720	34	56	-1	
5	1	230	1	1	1	2043	720	34	56	55.535435	of
2	1	231	0	0	0	2770	760	29	11	-1	
3	1	231	1	0	0	2770	760	29	11	-1	
4	1	231	1	1	0	2770	760	29	11	-1	
5	1	231	1	1	1	2770	760	29	11	84.047821	os
2	1	232	0	0	0	2771	770	28	9	-1	
3	1	232	1	0	0	2771	770	28	9	-1	
4	1	232	1	1	0	2771	770	28	9	-1	
5	1	232	1	1	1	2771	770	28	9	46.834572	Se
2	1	233	0	0	0	2958	772	30	8	-1	
3	1	233	1	0	0	2958	772	30	8	-1	
4	1	233	1	1	0	2958	772	30	8	-1	
5	1	233	1	1	1	2958	772	30	8	54.193230	«eo
2	1	234	0	0	0	2959	762	30	9	-1	
3	1	234	1	0	0	2959	762	30	9	-1	
4	1	234	1	1	0	2959	762	30	9	-1	
5	1	234	1	1	1	2959	762	30	9	58.750824	=o
2	1	235	0	0	0	3079	768	28	9	-1	
3	1	235	1	0	0	3079	768	28	9	-1	
4	1	235	1	1	0	3079	768	28	9	-1	
5	1	235	1	1	1	3079	768	28	9	49.625771	oS
2	1	236	0	0	0	3079	758	51	14	-1	
3	1	236	1	0	0	3079	758	51	14	-1	
4	1	236	1	1	0	3079	758	51	14	-1	
5	1	236	1	1	1	3079	758	51	14	50.157898	ofan
2	1	237	0	0	0	3079	743	70	19	-1	
3	1	237	1	0	0	3079	743	70	19	-1	
4	1	237	1	1	0	3079	743	70	19	-1	
5	1	237	1	1	1	3079	743	29	17	54.210186	os
5	1	237	1	1	2	3118	739	31	31	55.861244	le
2	1	238	0	0	0	4170	639	192	127	-1	
3	1	238	1	0	0	4170	639	192	127	-1	
4	1	238	1	1	0	4170	639	192	127	-1	
5	1	238	1	1	1	4170	639	192	127	47.339996	HE
2	1	239	0	0	0	4364	739	21	26	-1	
3	1	239	1	0	0	4364	739	21	26	-1	
4	1	239	1	1	0	4364	739	21	26	-1	
5	1	239	1	1	1	4364	739	21	26	45.607105	a
2	1	240	0	0	0	4388	744	6	19	-1	
3	1	240	1	0	0	4388	744	6	19	-1	
4	1	240	1	1	0	4388	744	6	19	-1	
5	1	240	1	1	1	4388	744	6	19	0.000000	p
2	1	241	0	0	0	4387	742	31	41	-1	
3	1	241	1	0	0	4387	742	31	41	-1	
4	1	241	1	1	0	4387	742	31	41	-1	
5	1	241	1	1	1	4387	742	31	41	31.898735	le
2	1	242	0	0	0	5131	741	17	31	-1	
3	1	242	1	0	0	5131	741	17	31	-1	
4	1	242	1	1	0	5131	741	17	31	-1	
5	1	242	1	1	1	5131	741	17	31	64.526894	{
2	1	243	0	0	0	5138	744	75	24	-1	
3	1	243	1	0	0	5138	744	75	24	-1	
4	1	243	1	1	0	5138	744	75	24	-1	
5	1	243	1	1	1	5138	744	75	24	8.094040	(NND
2	1	244	0	0	0	5205	763	20	9	-1	
3	1	244	1	0	0	5205	763	20	9	-1	
4	1	244	1	1	0	5205	763	20	9	-1	
5	1	244	1	1	1	5205	763	20	9	50.136292	ZS
2	1	245	0	0	0	5217	739	127	32	-1	
3	1	245	1	0	0	5217	739	127	32	-1	
4	1	245	1	1	0	5217	739	127	32	-1	
5	1	245	1	1	1	5217	739	127	32	0.000000	LYON
2	1	246	0	0	0	5503	730	215	45	-1	
3	1	246	1	0	0	5503	730	215	45	-1	
4	1	246	1	1	0	5503	730	215	45	-1	
5	1	246	1	1	1	5503	730	215	45	46.151428	TOLL
2	1	247	0	0	0	5710	727	87	43	-1	
3	1	247	1	0	0	5710	727	87	43	-1	
4	1	247	1	1	0	5710	727	87	43	-1	
5	1	247	1	1	1	5710	727	87	43	19.667328	o—
2	1	248	0	0	0	5832	731	228	30	-1	
3	1	248	1	0	0	5832	731	228	30	-1	
4	1	248	1	1	0	5832	731	228	30	-1	
5	1	248	1	1	1	5832	731	136	30	96.526360	Tracking
5	1	248	1	1	2	5985	736	75	19	96.043793	error
2	1	249	0	0	0	6090	752	53	11	-1	
3	1	249	1	0	0	6090	752	53	11	-1	
4	1	249	1	1	0	6090	752	53	11	-1	
5	1	249	1	1	1	6090	752	53	11	0.458519	IWwo1V
2	1	250	0	0	0	6392	753	39	13	-1	
3	1	250	1	0	0	6392	753	39	13	-1	
4	1	250	1	1	0	6392	753	39	13	-1	
5	1	250	1	1	1	6392	753	39	13	21.756721	RI75
2	1	251	0	0	0	6401	770	17	13	-1	
3	1	251	1	0	0	6401	770	17	13	-1	
4	1	251	1	1	0	6401	770	17	13	-1	
5	1	251	1	1	1	6401	770	17	13	75.200195	12
2	1	252	0	0	0	7944	758	89	13	-1	
3	1	252	1	0	0	7944	758	89	13	-1	
4	1	252	1	1	0	7944	758	89	13	-1	
5	1	252	1	1	1	7944	758	43	13	25.992195	vAR6OI
5	1	252	1	1	2	8004	758	29	12	87.347847	20K
2	1	253	0	0	0	2147	747	35	41	-1	
3	1	253	1	0	0	2147	747	85	41	-1	
4	1	253	1	1	0	2147	747	35	41	-1	
5	1	253	1	1	1	2147	747	85	41	0.000000	~3)—{)
2	1	254	0	0	0	2261	763	23	23	-1	
3	1	254	1	0	0	2261	763	23	23	-1	
4	1	254	1	1	0	2261	763	23	23	-1	
5	1	254	1	1	1	2261	763	23	23	69.277878	©)
2	1	255	0	0	0	2314	764	23	23	-1	
3	1	255	1	0	0	2314	764	23	23	-1	
4	1	255	1	1	0	2314	764	23	23	-1	
5	1	255	1	1	1	2314	764	23	23	81.033501	©)
2	1	256	0	0	0	2365	764	23	23	-1	
3	1	256	1	0	0	2365	764	23	23	-1	
4	1	256	1	1	0	2365	764	23	23	-1	
5	1	256	1	1	1	2365	764	23	23	81.360336	@)
2	1	257	0	0	0	2559	713	76	72	-1	
3	1	257	1	0	0	2559	713	76	72	-1	
4	1	257	1	1	0	2559	713	76	72	-1	
5	1	257	1	1	1	2559	713	76	72	27.026482	oe
2	1	258	0	0	0	2770	780	29	10	-1	
3	1	258	1	0	0	2770	780	29	10	-1	
4	1	258	1	1	0	2770	780	29	10	-1	
5	1	258	1	1	1	2770	780	29	10	58.608246	oS
2	1	259	0	0	0	2876	787	49	12	-1	
3	1	259	1	0	0	2876	787	49	12	-1	
4	1	259	1	1	0	2876	787	49	12	-1	
5	1	259	1	1	1	2876	787	49	12	19.147911	13.1
2	1	260	0	0	0	3079	778	29	11	-1	
3	1	260	1	0	0	3079	778	29	11	-1	
4	1	260	1	1	0	3079	778	29	11	-1	
5	1	260	1	1	1	3079	778	29	11	56.221272	oS
2	1	261	0	0	0	3228	789	40	12	-1	
3	1	261	1	0	0	3228	789	40	12	-1	
4	1	261	1	1	0	3228	789	40	12	-1	
5	1	261	1	1	1	3228	789	40	12	44.229919	Ri22
2	1	262	0	0	0	3747	748	139	43	-1	
3	1	262	1	0	0	3747	748	139	43	-1	
4	1	262	1	1	0	3747	748	139	43	-1	
5	1	262	1	1	1	3747	748	139	43	28.655197	oe
5	1	262	1	1	2	3863	721	23	90	54.780113	|
2	1	263	0	0	0	4210	767	175	25	-1	
3	1	263	1	0	0	4210	767	175	25	-1	
4	1	263	1	1	0	4210	767	175	25	-1	
5	1	263	1	1	1	4210	767	175	25	34.682358	{Ty
2	1	264	0	0	0	4488	790	4	4	-1	
3	1	264	1	0	0	4488	790	4	4	-1	
4	1	264	1	1	0	4488	790	4	4	-1	
5	1	264	1	1	1	4488	790	4	4	41.432171	.
2	1	265	0	0	0	4491	758	106	28	-1	
3	1	265	1	0	0	4491	758	106	28	-1	
4	1	265	1	1	0	4491	758	106	28	-1	
5	1	265	1	1	1	4491	758	106	28	91.591187	BT601
2	1	266	0	0	0	4680	781	82	15	-1	
3	1	266	1	0	0	4680	781	82	15	-1	
4	1	266	1	1	0	4680	781	82	15	-1	
5	1	266	1	1	1	4680	784	21	12	84.137360	SK
5	1	266	1	1	2	4714	781	48	15	86.227806	£30%
2	1	267	0	0	0	4835	707	146	98	-1	
3	1	267	1	0	0	4835	707	146	98	-1	
4	1	267	1	1	0	4835	707	146	98	-1	
5	1	267	1	1	1	4835	740	33	65	92.183594	/
5	1	267	1	1	2	4875	707	65	52	5.416306	bebe
5	1	267	1	1	3	4950	711	31	41	44.596218	[oz
2	1	268	0	0	0	5078	761	72	46	-1	
3	1	268	1	0	0	5078	761	72	46	-1	
4	1	268	1	1	0	5078	761	72	46	-1	
5	1	268	1	1	1	5078	761	72	46	21.281387	Ln
2	1	269	0	0	0	5154	797	72	10	-1	
3	1	269	1	0	0	5154	797	72	10	-1	
4	1	269	1	1	0	5154	797	72	10	-1	
5	1	269	1	1	1	5154	797	72	10	37.547283	EN?
2	1	270	0	0	0	5177	765	26	31	-1	
3	1	270	1	0	0	5177	765	26	31	-1	
4	1	270	1	1	0	5177	765	26	31	-1	
5	1	270	1	1	1	5177	765	26	31	9.589600	io
2	1	271	0	0	0	5205	773	22	23	-1	
3	1	271	1	0	0	5205	773	22	23	-1	
4	1	271	1	1	0	5205	773	22	23	-1	
5	1	271	1	1	1	5205	773	22	23	48.066628	a
2	1	272	0	0	0	5230	763	23	32	-1	
3	1	272	1	0	0	5230	763	23	32	-1	
4	1	272	1	1	0	5230	763	23	32	-1	
5	1	272	1	1	1	5230	763	23	32	0.000000	CY
2	1	273	0	0	0	5231	797	125	9	-1	
3	1	273	1	0	0	5231	797	125	9	-1	
4	1	273	1	1	0	5231	797	125	9	-1	
5	1	273	1	1	1	5231	797	125	9	0.000000	gee
5	1	273	1	1	2	5350	787	10	28	0.000000	E
2	1	274	0	0	0	5255	772	24	23	-1	
3	1	274	1	0	0	5255	772	24	23	-1	
4	1	274	1	1	0	5255	772	24	23	-1	
5	1	274	1	1	1	5255	772	24	23	29.133377	=
2	1	275	0	0	0	5304	768	127	35	-1	
3	1	275	1	0	0	5304	768	127	35	-1	
4	1	275	1	1	0	5304	768	127	35	-1	
5	1	275	1	1	1	5304	768	15	35	27.095535	L
5	1	275	1	1	2	5330	772	28	23	78.370491	$5
5	1	275	1	1	3	5387	783	44	12	56.829819	FCION
2	1	276	0	0	0	5519	796	119	9	-1	
3	1	276	1	0	0	5519	796	119	9	-1	
4	1	276	1	1	0	5519	796	119	9	-1	
5	1	276	1	1	1	5519	796	119	9	32.089752	ARAVA
2	1	277	0	0	0	5648	796	70	9	-1	
3	1	277	1	0	0	5648	796	70	9	-1	
4	1	277	1	1	0	5648	796	70	9	-1	
5	1	277	1	1	1	5648	796	70	9	41.593784	ayn
2	1	278	0	0	0	5723	760	71	46	-1	
3	1	278	1	0	0	5723	760	71	46	-1	
4	1	278	1	1	0	5723	760	71	46	-1	
5	1	278	1	1	1	5723	760	71	46	0.000000	a
2	1	279	0	0	0	5999	806	9	2	-1	
3	1	279	1	0	0	5999	806	9	2	-1	
4	1	279	1	1	0	5999	806	9	2	-1	
5	1	279	1	1	1	5999	806	9	2	0.000000	-
2	1	280	0	0	0	3235	804	27	13	-1	
3	1	280	1	0	0	3235	804	27	13	-1	
4	1	280	1	1	0	3235	804	27	13	-1	
5	1	280	1	1	1	3235	804	27	13	86.647270	15K
2	1	281	0	0	0	4496	790	114	28	-1	
3	1	281	1	0	0	4496	790	114	28	-1	
4	1	281	1	1	0	4496	790	114	28	-1	
5	1	281	1	1	1	4496	790	52	28	91.749916	tch
5	1	281	1	1	2	4563	790	47	27	96.801025	VR
2	1	282	0	0	0	5133	798	15	31	-1	
3	1	282	1	0	0	5133	798	15	31	-1	
4	1	282	1	1	0	5133	798	15	31	-1	
5	1	282	1	1	1	5133	798	15	31	40.579720	fe
2	1	283	0	0	0	5139	801	101	24	-1	
3	1	283	1	0	0	5139	801	101	24	-1	
4	1	283	1	1	0	5139	801	101	24	-1	
5	1	283	1	1	1	5139	801	101	24	24.451790	COS
2	1	284	0	0	0	5153	820	151	9	-1	
3	1	284	1	0	0	5153	820	151	9	-1	
4	1	284	1	1	0	5153	820	151	9	-1	
5	1	284	1	1	1	5153	820	151	9	0.000000	ANAAAAA
2	1	285	0	0	0	5243	800	74	24	-1	
3	1	285	1	0	0	5243	800	74	24	-1	
4	1	285	1	1	0	5243	800	74	24	-1	
5	1	285	1	1	1	5243	800	74	24	48.265839	XS)
2	1	286	0	0	0	5309	818	20	9	-1	
3	1	286	1	0	0	5309	818	20	9	-1	
4	1	286	1	1	0	5309	818	20	9	-1	
5	1	286	1	1	1	5309	818	20	9	78.614639	AS
2	1	287	0	0	0	5321	800	34	27	-1	
3	1	287	1	0	0	5321	800	34	27	-1	
4	1	287	1	1	0	5321	800	34	27	-1	
5	1	287	1	1	1	5321	800	34	27	47.568703	eX
2	1	288	0	0	0	5363	797	15	30	-1	
3	1	288	1	0	0	5363	797	15	30	-1	
4	1	288	1	1	0	5363	797	15	30	-1	
5	1	288	1	1	1	5363	797	15	30	14.508240	)
2	1	289	0	0	0	5495	797	17	30	-1	
3	1	289	1	0	0	5495	797	17	30	-1	
4	1	289	1	1	0	5495	797	17	30	-1	
5	1	289	1	1	1	5495	797	17	30	70.428154	fe
2	1	290	0	0	0	5502	799	204	24	-1	
3	1	290	1	0	0	5502	799	204	24	-1	
4	1	290	1	1	0	5502	799	204	24	-1	
5	1	290	1	1	1	5502	799	204	24	2.536148	COMOOOO2)
2	1	291	0	0	0	5516	818	199	9	-1	
3	1	291	1	0	0	5516	818	199	9	-1	
4	1	291	1	1	0	5516	818	199	9	-1	
5	1	291	1	1	1	5516	818	199	9	3.140335	MAAKAAAMA
2	1	292	0	0	0	5710	800	21	23	-1	
3	1	292	1	0	0	5710	800	21	23	-1	
4	1	292	1	1	0	5710	800	21	23	-1	
5	1	292	1	1	1	5710	800	21	23	0.000000	C)
2	1	293	0	0	0	5724	796	17	30	-1	
3	1	293	1	0	0	5724	796	17	30	-1	
4	1	293	1	1	0	5724	796	17	30	-1	
5	1	293	1	1	1	5724	796	17	30	12.329468	>)
2	1	294	0	0	0	5832	764	369	45	-1	
3	1	294	1	0	0	5832	764	369	45	-1	
4	1	294	1	1	0	5832	764	369	45	-1	
5	1	294	1	1	1	5832	764	217	40	95.809341	compensation
5	1	294	1	1	2	6079	774	80	35	55.773926	TRY
5	1	294	1	1	3	6170	773	31	36	77.871178	fos
2	1	295	0	0	0	6315	809	112	16	-1	
3	1	295	1	0	0	6315	809	112	16	-1	
4	1	295	1	1	0	6315	809	112	16	-1	
5	1	295	1	1	1	6315	811	46	13	26.340858	+4.4V1
5	1	295	1	1	2	6381	809	46	16	60.851105	QUO
2	1	296	0	0	0	6696	764	253	48	-1	
3	1	296	1	0	0	6696	764	253	48	-1	
4	1	296	1	1	0	6696	764	253	48	-1	
5	1	296	1	1	1	6696	764	58	48	0.000000	s+
5	1	296	1	1	2	6778	777	171	35	96.775475	Regulator
2	1	297	0	0	0	7096	804	36	14	-1	
3	1	297	1	0	0	7096	804	36	14	-1	
4	1	297	1	1	0	7096	804	36	14	-1	
5	1	297	1	1	1	7096	804	36	14	68.050896	Qi2
2	1	298	0	0	0	1221	842	88	13	-1	
3	1	298	1	0	0	1221	842	88	13	-1	
4	1	298	1	1	0	1221	842	88	13	-1	
5	1	298	1	1	1	1221	842	37	13	91.188812	R401
5	1	298	1	1	2	1275	843	34	12	79.192047	100K
2	1	299	0	0	0	2054	759	120	93	-1	
3	1	299	1	0	0	2054	759	120	93	-1	
4	1	299	1	1	0	2054	759	120	93	-1	
5	1	299	1	1	1	2054	759	120	93	54.081207	Te]
2	1	300	0	0	0	2301	778	74	70	-1	
3	1	300	1	0	0	2301	778	74	70	-1	
4	1	300	1	1	0	2301	778	74	70	-1	
5	1	300	1	1	1	2301	778	74	70	6.717308	i
2	1	301	0	0	0	4387	772	98	76	-1	
3	1	301	1	0	0	4387	772	98	76	-1	
4	1	301	1	1	0	4387	772	98	76	-1	
5	1	301	1	1	1	4387	772	98	76	49.483841	BEE
2	1	302	0	0	0	4496	820	62	28	-1	
3	1	302	1	0	0	4496	820	62	28	-1	
4	1	302	1	1	0	4496	820	62	28	-1	
5	1	302	1	1	1	4496	820	62	28	88.892975	C.B
2	1	303	0	0	0	4589	842	52	12	-1	
3	1	303	1	0	0	4589	842	52	12	-1	
4	1	303	1	1	0	4589	842	52	12	-1	
5	1	303	1	1	1	4589	842	52	12	61.465778	CNIO4
2	1	304	0	0	0	4941	841	53	12	-1	
3	1	304	1	0	0	4941	841	53	12	-1	
4	1	304	1	1	0	4941	841	53	12	-1	
5	1	304	1	1	1	4941	841	53	12	81.814934	CNIO3
2	1	305	0	0	0	5835	805	51	31	-1	
3	1	305	1	0	0	5835	805	51	31	-1	
4	1	305	1	1	0	5835	805	51	31	-1	
5	1	305	1	1	1	5835	805	51	31	96.238258	adj.
2	1	306	0	0	0	5935	807	18	30	-1	
3	1	306	1	0	0	5935	807	18	30	-1	
4	1	306	1	1	0	5935	807	18	30	-1	
5	1	306	1	1	1	5935	807	18	30	91.840820	/
2	1	307	0	0	0	6042	836	50	13	-1	
3	1	307	1	0	0	6042	836	50	13	-1	
4	1	307	1	1	0	6042	836	50	13	-1	
5	1	307	1	1	1	6042	836	50	13	23.166054	CN3OI
2	1	308	0	0	0	6320	829	33	12	-1	
3	1	308	1	0	0	6320	829	33	12	-1	
4	1	308	1	1	0	6320	829	33	12	-1	
5	1	308	1	1	1	6320	829	33	12	70.994156	-5V
2	1	309	0	0	0	6406	833	53	13	-1	
3	1	309	1	0	0	6406	833	53	13	-1	
4	1	309	1	1	0	6406	833	53	13	-1	
5	1	309	1	1	1	6406	833	53	13	0.000000	-37V)
2	1	310	0	0	0	6762	830	33	15	-1	
3	1	310	1	0	0	6762	830	33	15	-1	
4	1	310	1	1	0	6762	830	33	15	-1	
5	1	310	1	1	1	6762	830	33	15	24.205360	Ql
2	1	311	0	0	0	6885	839	124	14	-1	
3	1	311	1	0	0	6885	839	124	14	-1	
4	1	311	1	1	0	6885	839	124	14	-1	
5	1	311	1	1	1	6885	839	124	14	88.243881	SVDISR35200V
2	1	312	0	0	0	6914	815	49	20	-1	
3	1	312	1	0	0	6914	815	49	20	-1	
4	1	312	1	1	0	6914	815	49	20	-1	
5	1	312	1	1	1	6914	815	49	20	56.306763	Apiz
2	1	313	0	0	0	7095	825	105	21	-1	
3	1	313	1	0	0	7095	825	105	21	-1	
4	1	313	1	1	0	7095	825	105	21	-1	
5	1	313	1	1	1	7095	825	105	21	91.142418	2SD973
2	1	314	0	0	0	1628	826	54	52	-1	
3	1	314	1	0	0	1628	826	54	52	-1	
4	1	314	1	1	0	1628	826	54	52	-1	
5	1	314	1	1	1	1628	826	54	52	14.779121	aay
2	1	315	0	0	0	2770	847	30	12	-1	
3	1	315	1	0	0	2770	847	30	12	-1	
4	1	315	1	1	0	2770	847	30	12	-1	
5	1	315	1	1	1	2770	847	30	12	44.255749	2m
2	1	316	0	0	0	2771	870	29	8	-1	
3	1	316	1	0	0	2771	870	29	8	-1	
4	1	316	1	1	0	2771	870	29	8	-1	
5	1	316	1	1	1	2771	870	29	8	59.141331	zm
2	1	317	0	0	0	3084	856	28	11	-1	
3	1	317	1	0	0	3084	856	28	11	-1	
4	1	317	1	1	0	3084	856	28	11	-1	
5	1	317	1	1	1	3084	856	28	11	86.018204	an
2	1	318	0	0	0	3183	864	57	15	-1	
3	1	318	1	0	0	3183	864	57	15	-1	
4	1	318	1	1	0	3183	864	57	15	-1	
5	1	318	1	1	1	3183	864	57	15	5.092346	'clo2
2	1	319	0	0	0	3852	855	28	11	-1	
3	1	319	1	0	0	3852	855	28	11	-1	
4	1	319	1	1	0	3852	855	28	11	-1	
5	1	319	1	1	1	3852	855	28	11	65.405151	ax
2	1	320	0	0	0	4655	811	55	49	-1	
3	1	320	1	0	0	4655	811	55	49	-1	
4	1	320	1	1	0	4655	811	55	49	-1	
5	1	320	1	1	1	4655	811	55	49	47.925377	iI
2	1	321	0	0	0	4867	813	24	47	-1	
3	1	321	1	0	0	4867	813	24	47	-1	
4	1	321	1	1	0	4867	813	24	47	-1	
5	1	321	1	1	1	4867	813	24	47	33.762955	i
2	1	322	0	0	0	4868	861	22	9	-1	
3	1	322	1	0	0	4868	861	22	9	-1	
4	1	322	1	1	0	4868	861	22	9	-1	
5	1	322	1	1	1	4868	861	22	9	56.494137	KZ
2	1	323	0	0	0	5151	830	24	28	-1	
3	1	323	1	0	0	5151	830	24	28	-1	
4	1	323	1	1	0	5151	830	24	28	-1	
5	1	323	1	1	1	5151	830	24	28	0.000000	UJ
2	1	324	0	0	0	5153	859	100	11	-1	
3	1	324	1	0	0	5153	859	100	11	-1	
4	1	324	1	1	0	5153	859	100	11	-1	
5	1	324	1	1	1	5153	859	100	11	34.669502	YAY
2	1	325	0	0	0	5257	859	74	10	-1	
3	1	325	1	0	0	5257	859	74	10	-1	
4	1	325	1	1	0	5257	859	74	10	-1	
5	1	325	1	1	1	5257	859	74	10	43.182430	at
2	1	326	0	0	0	5333	824	206	47	-1	
3	1	326	1	0	0	5333	824	206	47	-1	
4	1	326	1	1	0	5333	824	206	47	-1	
5	1	326	1	1	1	5333	824	28	47	0.000000	I]
5	1	326	1	1	2	5514	829	25	29	48.795471	a
2	1	327	0	0	0	5597	859	120	9	-1	
3	1	327	1	0	0	5597	859	120	9	-1	
4	1	327	1	1	0	5597	859	120	9	-1	
5	1	327	1	1	1	5597	859	120	9	22.288040	gee
5	1	327	1	1	2	5711	849	11	28	22.288040	a
2	1	328	0	0	0	5696	828	97	30	-1	
3	1	328	1	0	0	5696	828	97	30	-1	
4	1	328	1	1	0	5696	828	97	30	-1	
5	1	328	1	1	1	5692	824	13	39	54.330109	|
5	1	328	1	1	2	5714	828	6	30	55.547451	|
5	1	328	1	1	3	5746	842	47	12	44.927692	cnioz
2	1	329	0	0	0	6687	849	59	13	-1	
3	1	329	1	0	0	6687	849	59	13	-1	
4	1	329	1	1	0	6687	849	59	13	-1	
5	1	329	1	1	1	6687	849	59	13	49.502148	-32.8V
2	1	330	0	0	0	6800	852	31	12	-1	
3	1	330	1	0	0	6800	852	31	12	-1	
4	1	330	1	1	0	6800	852	31	12	-1	
5	1	330	1	1	1	6800	856	6	2	20.961388	—
5	1	330	1	1	2	6813	852	18	12	95.168678	43.
2	1	331	0	0	0	6937	860	32	20	-1	
3	1	331	1	0	0	6937	860	32	20	-1	
4	1	331	1	1	0	6937	860	32	20	-1	
5	1	331	1	1	1	6937	860	32	20	41.268456	Bt
2	1	332	0	0	0	7732	818	117	44	-1	
3	1	332	1	0	0	7732	818	117	44	-1	
4	1	332	1	1	0	7732	818	117	44	-1	
5	1	332	1	1	1	7732	818	117	44	92.400314	CN306
2	1	333	0	0	0	7887	835	32	41	-1	
3	1	333	1	0	0	7887	835	32	41	-1	
4	1	333	1	1	0	7887	835	32	41	-1	
5	1	333	1	1	1	7887	835	32	41	36.984489	©)
2	1	334	0	0	0	7921	779	175	81	-1	
3	1	334	1	0	0	7921	779	175	81	-1	
4	1	334	1	1	0	7921	779	175	81	-1	
5	1	334	1	1	1	7921	779	175	81	0.000000	rae)
2	1	335	0	0	0	1146	863	49	35	-1	
3	1	335	1	0	0	1146	863	49	35	-1	
4	1	335	1	1	0	1146	863	49	35	-1	
5	1	335	1	1	1	1146	863	49	35	23.607376	mf
2	1	336	0	0	0	3852	881	29	14	-1	
3	1	336	1	0	0	3852	881	29	14	-1	
4	1	336	1	1	0	3852	881	29	14	-1	
5	1	336	1	1	1	3852	881	29	14	68.607742	in
2	1	337	0	0	0	3852	866	29	17	-1	
3	1	337	1	0	0	3852	866	29	17	-1	
4	1	337	1	1	0	3852	866	29	17	-1	
5	1	337	1	1	1	3852	866	29	17	28.496361	Pa
2	1	338	0	0	0	4640	862	91	30	-1	
3	1	338	1	0	0	4640	862	91	30	-1	
4	1	338	1	1	0	4640	862	91	30	-1	
5	1	338	1	1	1	4640	862	91	30	22.501846	{ooo}
2	1	339	0	0	0	4794	862	17	31	-1	
3	1	339	1	0	0	4794	862	17	31	-1	
4	1	339	1	1	0	4794	862	17	31	-1	
5	1	339	1	1	1	4794	862	17	31	19.908585	fc
2	1	340	0	0	0	4801	862	50	28	-1	
3	1	340	1	0	0	4801	862	50	28	-1	
4	1	340	1	1	0	4801	862	50	28	-1	
5	1	340	1	1	1	4801	862	50	28	46.224003	OB
2	1	341	0	0	0	4854	866	23	23	-1	
3	1	341	1	0	0	4854	866	23	23	-1	
4	1	341	1	1	0	4854	866	23	23	-1	
5	1	341	1	1	1	4854	866	23	23	37.073421	3)
2	1	342	0	0	0	4880	861	59	32	-1	
3	1	342	1	0	0	4880	861	59	32	-1	
4	1	342	1	1	0	4880	861	59	32	-1	
5	1	342	1	1	1	4880	861	59	32	66.582321	Go)
2	1	343	0	0	0	5132	860	16	31	-1	
3	1	343	1	0	0	5132	860	16	31	-1	
4	1	343	1	1	0	5132	860	16	31	-1	
5	1	343	1	1	1	5132	860	16	31	20.166122	(C
2	1	344	0	0	0	5139	864	23	23	-1	
3	1	344	1	0	0	5139	864	23	23	-1	
4	1	344	1	1	0	5139	864	23	23	-1	
5	1	344	1	1	1	5139	864	23	23	53.706650	@
2	1	345	0	0	0	5155	882	147	10	-1	
3	1	345	1	0	0	5155	882	147	10	-1	
4	1	345	1	1	0	5155	882	147	10	-1	
5	1	345	1	1	1	5155	882	147	10	0.000000	NAAAAA
2	1	346	0	0	0	5165	864	100	24	-1	
3	1	346	1	0	0	5165	864	100	24	-1	
4	1	346	1	1	0	5165	864	100	24	-1	
5	1	346	1	1	1	5165	864	100	24	5.128029	G8Ge
2	1	347	0	0	0	5269	863	49	24	-1	
3	1	347	1	0	0	5269	863	49	24	-1	
4	1	347	1	1	0	5269	863	49	24	-1	
5	1	347	1	1	1	5269	863	49	24	0.000000	KsNX3)
2	1	348	0	0	0	5496	860	16	31	-1	
3	1	348	1	0	0	5496	860	16	31	-1	
4	1	348	1	1	0	5496	860	16	31	-1	
5	1	348	1	1	1	5496	860	16	31	58.501274	ke
2	1	349	0	0	0	5503	860	74	27	-1	
3	1	349	1	0	0	5503	860	74	27	-1	
4	1	349	1	1	0	5503	860	74	27	-1	
5	1	349	1	1	1	5503	860	74	27	58.491650	COO
2	1	350	0	0	0	5516	881	174	9	-1	
3	1	350	1	0	0	5516	881	174	9	-1	
4	1	350	1	1	0	5516	881	174	9	-1	
5	1	350	1	1	1	5516	881	174	9	0.849869	AAAASAAA
2	1	351	0	0	0	5581	863	125	24	-1	
3	1	351	1	0	0	5581	863	125	24	-1	
4	1	351	1	1	0	5581	863	125	24	-1	
5	1	351	1	1	1	5581	863	125	24	0.000000	GEOOee
2	1	352	0	0	0	5700	882	18	8	-1	
3	1	352	1	0	0	5700	882	18	8	-1	
4	1	352	1	1	0	5700	882	18	8	-1	
5	1	352	1	1	1	5700	882	18	8	0.000000	za
2	1	353	0	0	0	5710	863	22	23	-1	
3	1	353	1	0	0	5710	863	22	23	-1	
4	1	353	1	1	0	5710	863	22	23	-1	
5	1	353	1	1	1	5710	863	22	23	10.809166	)
2	1	354	0	0	0	5724	860	17	30	-1	
3	1	354	1	0	0	5724	860	17	30	-1	
4	1	354	1	1	0	5724	860	17	30	-1	
5	1	354	1	1	1	5724	860	17	30	57.054516	]
2	1	355	0	0	0	6358	850	98	47	-1	
3	1	355	1	0	0	6358	850	98	47	-1	
4	1	355	1	1	0	6358	850	98	47	-1	
5	1	355	1	1	1	6358	850	98	47	0.000000	ei
2	1	356	0	0	0	7734	869	93	34	-1	
3	1	356	1	0	0	7734	869	93	34	-1	
4	1	356	1	1	0	7734	869	93	34	-1	
5	1	356	1	1	1	7734	869	93	34	96.156990	(Main
2	1	357	0	0	0	1145	906	28	12	-1	
3	1	357	1	0	0	1145	906	28	12	-1	
4	1	357	1	1	0	1145	906	28	12	-1	
5	1	357	1	1	1	1145	906	28	12	37.467537	2S
2	1	358	0	0	0	2568	907	87	13	-1	
3	1	358	1	0	0	2568	907	87	13	-1	
4	1	358	1	1	0	2568	907	87	13	-1	
5	1	358	1	1	1	2568	907	37	13	36.031723	RII6
5	1	358	1	1	2	2618	908	37	12	93.485596	4.7K
2	1	359	0	0	0	3166	912	128	14	-1	
3	1	359	1	0	0	3166	912	128	14	-1	
4	1	359	1	1	0	3166	912	128	14	-1	
5	1	359	1	1	1	3166	912	128	14	55.036308	Play
5	1	359	1	1	2	3206	906	31	28	55.036308	2ms
5	1	359	1	1	3	3243	912	51	14	56.736725	SWOIV
2	1	360	0	0	0	3180	886	128	20	-1	
3	1	360	1	0	0	3180	886	128	20	-1	
4	1	360	1	1	0	3180	886	128	20	-1	
5	1	360	1	1	1	3180	886	128	20	68.378380	AN6554N
2	1	361	0	0	0	4170	768	39	146	-1	
3	1	361	1	0	0	4170	768	39	146	-1	
4	1	361	1	1	0	4170	768	39	146	-1	
5	1	361	1	1	1	4170	768	39	146	79.401108	|
2	1	362	0	0	0	4321	907	22	12	-1	
3	1	362	1	0	0	4321	907	22	12	-1	
4	1	362	1	1	0	4321	907	22	12	-1	
5	1	362	1	1	1	4321	907	22	12	14.311150	Sv
2	1	363	0	0	0	4507	892	73	13	-1	
3	1	363	1	0	0	4507	892	73	13	-1	
4	1	363	1	1	0	4507	892	73	13	-1	
5	1	363	1	1	1	4507	892	41	13	56.814655	RI78
5	1	363	1	1	2	4561	892	19	13	92.115326	27
2	1	364	0	0	0	5515	892	24	29	-1	
3	1	364	1	0	0	5515	892	24	29	-1	
4	1	364	1	1	0	5515	892	24	29	-1	
5	1	364	1	1	1	5515	892	24	29	46.991695	a
2	1	365	0	0	0	5749	897	148	30	-1	
3	1	365	1	0	0	5749	897	148	30	-1	
4	1	365	1	1	0	5749	897	148	30	-1	
5	1	365	1	1	1	5749	897	66	25	89.930428	Best
5	1	365	1	1	2	5828	901	69	26	89.930428	eye/
2	1	366	0	0	0	5899	846	143	67	-1	
3	1	366	1	0	0	5899	846	143	67	-1	
4	1	366	1	1	0	5899	846	143	67	-1	
5	1	366	1	1	1	5899	846	143	67	1.633034	—O0)
2	1	367	0	0	0	6660	911	31	10	-1	
3	1	367	1	0	0	6660	911	31	10	-1	
4	1	367	1	1	0	6660	911	31	10	-1	
5	1	367	1	1	1	6660	911	31	10	54.633904	oz
2	1	368	0	0	0	6660	899	31	10	-1	
3	1	368	1	0	0	6660	899	31	10	-1	
4	1	368	1	1	0	6660	899	31	10	-1	
5	1	368	1	1	1	6660	899	31	10	39.167152	moO
2	1	369	0	0	0	6821	908	28	14	-1	
3	1	369	1	0	0	6821	908	28	14	-1	
4	1	369	1	1	0	6821	908	28	14	-1	
5	1	369	1	1	1	6821	908	28	14	79.271446	Ri2
2	1	370	0	0	0	7098	909	38	15	-1	
3	1	370	1	0	0	7098	909	38	15	-1	
4	1	370	1	1	0	7098	909	38	15	-1	
5	1	370	1	1	1	7098	909	38	15	76.177612	Qi3
2	1	371	0	0	0	1354	937	34	12	-1	
3	1	371	1	0	0	1354	937	34	12	-1	
4	1	371	1	1	0	1354	937	34	12	-1	
5	1	371	1	1	1	1354	937	34	12	24.185402	4.9v
2	1	372	0	0	0	1726	866	35	80	-1	
3	1	372	1	0	0	1726	866	35	80	-1	
4	1	372	1	1	0	1726	866	35	80	-1	
5	1	372	1	1	1	1726	866	35	80	0.000000	]
2	1	373	0	0	0	2056	920	23	23	-1	
3	1	373	1	0	0	2056	920	23	23	-1	
4	1	373	1	1	0	2056	920	23	23	-1	
5	1	373	1	1	1	2056	920	23	23	85.524422	(4)
2	1	374	0	0	0	2121	871	163	73	-1	
3	1	374	1	0	0	2121	871	163	73	-1	
4	1	374	1	1	0	2121	871	163	73	-1	
5	1	374	1	1	1	2121	871	108	73	5.353119	hw
5	1	374	1	1	2	2262	920	22	23	24.474121	4
2	1	375	0	0	0	2300	860	88	83	-1	
3	1	375	1	0	0	2300	860	88	83	-1	
4	1	375	1	1	0	2300	860	88	83	-1	
5	1	375	1	1	1	2300	860	88	83	0.000000	4
2	1	376	0	0	0	3390	858	76	71	-1	
3	1	376	1	0	0	3390	858	76	71	-1	
4	1	376	1	1	0	3390	858	76	71	-1	
5	1	376	1	1	1	3390	858	76	71	0.000000	e
2	1	377	0	0	0	3481	919	127	24	-1	
3	1	377	1	0	0	3481	919	127	24	-1	
4	1	377	1	1	0	3481	919	127	24	-1	
5	1	377	1	1	1	3481	919	127	24	2.738869	OO)
2	1	378	0	0	0	3851	940	28	9	-1	
3	1	378	1	0	0	3851	940	28	9	-1	
4	1	378	1	1	0	3851	940	28	9	-1	
5	1	378	1	1	1	3851	940	28	9	65.859604	=o
2	1	379	0	0	0	3851	920	28	14	-1	
3	1	379	1	0	0	3851	920	28	14	-1	
4	1	379	1	1	0	3851	920	28	14	-1	
5	1	379	1	1	1	3851	920	28	14	51.340111	of
2	1	380	0	0	0	4130	640	39	297	-1	
3	1	380	1	0	0	4130	640	39	297	-1	
4	1	380	1	1	0	4130	640	39	297	-1	
5	1	380	1	1	1	4130	640	39	297	86.836418	|
2	1	381	0	0	0	5868	928	13	18	-1	
3	1	381	1	0	0	5868	928	13	18	-1	
4	1	381	1	1	0	5868	928	13	18	-1	
5	1	381	1	1	1	5868	928	13	18	89.290573	/
2	1	382	0	0	0	5985	917	45	32	-1	
3	1	382	1	0	0	5985	917	45	32	-1	
4	1	382	1	1	0	5985	917	45	32	-1	
5	1	382	1	1	1	5985	925	12	24	78.687042	a
5	1	382	1	1	2	6018	917	12	32	86.139587	b
2	1	383	0	0	0	6099	924	48	14	-1	
3	1	383	1	0	0	6099	924	48	14	-1	
4	1	383	1	1	0	6099	924	48	14	-1	
5	1	383	1	1	1	6099	924	48	14	31.205688	Qo
2	1	384	0	0	0	6372	924	46	12	-1	
3	1	384	1	0	0	6372	924	46	12	-1	
4	1	384	1	1	0	6372	924	46	12	-1	
5	1	384	1	1	1	6372	924	46	12	45.901840	-0.3V
2	1	385	0	0	0	6660	919	31	12	-1	
3	1	385	1	0	0	6660	919	31	12	-1	
4	1	385	1	1	0	6660	919	31	12	-1	
5	1	385	1	1	1	6660	919	31	12	59.275620	og
2	1	386	0	0	0	6728	932	53	13	-1	
3	1	386	1	0	0	6728	932	53	13	-1	
4	1	386	1	1	0	6728	932	53	13	-1	
5	1	386	1	1	1	6728	932	53	13	56.345886	-33.3V,
2	1	387	0	0	0	6816	926	35	12	-1	
3	1	387	1	0	0	6816	926	35	12	-1	
4	1	387	1	1	0	6816	926	35	12	-1	
5	1	387	1	1	1	6816	926	35	12	93.765373	4.7K
2	1	388	0	0	0	7097	929	104	20	-1	
3	1	388	1	0	0	7097	929	104	20	-1	
4	1	388	1	1	0	7097	929	104	20	-1	
5	1	388	1	1	1	7097	929	104	20	90.717308	2S8793
2	1	389	0	0	0	7738	907	119	34	-1	
3	1	389	1	0	0	7738	907	119	34	-1	
4	1	389	1	1	0	7738	907	119	34	-1	
5	1	389	1	1	1	7738	907	119	34	89.247177	P.C.B.)
2	1	390	0	0	0	1164	952	60	13	-1	
3	1	390	1	0	0	1164	952	60	13	-1	
4	1	390	1	1	0	1164	952	60	13	-1	
5	1	390	1	1	1	1164	952	20	13	35.770721	Sv]
5	1	390	1	1	2	1202	953	22	12	69.425751	2.3
2	1	391	0	0	0	1344	953	46	12	-1	
3	1	391	1	0	0	1344	953	46	12	-1	
4	1	391	1	1	0	1344	953	46	12	-1	
5	1	391	1	1	1	1344	953	46	12	39.249588	(4.9V)}
2	1	392	0	0	0	1463	953	81	11	-1	
3	1	392	1	0	0	1463	953	81	11	-1	
4	1	392	1	1	0	1463	953	81	11	-1	
5	1	392	1	1	1	1463	953	31	11	16.264450	4.7V
5	1	392	1	1	2	1512	953	32	11	53.305626	0.3V,
2	1	393	0	0	0	1569	953	19	11	-1	
3	1	393	1	0	0	1569	953	19	11	-1	
4	1	393	1	1	0	1569	953	19	11	-1	
5	1	393	1	1	1	1569	953	19	11	84.559456	47
2	1	394	0	0	0	2030	942	83	40	-1	
3	1	394	1	0	0	2030	942	83	40	-1	
4	1	394	1	1	0	2030	942	83	40	-1	
5	1	394	1	1	1	2030	942	33	40	0.000000	ov}
5	1	394	1	1	2	2081	962	32	13	79.990311	(Ov)
2	1	395	0	0	0	2084	947	8	12	-1	
3	1	395	1	0	0	2084	859	46	100	-1	
4	1	395	1	1	0	2084	947	8	12	-1	
5	1	395	1	1	1	2084	859	46	100	0.000000	:
2	1	396	0	0	0	2133	963	33	12	-1	
3	1	396	1	0	0	2133	963	33	12	-1	
4	1	396	1	1	0	2133	963	33	12	-1	
5	1	396	1	1	1	2133	963	33	12	86.949928	(ov)
2	1	397	0	0	0	2136	948	22	11	-1	
3	1	397	1	0	0	2136	948	22	11	-1	
4	1	397	1	1	0	2136	948	22	11	-1	
5	1	397	1	1	1	2136	948	22	11	74.314018	24)
2	1	398	0	0	0	2185	947	34	12	-1	
3	1	398	1	0	0	2185	947	34	12	-1	
4	1	398	1	1	0	2185	947	34	12	-1	
5	1	398	1	1	1	2185	947	34	12	43.414452	-12V]
2	1	399	0	0	0	2249	947	20	12	-1	
3	1	399	1	0	0	2249	947	20	12	-1	
4	1	399	1	1	0	2249	947	20	12	-1	
5	1	399	1	1	1	2249	947	20	12	56.164974	Ov
2	1	400	0	0	0	2300	947	21	12	-1	
3	1	400	1	0	0	2300	947	21	12	-1	
4	1	400	1	1	0	2300	947	21	12	-1	
5	1	400	1	1	1	2300	947	21	12	78.658127	ov
2	1	401	0	0	0	2352	947	19	12	-1	
3	1	401	1	0	0	2352	947	19	12	-1	
4	1	401	1	1	0	2352	947	19	12	-1	
5	1	401	1	1	1	2352	947	19	12	79.815353	ov
2	1	402	0	0	0	3257	931	31	35	-1	
3	1	402	1	0	0	3257	931	31	35	-1	
4	1	402	1	1	0	3257	931	31	35	-1	
5	1	402	1	1	1	3257	931	31	35	54.327850	feo
2	1	403	0	0	0	3351	950	34	12	-1	
3	1	403	1	0	0	3351	950	34	12	-1	
4	1	403	1	1	0	3351	950	34	12	-1	
5	1	403	1	1	1	3351	950	34	12	27.322495	o6y
2	1	404	0	0	0	3418	950	21	12	-1	
3	1	404	1	0	0	3418	950	21	12	-1	
4	1	404	1	1	0	3418	950	21	12	-1	
5	1	404	1	1	1	3418	950	21	12	65.931778	OV
2	1	405	0	0	0	3468	950	21	12	-1	
3	1	405	1	0	0	3468	950	21	12	-1	
4	1	405	1	1	0	3468	950	21	12	-1	
5	1	405	1	1	1	3468	950	21	12	77.553406	ov
2	1	406	0	0	0	3570	950	21	12	-1	
3	1	406	1	0	0	3570	950	21	12	-1	
4	1	406	1	1	0	3570	950	21	12	-1	
5	1	406	1	1	1	3570	950	21	12	69.710587	Ov
2	1	407	0	0	0	3626	950	18	12	-1	
3	1	407	1	0	0	3626	950	18	12	-1	
4	1	407	1	1	0	3626	950	18	12	-1	
5	1	407	1	1	1	3626	950	18	12	58.427254	Ov
2	1	408	0	0	0	3851	953	28	11	-1	
3	1	408	1	0	0	3851	953	28	11	-1	
4	1	408	1	1	0	3851	953	28	11	-1	
5	1	408	1	1	1	3851	953	28	11	91.636414	vo
2	1	409	0	0	0	4766	945	34	13	-1	
3	1	409	1	0	0	4766	945	34	13	-1	
4	1	409	1	1	0	4766	945	34	13	-1	
5	1	409	1	1	1	4766	945	34	13	51.447578	cug
2	1	410	0	0	0	4766	963	70	13	-1	
3	1	410	1	0	0	4766	963	70	13	-1	
4	1	410	1	1	0	4766	963	70	13	-1	
5	1	410	1	1	1	4766	963	70	13	57.503704	6.3V470
2	1	411	0	0	0	5587	942	11	13	-1	
3	1	411	1	0	0	5587	942	11	13	-1	
4	1	411	1	1	0	5587	942	11	13	-1	
5	1	411	1	1	1	5587	942	11	13	90.669861	e
2	1	412	0	0	0	5636	933	168	31	-1	
3	1	412	1	0	0	5636	933	168	31	-1	
4	1	412	1	1	0	5636	933	168	31	-1	
5	1	412	1	1	1	5636	938	64	17	33.765953	dac
5	1	412	1	1	2	5716	938	18	24	33.765953	b,
5	1	412	1	1	3	5750	933	54	31	95.979141	adj.
2	1	413	0	0	0	5853	954	11	18	-1	
3	1	413	1	0	0	5853	954	11	18	-1	
4	1	413	1	1	0	5853	954	11	18	-1	
5	1	413	1	1	1	5853	954	11	18	91.555542	/
2	1	414	0	0	0	6095	948	125	20	-1	
3	1	414	1	0	0	6095	948	125	20	-1	
4	1	414	1	1	0	6095	948	125	20	-1	
5	1	414	1	1	1	6095	948	125	20	73.444336	2sc202!
2	1	415	0	0	0	6374	942	56	14	-1	
3	1	415	1	0	0	6374	942	56	14	-1	
4	1	415	1	1	0	6374	942	56	14	-1	
5	1	415	1	1	1	6374	942	56	14	0.000000	63.1V)
2	1	416	0	0	0	7529	946	39	14	-1	
3	1	416	1	0	0	7529	946	39	14	-1	
4	1	416	1	1	0	7529	946	39	14	-1	
5	1	416	1	1	1	7529	946	39	14	14.462509	Ictl
2	1	417	0	0	0	7720	945	46	15	-1	
3	1	417	1	0	0	7720	945	46	15	-1	
4	1	417	1	1	0	7720	945	46	15	-1	
5	1	417	1	1	1	7720	945	46	15	0.000000	1cl2
2	1	418	0	0	0	2423	891	35	98	-1	
3	1	418	1	0	0	2423	891	35	98	-1	
4	1	418	1	1	0	2423	891	35	98	-1	
5	1	418	1	1	1	2423	891	35	98	50.318737	!
2	1	419	0	0	0	2573	976	81	12	-1	
3	1	419	1	0	0	2573	976	81	12	-1	
4	1	419	1	1	0	2573	976	81	12	-1	
5	1	419	1	1	1	2573	976	3	12	89.473801	4
5	1	419	1	1	2	2592	977	41	11	17.279358	-1zV
5	1	419	1	1	3	2650	976	4	12	83.637177	}
2	1	420	0	0	0	5838	981	11	17	-1	
3	1	420	1	0	0	5838	981	11	17	-1	
4	1	420	1	1	0	5838	981	11	17	-1	
5	1	420	1	1	1	5838	981	11	17	88.227089	/
2	1	421	0	0	0	6559	966	11	12	-1	
3	1	421	1	0	0	6559	966	11	12	-1	
4	1	421	1	1	0	6559	966	11	12	-1	
5	1	421	1	1	1	6559	966	11	12	84.593529	c
2	1	422	0	0	0	6740	979	30	9	-1	
3	1	422	1	0	0	6740	979	30	9	-1	
4	1	422	1	1	0	6740	979	30	9	-1	
5	1	422	1	1	1	6740	979	30	9	57.352066	<7
2	1	423	0	0	0	6741	991	29	9	-1	
3	1	423	1	0	0	6741	991	29	9	-1	
4	1	423	1	1	0	6741	991	29	9	-1	
5	1	423	1	1	1	6741	991	29	9	42.925495	ot
2	1	424	0	0	0	6834	961	29	21	-1	
3	1	424	1	0	0	6834	961	29	21	-1	
4	1	424	1	1	0	6834	961	29	21	-1	
5	1	424	1	1	1	6834	961	29	21	82.800629	-8
2	1	425	0	0	0	7522	971	134	20	-1	
3	1	425	1	0	0	7522	971	134	20	-1	
4	1	425	1	1	0	7522	971	134	20	-1	
5	1	425	1	1	1	7522	971	134	20	50.530125	AN78M05
2	1	426	0	0	0	7712	970	131	20	-1	
3	1	426	1	0	0	7712	970	131	20	-1	
4	1	426	1	1	0	7712	970	131	20	-1	
5	1	426	1	1	1	7712	970	131	20	85.670883	AN79NO5
2	1	427	0	0	0	3835	991	70	14	-1	
3	1	427	1	0	0	3835	991	70	14	-1	
4	1	427	1	1	0	3835	991	70	14	-1	
5	1	427	1	1	1	3835	991	32	14	92.933167	Play
5	1	427	1	1	2	3874	991	31	12	92.080894	2ms
2	1	428	0	0	0	3847	1006	60	12	-1	
3	1	428	1	0	0	3847	1006	60	12	-1	
4	1	428	1	1	0	3847	1006	60	12	-1	
5	1	428	1	1	1	3847	1006	60	12	15.854858	5V/01V
2	1	429	0	0	0	6616	997	30	9	-1	
3	1	429	1	0	0	6616	997	30	9	-1	
4	1	429	1	1	0	6616	997	30	9	-1	
5	1	429	1	1	1	6616	997	30	9	59.736984	zo.
2	1	430	0	0	0	6741	1001	28	9	-1	
3	1	430	1	0	0	6741	1001	28	9	-1	
4	1	430	1	1	0	6741	1001	28	9	-1	
5	1	430	1	1	1	6741	1001	28	9	54.398441	og
2	1	431	0	0	0	6833	998	30	13	-1	
3	1	431	1	0	0	6833	998	30	13	-1	
4	1	431	1	1	0	6833	998	30	13	-1	
5	1	431	1	1	1	6833	998	30	13	48.580929	aed
2	1	432	0	0	0	2339	1014	29	29	-1	
3	1	432	1	0	0	2339	1014	29	29	-1	
4	1	432	1	1	0	2339	1014	29	29	-1	
5	1	432	1	1	1	2339	1014	29	29	46.444382	x8
2	1	433	0	0	0	2401	1025	37	12	-1	
3	1	433	1	0	0	2401	1025	37	12	-1	
4	1	433	1	1	0	2401	1025	37	12	-1	
5	1	433	1	1	1	2401	1025	37	12	53.611870	clos
2	1	434	0	0	0	2893	1021	92	13	-1	
3	1	434	1	0	0	2893	1021	92	13	-1	
4	1	434	1	1	0	2893	1021	92	13	-1	
5	1	434	1	1	1	2893	1021	39	12	25.457153	R134
5	1	434	1	1	2	2950	1021	35	13	82.183426	3.9K
2	1	435	0	0	0	4086	1026	40	18	-1	
3	1	435	1	0	0	4086	1026	40	18	-1	
4	1	435	1	1	0	4086	1026	40	18	-1	
5	1	435	1	1	1	4086	1026	40	18	67.518372	an
2	1	436	0	0	0	5415	1023	146	18	-1	
3	1	436	1	0	0	5415	1023	146	18	-1	
4	1	436	1	1	0	5415	1023	146	18	-1	
5	1	436	1	1	1	5415	1023	146	18	28.399673	as
2	1	437	0	0	0	5738	1025	6	13	-1	
3	1	437	1	0	0	5738	1025	6	13	-1	
4	1	437	1	1	0	5738	1025	6	13	-1	
5	1	437	1	1	1	5738	1025	6	13	17.688217	i
2	1	438	0	0	0	5813	1026	8	11	-1	
3	1	438	1	0	0	5813	1026	8	11	-1	
4	1	438	1	1	0	5813	1026	8	11	-1	
5	1	438	1	1	1	5813	1026	8	11	58.992096	Z
2	1	439	0	0	0	7127	1013	66	31	-1	
3	1	439	1	0	0	7127	1013	66	31	-1	
4	1	439	1	1	0	7127	1013	66	31	-1	
5	1	439	1	1	1	7127	1013	7	31	35.541046	J
5	1	439	1	1	2	7145	1024	48	13	35.541046	acas
2	1	440	0	0	0	1389	1058	63	14	-1	
3	1	440	1	0	0	1389	1058	63	14	-1	
4	1	440	1	1	0	1389	1058	63	14	-1	
5	1	440	1	1	1	1389	1058	63	14	22.919472	1c402
2	1	441	0	0	0	1978	1048	13	8	-1	
3	1	441	1	0	0	1978	1048	13	8	-1	
4	1	441	1	1	0	1978	1048	13	8	-1	
5	1	441	1	1	1	1978	1048	13	8	55.553635	2
2	1	442	0	0	0	2127	1038	31	11	-1	
3	1	442	1	0	0	2127	1038	31	11	-1	
4	1	442	1	1	0	2127	1038	31	11	-1	
5	1	442	1	1	1	2127	1038	31	11	87.294418	on
2	1	443	0	0	0	2234	1061	27	9	-1	
3	1	443	1	0	0	2234	1061	27	9	-1	
4	1	443	1	1	0	2234	1061	27	9	-1	
5	1	443	1	1	1	2234	1061	27	9	0.000000	IR
2	1	444	0	0	0	2339	1045	29	11	-1	
3	1	444	1	0	0	2339	1045	29	11	-1	
4	1	444	1	1	0	2339	1045	29	11	-1	
5	1	444	1	1	1	2339	1045	29	11	21.076630	=z
2	1	445	0	0	0	2405	1040	36	13	-1	
3	1	445	1	0	0	2405	1040	36	13	-1	
4	1	445	1	1	0	2405	1040	36	13	-1	
5	1	445	1	1	1	2405	1040	36	13	95.411201	0.22
2	1	446	0	0	0	2829	984	40	82	-1	
3	1	446	1	0	0	2829	984	40	82	-1	
4	1	446	1	1	0	2829	984	40	82	-1	
5	1	446	1	1	1	2829	984	40	82	42.027969	it
2	1	447	0	0	0	3453	1052	27	13	-1	
3	1	447	1	0	0	3453	1052	27	13	-1	
4	1	447	1	1	0	3453	1052	27	13	-1	
5	1	447	1	1	1	3453	1052	27	13	53.788990	2,
2	1	448	0	0	0	3738	1050	33	13	-1	
3	1	448	1	0	0	3738	1050	33	13	-1	
4	1	448	1	1	0	3738	1050	33	13	-1	
5	1	448	1	1	1	3738	1050	33	13	75.742340	go
2	1	449	0	0	0	5205	1023	49	41	-1	
3	1	449	1	0	0	5205	1023	49	41	-1	
4	1	449	1	1	0	5205	1023	49	41	-1	
5	1	449	1	1	1	5205	1023	49	41	0.000000	DI
2	1	450	0	0	0	5728	1047	6	12	-1	
3	1	450	1	0	0	5728	1047	6	12	-1	
4	1	450	1	1	0	5728	1047	6	12	-1	
5	1	450	1	1	1	5728	1047	6	12	45.379292	a
2	1	451	0	0	0	5800	1046	8	12	-1	
3	1	451	1	0	0	5800	1046	8	12	-1	
4	1	451	1	1	0	5800	1046	8	12	-1	
5	1	451	1	1	1	5800	1046	8	12	28.465752	/
2	1	452	0	0	0	6202	1055	54	13	-1	
3	1	452	1	0	0	6202	1055	54	13	-1	
4	1	452	1	1	0	6202	1055	54	13	-1	
5	1	452	1	1	1	6202	1055	4	12	79.772476	4
5	1	452	1	1	2	6222	1055	34	13	57.932457	-5v
2	1	453	0	0	0	7448	1053	35	14	-1	
3	1	453	1	0	0	7448	1053	35	14	-1	
4	1	453	1	1	0	7448	1053	35	14	-1	
5	1	453	1	1	1	7448	1053	35	14	46.340504	eT
2	1	454	0	0	0	2233	1073	29	9	-1	
3	1	454	1	0	0	2233	1073	29	9	-1	
4	1	454	1	1	0	2233	1073	29	9	-1	
5	1	454	1	1	1	2233	1073	29	9	64.712547	an
2	1	455	0	0	0	2428	1057	7	19	-1	
3	1	455	1	0	0	2428	1057	7	19	-1	
4	1	455	1	1	0	2428	1057	7	19	-1	
5	1	455	1	1	1	2428	1057	7	19	53.121929	+
2	1	456	0	0	0	3147	1084	29	9	-1	
3	1	456	1	0	0	3147	1084	29	9	-1	
4	1	456	1	1	0	3147	1084	29	9	-1	
5	1	456	1	1	1	3147	1084	29	9	69.261490	mx
2	1	457	0	0	0	3453	1065	26	8	-1	
3	1	457	1	0	0	3453	1065	26	8	-1	
4	1	457	1	1	0	3453	1065	26	8	-1	
5	1	457	1	1	1	3453	1065	26	8	50.656391	=>
2	1	458	0	0	0	3454	1077	26	11	-1	
3	1	458	1	0	0	3454	1077	26	11	-1	
4	1	458	1	1	0	3454	1077	26	11	-1	
5	1	458	1	1	1	3454	1077	26	11	69.736679	se
2	1	459	0	0	0	3738	1076	34	13	-1	
3	1	459	1	0	0	3738	1076	34	13	-1	
4	1	459	1	1	0	3738	1076	34	13	-1	
5	1	459	1	1	1	3738	1076	34	13	65.847672	ZO
2	1	460	0	0	0	5719	1068	6	10	-1	
3	1	460	1	0	0	5719	1068	6	10	-1	
4	1	460	1	1	0	5719	1068	6	10	-1	
5	1	460	1	1	1	5719	1068	6	10	61.210144	Z
2	1	461	0	0	0	5788	1068	7	10	-1	
3	1	461	1	0	0	5788	1068	7	10	-1	
4	1	461	1	1	0	5788	1068	7	10	-1	
5	1	461	1	1	1	5788	1068	7	10	88.253555	Z
2	1	462	0	0	0	6080	1073	50	13	-1	
3	1	462	1	0	0	6080	1073	50	13	-1	
4	1	462	1	1	0	6080	1073	50	13	-1	
5	1	462	1	1	1	6080	1074	4	11	82.590248	4
5	1	462	1	1	2	6103	1073	27	13	29.906601	12Vv
2	1	463	0	0	0	6157	1073	4	12	-1	
3	1	463	1	0	0	6157	1073	4	12	-1	
4	1	463	1	1	0	6157	1073	4	12	-1	
5	1	463	1	1	1	6157	1073	4	12	85.599060	»
2	1	464	0	0	0	6441	1061	40	19	-1	
3	1	464	1	0	0	6441	1061	40	19	-1	
4	1	464	1	1	0	6441	1061	40	19	-1	
5	1	464	1	1	1	6441	1061	40	19	46.105690	2
2	1	465	0	0	0	7127	1061	7	31	-1	
3	1	465	1	0	0	7127	1061	7	31	-1	
4	1	465	1	1	0	7127	1061	7	31	-1	
5	1	465	1	1	1	7127	1061	7	31	69.310402	1
2	1	466	0	0	0	7901	1006	588	87	-1	
3	1	466	1	0	0	7901	1006	588	87	-1	
4	1	466	1	1	0	7901	1006	588	87	-1	
5	1	466	1	1	1	7901	1006	89	87	21.439270	|
5	1	466	1	1	2	8010	1010	316	39	93.262619	REGULATOR
5	1	466	1	1	3	8346	1013	143	38	91.856598	P.C.B.
2	1	467	0	0	0	2127	1060	55	40	-1	
3	1	467	1	0	0	2127	1060	55	40	-1	
4	1	467	1	1	0	2127	1060	55	40	-1	
5	1	467	1	1	1	2127	1060	55	40	12.998505	osT
2	1	468	0	0	0	2293	1062	64	55	-1	
3	1	468	1	0	0	2293	1062	64	55	-1	
4	1	468	1	1	0	2293	1062	64	55	-1	
5	1	468	1	1	1	2293	1062	64	55	63.789146	Is,
2	1	469	0	0	0	3452	1086	28	12	-1	
3	1	469	1	0	0	3452	1086	28	12	-1	
4	1	469	1	1	0	3452	1086	28	12	-1	
5	1	469	1	1	1	3452	1086	28	12	46.308601	og
2	1	470	0	0	0	5775	1087	9	13	-1	
3	1	470	1	0	0	5775	1087	9	13	-1	
4	1	470	1	1	0	5775	1087	9	13	-1	
5	1	470	1	1	1	5775	1087	9	13	5.237579	/
2	1	471	0	0	0	6203	1096	82	13	-1	
3	1	471	1	0	0	6203	1096	82	13	-1	
4	1	471	1	1	0	6203	1096	82	13	-1	
5	1	471	1	1	1	6203	1096	3	12	71.484261	4
5	1	471	1	1	2	6219	1096	41	13	0.000000	-I2V
5	1	471	1	1	3	6281	1096	4	12	46.400055	>}
2	1	472	0	0	0	6607	1069	303	33	-1	
3	1	472	1	0	0	6607	1069	303	33	-1	
4	1	472	1	1	0	6607	1069	303	33	-1	
5	1	472	1	1	1	6607	1069	134	31	96.628342	Tracking
5	1	472	1	1	2	6758	1072	85	26	96.628342	offset
5	1	472	1	1	3	6857	1070	53	32	96.527458	adj.
2	1	473	0	0	0	7791	1094	21	13	-1	
3	1	473	1	0	0	7791	1094	21	13	-1	
4	1	473	1	1	0	7791	1094	21	13	-1	
5	1	473	1	1	1	7791	1094	21	13	76.601746	SV
2	1	474	0	0	0	2499	1117	101	12	-1	
3	1	474	1	0	0	2499	1117	101	12	-1	
4	1	474	1	1	0	2499	1117	101	12	-1	
5	1	474	1	1	1	2499	1122	6	2	33.427872	-
5	1	474	1	1	2	2512	1117	88	12	33.427872	0.2V10.3V)
2	1	475	0	0	0	2736	1128	32	12	-1	
3	1	475	1	0	0	2736	1128	32	12	-1	
4	1	475	1	1	0	2736	1128	32	12	-1	
5	1	475	1	1	1	2736	1128	32	12	87.074379	2ms
2	1	476	0	0	0	2737	1113	36	14	-1	
3	1	476	1	0	0	2737	1113	36	14	-1	
4	1	476	1	1	0	2737	1113	36	14	-1	
5	1	476	1	1	1	2737	1113	36	14	96.501022	Play
2	1	477	0	0	0	3049	1024	91	109	-1	
3	1	477	1	0	0	3049	1024	91	109	-1	
4	1	477	1	1	0	3049	1024	91	109	-1	
5	1	477	1	1	1	3049	1028	44	62	41.985641	in
2	1	478	0	0	0	3457	1129	28	13	-1	
3	1	478	1	0	0	3457	1129	28	13	-1	
4	1	478	1	1	0	3457	1129	28	13	-1	
5	1	478	1	1	1	3457	1129	28	13	64.911316	me
2	1	479	0	0	0	3683	1135	29	8	-1	
3	1	479	1	0	0	3683	1135	29	8	-1	
4	1	479	1	1	0	3683	1135	29	8	-1	
5	1	479	1	1	1	3683	1135	29	8	58.501926	ot
2	1	480	0	0	0	3684	1124	29	10	-1	
3	1	480	1	0	0	3684	1124	29	10	-1	
4	1	480	1	1	0	3684	1124	29	10	-1	
5	1	480	1	1	1	3684	1124	29	10	48.953468	yo
2	1	481	0	0	0	3892	1117	29	14	-1	
3	1	481	1	0	0	3892	1117	29	14	-1	
4	1	481	1	1	0	3892	1117	29	14	-1	
5	1	481	1	1	1	3892	1117	29	14	0.000000	m¥
2	1	482	0	0	0	3893	1129	29	14	-1	
3	1	482	1	0	0	3893	1129	29	14	-1	
4	1	482	1	1	0	3893	1129	29	14	-1	
5	1	482	1	1	1	3893	1129	29	14	11.054298	wey
2	1	483	0	0	0	5205	1065	89	61	-1	
3	1	483	1	0	0	5205	1065	89	61	-1	
4	1	483	1	1	0	5205	1065	89	61	-1	
5	1	483	1	1	1	5205	1065	89	61	67.216156	=
2	1	484	0	0	0	5587	1086	175	50	-1	
3	1	484	1	0	0	5587	1086	175	50	-1	
4	1	484	1	1	0	5587	1086	175	50	-1	
5	1	484	1	1	1	5587	1122	35	13	78.552109	RI66
5	1	484	1	1	2	5633	1123	36	12	89.357002	2.2K
5	1	484	1	1	3	5693	1086	54	50	0.000000	Tua
5	1	484	1	1	4	5754	1122	8	12	86.793625	2.
2	1	485	0	0	0	5762	1102	366	44	-1	
3	1	485	1	0	0	5762	1102	366	44	-1	
4	1	485	1	1	0	5762	1102	366	44	-1	
5	1	485	1	1	1	5762	1107	25	27	16.984482	fox
5	1	485	1	1	2	5801	1121	36	12	27.123764	R168
5	1	485	1	1	3	5850	1121	9	12	75.012451	6
5	1	485	1	1	4	5866	1121	19	12	81.802422	BK
5	1	485	1	1	5	5898	1102	124	44	96.073425	Optical
5	1	485	1	1	6	6035	1112	93	22	96.282478	servo
2	1	486	0	0	0	6715	1131	26	13	-1	
3	1	486	1	0	0	6715	1131	26	13	-1	
4	1	486	1	1	0	6715	1131	26	13	-1	
5	1	486	1	1	1	6715	1131	26	13	53.911270	BV
2	1	487	0	0	0	6743	1104	59	21	-1	
3	1	487	1	0	0	6743	1104	59	21	-1	
4	1	487	1	1	0	6743	1104	59	21	-1	
5	1	487	1	1	1	6743	1104	59	21	70.422729	Awe
2	1	488	0	0	0	6818	1130	40	13	-1	
3	1	488	1	0	0	6818	1130	40	13	-1	
4	1	488	1	1	0	6818	1130	40	13	-1	
5	1	488	1	1	1	6818	1130	40	13	52.602051	13.1V
2	1	489	0	0	0	7065	1114	46	14	-1	
3	1	489	1	0	0	7065	1114	46	14	-1	
4	1	489	1	1	0	7065	1114	46	14	-1	
5	1	489	1	1	1	7065	1114	46	14	31.017044	1Cl3
2	1	490	0	0	0	1163	1154	48	13	-1	
3	1	490	1	0	0	1163	1154	48	13	-1	
4	1	490	1	1	0	1163	1154	48	13	-1	
5	1	490	1	1	1	1163	1154	11	13	72.396118	ov
5	1	490	1	1	2	1201	1154	10	12	25.673233	Oo.
2	1	491	0	0	0	1254	1154	21	14	-1	
3	1	491	1	0	0	1254	1154	21	14	-1	
4	1	491	1	1	0	1254	1154	21	14	-1	
5	1	491	1	1	1	1254	1154	21	14	12.437286	2
2	1	492	0	0	0	1381	1127	75	23	-1	
3	1	492	1	0	0	1381	1127	75	23	-1	
4	1	492	1	1	0	1381	1127	75	23	-1	
5	1	492	1	1	1	1381	1127	75	23	41.532742	(4)-—(3)
2	1	493	0	0	0	1524	1154	21	13	-1	
3	1	493	1	0	0	1524	1154	21	13	-1	
4	1	493	1	1	0	1524	1154	21	13	-1	
5	1	493	1	1	1	1524	1154	21	13	59.154915	ov}
2	1	494	0	0	0	2822	1136	55	16	-1	
3	1	494	1	0	0	2822	1136	55	16	-1	
4	1	494	1	1	0	2822	1136	55	16	-1	
5	1	494	1	1	1	2822	1136	55	16	96.848969	ade
2	1	495	0	0	0	2994	1135	34	17	-1	
3	1	495	1	0	0	2994	1135	34	17	-1	
4	1	495	1	1	0	2994	1135	34	17	-1	
5	1	495	1	1	1	2994	1135	34	17	84.008713	cb
2	1	496	0	0	0	3122	1140	20	20	-1	
3	1	496	1	0	0	3122	1140	20	20	-1	
4	1	496	1	1	0	3122	1140	20	20	-1	
5	1	496	1	1	1	3122	1140	20	20	59.678493	a
2	1	497	0	0	0	3231	1140	105	13	-1	
3	1	497	1	0	0	3231	1140	105	13	-1	
4	1	497	1	1	0	3231	1140	105	13	-1	
5	1	497	1	1	1	3231	1140	11	13	24.425056	Cc
5	1	497	1	1	2	3255	1140	81	13	0.000000	,2msiv/OlV|
2	1	498	0	0	0	3457	1152	28	10	-1	
3	1	498	1	0	0	3457	1152	28	10	-1	
4	1	498	1	1	0	3457	1152	28	10	-1	
5	1	498	1	1	1	3457	1152	28	10	53.642830	co
2	1	499	0	0	0	3893	1140	28	8	-1	
3	1	499	1	0	0	3893	1140	28	8	-1	
4	1	499	1	1	0	3893	1140	28	8	-1	
5	1	499	1	1	1	3893	1140	28	8	63.099304	SE
2	1	500	0	0	0	3893	1149	29	11	-1	
3	1	500	1	0	0	3893	1149	29	11	-1	
4	1	500	1	1	0	3893	1149	29	11	-1	
5	1	500	1	1	1	3893	1149	29	11	66.825974	at
2	1	501	0	0	0	4634	1138	60	14	-1	
3	1	501	1	0	0	4634	1138	60	14	-1	
4	1	501	1	1	0	4634	1138	60	14	-1	
5	1	501	1	1	1	4634	1138	60	14	51.971928	1c301
2	1	502	0	0	0	4835	1134	245	28	-1	
3	1	502	1	0	0	4835	1134	245	28	-1	
4	1	502	1	1	0	4835	1134	245	28	-1	
5	1	502	1	1	1	4835	1135	78	27	95.413864	Data
5	1	502	1	1	2	4926	1134	78	27	95.413864	slice
5	1	502	1	1	3	5016	1134	64	28	96.767403	and
2	1	503	0	0	0	5635	1155	46	12	-1	
3	1	503	1	0	0	5635	1155	46	12	-1	
4	1	503	1	1	0	5635	1155	46	12	-1	
5	1	503	1	1	1	5635	1155	46	12	36.354900	VRIOL
2	1	504	0	0	0	5985	1157	5	10	-1	
3	1	504	1	0	0	5985	1157	5	10	-1	
4	1	504	1	1	0	5985	1157	5	10	-1	
5	1	504	1	1	1	5985	1157	5	10	15.459930	nN
2	1	505	0	0	0	6324	1136	31	12	-1	
3	1	505	1	0	0	6324	1136	31	12	-1	
4	1	505	1	1	0	6324	1136	31	12	-1	
5	1	505	1	1	1	6324	1136	31	12	22.867485	bt)
2	1	506	0	0	0	6325	1148	29	9	-1	
3	1	506	1	0	0	6325	1148	29	9	-1	
4	1	506	1	1	0	6325	1148	29	9	-1	
5	1	506	1	1	1	6325	1148	29	9	84.850533	of
2	1	507	0	0	0	7058	1138	121	20	-1	
3	1	507	1	0	0	7058	1138	121	20	-1	
4	1	507	1	1	0	7058	1138	121	20	-1	
5	1	507	1	1	1	7058	1138	121	20	48.353149	AN78NI2
2	1	508	0	0	0	7799	1145	30	8	-1	
3	1	508	1	0	0	7799	1145	30	8	-1	
4	1	508	1	1	0	7799	1145	30	8	-1	
5	1	508	1	1	1	7799	1145	30	8	54.803017	ARS
2	1	509	0	0	0	7801	1156	27	9	-1	
3	1	509	1	0	0	7801	1156	27	9	-1	
4	1	509	1	1	0	7801	1156	27	9	-1	
5	1	509	1	1	1	7801	1156	27	9	37.275352	s>
2	1	510	0	0	0	1399	1172	43	13	-1	
3	1	510	1	0	0	1399	1172	43	13	-1	
4	1	510	1	1	0	1399	1172	43	13	-1	
5	1	510	1	1	1	1399	1172	43	13	32.359001	(0.2v)}
2	1	511	0	0	0	2181	1183	29	8	-1	
3	1	511	1	0	0	2181	1183	29	8	-1	
4	1	511	1	1	0	2181	1183	29	8	-1	
5	1	511	1	1	1	2181	1183	29	8	0.000000	—F4
2	1	512	0	0	0	2285	1174	29	8	-1	
3	1	512	1	0	0	2285	1174	29	8	-1	
4	1	512	1	1	0	2285	1174	29	8	-1	
5	1	512	1	1	1	2285	1174	29	8	89.867279	mx
2	1	513	0	0	0	2327	1142	151	29	-1	
3	1	513	1	0	0	2327	1142	151	29	-1	
4	1	513	1	1	0	2327	1142	151	29	-1	
5	1	513	1	1	1	2327	1142	151	29	81.912613	\Traverse
2	1	514	0	0	0	3700	1143	36	28	-1	
3	1	514	1	0	0	3700	1143	36	28	-1	
4	1	514	1	1	0	3700	1143	36	28	-1	
5	1	514	1	1	1	3700	1143	36	28	68.885803	sl
2	1	515	0	0	0	4629	1161	159	20	-1	
3	1	515	1	0	0	4629	1161	159	20	-1	
4	1	515	1	1	0	4629	1161	159	20	-1	
5	1	515	1	1	1	4629	1161	159	20	81.217659	EHDGAI243
2	1	516	0	0	0	5729	1154	13	20	-1	
3	1	516	1	0	0	5729	1154	13	20	-1	
4	1	516	1	1	0	5729	1154	13	20	-1	
5	1	516	1	1	1	5729	1154	13	20	27.531364	7
2	1	517	0	0	0	5809	1163	29	10	-1	
3	1	517	1	0	0	5809	1163	29	10	-1	
4	1	517	1	1	0	5809	1163	29	10	-1	
5	1	517	1	1	1	5809	1163	29	10	59.570671	ox
2	1	518	0	0	0	5809	1175	30	8	-1	
3	1	518	1	0	0	5809	1175	30	8	-1	
4	1	518	1	1	0	5809	1175	30	8	-1	
5	1	518	1	1	1	5809	1175	30	8	39.576317	=n
2	1	519	0	0	0	5988	1176	53	15	-1	
3	1	519	1	0	0	5988	1176	53	15	-1	
4	1	519	1	1	0	5988	1176	53	15	-1	
5	1	519	1	1	1	5988	1176	53	15	2.552299	(clo
2	1	520	0	0	0	6324	1162	30	14	-1	
3	1	520	1	0	0	6324	1162	30	14	-1	
4	1	520	1	1	0	6324	1162	30	14	-1	
5	1	520	1	1	1	6324	1162	30	14	51.625107	=X
2	1	521	0	0	0	6325	1174	29	15	-1	
3	1	521	1	0	0	6325	1174	29	15	-1	
4	1	521	1	1	0	6325	1174	29	15	-1	
5	1	521	1	1	1	6325	1174	29	15	74.646774	So
2	1	522	0	0	0	6891	1173	31	13	-1	
3	1	522	1	0	0	6891	1173	31	13	-1	
4	1	522	1	1	0	6891	1173	31	13	-1	
5	1	522	1	1	1	6891	1173	31	13	60.761005	+2
2	1	523	0	0	0	7363	1125	54	50	-1	
3	1	523	1	0	0	7363	1125	54	50	-1	
4	1	523	1	1	0	7363	1125	54	50	-1	
5	1	523	1	1	1	7363	1125	54	50	0.000000	fe
2	1	524	0	0	0	7785	1159	44	17	-1	
3	1	524	1	0	0	7785	1159	44	17	-1	
4	1	524	1	1	0	7785	1159	44	17	-1	
5	1	524	1	1	1	7785	1159	44	17	44.931679	+52
2	1	525	0	0	0	1123	1199	91	13	-1	
3	1	525	1	0	0	1123	1199	91	13	-1	
4	1	525	1	1	0	1123	1199	91	13	-1	
5	1	525	1	1	1	1123	1199	42	13	92.757080	R402
5	1	525	1	1	2	1180	1200	34	12	92.757080	2.2K
2	1	526	0	0	0	1926	1196	83	12	-1	
3	1	526	1	0	0	1926	1196	83	12	-1	
4	1	526	1	1	0	1926	1196	83	12	-1	
5	1	526	1	1	1	1926	1196	42	12	45.752678	C402
5	1	526	1	1	2	1977	1196	32	12	92.934425	0.01
2	1	527	0	0	0	2181	1193	29	9	-1	
3	1	527	1	0	0	2181	1193	29	9	-1	
4	1	527	1	1	0	2181	1193	29	9	-1	
5	1	527	1	1	1	2181	1193	29	9	81.216644	zt
2	1	528	0	0	0	2286	1180	142	25	-1	
3	1	528	1	0	0	2286	1180	142	25	-1	
4	1	528	1	1	0	2286	1180	142	25	-1	
5	1	528	1	1	1	2286	1180	142	25	64.506844	=53servo
2	1	529	0	0	0	2731	1144	74	51	-1	
3	1	529	1	0	0	2731	1144	74	51	-1	
4	1	529	1	1	0	2731	1144	74	51	-1	
5	1	529	1	1	1	2731	1144	74	51	20.466919	bia
2	1	530	0	0	0	3261	1160	71	36	-1	
3	1	530	1	0	0	3261	1160	71	36	-1	
4	1	530	1	1	0	3261	1160	71	36	-1	
5	1	530	1	1	1	3261	1160	71	36	0.000000	MH
2	1	531	0	0	0	3752	1193	61	13	-1	
3	1	531	1	0	0	3752	1193	61	13	-1	
4	1	531	1	1	0	3752	1193	61	13	-1	
5	1	531	1	1	1	3752	1194	4	12	79.769096	4
5	1	531	1	1	2	3770	1193	43	13	15.798965	-l2V
2	1	532	0	0	0	4008	1047	118	154	-1	
3	1	532	1	0	0	4008	1047	118	154	-1	
4	1	532	1	1	0	4008	1047	118	154	-1	
5	1	532	1	1	1	4008	1047	118	154	41.301151	i
2	1	533	0	0	0	5449	1185	70	12	-1	
3	1	533	1	0	0	5449	1185	70	12	-1	
4	1	533	1	1	0	5449	1185	70	12	-1	
5	1	533	1	1	1	5449	1185	38	12	72.594147	RI63
5	1	533	1	1	2	5503	1185	16	12	76.485306	IK
2	1	534	0	0	0	5640	1172	100	33	-1	
3	1	534	1	0	0	5640	1172	100	33	-1	
4	1	534	1	1	0	5640	1172	100	33	-1	
5	1	534	1	1	1	5640	1172	41	12	45.218967	5K(B)
5	1	534	1	1	2	5693	1175	47	30	36.418438	uae
2	1	535	0	0	0	5746	1197	4	19	-1	
3	1	535	1	0	0	5746	1197	4	19	-1	
4	1	535	1	1	0	5746	1197	4	19	-1	
5	1	535	1	1	1	5746	1197	4	19	66.185692	1
2	1	536	0	0	0	5809	1183	30	13	-1	
3	1	536	1	0	0	5809	1183	30	13	-1	
4	1	536	1	1	0	5809	1183	30	13	-1	
5	1	536	1	1	1	5809	1183	30	13	19.027893	ao
2	1	537	0	0	0	6823	1185	28	14	-1	
3	1	537	1	0	0	6823	1185	28	14	-1	
4	1	537	1	1	0	6823	1185	28	14	-1	
5	1	537	1	1	1	6823	1185	28	14	73.702530	RI3
2	1	538	0	0	0	6826	1203	26	13	-1	
3	1	538	1	0	0	6826	1203	26	13	-1	
4	1	538	1	1	0	6826	1203	26	13	-1	
5	1	538	1	1	1	6826	1203	26	13	89.359421	150
2	1	539	0	0	0	6890	1195	30	9	-1	
3	1	539	1	0	0	6890	1195	30	9	-1	
4	1	539	1	1	0	6890	1195	30	9	-1	
5	1	539	1	1	1	6890	1195	30	9	20.706711	a-
2	1	540	0	0	0	6891	1185	31	8	-1	
3	1	540	1	0	0	6891	1185	31	8	-1	
4	1	540	1	1	0	6891	1185	31	8	-1	
5	1	540	1	1	1	6891	1185	31	8	27.771538	So
2	1	541	0	0	0	7419	1178	31	35	-1	
3	1	541	1	0	0	7419	1178	31	35	-1	
4	1	541	1	1	0	7419	1178	31	35	-1	
5	1	541	1	1	1	7419	1178	31	35	30.453293	Ks)
2	1	542	0	0	0	4128	1068	103	152	-1	
3	1	542	1	0	0	4128	1068	103	152	-1	
4	1	542	1	1	0	4128	1068	103	152	-1	
5	1	542	1	1	1	4128	1068	103	152	24.947067	TTI
2	1	543	0	0	0	4834	1170	66	47	-1	
3	1	543	1	0	0	4834	1170	66	47	-1	
4	1	543	1	1	0	4834	1170	66	47	-1	
5	1	543	1	1	1	4834	1170	66	47	96.180161	PLL
2	1	544	0	0	0	5450	1221	68	13	-1	
3	1	544	1	0	0	5450	1221	68	13	-1	
4	1	544	1	1	0	5450	1221	68	13	-1	
5	1	544	1	1	1	5450	1221	35	13	67.106163	RI62
5	1	544	1	1	2	5502	1222	16	12	75.845154	1K
2	1	545	0	0	0	5588	1195	135	47	-1	
3	1	545	1	0	0	5588	1195	135	47	-1	
4	1	545	1	1	0	5588	1195	135	47	-1	
5	1	545	1	1	1	5588	1221	32	13	23.086067	cist
5	1	545	1	1	2	5625	1195	55	47	36.771217	oor
5	1	545	1	1	3	5691	1195	32	47	43.672562	dc
2	1	546	0	0	0	5713	1221	34	12	-1	
3	1	546	1	0	0	5713	1221	34	12	-1	
4	1	546	1	1	0	5713	1221	34	12	-1	
5	1	546	1	1	1	5713	1221	34	12	62.017761	C132
2	1	547	0	0	0	5755	1198	37	36	-1	
3	1	547	1	0	0	5755	1198	37	36	-1	
4	1	547	1	1	0	5755	1198	37	36	-1	
5	1	547	1	1	1	5755	1198	37	36	28.477562	tol
2	1	548	0	0	0	6714	1211	67	14	-1	
3	1	548	1	0	0	6714	1211	67	14	-1	
4	1	548	1	1	0	6714	1211	67	14	-1	
5	1	548	1	1	1	6714	1211	11	11	55.070152	[+
5	1	548	1	1	2	6745	1213	36	12	38.937916	B.6V,
2	1	549	0	0	0	7068	1218	45	14	-1	
3	1	549	1	0	0	7068	1218	45	14	-1	
4	1	549	1	1	0	7068	1218	45	14	-1	
5	1	549	1	1	1	7068	1218	45	14	10.330162	1Cl4
2	1	550	0	0	0	7560	1151	56	75	-1	
3	1	550	1	0	0	7560	1151	56	75	-1	
4	1	550	1	1	0	7560	1151	56	75	-1	
5	1	550	1	1	1	7560	1151	56	75	23.819008	ay
2	1	551	0	0	0	7675	1208	37	15	-1	
3	1	551	1	0	0	7675	1208	37	15	-1	
4	1	551	1	1	0	7675	1208	37	15	-1	
5	1	551	1	1	1	7675	1208	37	15	0.000000	1c
2	1	552	0	0	0	1125	1231	90	13	-1	
3	1	552	1	0	0	1125	1231	90	13	-1	
4	1	552	1	1	0	1125	1231	90	13	-1	
5	1	552	1	1	1	1125	1231	43	13	83.311447	R403
5	1	552	1	1	2	1180	1231	35	13	83.311447	2.2K
2	1	553	0	0	0	2495	1247	54	13	-1	
3	1	553	1	0	0	2495	1247	54	13	-1	
4	1	553	1	1	0	2495	1247	54	13	-1	
5	1	553	1	1	1	2495	1247	54	13	32.529556	MAIE65
2	1	554	0	0	0	2504	1229	38	13	-1	
3	1	554	1	0	0	2504	1229	38	13	-1	
4	1	554	1	1	0	2504	1229	38	13	-1	
5	1	554	1	1	1	2504	1229	38	13	0.000000	D10Or
2	1	555	0	0	0	2749	1233	50	15	-1	
3	1	555	1	0	0	2749	1233	50	15	-1	
4	1	555	1	1	0	2749	1233	50	15	-1	
5	1	555	1	1	1	2749	1233	50	15	16.036758	Qlog
2	1	556	0	0	0	5881	1223	94	38	-1	
3	1	556	1	0	0	5881	1223	94	38	-1	
4	1	556	1	1	0	5881	1223	94	38	-1	
5	1	556	1	1	1	5881	1223	25	38	75.000359	ov.
5	1	556	1	1	2	5913	1233	22	23	55.715843	G2)
5	1	556	1	1	3	5943	1238	32	13	53.106598	PDA
2	1	557	0	0	0	6062	1222	94	37	-1	
3	1	557	1	0	0	6062	1222	94	37	-1	
4	1	557	1	1	0	6062	1222	94	37	-1	
5	1	557	1	1	1	6062	1239	26	12	83.561691	Vee
5	1	557	1	1	2	6096	1222	60	37	52.889305	(1)
2	1	558	0	0	0	6884	1245	44	17	-1	
3	1	558	1	0	0	6884	1245	44	17	-1	
4	1	558	1	1	0	6884	1245	44	17	-1	
5	1	558	1	1	1	6884	1245	44	17	43.573360	Ito
2	1	559	0	0	0	7060	1243	123	20	-1	
3	1	559	1	0	0	7060	1243	123	20	-1	
4	1	559	1	1	0	7060	1243	123	20	-1	
5	1	559	1	1	1	7060	1243	123	20	70.447327	AN79L12
2	1	560	0	0	0	1124	1252	164	38	-1	
3	1	560	1	0	0	1124	1252	164	38	-1	
4	1	560	1	1	0	1124	1252	164	38	-1	
5	1	560	1	1	1	1124	1263	44	12	89.439194	R404
5	1	560	1	1	2	1181	1262	37	13	89.439194	2.2K
5	1	560	1	1	3	1234	1252	16	38	62.113506	|
5	1	560	1	1	4	1268	1256	20	30	62.113506	|
2	1	561	0	0	0	2097	1269	93	12	-1	
3	1	561	1	0	0	2097	1269	93	12	-1	
4	1	561	1	1	0	2097	1269	93	12	-1	
5	1	561	1	1	1	2097	1269	40	12	7.857475	Ril4
5	1	561	1	1	2	2158	1269	32	12	92.265762	47K
2	1	562	0	0	0	2748	1253	121	19	-1	
3	1	562	1	0	0	2748	1253	121	19	-1	
4	1	562	1	1	0	2748	1253	121	19	-1	
5	1	562	1	1	1	2748	1253	121	19	28.195885	2SA1309
2	1	563	0	0	0	3444	1202	638	83	-1	
3	1	563	1	0	0	3444	1202	638	83	-1	
4	1	563	1	1	0	3444	1202	638	83	-1	
5	1	563	1	1	1	3444	1202	638	83	0.000000	——S===——
2	1	564	0	0	0	5401	1240	52	31	-1	
3	1	564	1	0	0	5401	1240	52	31	-1	
4	1	564	1	1	0	5401	1240	52	31	-1	
5	1	564	1	1	1	5401	1240	52	31	56.784943	oat
2	1	565	0	0	0	5402	1280	28	7	-1	
3	1	565	1	0	0	5402	1280	28	7	-1	
4	1	565	1	1	0	5402	1280	28	7	-1	
5	1	565	1	1	1	5402	1280	28	7	46.045677	28
2	1	566	0	0	0	5598	1258	84	12	-1	
3	1	566	1	0	0	5598	1258	84	12	-1	
4	1	566	1	1	0	5598	1258	84	12	-1	
5	1	566	1	1	1	5598	1258	36	12	35.969673	R164
5	1	566	1	1	2	5647	1258	35	12	62.863976	6.2K
2	1	567	0	0	0	5945	1274	25	12	-1	
3	1	567	1	0	0	5945	1274	25	12	-1	
4	1	567	1	1	0	5945	1274	25	12	-1	
5	1	567	1	1	1	5945	1274	25	12	81.481384	IVA
2	1	568	0	0	0	6061	1273	29	13	-1	
3	1	568	1	0	0	6061	1273	29	13	-1	
4	1	568	1	1	0	6061	1273	29	13	-1	
5	1	568	1	1	1	6061	1273	29	13	95.990593	LSA
2	1	569	0	0	0	6132	1262	21	13	-1	
3	1	569	1	0	0	6132	1262	21	13	-1	
4	1	569	1	1	0	6132	1262	21	13	-1	
5	1	569	1	1	1	6132	1262	21	13	81.047012	ov
2	1	570	0	0	0	6333	1260	29	9	-1	
3	1	570	1	0	0	6333	1260	29	9	-1	
4	1	570	1	1	0	6333	1260	29	9	-1	
5	1	570	1	1	1	6333	1260	29	9	65.705353	wx
2	1	571	0	0	0	6333	1271	30	10	-1	
3	1	571	1	0	0	6333	1271	30	10	-1	
4	1	571	1	1	0	6333	1271	30	10	-1	
5	1	571	1	1	1	6333	1271	30	10	55.160080	RO
2	1	572	0	0	0	6564	1273	29	12	-1	
3	1	572	1	0	0	6564	1273	29	12	-1	
4	1	572	1	1	0	6564	1273	29	12	-1	
5	1	572	1	1	1	6564	1273	29	12	33.351318	2S
2	1	573	0	0	0	6564	1258	29	11	-1	
3	1	573	1	0	0	6564	1258	29	11	-1	
4	1	573	1	1	0	6564	1258	29	11	-1	
5	1	573	1	1	1	6564	1258	29	11	78.092216	we
2	1	574	0	0	0	6738	1258	31	9	-1	
3	1	574	1	0	0	6738	1258	31	9	-1	
4	1	574	1	1	0	6738	1258	31	9	-1	
5	1	574	1	1	1	6738	1258	31	9	50.167747	09d
2	1	575	0	0	0	6739	1268	30	10	-1	
3	1	575	1	0	0	6739	1268	30	10	-1	
4	1	575	1	1	0	6739	1268	30	10	-1	
5	1	575	1	1	1	6739	1268	30	10	76.124603	st
2	1	576	0	0	0	6898	1273	30	13	-1	
3	1	576	1	0	0	6898	1273	30	13	-1	
4	1	576	1	1	0	6898	1273	30	13	-1	
5	1	576	1	1	1	6898	1273	30	13	57.005875	o>
2	1	577	0	0	0	7805	1253	56	14	-1	
3	1	577	1	0	0	7805	1253	56	14	-1	
4	1	577	1	1	0	7805	1253	56	14	-1	
5	1	577	1	1	1	7805	1248	20	28	53.087463	mz
5	1	577	1	1	2	7836	1253	25	13	49.043194	oS
2	1	578	0	0	0	7832	1276	29	9	-1	
3	1	578	1	0	0	7832	1276	29	9	-1	
4	1	578	1	1	0	7832	1276	29	9	-1	
5	1	578	1	1	1	7832	1276	29	9	87.991318	on
2	1	579	0	0	0	2512	1266	55	46	-1	
3	1	579	1	0	0	2512	1266	55	46	-1	
4	1	579	1	1	0	2512	1266	55	46	-1	
5	1	579	1	1	1	2512	1266	55	46	56.050560	aml
2	1	580	0	0	0	2841	1300	20	12	-1	
3	1	580	1	0	0	2841	1300	20	12	-1	
4	1	580	1	1	0	2841	1300	20	12	-1	
5	1	580	1	1	1	2841	1300	20	12	33.287109	5Vv
2	1	581	0	0	0	3054	1267	132	38	-1	
3	1	581	1	0	0	3054	1267	132	38	-1	
4	1	581	1	1	0	3054	1267	132	38	-1	
5	1	581	1	1	1	3054	1267	132	38	4.673767	+++
2	1	582	0	0	0	5150	1127	166	181	-1	
3	1	582	1	0	0	5150	1127	166	181	-1	
4	1	582	1	1	0	5150	1127	166	181	-1	
5	1	582	1	1	1	5150	1127	166	181	37.762409	lI
2	1	583	0	0	0	5401	1289	29	8	-1	
3	1	583	1	0	0	5401	1289	29	8	-1	
4	1	583	1	1	0	5401	1289	29	8	-1	
5	1	583	1	1	1	5401	1289	29	8	79.723328	on
2	1	584	0	0	0	5480	1280	35	12	-1	
3	1	584	1	0	0	5480	1280	35	12	-1	
4	1	584	1	1	0	5480	1280	35	12	-1	
5	1	584	1	1	1	5480	1280	35	12	44.565826	RIG!
2	1	585	0	0	0	5723	1294	84	13	-1	
3	1	585	1	0	0	5723	1294	84	13	-1	
4	1	585	1	1	0	5723	1294	84	13	-1	
5	1	585	1	1	1	5723	1294	37	13	85.702530	RI65
5	1	585	1	1	2	5773	1294	34	13	92.765099	6.8K
2	1	586	0	0	0	5881	1257	58	39	-1	
3	1	586	1	0	0	5881	1257	58	39	-1	
4	1	586	1	1	0	5881	1257	58	39	-1	
5	1	586	1	1	1	5881	1262	19	13	64.524475	ov
5	1	586	1	1	2	5916	1257	23	39	20.882927	iy
2	1	587	0	0	0	6138	1293	55	13	-1	
3	1	587	1	0	0	6138	1293	55	13	-1	
4	1	587	1	1	0	6138	1293	55	13	-1	
5	1	587	1	1	1	6138	1293	35	13	45.295952	Cl41
5	1	587	1	1	2	6184	1294	9	12	35.926796	0.
2	1	588	0	0	0	6200	1294	10	12	-1	
3	1	588	1	0	0	6200	1294	10	12	-1	
4	1	588	1	1	0	6200	1294	10	12	-1	
5	1	588	1	1	1	6200	1294	10	12	47.112061	Of
2	1	589	0	0	0	6333	1289	29	9	-1	
3	1	589	1	0	0	6333	1289	29	9	-1	
4	1	589	1	1	0	6333	1289	29	9	-1	
5	1	589	1	1	1	6333	1289	29	9	59.379139	«2
2	1	590	0	0	0	6334	1282	29	8	-1	
3	1	590	1	0	0	6334	1282	29	8	-1	
4	1	590	1	1	0	6334	1282	29	8	-1	
5	1	590	1	1	1	6334	1282	29	8	54.379242	ae
2	1	591	0	0	0	6563	1287	30	13	-1	
3	1	591	1	0	0	6563	1287	30	13	-1	
4	1	591	1	1	0	6563	1287	30	13	-1	
5	1	591	1	1	1	6563	1287	30	13	71.027832	oe
2	1	592	0	0	0	6635	1270	34	37	-1	
3	1	592	1	0	0	6635	1270	34	37	-1	
4	1	592	1	1	0	6635	1270	34	37	-1	
5	1	592	1	1	1	6635	1270	34	37	22.608765	ag
2	1	593	0	0	0	6739	1278	30	11	-1	
3	1	593	1	0	0	6739	1278	30	11	-1	
4	1	593	1	1	0	6739	1278	30	11	-1	
5	1	593	1	1	1	6739	1278	30	11	75.416817	Oa
2	1	594	0	0	0	1125	1287	215	29	-1	
3	1	594	1	0	0	1125	1287	215	29	-1	
4	1	594	1	1	0	1125	1287	215	29	-1	
5	1	594	1	1	1	1125	1293	93	14	38.676453	raos22x
5	1	594	1	1	2	1235	1283	19	37	52.127495	|
5	1	594	1	1	3	1281	1287	7	29	48.000660	|
5	1	594	1	1	4	1318	1288	22	28	48.000660	|
2	1	595	0	0	0	2077	1307	3	7	-1	
3	1	595	1	0	0	2077	1307	3	7	-1	
4	1	595	1	1	0	2077	1307	3	7	-1	
5	1	595	1	1	1	2077	1307	3	7	57.830090	1
2	1	596	0	0	0	2106	1301	20	12	-1	
3	1	596	1	0	0	2106	1301	20	12	-1	
4	1	596	1	1	0	2106	1301	20	12	-1	
5	1	596	1	1	1	2106	1301	20	12	76.946983	SV
2	1	597	0	0	0	2155	1307	3	6	-1	
3	1	597	1	0	0	2155	1307	3	6	-1	
4	1	597	1	1	0	2155	1307	3	6	-1	
5	1	597	1	1	1	2155	1307	3	6	0.000000	,
2	1	598	0	0	0	3229	1319	62	14	-1	
3	1	598	1	0	0	3229	1319	62	14	-1	
4	1	598	1	1	0	3229	1319	62	14	-1	
5	1	598	1	1	1	3229	1319	62	14	37.372166	1clo4
2	1	599	0	0	0	4193	1223	37	106	-1	
3	1	599	1	0	0	4193	1223	37	106	-1	
4	1	599	1	1	0	4193	1223	37	106	-1	
5	1	599	1	1	1	4193	1223	37	106	66.434708	|
2	1	600	0	0	0	4337	1247	76	83	-1	
3	1	600	1	0	0	4337	1247	76	83	-1	
4	1	600	1	1	0	4337	1247	76	83	-1	
5	1	600	1	1	1	4337	1247	76	83	21.082443	ia
2	1	601	0	0	0	4543	1247	179	82	-1	
3	1	601	1	0	0	4543	1247	179	82	-1	
4	1	601	1	1	0	4543	1247	179	82	-1	
5	1	601	1	1	1	4543	1247	179	82	32.098335	jaaai
2	1	602	0	0	0	4751	1241	334	92	-1	
3	1	602	1	0	0	4751	1241	335	92	-1	
4	1	602	1	1	0	4751	1241	334	92	-1	
5	1	602	1	1	1	4751	1241	334	92	0.000000	eaenes:
2	1	603	0	0	0	5882	1299	90	29	-1	
3	1	603	1	0	0	5882	1299	90	29	-1	
4	1	603	1	1	0	5882	1299	90	29	-1	
5	1	603	1	1	1	5882	1299	21	12	35.292336	OV
5	1	603	1	1	2	5912	1295	27	38	28.413246	Ay)
5	1	603	1	1	3	5945	1310	27	13	76.325867	ive
2	1	604	0	0	0	5995	1320	33	14	-1	
3	1	604	1	0	0	5995	1320	33	14	-1	
4	1	604	1	1	0	5995	1320	33	14	-1	
5	1	604	1	1	1	5995	1320	33	14	74.060486	Play
2	1	605	0	0	0	6060	1310	30	13	-1	
3	1	605	1	0	0	6060	1310	30	13	-1	
4	1	605	1	1	0	6060	1310	30	13	-1	
5	1	605	1	1	1	6060	1310	30	13	68.598511	GND
2	1	606	0	0	0	7451	1322	53	12	-1	
3	1	606	1	0	0	7451	1322	53	12	-1	
4	1	606	1	1	0	7451	1322	53	12	-1	
5	1	606	1	1	1	7451	1322	53	12	53.772964	CN304
2	1	607	0	0	0	1194	1349	30	10	-1	
3	1	607	1	0	0	1194	1349	30	10	-1	
4	1	607	1	1	0	1194	1349	30	10	-1	
5	1	607	1	1	1	1194	1349	30	10	32.867195	NTs)
2	1	608	0	0	0	1253	1346	129	14	-1	
3	1	608	1	0	0	1253	1346	129	14	-1	
4	1	608	1	1	0	1253	1346	129	14	-1	
5	1	608	1	1	1	1253	1347	28	13	61.310062	me]
5	1	608	1	1	2	1305	1347	26	12	0.000000	we]
2	1	609	0	0	0	2611	1336	49	15	-1	
3	1	609	1	0	0	2611	1336	49	15	-1	
4	1	609	1	1	0	2611	1336	49	15	-1	
5	1	609	1	1	1	2611	1336	49	15	16.561775	Qi0o7
2	1	610	0	0	0	2723	1321	273	18	-1	
3	1	610	1	0	0	2723	1321	273	18	-1	
4	1	610	1	1	0	2723	1321	273	18	-1	
5	1	610	1	1	1	2723	1321	97	13	38.730755	4
5	1	610	1	1	2	2832	1315	50	28	50.911148	-13.1v
5	1	610	1	1	3	2896	1322	100	17	12.312744	»}———_
2	1	611	0	0	0	3659	1332	29	10	-1	
3	1	611	1	0	0	3659	1332	29	10	-1	
4	1	611	1	1	0	3659	1332	29	10	-1	
5	1	611	1	1	1	3659	1332	29	10	74.843475	ox
2	1	612	0	0	0	3659	1344	30	10	-1	
3	1	612	1	0	0	3659	1344	30	10	-1	
4	1	612	1	1	0	3659	1344	30	10	-1	
5	1	612	1	1	1	3659	1344	30	10	43.923031	on
2	1	613	0	0	0	3765	1349	28	8	-1	
3	1	613	1	0	0	3765	1349	28	8	-1	
4	1	613	1	1	0	3765	1349	28	8	-1	
5	1	613	1	1	1	3765	1349	28	8	40.726082	-x
2	1	614	0	0	0	3893	1347	30	9	-1	
3	1	614	1	0	0	3893	1347	30	9	-1	
4	1	614	1	1	0	3893	1347	30	9	-1	
5	1	614	1	1	1	3893	1347	30	9	45.902130	Mu.
2	1	615	0	0	0	5457	1331	71	12	-1	
3	1	615	1	0	0	5457	1331	71	12	-1	
4	1	615	1	1	0	5457	1331	71	12	-1	
5	1	615	1	1	1	5457	1331	38	12	72.846748	RIGO
5	1	615	1	1	2	5511	1332	17	11	82.971436	IK
2	1	616	0	0	0	6052	1342	40	18	-1	
3	1	616	1	0	0	6052	1342	40	18	-1	
4	1	616	1	1	0	6052	1342	40	18	-1	
5	1	616	1	1	1	6052	1342	40	18	42.629185	‘Use
2	1	617	0	0	0	6131	1335	21	12	-1	
3	1	617	1	0	0	6131	1335	21	12	-1	
4	1	617	1	1	0	6131	1335	21	12	-1	
5	1	617	1	1	1	6131	1335	21	12	64.307869	ov
2	1	618	0	0	0	6189	1327	77	12	-1	
3	1	618	1	0	0	6189	1327	77	12	-1	
4	1	618	1	1	0	6189	1327	77	12	-1	
5	1	618	1	1	1	6189	1327	26	12	87.898621	140
5	1	618	1	1	2	6224	1327	42	12	61.736423	0.001
2	1	619	0	0	0	1194	1360	42	11	-1	
3	1	619	1	0	0	1194	1360	42	11	-1	
4	1	619	1	1	0	1194	1360	42	11	-1	
5	1	619	1	1	1	1194	1360	42	11	0.000000	Su
2	1	620	0	0	0	1283	1360	117	13	-1	
3	1	620	1	0	0	1283	1360	117	13	-1	
4	1	620	1	1	0	1283	1360	117	13	-1	
5	1	620	1	1	1	1283	1363	12	10	47.945107	VY
5	1	620	1	1	2	1305	1360	63	13	33.610565	Sey
5	1	620	1	1	3	1387	1362	13	10	16.953743	of
2	1	621	0	0	0	1305	1371	25	9	-1	
3	1	621	1	0	0	1305	1371	25	9	-1	
4	1	621	1	1	0	1305	1371	25	9	-1	
5	1	621	1	1	1	1305	1371	25	9	32.112991	oe
2	1	622	0	0	0	1992	1370	19	12	-1	
3	1	622	1	0	0	1992	1370	19	12	-1	
4	1	622	1	1	0	1992	1370	19	12	-1	
5	1	622	1	1	1	1992	1370	19	12	80.384705	SV,
2	1	623	0	0	0	2139	1371	26	12	-1	
3	1	623	1	0	0	2139	1371	26	12	-1	
4	1	623	1	1	0	2139	1371	26	12	-1	
5	1	623	1	1	1	2139	1371	26	12	75.626869	(ov!
2	1	624	0	0	0	2288	1356	34	13	-1	
3	1	624	1	0	0	2288	1356	34	13	-1	
4	1	624	1	1	0	2288	1356	34	13	-1	
5	1	624	1	1	1	2288	1356	34	13	34.428474	4.99
2	1	625	0	0	0	2294	1370	25	13	-1	
3	1	625	1	0	0	2294	1370	25	13	-1	
4	1	625	1	1	0	2294	1370	25	13	-1	
5	1	625	1	1	1	2294	1370	25	13	79.563034	(OM)
2	1	626	0	0	0	2747	1349	52	15	-1	
3	1	626	1	0	0	2747	1349	52	15	-1	
4	1	626	1	1	0	2747	1349	52	15	-1	
5	1	626	1	1	1	2747	1349	52	15	53.918785	Qios
2	1	627	0	0	0	3230	1342	125	19	-1	
3	1	627	1	0	0	3230	1342	125	19	-1	
4	1	627	1	1	0	3230	1342	125	19	-1	
5	1	627	1	1	1	3230	1342	125	19	92.712654	AN6552S
2	1	628	0	0	0	3659	1362	30	10	-1	
3	1	628	1	0	0	3659	1362	30	10	-1	
4	1	628	1	1	0	3659	1362	30	10	-1	
5	1	628	1	1	1	3659	1362	30	10	67.809280	an
2	1	629	0	0	0	3765	1361	29	10	-1	
3	1	629	1	0	0	3765	1361	29	10	-1	
4	1	629	1	1	0	3765	1361	29	10	-1	
5	1	629	1	1	1	3765	1361	29	10	42.408211	Peta)
2	1	630	0	0	0	3894	1371	27	4	-1	
3	1	630	1	0	0	3894	1371	27	4	-1	
4	1	630	1	1	0	3894	1371	27	4	-1	
5	1	630	1	1	1	3894	1371	27	4	36.314770	28
2	1	631	0	0	0	3894	1359	48	15	-1	
3	1	631	1	0	0	3894	1359	48	15	-1	
4	1	631	1	1	0	3894	1359	48	15	-1	
5	1	631	1	1	1	3894	1359	48	15	32.826546	erty,
2	1	632	0	0	0	3985	1348	62	14	-1	
3	1	632	1	0	0	3985	1348	62	14	-1	
4	1	632	1	1	0	3985	1348	62	14	-1	
5	1	632	1	1	1	3985	1348	62	14	11.783867	(clos
2	1	633	0	0	0	4459	1359	38	12	-1	
3	1	633	1	0	0	4459	1359	38	12	-1	
4	1	633	1	1	0	4459	1359	38	12	-1	
5	1	633	1	1	1	4459	1359	38	12	84.102676	0.6V
2	1	634	0	0	0	4739	1325	35	44	-1	
3	1	634	1	0	0	4739	1325	35	44	-1	
4	1	634	1	1	0	4739	1325	35	44	-1	
5	1	634	1	1	1	4739	1325	35	44	71.406876	al
2	1	635	0	0	0	4776	1360	27	12	-1	
3	1	635	1	0	0	4776	1360	27	12	-1	
4	1	635	1	1	0	4776	1360	27	12	-1	
5	1	635	1	1	1	4776	1360	27	12	19.479507	xe
2	1	636	0	0	0	5195	1366	16	6	-1	
3	1	636	1	0	0	5195	1366	16	6	-1	
4	1	636	1	1	0	5195	1366	16	6	-1	
5	1	636	1	1	1	5195	1366	16	6	51.575550	jaa
2	1	637	0	0	0	5401	1350	53	34	-1	
3	1	637	1	0	0	5401	1350	53	34	-1	
4	1	637	1	1	0	5401	1350	53	34	-1	
5	1	637	1	1	1	5401	1350	53	34	43.326298	asl
2	1	638	0	0	0	5883	1335	90	29	-1	
3	1	638	1	0	0	5883	1335	90	29	-1	
4	1	638	1	1	0	5883	1335	90	29	-1	
5	1	638	1	1	1	5883	1335	22	12	0.000000	2Y
5	1	638	1	1	2	5912	1341	23	23	24.307800	G9)
5	1	638	1	1	3	5943	1346	30	13	70.464165	pos
2	1	639	0	0	0	6052	1367	12	10	-1	
3	1	639	1	0	0	6052	1367	12	10	-1	
4	1	639	1	1	0	6052	1367	12	10	-1	
5	1	639	1	1	1	6052	1367	12	10	31.179337	“1
2	1	640	0	0	0	6100	1269	23	96	-1	
3	1	640	1	0	0	6100	1269	23	96	-1	
4	1	640	1	1	0	6100	1269	23	96	-1	
5	1	640	1	1	1	6100	1269	23	96	25.459503	:
2	1	641	0	0	0	6207	1164	77	198	-1	
3	1	641	1	0	0	6207	1164	77	198	-1	
4	1	641	1	1	0	6207	1164	77	198	-1	
5	1	641	1	1	1	6207	1164	77	198	0.000000	H
2	1	642	0	0	0	6715	1338	50	31	-1	
3	1	642	1	0	0	6715	1338	50	31	-1	
4	1	642	1	1	0	6715	1338	50	31	-1	
5	1	642	1	1	1	6715	1338	50	31	0.000000	-o4
2	1	643	0	0	0	6808	1356	50	13	-1	
3	1	643	1	0	0	6808	1356	50	13	-1	
4	1	643	1	1	0	6808	1356	50	13	-1	
5	1	643	1	1	1	6808	1356	50	13	25.725937	=13.1V
2	1	644	0	0	0	6935	1336	101	28	-1	
3	1	644	1	0	0	6935	1336	101	28	-1	
4	1	644	1	1	0	6935	1336	101	28	-1	
5	1	644	1	1	1	6935	1336	101	28	92.981918	Recti-
2	1	645	0	0	0	907	1385	55	13	-1	
3	1	645	1	0	0	907	1385	55	13	-1	
4	1	645	1	1	0	907	1385	55	13	-1	
5	1	645	1	1	1	907	1385	55	13	77.748642	CN402
2	1	646	0	0	0	1253	1373	27	14	-1	
3	1	646	1	0	0	1253	1373	27	14	-1	
4	1	646	1	1	0	1253	1373	27	14	-1	
5	1	646	1	1	1	1253	1373	27	14	46.142128	ag
2	1	647	0	0	0	1304	1378	26	12	-1	
3	1	647	1	0	0	1304	1378	26	12	-1	
4	1	647	1	1	0	1304	1378	26	12	-1	
5	1	647	1	1	1	1304	1378	26	12	78.986534	og
2	1	648	0	0	0	1355	1374	26	24	-1	
3	1	648	1	0	0	1355	1374	26	24	-1	
4	1	648	1	1	0	1355	1374	26	24	-1	
5	1	648	1	1	1	1355	1374	26	24	62.771019	a
2	1	649	0	0	0	2665	1379	37	12	-1	
3	1	649	1	0	0	2665	1379	37	12	-1	
4	1	649	1	1	0	2665	1379	37	12	-1	
5	1	649	1	1	1	2665	1379	37	12	35.324898	=12V
2	1	650	0	0	0	2886	1371	49	16	-1	
3	1	650	1	0	0	2886	1371	49	16	-1	
4	1	650	1	1	0	2886	1371	49	16	-1	
5	1	650	1	1	1	2886	1371	49	16	38.431622	Q1o9
2	1	651	0	0	0	3894	1377	27	11	-1	
3	1	651	1	0	0	3894	1377	27	11	-1	
4	1	651	1	1	0	3894	1377	27	11	-1	
5	1	651	1	1	1	3894	1377	27	11	60.074772	os
2	1	652	0	0	0	3984	1370	121	20	-1	
3	1	652	1	0	0	3984	1370	121	20	-1	
4	1	652	1	1	0	3984	1370	121	20	-1	
5	1	652	1	1	1	3984	1370	121	20	88.031860	AN6914S
2	1	653	0	0	0	4467	1379	30	12	-1	
3	1	653	1	0	0	4467	1379	30	12	-1	
4	1	653	1	1	0	4467	1379	30	12	-1	
5	1	653	1	1	1	4467	1379	30	12	50.538086	(2vi
2	1	654	0	0	0	4827	1389	27	10	-1	
3	1	654	1	0	0	4827	1389	27	10	-1	
4	1	654	1	1	0	4827	1389	27	10	-1	
5	1	654	1	1	1	4827	1389	27	10	38.605095	oS
2	1	655	0	0	0	4892	1383	27	8	-1	
3	1	655	1	0	0	4892	1383	27	8	-1	
4	1	655	1	1	0	4892	1383	27	8	-1	
5	1	655	1	1	1	4892	1383	27	8	81.546692	od
2	1	656	0	0	0	4977	1393	44	13	-1	
3	1	656	1	0	0	4977	1393	44	13	-1	
4	1	656	1	1	0	4977	1393	44	13	-1	
5	1	656	1	1	1	4977	1393	44	13	0.000000	<>q
2	1	657	0	0	0	5035	1388	53	14	-1	
3	1	657	1	0	0	5035	1388	53	14	-1	
4	1	657	1	1	0	5035	1388	53	14	-1	
5	1	657	1	1	1	5031	1384	31	26	71.336220	ton
5	1	657	1	1	2	5072	1384	16	26	48.534294	[+
2	1	658	0	0	0	5402	1391	28	7	-1	
3	1	658	1	0	0	5402	1391	28	7	-1	
4	1	658	1	1	0	5402	1391	28	7	-1	
5	1	658	1	1	1	5402	1391	28	7	49.623100	Sa
2	1	659	0	0	0	5402	1380	28	12	-1	
3	1	659	1	0	0	5402	1380	28	12	-1	
4	1	659	1	1	0	5402	1380	28	12	-1	
5	1	659	1	1	1	5402	1380	28	12	58.433090	us
2	1	660	0	0	0	5858	1371	148	29	-1	
3	1	660	1	0	0	5858	1371	148	29	-1	
4	1	660	1	1	0	5858	1371	148	29	-1	
5	1	660	1	1	1	5858	1377	6	2	0.000000	=
5	1	660	1	1	2	5870	1371	93	29	0.000000	03)
5	1	660	1	1	3	5914	1367	23	38	69.735298	69)
5	1	660	1	1	4	5945	1367	20	38	48.082752	FE
5	1	660	1	1	5	5976	1382	30	13	48.082752	REF
2	1	661	0	0	0	6061	1367	177	38	-1	
3	1	661	1	0	0	6061	1367	177	38	-1	
4	1	661	1	1	0	6061	1367	177	38	-1	
5	1	661	1	1	1	6061	1383	29	13	89.890327	APC
5	1	661	1	1	2	6096	1367	35	38	10.515839	(5)
5	1	661	1	1	3	6140	1371	98	13	0.042221	AASV)
2	1	662	0	0	0	1909	1405	59	15	-1	
3	1	662	1	0	0	1909	1405	59	15	-1	
4	1	662	1	1	0	1909	1405	59	15	-1	
5	1	662	1	1	1	1909	1405	59	15	37.414837	1cl1o6
2	1	663	0	0	0	2212	1389	177	23	-1	
3	1	663	1	0	0	2212	1389	177	23	-1	
4	1	663	1	1	0	2212	1389	177	23	-1	
5	1	663	1	1	1	2212	1389	177	23	33.088356	Can
5	1	663	1	1	2	2273	1385	39	39	40.081612	Dn
5	1	663	1	1	3	2325	1385	39	39	41.543926	Onn
5	1	663	1	1	4	2370	1385	24	39	40.613678	0,
2	1	664	0	0	0	2725	1378	166	44	-1	
3	1	664	1	0	0	2725	1378	166	44	-1	
4	1	664	1	1	0	2725	1378	166	44	-1	
5	1	664	1	1	1	2725	1378	77	44	0.000000	Qo
5	1	664	1	1	2	2820	1378	71	44	0.000000	Nsy,
2	1	665	0	0	0	3659	1403	29	9	-1	
3	1	665	1	0	0	3659	1403	29	9	-1	
4	1	665	1	1	0	3659	1403	29	9	-1	
5	1	665	1	1	1	3659	1403	29	9	67.740303	ox
2	1	666	0	0	0	3659	1414	30	10	-1	
3	1	666	1	0	0	3659	1414	30	10	-1	
4	1	666	1	1	0	3659	1414	30	10	-1	
5	1	666	1	1	1	3659	1414	30	10	30.275543	oN
2	1	667	0	0	0	4825	1422	30	4	-1	
3	1	667	1	0	0	4825	1422	30	4	-1	
4	1	667	1	1	0	4825	1422	30	4	-1	
5	1	667	1	1	1	4825	1422	30	4	63.144234	=-
2	1	668	0	0	0	4977	1411	33	11	-1	
3	1	668	1	0	0	4977	1411	33	11	-1	
4	1	668	1	1	0	4977	1411	33	11	-1	
5	1	668	1	1	1	4977	1411	33	11	55.997959	27
2	1	669	0	0	0	5052	1402	28	9	-1	
3	1	669	1	0	0	5052	1402	28	9	-1	
4	1	669	1	1	0	5052	1402	28	9	-1	
5	1	669	1	1	1	5052	1402	28	9	84.869453	Sm
2	1	670	0	0	0	5109	1421	28	9	-1	
3	1	670	1	0	0	5109	1421	28	9	-1	
4	1	670	1	1	0	5109	1421	28	9	-1	
5	1	670	1	1	1	5109	1421	28	9	53.590446	RE
2	1	671	0	0	0	5109	1410	29	11	-1	
3	1	671	1	0	0	5109	1410	29	11	-1	
4	1	671	1	1	0	5109	1410	29	11	-1	
5	1	671	1	1	1	5109	1410	29	11	59.598221	vo
2	1	672	0	0	0	5401	1401	29	9	-1	
3	1	672	1	0	0	5401	1401	29	9	-1	
4	1	672	1	1	0	5401	1401	29	9	-1	
5	1	672	1	1	1	5401	1401	29	9	84.318398	oN
2	1	673	0	0	0	6892	1382	99	49	-1	
3	1	673	1	0	0	6892	1382	99	49	-1	
4	1	673	1	1	0	6892	1382	99	49	-1	
5	1	673	1	1	1	6892	1402	31	29	33.417786	2g
5	1	673	1	1	2	6934	1382	57	28	96.061531	fier
2	1	674	0	0	0	2894	1412	68	22	-1	
3	1	674	1	0	0	2894	1412	68	22	-1	
4	1	674	1	1	0	2894	1412	68	22	-1	
5	1	674	1	1	1	2894	1412	68	22	54.663361	Qa
5	1	674	1	1	2	2942	1408	23	30	84.604584	ov
2	1	675	0	0	0	3659	1430	30	11	-1	
3	1	675	1	0	0	3659	1430	30	11	-1	
4	1	675	1	1	0	3659	1430	30	11	-1	
5	1	675	1	1	1	3659	1430	30	11	57.160664	ae
2	1	676	0	0	0	3806	1432	128	19	-1	
3	1	676	1	0	0	3806	1432	128	19	-1	
4	1	676	1	1	0	3806	1432	128	19	-1	
5	1	676	1	1	1	3806	1432	36	19	33.187798	a
5	1	676	1	1	2	3898	1432	36	19	63.337479	|
2	1	677	0	0	0	4825	1429	30	11	-1	
3	1	677	1	0	0	4825	1429	30	11	-1	
4	1	677	1	1	0	4825	1429	30	11	-1	
5	1	677	1	1	1	4825	1429	30	11	43.686676	oa.
2	1	678	0	0	0	4976	1425	34	9	-1	
3	1	678	1	0	0	4976	1425	34	9	-1	
4	1	678	1	1	0	4976	1425	34	9	-1	
5	1	678	1	1	1	4976	1425	34	9	53.092304	ow,
2	1	679	0	0	0	5035	1422	30	13	-1	
3	1	679	1	0	0	5035	1422	30	13	-1	
4	1	679	1	1	0	5035	1422	30	13	-1	
5	1	679	1	1	1	5035	1422	30	13	54.128944	Cw,
2	1	680	0	0	0	5110	1432	27	9	-1	
3	1	680	1	0	0	5110	1432	27	9	-1	
4	1	680	1	1	0	5110	1432	27	9	-1	
5	1	680	1	1	1	5110	1432	27	9	34.112869	zy
2	1	681	0	0	0	5881	1409	97	28	-1	
3	1	681	1	0	0	5881	1409	97	28	-1	
4	1	681	1	1	0	5881	1409	97	28	-1	
5	1	681	1	1	1	5881	1409	22	12	80.076027	OV
5	1	681	1	1	2	5913	1414	23	23	79.754257	67)
5	1	681	1	1	3	5946	1419	32	13	71.257530	FES
2	1	682	0	0	0	5882	1444	21	12	-1	
3	1	682	1	0	0	5882	1444	21	12	-1	
4	1	682	1	1	0	5882	1444	21	12	-1	
5	1	682	1	1	1	5882	1444	21	12	77.395691	ov
2	1	683	0	0	0	6041	1409	113	29	-1	
3	1	683	1	0	0	6041	1409	113	29	-1	
4	1	683	1	1	0	6041	1409	113	29	-1	
5	1	683	1	1	1	6041	1409	113	29	18.228821	teout@)2Y
2	1	684	0	0	0	6244	1436	51	15	-1	
3	1	684	1	0	0	6244	1436	51	15	-1	
4	1	684	1	1	0	6244	1436	51	15	-1	
5	1	684	1	1	1	6244	1436	51	15	82.500694	TJ101
2	1	685	0	0	0	6737	1437	46	13	-1	
3	1	685	1	0	0	6737	1437	46	13	-1	
4	1	685	1	1	0	6737	1437	46	13	-1	
5	1	685	1	1	1	6737	1437	46	13	35.326172	-8.6V;
2	1	686	0	0	0	8030	1399	183	55	-1	
3	1	686	1	0	0	8030	1399	183	55	-1	
4	1	686	1	1	0	8030	1399	183	55	-1	
5	1	686	1	1	1	8030	1399	55	55	0.000000	I
5	1	686	1	1	2	8107	1412	106	28	8.469528	Bts01
2	1	687	0	0	0	2239	1454	35	10	-1	
3	1	687	1	0	0	2239	1454	35	10	-1	
4	1	687	1	1	0	2239	1454	35	10	-1	
5	1	687	1	1	1	2239	1454	35	10	24.950027	-
2	1	688	0	0	0	2440	1457	29	12	-1	
3	1	688	1	0	0	2440	1457	29	12	-1	
4	1	688	1	1	0	2440	1457	29	12	-1	
5	1	688	1	1	1	2440	1457	29	12	44.207253	oe
2	1	689	0	0	0	2440	1445	29	13	-1	
3	1	689	1	0	0	2440	1445	29	13	-1	
4	1	689	1	1	0	2440	1445	29	13	-1	
5	1	689	1	1	1	2440	1445	29	13	15.467743	wd?
2	1	690	0	0	0	2457	1467	31	8	-1	
3	1	690	1	0	0	2457	1467	31	8	-1	
4	1	690	1	1	0	2457	1467	31	8	-1	
5	1	690	1	1	1	2457	1467	31	8	8.347382	cy,
2	1	691	0	0	0	2566	1454	21	12	-1	
3	1	691	1	0	0	2566	1454	21	12	-1	
4	1	691	1	1	0	2566	1454	21	12	-1	
5	1	691	1	1	1	2566	1454	21	12	77.499352	Ov
2	1	692	0	0	0	2597	1401	75	66	-1	
3	1	692	1	0	0	2597	1401	75	66	-1	
4	1	692	1	1	0	2597	1401	75	66	-1	
5	1	692	1	1	1	2597	1401	75	66	0.000000	ee
2	1	693	0	0	0	2728	1414	114	57	-1	
3	1	693	1	0	0	2728	1414	114	57	-1	
4	1	693	1	1	0	2728	1414	114	57	-1	
5	1	693	1	1	1	2728	1414	114	57	39.646229	ged)
2	1	694	0	0	0	3727	1461	21	12	-1	
3	1	694	1	0	0	3727	1461	21	12	-1	
4	1	694	1	1	0	3727	1461	21	12	-1	
5	1	694	1	1	1	3727	1461	21	12	71.411407	Ov
2	1	695	0	0	0	4792	1445	241	34	-1	
3	1	695	1	0	0	4792	1445	241	34	-1	
4	1	695	1	1	0	4792	1445	241	34	-1	
5	1	695	1	1	1	4792	1452	116	27	29.192230	(es¥—-—
5	1	695	1	1	2	4917	1446	59	25	96.435257	PLL
5	1	695	1	1	3	4989	1445	44	29	96.860336	adj
2	1	696	0	0	0	5193	1431	34	26	-1	
3	1	696	1	0	0	5193	1431	34	26	-1	
4	1	696	1	1	0	5193	1431	34	26	-1	
5	1	696	1	1	1	5193	1431	34	26	87.545380	28
2	1	697	0	0	0	5194	1457	33	11	-1	
3	1	697	1	0	0	5194	1457	33	11	-1	
4	1	697	1	1	0	5194	1457	33	11	-1	
5	1	697	1	1	1	5194	1457	33	11	76.992836	a>
2	1	698	0	0	0	5406	1456	79	14	-1	
3	1	698	1	0	0	5406	1456	79	14	-1	
4	1	698	1	1	0	5406	1456	79	14	-1	
5	1	698	1	1	1	5406	1459	27	9	0.000000	So
5	1	698	1	1	2	5457	1456	28	14	0.000000	HNo:
2	1	699	0	0	0	5406	1449	131	12	-1	
3	1	699	1	0	0	5406	1449	131	12	-1	
4	1	699	1	1	0	5406	1449	131	12	-1	
5	1	699	1	1	1	5406	1449	27	8	66.729279	g2
5	1	699	1	1	2	5510	1450	27	11	64.593170	OX
2	1	700	0	0	0	5510	1461	26	10	-1	
3	1	700	1	0	0	5510	1461	26	10	-1	
4	1	700	1	1	0	5510	1461	26	10	-1	
5	1	700	1	1	1	5510	1461	26	10	49.326664	OR
2	1	701	0	0	0	5560	1455	28	14	-1	
3	1	701	1	0	0	5560	1455	28	14	-1	
4	1	701	1	1	0	5560	1455	28	14	-1	
5	1	701	1	1	1	5560	1455	28	14	62.666260	So.
2	1	702	0	0	0	5913	1451	85	23	-1	
3	1	702	1	0	0	5913	1451	85	23	-1	
4	1	702	1	1	0	5913	1451	85	23	-1	
5	1	702	1	1	1	5913	1451	23	23	59.905148	(36)
5	1	702	1	1	2	5944	1455	54	13	77.087135	FEOUT
2	1	703	0	0	0	6061	1451	63	23	-1	
3	1	703	1	0	0	6061	1451	63	23	-1	
4	1	703	1	1	0	6061	1451	63	23	-1	
5	1	703	1	1	1	6061	1451	63	23	72.721527	TEG(?)
2	1	704	0	0	0	6890	1437	21	20	-1	
3	1	704	1	0	0	6890	1437	21	20	-1	
4	1	704	1	1	0	6890	1437	21	20	-1	
5	1	704	1	1	1	6890	1437	21	20	57.633038	<4
2	1	705	0	0	0	1047	1477	38	25	-1	
3	1	705	1	0	0	1047	1477	38	25	-1	
4	1	705	1	1	0	1047	1477	38	25	-1	
5	1	705	1	1	1	1047	1477	38	25	45.394043	an
2	1	706	0	0	0	2440	1475	28	13	-1	
3	1	706	1	0	0	2440	1475	28	13	-1	
4	1	706	1	1	0	2440	1475	28	13	-1	
5	1	706	1	1	1	2440	1475	28	13	50.725994	az
2	1	707	0	0	0	2553	1473	27	13	-1	
3	1	707	1	0	0	2553	1473	27	13	-1	
4	1	707	1	1	0	2553	1473	27	13	-1	
5	1	707	1	1	1	2553	1473	27	13	60.085327	(0.1
2	1	708	0	0	0	2617	1477	38	13	-1	
3	1	708	1	0	0	2617	1477	38	13	-1	
4	1	708	1	1	0	2617	1477	38	13	-1	
5	1	708	1	1	1	2617	1477	38	13	50.922928	RI45,
2	1	709	0	0	0	2898	1486	34	12	-1	
3	1	709	1	0	0	2898	1486	34	12	-1	
4	1	709	1	1	0	2898	1486	34	12	-1	
5	1	709	1	1	1	2898	1486	34	12	44.277176	O6V
2	1	710	0	0	0	3458	1474	34	12	-1	
3	1	710	1	0	0	3458	1474	34	12	-1	
4	1	710	1	1	0	3458	1474	34	12	-1	
5	1	710	1	1	1	3458	1474	34	12	1.670410	lv
2	1	711	0	0	0	3710	1476	27	12	-1	
3	1	711	1	0	0	3710	1476	27	12	-1	
4	1	711	1	1	0	3710	1476	27	12	-1	
5	1	711	1	1	1	3710	1476	27	12	84.984566	(0.4)
2	1	712	0	0	0	4151	1331	78	150	-1	
3	1	712	1	0	0	4151	1331	78	150	-1	
4	1	712	1	1	0	4151	1331	78	150	-1	
5	1	712	1	1	1	4151	1331	78	150	55.964657	il
2	1	713	0	0	0	4418	1477	20	12	-1	
3	1	713	1	0	0	4418	1477	20	12	-1	
4	1	713	1	1	0	4418	1477	20	12	-1	
5	1	713	1	1	1	4418	1477	20	12	44.119843	Sv
2	1	714	0	0	0	5195	1469	32	12	-1	
3	1	714	1	0	0	5195	1469	32	12	-1	
4	1	714	1	1	0	5195	1469	32	12	-1	
5	1	714	1	1	1	5195	1469	32	12	43.884018	om
2	1	715	0	0	0	5457	1478	28	11	-1	
3	1	715	1	0	0	5457	1478	28	11	-1	
4	1	715	1	1	0	5457	1478	28	11	-1	
5	1	715	1	1	1	5457	1478	28	11	84.391586	oo
2	1	716	0	0	0	5510	1477	27	12	-1	
3	1	716	1	0	0	5510	1477	27	12	-1	
4	1	716	1	1	0	5510	1477	27	12	-1	
5	1	716	1	1	1	5510	1477	27	12	19.800072	=n
2	1	717	0	0	0	6140	1462	180	35	-1	
3	1	717	1	0	0	6140	1462	180	35	-1	
4	1	717	1	1	0	6140	1462	180	35	-1	
5	1	717	1	1	1	6140	1472	38	13	77.550079	RI73
5	1	717	1	1	2	6190	1473	35	12	79.198166	4.7K
5	1	717	1	1	3	6238	1481	38	12	85.290512	49V
5	1	717	1	1	4	6291	1462	29	35	88.490860	a
2	1	718	0	0	0	6322	1426	119	71	-1	
3	1	718	1	0	0	6322	1426	119	71	-1	
4	1	718	1	1	0	6322	1426	119	71	-1	
5	1	718	1	1	1	6322	1426	119	71	59.727028	am
2	1	719	0	0	0	6739	1479	54	19	-1	
3	1	719	1	0	0	6739	1479	54	19	-1	
4	1	719	1	1	0	6739	1479	54	19	-1	
5	1	719	1	1	1	6739	1479	54	19	75.299828	o8y
2	1	720	0	0	0	6873	1486	58	8	-1	
3	1	720	1	0	0	6873	1486	58	8	-1	
4	1	720	1	1	0	6873	1486	58	8	-1	
5	1	720	1	1	1	6873	1486	58	8	58.353470	mo2
2	1	721	0	0	0	7289	1488	20	12	-1	
3	1	721	1	0	0	7289	1488	20	12	-1	
4	1	721	1	1	0	7289	1488	20	12	-1	
5	1	721	1	1	1	7289	1488	20	12	73.782722	Sv
2	1	722	0	0	0	8109	1461	249	36	-1	
3	1	722	1	0	0	8109	1461	249	36	-1	
4	1	722	1	1	0	8109	1461	249	36	-1	
5	1	722	1	1	1	8109	1462	114	35	91.785309	(Audio
5	1	722	1	1	2	8238	1461	120	34	90.504608	P.C.B.)
2	1	723	0	0	0	2611	1496	42	13	-1	
3	1	723	1	0	0	2611	1496	42	13	-1	
4	1	723	1	1	0	2611	1496	42	13	-1	
5	1	723	1	1	1	2611	1496	42	13	95.769508	220K
2	1	724	0	0	0	2730	1502	37	12	-1	
3	1	724	1	0	0	2730	1502	37	12	-1	
4	1	724	1	1	0	2730	1502	37	12	-1	
5	1	724	1	1	1	2730	1502	37	12	0.000000	Pi2v
2	1	725	0	0	0	4054	1498	27	10	-1	
3	1	725	1	0	0	4054	1498	27	10	-1	
4	1	725	1	1	0	4054	1498	27	10	-1	
5	1	725	1	1	1	4054	1498	27	10	71.032120	od
2	1	726	0	0	0	4054	1512	51	13	-1	
3	1	726	1	0	0	4054	1512	51	13	-1	
4	1	726	1	1	0	4054	1512	51	13	-1	
5	1	726	1	1	1	4054	1512	27	13	9.674072	>
5	1	726	1	1	2	4089	1518	16	5	7.697365	mm
2	1	727	0	0	0	5378	1504	204	13	-1	
3	1	727	1	0	0	5378	1504	204	13	-1	
4	1	727	1	1	0	5378	1504	204	13	-1	
5	1	727	1	1	1	5378	1504	204	13	25.949928	Oty
2	1	728	0	0	0	5914	1487	70	24	-1	
3	1	728	1	0	0	5914	1487	70	24	-1	
4	1	728	1	1	0	5914	1487	70	24	-1	
5	1	728	1	1	1	5910	1483	28	33	49.501328	GS)
5	1	728	1	1	2	5946	1487	38	24	73.125786	c.Lw
2	1	729	0	0	0	6061	1487	62	23	-1	
3	1	729	1	0	0	6061	1487	62	23	-1	
4	1	729	1	1	0	6061	1487	62	23	-1	
5	1	729	1	1	1	6061	1487	62	23	6.891441	TE+()
2	1	730	0	0	0	6143	1511	82	13	-1	
3	1	730	1	0	0	6143	1511	82	13	-1	
4	1	730	1	1	0	6143	1511	82	13	-1	
5	1	730	1	1	1	6143	1511	37	13	85.384438	RI72
5	1	730	1	1	2	6191	1512	34	12	94.597336	4.7K
2	1	731	0	0	0	6336	1517	30	11	-1	
3	1	731	1	0	0	6336	1517	30	11	-1	
4	1	731	1	1	0	6336	1517	30	11	-1	
5	1	731	1	1	1	6336	1517	30	11	57.188248	wo
2	1	732	0	0	0	6884	1497	48	10	-1	
3	1	732	1	0	0	6884	1497	48	10	-1	
4	1	732	1	1	0	6884	1497	48	10	-1	
5	1	732	1	1	1	6884	1497	13	10	66.231689	+
5	1	732	1	1	2	6912	1498	20	9	46.503029	>
2	1	733	0	0	0	6901	1506	31	12	-1	
3	1	733	1	0	0	6901	1506	31	12	-1	
4	1	733	1	1	0	6901	1506	31	12	-1	
5	1	733	1	1	1	6901	1506	31	12	46.090374	co
2	1	734	0	0	0	1612	1531	33	16	-1	
3	1	734	1	0	0	1612	1531	33	16	-1	
4	1	734	1	1	0	1612	1531	33	16	-1	
5	1	734	1	1	1	1612	1531	33	16	91.189766	Ploy
2	1	735	0	0	0	4054	1522	28	12	-1	
3	1	735	1	0	0	4054	1522	28	12	-1	
4	1	735	1	1	0	4054	1522	28	12	-1	
5	1	735	1	1	1	4054	1522	28	12	45.854645	mB
2	1	736	0	0	0	5466	1519	115	12	-1	
3	1	736	1	0	0	5466	1519	115	12	-1	
4	1	736	1	1	0	5466	1519	115	12	-1	
5	1	736	1	1	1	5466	1519	40	12	0.000000	Ci$4
5	1	736	1	1	2	5527	1519	33	12	0.000000	680P
5	1	736	1	1	3	5574	1519	7	11	0.000000	4
2	1	737	0	0	0	5883	1519	106	28	-1	
3	1	737	1	0	0	5883	1519	106	28	-1	
4	1	737	1	1	0	5883	1519	106	28	-1	
5	1	737	1	1	1	5883	1519	20	12	67.728470	OV
5	1	737	1	1	2	5914	1524	22	23	85.061333	Ga)
5	1	737	1	1	3	5946	1529	43	13	61.622871	s.ouT
2	1	738	0	0	0	6063	1529	31	13	-1	
3	1	738	1	0	0	6063	1529	31	13	-1	
4	1	738	1	1	0	6063	1529	31	13	-1	
5	1	738	1	1	1	6063	1529	31	13	89.342735	TE-
2	1	739	0	0	0	6249	1520	30	12	-1	
3	1	739	1	0	0	6249	1520	30	12	-1	
4	1	739	1	1	0	6249	1520	30	12	-1	
5	1	739	1	1	1	6249	1520	30	12	76.385834	oo.
2	1	740	0	0	0	6336	1530	29	9	-1	
3	1	740	1	0	0	6336	1530	29	9	-1	
4	1	740	1	1	0	6336	1530	29	9	-1	
5	1	740	1	1	1	6336	1530	29	9	28.493622	se
2	1	741	0	0	0	6337	1538	28	8	-1	
3	1	741	1	0	0	6337	1538	28	8	-1	
4	1	741	1	1	0	6337	1538	28	8	-1	
5	1	741	1	1	1	6337	1538	28	8	69.331078	4
2	1	742	0	0	0	6739	1505	30	25	-1	
3	1	742	1	0	0	6739	1505	30	25	-1	
4	1	742	1	1	0	6739	1505	30	25	-1	
5	1	742	1	1	1	6739	1505	30	25	41.470978	“3
2	1	743	0	0	0	7339	1538	54	12	-1	
3	1	743	1	0	0	7339	1538	54	12	-1	
4	1	743	1	1	0	7339	1538	54	12	-1	
5	1	743	1	1	1	7339	1538	54	12	52.908142	aS
2	1	744	0	0	0	375	1505	187	54	-1	
3	1	744	1	0	0	375	1505	187	54	-1	
4	1	744	1	1	0	375	1505	187	54	-1	
5	1	744	1	1	1	375	1505	56	54	16.566284	[E]
5	1	744	1	1	2	456	1515	106	29	35.142944	Fceo1
2	1	745	0	0	0	1453	1506	131	61	-1	
3	1	745	1	0	0	1453	1506	131	61	-1	
4	1	745	1	1	0	1453	1506	131	61	-1	
5	1	745	1	1	1	1453	1506	131	61	23.258141	NLIL
2	1	746	0	0	0	1591	1549	65	19	-1	
3	1	746	1	0	0	1591	1549	65	19	-1	
4	1	746	1	1	0	1591	1549	65	19	-1	
5	1	746	1	1	1	1591	1556	9	12	40.781090	o
5	1	746	1	1	2	1613	1549	43	12	63.981586	3.9ms
2	1	747	0	0	0	2612	1542	51	15	-1	
3	1	747	1	0	0	2612	1542	51	15	-1	
4	1	747	1	1	0	2612	1542	51	15	-1	
5	1	747	1	1	1	2612	1542	51	15	0.000000	Qlo7
2	1	748	0	0	0	2746	1542	51	15	-1	
3	1	748	1	0	0	2746	1542	51	15	-1	
4	1	748	1	1	0	2746	1542	51	15	-1	
5	1	748	1	1	1	2746	1542	51	15	47.171246	Qios
2	1	749	0	0	0	2905	1558	30	13	-1	
3	1	749	1	0	0	2905	1558	30	13	-1	
4	1	749	1	1	0	2905	1558	30	13	-1	
5	1	749	1	1	1	2905	1558	30	13	65.470673	ox
2	1	750	0	0	0	3340	1506	74	70	-1	
3	1	750	1	0	0	3340	1506	74	70	-1	
4	1	750	1	1	0	3340	1506	74	70	-1	
5	1	750	1	1	1	3340	1506	74	70	41.693172	i
2	1	751	0	0	0	5382	1541	17	28	-1	
3	1	751	1	0	0	5382	1541	17	28	-1	
4	1	751	1	1	0	5382	1541	17	28	-1	
5	1	751	1	1	1	5382	1541	17	28	90.825150	/
2	1	752	0	0	0	5463	1547	95	23	-1	
3	1	752	1	0	0	5463	1547	95	23	-1	
4	1	752	1	1	0	5463	1547	95	23	-1	
5	1	752	1	1	1	5463	1547	48	23	2.741043	CRIT
5	1	752	1	1	2	5524	1547	34	13	96.204468	680
2	1	753	0	0	0	6131	1532	149	42	-1	
3	1	753	1	0	0	6131	1532	149	42	-1	
4	1	753	1	1	0	6131	1532	149	42	-1	
5	1	753	1	1	1	6131	1548	94	26	16.699478	~5V(-2.8V)
5	1	753	1	1	2	6249	1532	31	30	69.733109	38
2	1	754	0	0	0	6335	1547	31	10	-1	
3	1	754	1	0	0	6335	1547	31	10	-1	
4	1	754	1	1	0	6335	1547	31	10	-1	
5	1	754	1	1	1	6335	1547	31	10	63.798302	zo
2	1	755	0	0	0	6336	1557	28	8	-1	
3	1	755	1	0	0	6336	1557	28	8	-1	
4	1	755	1	1	0	6336	1557	28	8	-1	
5	1	755	1	1	1	6336	1557	28	8	51.521431	ge
2	1	756	0	0	0	6787	1540	94	13	-1	
3	1	756	1	0	0	6787	1540	94	13	-1	
4	1	756	1	1	0	6787	1540	94	13	-1	
5	1	756	1	1	1	6787	1541	15	12	59.214584	+
5	1	756	1	1	2	6815	1541	45	12	67.047058	13.1V
5	1	756	1	1	3	6876	1540	5	13	70.226189	}
2	1	757	0	0	0	7451	1558	54	13	-1	
3	1	757	1	0	0	7451	1558	54	13	-1	
4	1	757	1	1	0	7451	1558	54	13	-1	
5	1	757	1	1	1	7451	1558	54	13	60.796009	CN305
2	1	758	0	0	0	2003	1555	75	24	-1	
3	1	758	1	0	0	2003	1555	75	24	-1	
4	1	758	1	1	0	2003	1555	75	24	-1	
5	1	758	1	1	1	2003	1555	75	24	9.722702	()-—(2)
2	1	759	0	0	0	2211	1554	178	24	-1	
3	1	759	1	0	0	2211	1554	178	24	-1	
4	1	759	1	1	0	2211	1554	178	24	-1	
5	1	759	1	1	1	2211	1554	178	24	18.716728	6)—O—-—-®)
2	1	760	0	0	0	2293	1586	28	13	-1	
3	1	760	1	0	0	2293	1586	28	13	-1	
4	1	760	1	1	0	2293	1586	28	13	-1	
5	1	760	1	1	1	2293	1586	28	13	48.529610	-5v
2	1	761	0	0	0	2612	1563	98	20	-1	
3	1	761	1	0	0	2612	1563	98	20	-1	
4	1	761	1	1	0	2612	1563	98	20	-1	
5	1	761	1	1	1	2612	1563	98	20	54.769623	2SK301
2	1	762	0	0	0	2746	1564	100	19	-1	
3	1	762	1	0	0	2746	1564	100	19	-1	
4	1	762	1	1	0	2746	1564	100	19	-1	
5	1	762	1	1	1	2746	1564	100	19	91.059654	UN4212
2	1	763	0	0	0	2904	1569	31	13	-1	
3	1	763	1	0	0	2904	1569	31	13	-1	
4	1	763	1	1	0	2904	1569	31	13	-1	
5	1	763	1	1	1	2904	1569	31	13	48.104588	oa
2	1	764	0	0	0	2905	1584	30	13	-1	
3	1	764	1	0	0	2905	1584	30	13	-1	
4	1	764	1	1	0	2905	1584	30	13	-1	
5	1	764	1	1	1	2905	1584	30	13	67.313766	zN
2	1	765	0	0	0	4480	1587	48	13	-1	
3	1	765	1	0	0	4480	1587	48	13	-1	
4	1	765	1	1	0	4480	1587	48	13	-1	
5	1	765	1	1	1	4480	1587	48	13	49.337204	WW
2	1	766	0	0	0	4677	1574	85	13	-1	
3	1	766	1	0	0	4677	1574	85	13	-1	
4	1	766	1	1	0	4677	1574	85	13	-1	
5	1	766	1	1	1	4677	1574	41	13	88.523903	R430
5	1	766	1	1	2	4730	1574	32	12	88.523903	47K
2	1	767	0	0	0	4849	1567	35	12	-1	
3	1	767	1	0	0	4849	1567	35	12	-1	
4	1	767	1	1	0	4849	1567	35	12	-1	
5	1	767	1	1	1	4849	1567	35	12	68.058136	49V
2	1	768	0	0	0	5768	1545	88	32	-1	
3	1	768	1	0	0	5768	1545	88	32	-1	
4	1	768	1	1	0	5768	1545	88	32	-1	
5	1	768	1	1	1	5768	1545	36	24	50.654160	cies
5	1	768	1	1	2	5817	1545	39	32	13.202477	Sov
2	1	769	0	0	0	5914	1560	77	23	-1	
3	1	769	1	0	0	5914	1560	77	23	-1	
4	1	769	1	1	0	5914	1560	77	23	-1	
5	1	769	1	1	1	5914	1560	50	23	87.306572	G3)
5	1	769	1	1	2	5975	1565	16	13	67.793137	RF.IN
2	1	770	0	0	0	6046	1565	45	13	-1	
3	1	770	1	0	0	6046	1565	45	13	-1	
4	1	770	1	1	0	6046	1565	45	13	-1	
5	1	770	1	1	1	6046	1565	45	13	0.000000	APC
2	1	771	0	0	0	370	1576	318	37	-1	
3	1	771	1	0	0	370	1576	318	37	-1	
4	1	771	1	1	0	370	1576	318	37	-1	
5	1	771	1	1	1	370	1576	184	35	93.291824	(Operation
5	1	771	1	1	2	571	1578	117	35	91.573753	P.C.B.)
2	1	772	0	0	0	2180	1595	21	12	-1	
3	1	772	1	0	0	2180	1595	21	12	-1	
4	1	772	1	1	0	2180	1595	21	12	-1	
5	1	772	1	1	1	2180	1595	21	12	84.767769	Ov
2	1	773	0	0	0	4466	1607	83	12	-1	
3	1	773	1	0	0	4466	1607	83	12	-1	
4	1	773	1	1	0	4466	1607	83	12	-1	
5	1	773	1	1	1	4466	1607	36	12	88.407776	R431
5	1	773	1	1	2	4516	1607	33	12	90.700424	47K
2	1	774	0	0	0	4817	1597	37	13	-1	
3	1	774	1	0	0	4817	1597	37	13	-1	
4	1	774	1	1	0	4817	1597	37	13	-1	
5	1	774	1	1	1	4817	1597	37	13	63.825161	43V
2	1	775	0	0	0	5066	1591	37	32	-1	
3	1	775	1	0	0	5066	1591	37	32	-1	
4	1	775	1	1	0	5066	1591	37	32	-1	
5	1	775	1	1	1	5066	1593	8	13	68.626160	u
5	1	775	1	1	2	5077	1591	26	32	66.738281	359
2	1	776	0	0	0	5438	1571	3	2	-1	
3	1	776	1	0	0	5341	1571	100	30	-1	
4	1	776	1	1	0	5438	1571	3	2	-1	
5	1	776	1	1	1	5438	1571	3	2	4.204773	;
2	1	777	0	0	0	5837	1589	73	13	-1	
3	1	777	1	0	0	5837	1589	73	13	-1	
4	1	777	1	1	0	5837	1589	73	13	-1	
5	1	777	1	1	1	5837	1589	73	13	25.201805	0.2V(OV),
2	1	778	0	0	0	5913	1597	65	23	-1	
3	1	778	1	0	0	5913	1597	65	23	-1	
4	1	778	1	1	0	5913	1597	65	23	-1	
5	1	778	1	1	1	5913	1597	23	23	61.549515	2)
5	1	778	1	1	2	5946	1602	32	13	88.365417	800
2	1	779	0	0	0	6150	1580	95	21	-1	
3	1	779	1	0	0	6150	1580	95	21	-1	
4	1	779	1	1	0	6150	1580	95	21	-1	
5	1	779	1	1	1	6150	1580	51	21	29.970406	£136
5	1	779	1	1	2	6215	1580	30	13	78.411407	22P
2	1	780	0	0	0	6581	1579	422	41	-1	
3	1	780	1	0	0	6581	1579	422	41	-1	
4	1	780	1	1	0	6581	1579	422	41	-1	
5	1	780	1	1	1	6581	1584	93	20	0.000000	-r}+——]
5	1	780	1	1	2	6689	1580	135	32	96.171417	Tracking
5	1	780	1	1	3	6839	1580	64	32	96.123962	gain
5	1	780	1	1	4	6918	1579	53	32	96.123962	adj.
5	1	780	1	1	5	6983	1599	20	21	95.594795	A
2	1	781	0	0	0	7006	1606	28	13	-1	
3	1	781	1	0	0	7006	1606	28	13	-1	
4	1	781	1	1	0	7006	1606	28	13	-1	
5	1	781	1	1	1	7006	1606	28	13	76.657089	O17
2	1	782	0	0	0	2181	1613	30	12	-1	
3	1	782	1	0	0	2181	1613	30	12	-1	
4	1	782	1	1	0	2181	1613	30	12	-1	
5	1	782	1	1	1	2181	1613	30	12	65.801392	Ov)
2	1	783	0	0	0	2725	1628	32	12	-1	
3	1	783	1	0	0	2725	1628	32	12	-1	
4	1	783	1	1	0	2725	1628	32	12	-1	
5	1	783	1	1	1	2725	1628	32	12	2.312050	-5¥
2	1	784	0	0	0	2789	1628	8	12	-1	
3	1	784	1	0	0	2789	1628	8	12	-1	
4	1	784	1	1	0	2789	1628	8	12	-1	
5	1	784	1	1	1	2789	1628	8	12	86.453575	r
2	1	785	0	0	0	4815	1618	37	12	-1	
3	1	785	1	0	0	4815	1618	37	12	-1	
4	1	785	1	1	0	4815	1618	37	12	-1	
5	1	785	1	1	1	4815	1618	37	12	73.867760	(Ov)
2	1	786	0	0	0	5735	1623	131	28	-1	
3	1	786	1	0	0	5735	1623	131	28	-1	
4	1	786	1	1	0	5735	1623	131	28	-1	
5	1	786	1	1	1	5735	1623	131	28	0.000000	seseeteseeeeeiieetd
2	1	787	0	0	0	5868	1626	32	15	-1	
3	1	787	1	0	0	5868	1626	32	15	-1	
4	1	787	1	1	0	5868	1626	32	15	-1	
5	1	787	1	1	1	5868	1626	32	15	0.000000	24Y,
2	1	788	0	0	0	6947	1623	81	13	-1	
3	1	788	1	0	0	6947	1623	81	13	-1	
4	1	788	1	1	0	6947	1623	81	13	-1	
5	1	788	1	1	1	6947	1623	34	13	23.832329	ISVDIS
5	1	788	1	1	2	6986	1623	42	13	42.899467	R35:
2	1	789	0	0	0	3755	1588	101	69	-1	
3	1	789	1	0	0	3755	1588	101	69	-1	
4	1	789	1	1	0	3755	1588	101	69	-1	
5	1	789	1	1	1	3755	1588	101	69	4.459213	Se
2	1	790	0	0	0	4460	1631	100	33	-1	
3	1	790	1	0	0	4460	1631	100	33	-1	
4	1	790	1	1	0	4460	1631	100	33	-1	
5	1	790	1	1	1	4460	1631	100	33	4.767487	P07
2	1	791	0	0	0	5914	1633	50	23	-1	
3	1	791	1	0	0	5914	1633	50	23	-1	
4	1	791	1	1	0	5914	1633	50	23	-1	
5	1	791	1	1	1	5914	1633	50	23	73.978790	Gi)
5	1	791	1	1	2	5947	1629	19	32	95.894028	RF
2	1	792	0	0	0	6048	1602	256	48	-1	
3	1	792	1	0	0	6048	1602	256	48	-1	
4	1	792	1	1	0	6048	1602	256	48	-1	
5	1	792	1	1	1	6048	1602	46	48	29.214027	a
5	1	792	1	1	2	6211	1617	36	13	69.255722	C138
5	1	792	1	1	3	6256	1617	48	13	29.433098	50v0.!
2	1	793	0	0	0	7077	1658	21	13	-1	
3	1	793	1	0	0	7077	1658	21	13	-1	
4	1	793	1	1	0	7077	1658	21	13	-1	
5	1	793	1	1	1	7077	1658	21	13	87.121025	ac
2	1	794	0	0	0	902	1672	55	12	-1	
3	1	794	1	0	0	902	1672	55	12	-1	
4	1	794	1	1	0	902	1672	55	12	-1	
5	1	794	1	1	1	902	1672	55	12	86.450272	CN403
2	1	795	0	0	0	3765	1674	26	12	-1	
3	1	795	1	0	0	3765	1674	26	12	-1	
4	1	795	1	1	0	3765	1674	26	12	-1	
5	1	795	1	1	1	3765	1674	26	12	22.054314	-0.l
2	1	796	0	0	0	4381	1679	102	12	-1	
3	1	796	1	0	0	4381	1679	102	12	-1	
4	1	796	1	1	0	4381	1679	102	12	-1	
5	1	796	1	1	1	4381	1679	43	12	72.381165	soms
5	1	796	1	1	2	4434	1679	49	11	51.126862	Iw/Olv
2	1	797	0	0	0	4402	1662	25	11	-1	
3	1	797	1	0	0	4402	1662	25	11	-1	
4	1	797	1	1	0	4402	1662	25	11	-1	
5	1	797	1	1	1	4402	1662	25	11	77.147423	Pla.
2	1	798	0	0	0	4595	1619	147	67	-1	
3	1	798	1	0	0	4595	1619	147	67	-1	
4	1	798	1	1	0	4595	1619	147	67	-1	
5	1	798	1	1	1	4595	1619	80	67	40.139652	on?
5	1	798	1	1	2	4732	1630	10	20	40.724712	4
2	1	799	0	0	0	5605	1681	28	12	-1	
3	1	799	1	0	0	5605	1681	28	12	-1	
4	1	799	1	1	0	5605	1681	28	12	-1	
5	1	799	1	1	1	5605	1681	28	12	73.084648	gx
2	1	800	0	0	0	5780	1646	129	31	-1	
3	1	800	1	0	0	5780	1646	129	31	-1	
4	1	800	1	1	0	5780	1646	129	31	-1	
5	1	800	1	1	1	5780	1657	35	12	67.917152	C124
5	1	800	1	1	2	5829	1657	40	12	72.613243	220P
5	1	800	1	1	3	5875	1664	8	13	77.965866	2
5	1	800	1	1	4	5890	1646	19	30	0.000000	y)
2	1	801	0	0	0	5878	1670	128	26	-1	
3	1	801	1	0	0	5878	1670	128	26	-1	
4	1	801	1	1	0	5878	1670	128	26	-1	
5	1	801	1	1	1	5878	1670	56	26	20.157257	T3vi39
5	1	801	1	1	2	5946	1674	60	14	48.992363	C.FBRT
2	1	802	0	0	0	6043	1675	51	13	-1	
3	1	802	1	0	0	6043	1675	51	13	-1	
4	1	802	1	1	0	6043	1675	51	13	-1	
5	1	802	1	1	1	6043	1675	51	13	90.692619	VREFF
2	1	803	0	0	0	6115	1645	68	35	-1	
3	1	803	1	0	0	6115	1645	141	35	-1	
4	1	803	1	1	0	6115	1645	68	35	-1	
5	1	803	1	1	1	6115	1645	68	35	40.297718	oT
5	1	803	1	1	2	6217	1648	39	24	41.543526	[at
2	1	804	0	0	0	6261	1628	39	45	-1	
3	1	804	1	0	0	6261	1628	39	45	-1	
4	1	804	1	1	0	6261	1628	39	45	-1	
5	1	804	1	1	1	6261	1628	39	45	12.499504	Ee
2	1	805	0	0	0	6743	1677	13	8	-1	
3	1	805	1	0	0	6743	1677	13	8	-1	
4	1	805	1	1	0	6743	1677	13	8	-1	
5	1	805	1	1	1	6743	1677	13	8	35.816505	ry
2	1	806	0	0	0	6761	1670	12	9	-1	
3	1	806	1	0	0	6761	1670	12	9	-1	
4	1	806	1	1	0	6761	1670	12	9	-1	
5	1	806	1	1	1	6761	1670	12	9	42.999985	°
2	1	807	0	0	0	7004	1678	29	13	-1	
3	1	807	1	0	0	7004	1678	29	13	-1	
4	1	807	1	1	0	7004	1678	29	13	-1	
5	1	807	1	1	1	7004	1678	29	13	44.726677	mi
2	1	808	0	0	0	7079	1678	30	12	-1	
3	1	808	1	0	0	7079	1678	30	12	-1	
4	1	808	1	1	0	7079	1678	30	12	-1	
5	1	808	1	1	1	7079	1678	30	12	86.704628	14.3
2	1	809	0	0	0	8036	1622	186	54	-1	
3	1	809	1	0	0	8036	1622	186	54	-1	
4	1	809	1	1	0	8036	1622	186	54	-1	
5	1	809	1	1	1	8036	1622	55	54	12.119057	WB
5	1	809	1	1	2	8111	1638	111	29	0.706718	stso2
2	1	810	0	0	0	3398	1692	94	13	-1	
3	1	810	1	0	0	3398	1692	94	13	-1	
4	1	810	1	1	0	3398	1692	94	13	-1	
5	1	810	1	1	1	3398	1692	41	13	5.799217	(0.3
5	1	810	1	1	2	3452	1692	40	13	12.695175	(Q3vi
2	1	811	0	0	0	3760	1689	43	13	-1	
3	1	811	1	0	0	3760	1689	43	13	-1	
4	1	811	1	1	0	3760	1689	43	13	-1	
5	1	811	1	1	1	3760	1689	43	13	5.459671	0.1V)
2	1	812	0	0	0	3815	1674	36	28	-1	
3	1	812	1	0	0	3815	1674	36	28	-1	
4	1	812	1	1	0	3815	1674	36	28	-1	
5	1	812	1	1	1	3815	1674	36	28	47.519760	(oa
2	1	813	0	0	0	5605	1707	29	9	-1	
3	1	813	1	0	0	5605	1707	29	9	-1	
4	1	813	1	1	0	5605	1707	29	9	-1	
5	1	813	1	1	1	5605	1707	29	9	56.993256	zo
2	1	814	0	0	0	5606	1697	28	9	-1	
3	1	814	1	0	0	5606	1697	28	9	-1	
4	1	814	1	1	0	5606	1697	28	9	-1	
5	1	814	1	1	1	5606	1697	28	9	79.208694	Lo
2	1	815	0	0	0	6132	1700	37	13	-1	
3	1	815	1	0	0	6132	1700	37	13	-1	
4	1	815	1	1	0	6132	1700	37	13	-1	
5	1	815	1	1	1	6132	1700	37	13	84.495117	4.6V
2	1	816	0	0	0	6216	1692	84	13	-1	
3	1	816	1	0	0	6216	1692	84	13	-1	
4	1	816	1	1	0	6216	1692	84	13	-1	
5	1	816	1	1	1	6216	1692	40	13	92.921204	R432
5	1	816	1	1	2	6266	1693	34	12	92.921204	4.7K
2	1	817	0	0	0	6743	1689	31	20	-1	
3	1	817	1	0	0	6743	1689	31	20	-1	
4	1	817	1	1	0	6743	1689	31	20	-1	
5	1	817	1	1	1	6743	1689	31	20	34.542755	Se
2	1	818	0	0	0	6762	1712	11	2	-1	
3	1	818	1	0	0	6762	1712	11	2	-1	
4	1	818	1	1	0	6762	1712	11	2	-1	
5	1	818	1	1	1	6762	1712	11	2	57.372971	2
2	1	819	0	0	0	7004	1700	29	12	-1	
3	1	819	1	0	0	7004	1700	29	12	-1	
4	1	819	1	1	0	7004	1700	29	12	-1	
5	1	819	1	1	1	7004	1700	29	12	38.826355	s>
2	1	820	0	0	0	7004	1689	29	12	-1	
3	1	820	1	0	0	7004	1689	29	12	-1	
4	1	820	1	1	0	7004	1689	29	12	-1	
5	1	820	1	1	1	7004	1689	29	12	63.998150	ag
2	1	821	0	0	0	1230	1719	89	17	-1	
3	1	821	1	0	0	1230	1719	89	17	-1	
4	1	821	1	1	0	1230	1719	89	17	-1	
5	1	821	1	1	1	1230	1719	89	17	88.659508	abed
2	1	822	0	0	0	4740	1701	24	21	-1	
3	1	822	1	0	0	4740	1701	24	21	-1	
4	1	822	1	1	0	4740	1701	24	21	-1	
5	1	822	1	1	1	4740	1701	24	21	48.182297	=
2	1	823	0	0	0	5778	1730	104	12	-1	
3	1	823	1	0	0	5778	1730	104	12	-1	
4	1	823	1	1	0	5778	1730	104	12	-1	
5	1	823	1	1	1	5778	1730	37	12	67.167061	Ci22
5	1	823	1	1	2	5829	1730	53	12	95.095375	0.0068
2	1	824	0	0	0	5779	1693	142	28	-1	
3	1	824	1	0	0	5779	1693	142	28	-1	
4	1	824	1	1	0	5779	1693	142	28	-1	
5	1	824	1	1	1	5779	1693	36	13	46.271461	C123,
5	1	824	1	1	2	5831	1693	90	28	22.088577	0.033264
2	1	825	0	0	0	5946	1710	58	13	-1	
3	1	825	1	0	0	5946	1710	58	13	-1	
4	1	825	1	1	0	5946	1710	58	13	-1	
5	1	825	1	1	1	5946	1710	58	13	59.560909	C.SBRT
2	1	826	0	0	0	6043	1705	81	23	-1	
3	1	826	1	0	0	6043	1705	81	23	-1	
4	1	826	1	1	0	6043	1705	81	23	-1	
5	1	826	1	1	1	6043	1710	49	13	95.365051	SENSE
5	1	826	1	1	2	6101	1705	23	23	71.577644	(14)
2	1	827	0	0	0	6130	1721	39	13	-1	
3	1	827	1	0	0	6130	1721	39	13	-1	
4	1	827	1	1	0	6130	1721	39	13	-1	
5	1	827	1	1	1	6130	1721	39	13	69.823448	(Ov)
2	1	828	0	0	0	6776	1617	169	115	-1	
3	1	828	1	0	0	6776	1617	169	115	-1	
4	1	828	1	1	0	6776	1617	169	115	-1	
5	1	828	1	1	1	6776	1617	169	115	39.558746	aan
2	1	829	0	0	0	6949	1646	52	84	-1	
3	1	829	1	0	0	6949	1646	52	84	-1	
4	1	829	1	1	0	6949	1646	52	84	-1	
5	1	829	1	1	1	6949	1646	52	84	65.676743	t
2	1	830	0	0	0	7075	1707	101	28	-1	
3	1	830	1	0	0	7075	1707	101	28	-1	
4	1	830	1	1	0	7075	1707	101	28	-1	
5	1	830	1	1	1	7075	1707	101	28	92.818428	Recti-
2	1	831	0	0	0	8112	1688	249	38	-1	
3	1	831	1	0	0	8112	1688	249	38	-1	
4	1	831	1	1	0	8112	1688	249	38	-1	
5	1	831	1	1	1	8112	1688	114	35	93.284813	(Audio
5	1	831	1	1	2	8241	1690	120	36	89.887375	P.C.B.)
2	1	832	0	0	0	966	1709	137	39	-1	
3	1	832	1	0	0	966	1709	137	39	-1	
4	1	832	1	1	0	966	1709	137	39	-1	
5	1	832	1	1	1	966	1709	137	39	0.000000	omann
2	1	833	0	0	0	2232	1737	94	18	-1	
3	1	833	1	0	0	2232	1737	94	18	-1	
4	1	833	1	1	0	2232	1737	94	18	-1	
5	1	833	1	1	1	2232	1737	9	12	37.228527	0
5	1	833	1	1	2	2250	1737	76	18	15.318481	1V(0.5v)
2	1	834	0	0	0	3670	1747	38	12	-1	
3	1	834	1	0	0	3670	1747	38	12	-1	
4	1	834	1	1	0	3670	1747	38	12	-1	
5	1	834	1	1	1	3670	1747	38	12	36.661835	RI53,
2	1	835	0	0	0	4591	1747	75	13	-1	
3	1	835	1	0	0	4591	1747	75	13	-1	
4	1	835	1	1	0	4591	1747	75	13	-1	
5	1	835	1	1	1	4591	1747	75	13	67.461929	4.5V(0V)
2	1	836	0	0	0	5225	1717	169	41	-1	
3	1	836	1	0	0	5225	1717	169	41	-1	
4	1	836	1	1	0	5225	1717	169	41	-1	
5	1	836	1	1	1	5225	1718	91	40	96.022255	Focus
5	1	836	1	1	2	5330	1717	64	31	96.135315	gain
2	1	837	0	0	0	5612	1751	29	9	-1	
3	1	837	1	0	0	5612	1751	29	9	-1	
4	1	837	1	1	0	5612	1751	29	9	-1	
5	1	837	1	1	1	5612	1751	29	9	72.845123	og
2	1	838	0	0	0	5612	1740	30	12	-1	
3	1	838	1	0	0	5612	1740	30	12	-1	
4	1	838	1	1	0	5612	1740	30	12	-1	
5	1	838	1	1	1	5612	1740	30	12	42.120762	Lo
2	1	839	0	0	0	5947	1746	57	13	-1	
3	1	839	1	0	0	5947	1746	57	13	-1	
4	1	839	1	1	0	5947	1746	57	13	-1	
5	1	839	1	1	1	5947	1746	57	13	47.482224	C.SB00
2	1	840	0	0	0	6061	1738	97	27	-1	
3	1	840	1	0	0	6061	1738	97	27	-1	
4	1	840	1	1	0	6061	1738	97	27	-1	
5	1	840	1	1	1	6061	1734	59	36	0.000000	HIN(S
5	1	840	1	1	2	6136	1738	22	12	0.000000	oY
2	1	841	0	0	0	1802	1433	121	341	-1	
3	1	841	1	0	0	1802	1433	121	341	-1	
4	1	841	1	1	0	1802	1433	121	341	-1	
5	1	841	1	1	1	1802	1433	121	341	17.522446	}
2	1	842	0	0	0	3202	1755	239	24	-1	
3	1	842	1	0	0	3202	1755	239	24	-1	
4	1	842	1	1	0	3202	1755	239	24	-1	
5	1	842	1	1	1	3202	1767	37	12	15.873024	ee
5	1	842	1	1	2	3272	1755	42	19	11.793831	a
2	1	843	0	0	0	3679	1765	27	13	-1	
3	1	843	1	0	0	3679	1765	27	13	-1	
4	1	843	1	1	0	3679	1765	27	13	-1	
5	1	843	1	1	1	3679	1765	27	13	73.771324	10K
2	1	844	0	0	0	4593	1766	84	13	-1	
3	1	844	1	0	0	4593	1766	84	13	-1	
4	1	844	1	1	0	4593	1766	84	13	-1	
5	1	844	1	1	1	4593	1766	84	13	72.830750	2.7V(3.8V)
2	1	845	0	0	0	5225	1755	34	24	-1	
3	1	845	1	0	0	5225	1755	34	24	-1	
4	1	845	1	1	0	5225	1755	34	24	-1	
5	1	845	1	1	1	5225	1755	34	24	96.994591	ad
2	1	846	0	0	0	5612	1768	29	18	-1	
3	1	846	1	0	0	5612	1768	29	18	-1	
4	1	846	1	1	0	5612	1768	29	18	-1	
5	1	846	1	1	1	5612	1768	29	18	74.749031	go
2	1	847	0	0	0	5613	1760	28	9	-1	
3	1	847	1	0	0	5613	1760	28	9	-1	
4	1	847	1	1	0	5613	1760	28	9	-1	
5	1	847	1	1	1	5613	1760	28	9	77.685776	4
2	1	848	0	0	0	5882	1758	25	12	-1	
3	1	848	1	0	0	5882	1758	25	12	-1	
4	1	848	1	1	0	5882	1758	25	12	-1	
5	1	848	1	1	1	5882	1758	25	12	35.489868	(3V
2	1	849	0	0	0	6780	1737	260	36	-1	
3	1	849	1	0	0	6780	1737	260	36	-1	
4	1	849	1	1	0	6780	1737	260	36	-1	
5	1	849	1	1	1	6780	1737	171	35	96.628288	Regulator
5	1	849	1	1	2	6988	1753	52	20	27.944534	4...
2	1	850	0	0	0	6949	1778	114	14	-1	
3	1	850	1	0	0	6949	1778	114	14	-1	
4	1	850	1	1	0	6949	1778	114	14	-1	
5	1	850	1	1	1	6949	1778	114	14	85.009544	SVDISR35200V
2	1	851	0	0	0	7073	1753	57	28	-1	
3	1	851	1	0	0	7073	1753	57	28	-1	
4	1	851	1	1	0	7073	1753	57	28	-1	
5	1	851	1	1	1	7073	1753	57	28	96.039940	fier
2	1	852	0	0	0	3207	1784	31	12	-1	
3	1	852	1	0	0	3207	1784	31	12	-1	
4	1	852	1	1	0	3207	1784	31	12	-1	
5	1	852	1	1	1	3207	1784	31	12	91.454857	22K
2	1	853	0	0	0	3346	1801	29	8	-1	
3	1	853	1	0	0	3346	1801	29	8	-1	
4	1	853	1	1	0	3346	1801	29	8	-1	
5	1	853	1	1	1	3346	1801	29	8	28.742798	Ke
2	1	854	0	0	0	3402	1798	29	15	-1	
3	1	854	1	0	0	3402	1798	29	15	-1	
4	1	854	1	1	0	3402	1798	29	15	-1	
5	1	854	1	1	1	3402	1798	29	15	54.416039	gx
2	1	855	0	0	0	3455	1789	27	9	-1	
3	1	855	1	0	0	3455	1789	27	9	-1	
4	1	855	1	1	0	3455	1789	27	9	-1	
5	1	855	1	1	1	3455	1789	27	9	68.372711	o-.
2	1	856	0	0	0	3507	1782	28	12	-1	
3	1	856	1	0	0	3507	1782	28	12	-1	
4	1	856	1	1	0	3507	1782	28	12	-1	
5	1	856	1	1	1	3507	1782	28	12	25.070312	Ou
2	1	857	0	0	0	3767	1797	27	12	-1	
3	1	857	1	0	0	3767	1797	27	12	-1	
4	1	857	1	1	0	3767	1797	27	12	-1	
5	1	857	1	1	1	3767	1797	27	12	65.690636	ox
2	1	858	0	0	0	3892	1802	29	13	-1	
3	1	858	1	0	0	3892	1802	29	13	-1	
4	1	858	1	1	0	3892	1802	29	13	-1	
5	1	858	1	1	1	3892	1802	29	13	75.002602	oe
2	1	859	0	0	0	3892	1791	29	13	-1	
3	1	859	1	0	0	3892	1791	29	13	-1	
4	1	859	1	1	0	3892	1791	29	13	-1	
5	1	859	1	1	1	3892	1791	29	13	41.102730	+2
2	1	860	0	0	0	4387	1802	35	14	-1	
3	1	860	1	0	0	4387	1802	35	14	-1	
4	1	860	1	1	0	4387	1802	35	14	-1	
5	1	860	1	1	1	4387	1802	35	14	94.021843	Play
2	1	861	0	0	0	5295	1785	55	13	-1	
3	1	861	1	0	0	5295	1785	55	13	-1	
4	1	861	1	1	0	5295	1785	55	13	-1	
5	1	861	1	1	1	5295	1781	16	26	64.760834	+4
5	1	861	1	1	2	5328	1785	22	13	85.629158	SV
2	1	862	0	0	0	5778	1761	228	44	-1	
3	1	862	1	0	0	5778	1761	228	44	-1	
4	1	862	1	1	0	5778	1761	228	44	-1	
5	1	862	1	1	1	5778	1765	32	13	0.000000	cl2i
5	1	862	1	1	2	5829	1761	107	44	0.000000	poolszieyey
5	1	862	1	1	3	5947	1784	59	13	0.000000	¢FBD0
2	1	863	0	0	0	6052	1778	72	23	-1	
3	1	863	1	0	0	6052	1778	72	23	-1	
4	1	863	1	1	0	6052	1778	72	23	-1	
5	1	863	1	1	1	6052	1784	40	12	72.055534	HOUT
5	1	863	1	1	2	6100	1778	24	23	70.422966	(6)
2	1	864	0	0	0	6179	1803	29	12	-1	
3	1	864	1	0	0	6179	1803	29	12	-1	
4	1	864	1	1	0	6179	1803	29	12	-1	
5	1	864	1	1	1	6179	1803	29	12	82.233780	ox
2	1	865	0	0	0	6558	1653	60	155	-1	
3	1	865	1	0	0	6558	1653	60	155	-1	
4	1	865	1	1	0	6558	1653	60	155	-1	
5	1	865	1	1	1	6558	1653	60	155	56.102608	|
2	1	866	0	0	0	1392	1803	149	17	-1	
3	1	866	1	0	0	1392	1803	149	17	-1	
4	1	866	1	1	0	1392	1803	149	17	-1	
5	1	866	1	1	1	1392	1803	149	17	66.849655	401,403,404
2	1	867	0	0	0	1600	1802	52	15	-1	
3	1	867	1	0	0	1600	1802	52	15	-1	
4	1	867	1	1	0	1600	1802	52	15	-1	
5	1	867	1	1	1	1600	1802	52	15	90.583412	Q402
2	1	868	0	0	0	2871	1818	39	16	-1	
3	1	868	1	0	0	2871	1818	39	16	-1	
4	1	868	1	1	0	2871	1818	39	16	-1	
5	1	868	1	1	1	2871	1818	39	16	68.027069	as
2	1	869	0	0	0	3347	1820	29	9	-1	
3	1	869	1	0	0	3347	1820	29	9	-1	
4	1	869	1	1	0	3347	1820	29	9	-1	
5	1	869	1	1	1	3347	1820	29	9	57.140953	seo
2	1	870	0	0	0	3402	1828	29	11	-1	
3	1	870	1	0	0	3402	1828	29	11	-1	
4	1	870	1	1	0	3402	1828	29	11	-1	
5	1	870	1	1	1	3402	1828	29	11	51.540375	et
2	1	871	0	0	0	3403	1817	27	8	-1	
3	1	871	1	0	0	3403	1817	27	8	-1	
4	1	871	1	1	0	3403	1817	27	8	-1	
5	1	871	1	1	1	3403	1817	27	8	32.354210	nas
2	1	872	0	0	0	3507	1806	28	14	-1	
3	1	872	1	0	0	3507	1806	28	14	-1	
4	1	872	1	1	0	3507	1806	28	14	-1	
5	1	872	1	1	1	3507	1806	28	14	51.805534	«at
2	1	873	0	0	0	3766	1808	28	12	-1	
3	1	873	1	0	0	3766	1808	28	12	-1	
4	1	873	1	1	0	3766	1808	28	12	-1	
5	1	873	1	1	1	3766	1808	28	12	26.319031	oo
2	1	874	0	0	0	3766	1825	29	14	-1	
3	1	874	1	0	0	3766	1825	29	14	-1	
4	1	874	1	1	0	3766	1825	29	14	-1	
5	1	874	1	1	1	3766	1825	29	14	73.735626	=z
2	1	875	0	0	0	3892	1825	28	15	-1	
3	1	875	1	0	0	3892	1825	28	15	-1	
4	1	875	1	1	0	3892	1825	28	15	-1	
5	1	875	1	1	1	3892	1825	28	15	77.084740	oz
2	1	876	0	0	0	3892	1812	50	14	-1	
3	1	876	1	0	0	3892	1812	50	14	-1	
4	1	876	1	1	0	3892	1812	50	14	-1	
5	1	876	1	1	1	3892	1812	50	14	21.942337	ew,
5	1	876	1	1	2	3939	1802	8	28	52.107536	N
2	1	877	0	0	0	4386	1817	51	12	-1	
3	1	877	1	0	0	4386	1817	51	12	-1	
4	1	877	1	1	0	4386	1817	51	12	-1	
5	1	877	1	1	1	4386	1817	51	12	79.682747	13.5ms
2	1	878	0	0	0	5236	1805	90	13	-1	
3	1	878	1	0	0	5236	1805	90	13	-1	
4	1	878	1	1	0	5236	1805	90	13	-1	
5	1	878	1	1	1	5236	1805	41	13	91.878159	R428
5	1	878	1	1	2	5294	1805	32	13	79.376587	39K
2	1	879	0	0	0	5822	1810	81	13	-1	
3	1	879	1	0	0	5822	1810	81	13	-1	
4	1	879	1	1	0	5822	1810	81	13	-1	
5	1	879	1	1	1	5822	1810	81	13	31.809662	47VIOV)
2	1	880	0	0	0	5914	1815	86	23	-1	
3	1	880	1	0	0	5914	1815	86	23	-1	
4	1	880	1	1	0	5914	1815	86	23	-1	
5	1	880	1	1	1	5910	1811	28	33	35.020630	Qs)
5	1	880	1	1	2	5947	1811	53	33	80.677849	F.LOCK
2	1	881	0	0	0	6044	1815	80	23	-1	
3	1	881	1	0	0	6044	1815	80	23	-1	
4	1	881	1	1	0	6044	1815	80	23	-1	
5	1	881	1	1	1	6044	1820	52	13	0.000000	SPCNT
5	1	881	1	1	2	6101	1815	23	23	0.000000	(7)
2	1	882	0	0	0	6179	1814	30	11	-1	
3	1	882	1	0	0	6179	1814	30	11	-1	
4	1	882	1	1	0	6179	1814	30	11	-1	
5	1	882	1	1	1	6179	1814	30	11	23.408958	io}
2	1	883	0	0	0	6180	1825	29	8	-1	
3	1	883	1	0	0	6180	1825	29	8	-1	
4	1	883	1	1	0	6180	1825	29	8	-1	
5	1	883	1	1	1	6180	1825	29	8	33.655556	on
2	1	884	0	0	0	6847	1801	119	32	-1	
3	1	884	1	0	0	6847	1801	119	32	-1	
4	1	884	1	1	0	6847	1801	119	32	-1	
5	1	884	1	1	1	6847	1802	8	12	96.825516	3
5	1	884	1	1	2	6869	1801	46	32	43.020863	tela
5	1	884	1	1	3	6927	1802	9	12	96.805367	2
5	1	884	1	1	4	6964	1826	2	2	0.000000	;
2	1	885	0	0	0	6948	1816	30	12	-1	
3	1	885	1	0	0	6948	1816	30	12	-1	
4	1	885	1	1	0	6948	1816	30	12	-1	
5	1	885	1	1	1	6948	1816	30	12	35.880379	47.4)
2	1	886	0	0	0	368	1788	186	55	-1	
3	1	886	1	0	0	368	1788	186	55	-1	
4	1	886	1	1	0	368	1788	186	55	-1	
5	1	886	1	1	1	368	1788	56	55	39.882923	EJ
5	1	886	1	1	2	444	1802	110	29	0.000000	Fceo2
2	1	887	0	0	0	1391	1825	100	19	-1	
3	1	887	1	0	0	1391	1825	100	19	-1	
4	1	887	1	1	0	1391	1825	100	19	-1	
5	1	887	1	1	1	1391	1825	100	19	89.226631	UN4214
2	1	888	0	0	0	1600	1824	118	19	-1	
3	1	888	1	0	0	1600	1824	118	19	-1	
4	1	888	1	1	0	1600	1824	118	19	-1	
5	1	888	1	1	1	1600	1824	118	19	22.014252	2SAI1309
2	1	889	0	0	0	5160	1837	21	12	-1	
3	1	889	1	0	0	5160	1837	21	12	-1	
4	1	889	1	1	0	5160	1837	21	12	-1	
5	1	889	1	1	1	5160	1837	21	12	90.382088	ov
2	1	890	0	0	0	5576	1836	91	25	-1	
3	1	890	1	0	0	5576	1836	91	25	-1	
4	1	890	1	1	0	5576	1836	91	25	-1	
5	1	890	1	1	1	5576	1836	91	25	96.808029	Focus
2	1	891	0	0	0	5872	1848	37	12	-1	
3	1	891	1	0	0	5872	1848	37	12	-1	
4	1	891	1	1	0	5872	1848	37	12	-1	
5	1	891	1	1	1	5872	1848	37	12	60.182465	49V.
2	1	892	0	0	0	5872	1831	38	12	-1	
3	1	892	1	0	0	5872	1831	38	12	-1	
4	1	892	1	1	0	5872	1831	38	12	-1	
5	1	892	1	1	1	5872	1831	38	12	86.520782	(Ov)
2	1	893	0	0	0	6179	1834	30	9	-1	
3	1	893	1	0	0	6179	1834	30	9	-1	
4	1	893	1	1	0	6179	1834	30	9	-1	
5	1	893	1	1	1	6179	1834	30	9	45.610802	=m
2	1	894	0	0	0	7083	1834	30	19	-1	
3	1	894	1	0	0	7083	1834	30	19	-1	
4	1	894	1	1	0	7083	1834	30	19	-1	
5	1	894	1	1	1	7083	1834	30	19	91.941681	ae
2	1	895	0	0	0	7083	1854	31	10	-1	
3	1	895	1	0	0	7083	1854	31	10	-1	
4	1	895	1	1	0	7083	1854	31	10	-1	
5	1	895	1	1	1	7083	1854	31	10	59.321266	oo
2	1	896	0	0	0	1063	1859	65	17	-1	
3	1	896	1	0	0	1063	1859	65	17	-1	
4	1	896	1	1	0	1063	1859	65	17	-1	
5	1	896	1	1	1	1063	1859	65	17	84.376190	++
5	1	896	1	1	2	1115	1855	16	32	92.721146	9
2	1	897	0	0	0	1159	1857	11	9	-1	
3	1	897	1	0	0	1159	1857	11	9	-1	
4	1	897	1	1	0	1159	1857	11	9	-1	
5	1	897	1	1	1	1159	1857	11	9	96.088348	>
2	1	898	0	0	0	1159	1870	12	8	-1	
3	1	898	1	0	0	1159	1870	12	8	-1	
4	1	898	1	1	0	1159	1870	12	8	-1	
5	1	898	1	1	1	1159	1870	12	8	36.961823	io
2	1	899	0	0	0	2008	1855	59	14	-1	
3	1	899	1	0	0	2008	1855	59	14	-1	
4	1	899	1	1	0	2008	1855	59	14	-1	
5	1	899	1	1	1	2008	1855	59	14	34.081963	Ic401
2	1	900	0	0	0	2576	1868	149	18	-1	
3	1	900	1	0	0	2576	1868	149	18	-1	
4	1	900	1	1	0	2576	1868	149	18	-1	
5	1	900	1	1	1	2576	1868	75	18	70.639740	abcd
5	1	900	1	1	2	2680	1869	45	17	91.923088	ab
2	1	901	0	0	0	4014	1872	83	12	-1	
3	1	901	1	0	0	4014	1872	83	12	-1	
4	1	901	1	1	0	4014	1872	83	12	-1	
5	1	901	1	1	1	4014	1872	4	12	83.409851	4
5	1	901	1	1	2	4036	1872	61	12	70.034782	-5V
5	1	901	1	1	3	4086	1868	14	24	82.311806	}
2	1	902	0	0	0	4591	1804	250	67	-1	
3	1	902	1	0	0	4591	1804	250	67	-1	
4	1	902	1	1	0	4591	1804	250	67	-1	
5	1	902	1	1	1	4591	1804	250	67	29.514908	allie)
2	1	903	0	0	0	4753	1865	48	23	-1	
3	1	903	1	0	0	4753	1865	48	23	-1	
4	1	903	1	1	0	4753	1865	48	23	-1	
5	1	903	1	1	1	4753	1865	48	23	76.291016	OO
2	1	904	0	0	0	4843	1814	76	55	-1	
3	1	904	1	0	0	4843	1814	76	55	-1	
4	1	904	1	1	0	4843	1814	76	55	-1	
5	1	904	1	1	1	4843	1814	76	55	16.995804	ane
2	1	905	0	0	0	4857	1864	308	24	-1	
3	1	905	1	0	0	4857	1864	308	24	-1	
4	1	905	1	1	0	4857	1864	308	24	-1	
5	1	905	1	1	1	4857	1864	308	24	25.351006	OQOOGOGOGOOESD
2	1	906	0	0	0	5000	1793	75	76	-1	
3	1	906	1	0	0	5000	1793	75	76	-1	
4	1	906	1	1	0	5000	1793	75	76	-1	
5	1	906	1	1	1	5000	1793	75	76	44.587540	a
2	1	907	0	0	0	5786	1857	29	11	-1	
3	1	907	1	0	0	5786	1857	29	11	-1	
4	1	907	1	1	0	5786	1857	29	11	-1	
5	1	907	1	1	1	5786	1857	29	11	65.235168	ao
2	1	908	0	0	0	5849	1858	12	12	-1	
3	1	908	1	0	0	5849	1858	12	12	-1	
4	1	908	1	1	0	5849	1858	12	12	-1	
5	1	908	1	1	1	5849	1858	12	12	94.832664	a
2	1	909	0	0	0	5870	1868	38	13	-1	
3	1	909	1	0	0	5870	1868	38	13	-1	
4	1	909	1	1	0	5870	1868	38	13	-1	
5	1	909	1	1	1	5870	1868	38	13	45.449875	(Ov)
2	1	910	0	0	0	5915	1852	72	23	-1	
3	1	910	1	0	0	5915	1852	72	23	-1	
4	1	910	1	1	0	5915	1852	72	23	-1	
5	1	910	1	1	1	5915	1852	22	23	88.320122	(28)
5	1	910	1	1	2	5945	1856	42	12	58.548298	CNT4
2	1	911	0	0	0	6049	1852	75	22	-1	
3	1	911	1	0	0	6049	1852	75	22	-1	
4	1	911	1	1	0	6049	1852	75	22	-1	
5	1	911	1	1	1	6049	1848	39	30	9.317719	MSP
5	1	911	1	1	2	6095	1848	33	30	74.317047	(18)
2	1	912	0	0	0	6280	1854	40	14	-1	
3	1	912	1	0	0	6280	1854	40	14	-1	
4	1	912	1	1	0	6280	1854	40	14	-1	
5	1	912	1	1	1	6280	1854	40	14	92.660759	C134
2	1	913	0	0	0	6284	1873	37	13	-1	
3	1	913	1	0	0	6284	1873	37	13	-1	
4	1	913	1	1	0	6284	1873	37	13	-1	
5	1	913	1	1	1	6284	1873	37	13	79.247314	SOVI
2	1	914	0	0	0	6990	1853	42	14	-1	
3	1	914	1	0	0	6990	1853	42	14	-1	
4	1	914	1	1	0	6990	1853	42	14	-1	
5	1	914	1	1	1	6990	1853	42	14	56.039612	+N>
2	1	915	0	0	0	367	1866	317	39	-1	
3	1	915	1	0	0	367	1866	317	39	-1	
4	1	915	1	1	0	367	1866	317	39	-1	
5	1	915	1	1	1	367	1866	184	35	93.293228	(Operation
5	1	915	1	1	2	568	1869	116	36	92.634987	P.C.B.)
2	1	916	0	0	0	1049	1884	79	17	-1	
3	1	916	1	0	0	1049	1884	79	17	-1	
4	1	916	1	1	0	1049	1884	79	17	-1	
5	1	916	1	1	1	1049	1884	79	17	24.348602	———
5	1	916	1	1	2	1114	1880	17	31	79.547211	h
2	1	917	0	0	0	2008	1875	178	21	-1	
3	1	917	1	0	0	2008	1875	178	21	-1	
4	1	917	1	1	0	2008	1875	178	21	-1	
5	1	917	1	1	1	2008	1875	178	21	61.417553	MN15261POK
2	1	918	0	0	0	2738	1888	34	12	-1	
3	1	918	1	0	0	2738	1888	34	12	-1	
4	1	918	1	1	0	2738	1888	34	12	-1	
5	1	918	1	1	1	2738	1888	34	12	57.308189	(OV)
2	1	919	0	0	0	4733	1896	115	12	-1	
3	1	919	1	0	0	4733	1896	115	12	-1	
4	1	919	1	1	0	4733	1896	115	12	-1	
5	1	919	1	1	1	4733	1889	17	28	0.000000	kK
5	1	919	1	1	2	4759	1896	89	12	0.000000	oOoxXaw
2	1	920	0	0	0	4804	1865	23	24	-1	
3	1	920	1	0	0	4804	1865	23	24	-1	
4	1	920	1	1	0	4804	1865	23	24	-1	
5	1	920	1	1	1	4804	1865	23	24	32.581299	(2)
2	1	921	0	0	0	4913	1764	85	142	-1	
3	1	921	1	0	0	4913	1764	85	142	-1	
4	1	921	1	1	0	4913	1764	85	142	-1	
5	1	921	1	1	1	4913	1764	85	142	12.148705	=
2	1	922	0	0	0	4990	1897	13	8	-1	
3	1	922	1	0	0	4990	1897	13	8	-1	
4	1	922	1	1	0	4990	1897	13	8	-1	
5	1	922	1	1	1	4990	1897	13	8	40.682102	pa
2	1	923	0	0	0	5018	1894	142	11	-1	
3	1	923	1	0	0	5018	1894	142	11	-1	
4	1	923	1	1	0	5018	1894	142	11	-1	
5	1	923	1	1	1	5018	1894	142	11	36.834339	rar
5	1	923	1	1	2	5135	1886	29	28	33.586670	es
2	1	924	0	0	0	5577	1876	144	32	-1	
3	1	924	1	0	0	5577	1876	144	32	-1	
4	1	924	1	1	0	5577	1876	144	32	-1	
5	1	924	1	1	1	5577	1877	85	26	96.194031	offset
5	1	924	1	1	2	5669	1876	52	32	96.194031	adj.
2	1	925	0	0	0	5755	1822	27	75	-1	
3	1	925	1	0	0	5755	1822	27	75	-1	
4	1	925	1	1	0	5755	1822	27	75	-1	
5	1	925	1	1	1	5755	1822	27	75	75.277145	i
2	1	926	0	0	0	5786	1879	29	13	-1	
3	1	926	1	0	0	5786	1879	29	13	-1	
4	1	926	1	1	0	5786	1879	29	13	-1	
5	1	926	1	1	1	5786	1879	29	13	88.322510	vo
2	1	927	0	0	0	5851	1884	58	23	-1	
3	1	927	1	0	0	5851	1884	58	23	-1	
4	1	927	1	1	0	5851	1884	58	23	-1	
5	1	927	1	1	1	5851	1890	9	17	89.854027	b
5	1	927	1	1	2	5872	1884	37	12	2.758110	424
2	1	928	0	0	0	5914	1888	74	23	-1	
3	1	928	1	0	0	5914	1888	74	23	-1	
4	1	928	1	1	0	5914	1888	74	23	-1	
5	1	928	1	1	1	5914	1888	23	23	72.698990	4)
5	1	928	1	1	2	5946	1892	42	13	85.129623	CNT3
2	1	929	0	0	0	6054	1887	70	23	-1	
3	1	929	1	0	0	6054	1887	70	23	-1	
4	1	929	1	1	0	6054	1887	70	23	-1	
5	1	929	1	1	1	6054	1883	38	31	45.981087	C.AF
5	1	929	1	1	2	6099	1883	29	31	46.947121	(9)
2	1	930	0	0	0	6131	1880	85	13	-1	
3	1	930	1	0	0	6131	1880	85	13	-1	
4	1	930	1	1	0	6131	1880	85	13	-1	
5	1	930	1	1	1	6131	1880	85	13	8.839424	-2V(i8V)
2	1	931	0	0	0	7453	1897	54	14	-1	
3	1	931	1	0	0	7453	1897	54	14	-1	
4	1	931	1	1	0	7453	1897	54	14	-1	
5	1	931	1	1	1	7453	1897	54	14	76.936752	CN408
2	1	932	0	0	0	1063	1911	59	17	-1	
3	1	932	1	0	0	1063	1911	59	17	-1	
4	1	932	1	1	0	1063	1911	59	17	-1	
5	1	932	1	1	1	1063	1916	39	11	81.519218	t+
5	1	932	1	1	2	1118	1911	4	17	66.762161	i
2	1	933	0	0	0	2135	1904	83	13	-1	
3	1	933	1	0	0	2135	1904	83	13	-1	
4	1	933	1	1	0	2135	1904	83	13	-1	
5	1	933	1	1	1	2135	1904	83	13	36.807213	4.8V(0.3V)
2	1	934	0	0	0	2263	1909	281	23	-1	
3	1	934	1	0	0	2263	1909	281	23	-1	
4	1	934	1	1	0	2263	1909	281	23	-1	
5	1	934	1	1	1	2263	1909	22	23	81.168747	G3)
5	1	934	1	1	2	2293	1915	98	13	70.104675	PEO(M.RLY)
5	1	934	1	1	3	2412	1915	101	13	53.137280	(SENSE)P
5	1	934	1	1	4	2492	1905	20	33	53.137280	43
5	1	934	1	1	5	2521	1909	23	23	82.051323	Ga)
2	1	935	0	0	0	2737	1904	37	12	-1	
3	1	935	1	0	0	2737	1904	37	12	-1	
4	1	935	1	1	0	2737	1904	37	12	-1	
5	1	935	1	1	1	2737	1904	37	12	70.880241	4.6V
2	1	936	0	0	0	2930	1908	44	12	-1	
3	1	936	1	0	0	2930	1908	44	12	-1	
4	1	936	1	1	0	2930	1908	44	12	-1	
5	1	936	1	1	1	2930	1908	44	12	96.459877	R429
2	1	937	0	0	0	4680	1911	39	9	-1	
3	1	937	1	0	0	4680	1911	39	9	-1	
4	1	937	1	1	0	4680	1911	39	9	-1	
5	1	937	1	1	1	4676	1901	18	28	64.085236	lo
5	1	937	1	1	2	4706	1911	13	9	59.791245	x
2	1	938	0	0	0	4681	1922	38	10	-1	
3	1	938	1	0	0	4681	1922	38	10	-1	
4	1	938	1	1	0	4681	1922	38	10	-1	
5	1	938	1	1	1	4681	1922	12	9	36.903969	>
5	1	938	1	1	2	4705	1913	14	28	24.606773	Oo
2	1	939	0	0	0	4732	1907	115	13	-1	
3	1	939	1	0	0	4732	1907	115	13	-1	
4	1	939	1	1	0	4732	1907	115	13	-1	
5	1	939	1	1	1	4732	1907	115	13	38.365993	Boer
2	1	940	0	0	0	4733	1923	12	9	-1	
3	1	940	1	0	0	4733	1923	12	9	-1	
4	1	940	1	1	0	4733	1923	12	9	-1	
5	1	940	1	1	1	4733	1923	12	9	26.238365	a
2	1	941	0	0	0	4836	1922	12	8	-1	
3	1	941	1	0	0	4836	1922	12	8	-1	
4	1	941	1	1	0	4836	1922	12	8	-1	
5	1	941	1	1	1	4836	1922	12	8	95.444450	2
2	1	942	0	0	0	4862	1918	37	11	-1	
3	1	942	1	0	0	4862	1918	37	11	-1	
4	1	942	1	1	0	4862	1918	37	11	-1	
5	1	942	1	1	1	4858	1909	12	28	2.910500	li
2	1	943	0	0	0	4887	1897	13	20	-1	
3	1	943	1	0	0	4887	1897	13	20	-1	
4	1	943	1	1	0	4887	1897	13	20	-1	
5	1	943	1	1	1	4887	1897	13	20	78.761055	=
2	1	944	0	0	0	4913	1909	13	9	-1	
3	1	944	1	0	0	4913	1909	13	9	-1	
4	1	944	1	1	0	4913	1909	13	9	-1	
5	1	944	1	1	1	4913	1909	13	9	28.030228	ray
2	1	945	0	0	0	4965	1906	143	20	-1	
3	1	945	1	0	0	4965	1906	143	20	-1	
4	1	945	1	1	0	4965	1906	143	20	-1	
5	1	945	1	1	1	4965	1906	143	20	0.000000	Faoxxye
2	1	946	0	0	0	5870	1904	35	12	-1	
3	1	946	1	0	0	5870	1904	35	12	-1	
4	1	946	1	1	0	5870	1904	35	12	-1	
5	1	946	1	1	1	5870	1904	35	12	74.669907	(Ov)
2	1	947	0	0	0	6842	1900	84	13	-1	
3	1	947	1	0	0	6842	1900	84	13	-1	
4	1	947	1	1	0	6842	1900	84	13	-1	
5	1	947	1	1	1	6842	1900	5	12	86.503426	4
5	1	947	1	1	2	6866	1900	60	13	53.293213	-8V
5	1	947	1	1	3	6913	1896	16	26	90.205864	}
2	1	948	0	0	0	2135	1932	79	12	-1	
3	1	948	1	0	0	2135	1932	79	12	-1	
4	1	948	1	1	0	2135	1932	79	12	-1	
5	1	948	1	1	1	2135	1932	40	12	10.463570	4.91
5	1	948	1	1	2	2179	1932	35	12	10.463570	4.9V)
2	1	949	0	0	0	2263	1935	280	24	-1	
3	1	949	1	0	0	2263	1935	280	24	-1	
4	1	949	1	1	0	2263	1935	280	24	-1	
5	1	949	1	1	1	2263	1935	22	23	79.938850	(34)
5	1	949	1	1	2	2293	1941	94	13	68.382454	PEI(FFST)
5	1	949	1	1	3	2407	1935	136	24	19.624664	(FLOCK)P42())
2	1	950	0	0	0	2586	1922	59	24	-1	
3	1	950	1	0	0	2586	1922	59	24	-1	
4	1	950	1	1	0	2586	1922	59	24	-1	
5	1	950	1	1	1	2586	1922	59	24	32.861618	TTT
2	1	951	0	0	0	2724	1922	102	24	-1	
3	1	951	1	0	0	2724	1922	102	24	-1	
4	1	951	1	1	0	2724	1922	102	24	-1	
5	1	951	1	1	1	2724	1930	72	12	31.963135	arviov)
5	1	951	1	1	2	2802	1918	9	33	89.092476	|
5	1	951	1	1	3	2819	1922	7	24	94.361740	|
2	1	952	0	0	0	2870	1838	41	108	-1	
3	1	952	1	0	0	2870	1838	41	108	-1	
4	1	952	1	1	0	2870	1838	41	108	-1	
5	1	952	1	1	1	2870	1838	41	108	28.334518	lh
2	1	953	0	0	0	4784	1920	38	21	-1	
3	1	953	1	0	0	4784	1920	38	21	-1	
4	1	953	1	1	0	4784	1920	38	21	-1	
5	1	953	1	1	1	4784	1920	38	21	80.034271	26
2	1	954	0	0	0	4835	1932	12	11	-1	
3	1	954	1	0	0	4835	1932	12	11	-1	
4	1	954	1	1	0	4835	1932	12	11	-1	
5	1	954	1	1	1	4835	1932	12	11	83.641220	=
2	1	955	0	0	0	4862	1929	64	12	-1	
3	1	955	1	0	0	4862	1929	64	12	-1	
4	1	955	1	1	0	4862	1929	64	12	-1	
5	1	955	1	1	1	4862	1929	64	12	50.490791	ron
2	1	956	0	0	0	4966	1920	38	20	-1	
3	1	956	1	0	0	4966	1920	38	20	-1	
4	1	956	1	1	0	4966	1920	38	20	-1	
5	1	956	1	1	1	4966	1920	38	20	22.310219	3
2	1	957	0	0	0	5851	1920	137	27	-1	
3	1	957	1	0	0	5851	1920	137	27	-1	
4	1	957	1	1	0	5851	1920	137	27	-1	
5	1	957	1	1	1	5851	1930	11	13	35.844261	¢
5	1	957	1	1	2	5872	1920	65	27	31.097389	4243)
5	1	957	1	1	3	5946	1930	42	12	69.114761	cnr2
2	1	958	0	0	0	5872	1941	35	12	-1	
3	1	958	1	0	0	5872	1941	35	12	-1	
4	1	958	1	1	0	5872	1941	35	12	-1	
5	1	958	1	1	1	5872	1941	35	12	56.165241	(ov)
2	1	959	0	0	0	6055	1915	149	36	-1	
3	1	959	1	0	0	6055	1915	149	36	-1	
4	1	959	1	1	0	6055	1915	149	36	-1	
5	1	959	1	1	1	6055	1915	71	36	24.623451	KIcK@9)
5	1	959	1	1	2	6139	1917	65	14	46.205719	oviov)
2	1	960	0	0	0	6842	1941	7	13	-1	
3	1	960	1	0	0	6842	1941	7	13	-1	
4	1	960	1	1	0	6842	1941	7	13	-1	
5	1	960	1	1	1	6842	1941	7	13	96.229202	4
2	1	961	0	0	0	6875	1941	51	13	-1	
3	1	961	1	0	0	6875	1941	51	13	-1	
4	1	961	1	1	0	6875	1941	51	13	-1	
5	1	961	1	1	1	6875	1941	51	13	68.110016	Bv
5	1	961	1	1	2	6914	1937	16	25	43.520470	+}
2	1	962	0	0	0	7422	1928	30	16	-1	
3	1	962	1	0	0	7422	1928	30	16	-1	
4	1	962	1	1	0	7422	1928	30	16	-1	
5	1	962	1	1	1	7422	1928	30	16	12.743668	ie
2	1	963	0	0	0	7424	1935	22	23	-1	
3	1	963	1	0	0	7424	1935	22	23	-1	
4	1	963	1	1	0	7424	1935	22	23	-1	
5	1	963	1	1	1	7424	1935	22	23	82.603973	@
2	1	964	0	0	0	903	1959	57	12	-1	
3	1	964	1	0	0	903	1959	57	12	-1	
4	1	964	1	1	0	903	1959	57	12	-1	
5	1	964	1	1	1	903	1959	57	12	83.980881	CN404
2	1	965	0	0	0	2294	1966	94	14	-1	
3	1	965	1	0	0	2294	1966	94	14	-1	
4	1	965	1	1	0	2294	1966	94	14	-1	
5	1	965	1	1	1	2294	1966	38	14	46.494576	P6O(
5	1	965	1	1	2	2338	1967	50	13	96.432457	PLAY)
2	1	966	0	0	0	2415	1967	95	12	-1	
3	1	966	1	0	0	2415	1967	95	12	-1	
4	1	966	1	1	0	2415	1967	95	12	-1	
5	1	966	1	1	1	2415	1967	60	12	12.000389	(COMP)
5	1	966	1	1	2	2480	1967	30	12	12.000389	P41
2	1	967	0	0	0	2729	1948	161	24	-1	
3	1	967	1	0	0	2729	1948	161	24	-1	
4	1	967	1	1	0	2729	1948	161	24	-1	
5	1	967	1	1	1	2729	1955	66	13	0.000000	oviow)
5	1	967	1	1	2	2805	1944	8	32	92.245239	|
5	1	967	1	1	3	2823	1948	3	24	84.817856	|
5	1	967	1	1	4	2845	1944	24	32	73.981216	TT
5	1	967	1	1	5	2882	1948	8	24	39.739120	|
2	1	968	0	0	0	4431	1956	43	13	-1	
3	1	968	1	0	0	4431	1956	43	13	-1	
4	1	968	1	1	0	4431	1956	43	13	-1	
5	1	968	1	1	1	4431	1956	43	13	38.899368	(4.7vV
2	1	969	0	0	0	4562	1965	41	13	-1	
3	1	969	1	0	0	4562	1965	41	13	-1	
4	1	969	1	1	0	4562	1965	41	13	-1	
5	1	969	1	1	1	4562	1965	41	13	91.916748	SBCK
2	1	970	0	0	0	5301	1966	94	17	-1	
3	1	970	1	0	0	5301	1966	94	17	-1	
4	1	970	1	1	0	5301	1966	94	17	-1	
5	1	970	1	1	1	5301	1966	38	13	65.718384	(0V)
5	1	970	1	1	2	5351	1968	7	8	67.022064	0
5	1	970	1	1	3	5372	1971	23	12	78.559914	ov
2	1	971	0	0	0	5304	1941	99	20	-1	
3	1	971	1	0	0	5304	1941	99	20	-1	
4	1	971	1	1	0	5304	1941	99	20	-1	
5	1	971	1	1	1	5304	1949	23	12	63.300735	PR)
5	1	971	1	1	2	5342	1941	61	16	52.397240	1/305
2	1	972	0	0	0	5851	1956	137	27	-1	
3	1	972	1	0	0	5851	1956	137	27	-1	
4	1	972	1	1	0	5851	1956	137	27	-1	
5	1	972	1	1	1	5851	1961	12	17	11.386520	d
5	1	972	1	1	2	5873	1956	64	27	0.000000	42%)
5	1	972	1	1	3	5946	1965	42	13	0.000000	cnt
2	1	973	0	0	0	6067	1955	94	28	-1	
3	1	973	1	0	0	6067	1955	94	28	-1	
4	1	973	1	1	0	6067	1955	94	28	-1	
5	1	973	1	1	1	6067	1967	27	12	80.811661	vee
5	1	973	1	1	2	6102	1955	59	28	0.000000	QI)-2%
2	1	974	0	0	0	6559	1951	59	19	-1	
3	1	974	1	0	0	6559	1951	59	19	-1	
4	1	974	1	1	0	6559	1951	59	19	-1	
5	1	974	1	1	1	6559	1951	59	19	62.646084	ry
2	1	975	0	0	0	7539	1970	80	14	-1	
3	1	975	1	0	0	7539	1970	80	14	-1	
4	1	975	1	1	0	7539	1970	80	14	-1	
5	1	975	1	1	1	7539	1970	80	14	96.239578	PLUNGER
2	1	976	0	0	0	1511	1986	46	13	-1	
3	1	976	1	0	0	1511	1986	46	13	-1	
4	1	976	1	1	0	1511	1986	46	13	-1	
5	1	976	1	1	1	1511	1986	46	13	82.430054	(3.3V)
2	1	977	0	0	0	1582	1973	48	14	-1	
3	1	977	1	0	0	1582	1973	48	14	-1	
4	1	977	1	1	0	1582	1973	48	14	-1	
5	1	977	1	1	1	1582	1973	48	14	48.746777	Q40!
2	1	978	0	0	0	2144	1982	67	13	-1	
3	1	978	1	0	0	2144	1982	67	13	-1	
4	1	978	1	1	0	2144	1982	67	13	-1	
5	1	978	1	1	1	2144	1982	67	13	37.706367	Oviov)
2	1	979	0	0	0	2294	1992	102	13	-1	
3	1	979	1	0	0	2294	1992	102	13	-1	
4	1	979	1	1	0	2294	1992	102	13	-1	
5	1	979	1	1	1	2294	1992	28	13	22.840508	P61
5	1	979	1	1	2	2329	1992	67	13	22.840508	(PAUSE)
2	1	980	0	0	0	2647	1922	70	76	-1	
3	1	980	1	0	0	2647	1922	70	76	-1	
4	1	980	1	1	0	2647	1922	70	76	-1	
5	1	980	1	1	1	2647	1922	70	76	58.953663	=
2	1	981	0	0	0	2724	1981	81	12	-1	
3	1	981	1	0	0	2724	1981	81	12	-1	
4	1	981	1	1	0	2724	1981	81	12	-1	
5	1	981	1	1	1	2724	1981	81	12	20.249031	4.9V(2.7V)
2	1	982	0	0	0	4431	1983	27	12	-1	
3	1	982	1	0	0	4431	1983	27	12	-1	
4	1	982	1	1	0	4431	1983	27	12	-1	
5	1	982	1	1	1	4431	1983	27	12	75.905266	{Qt
2	1	983	0	0	0	4665	1991	93	11	-1	
3	1	983	1	0	0	4665	1991	93	11	-1	
4	1	983	1	1	0	4665	1991	93	11	-1	
5	1	983	1	1	1	4665	1991	32	11	90.076744	Sms
5	1	983	1	1	2	4706	1991	52	11	0.000000	lv/Olv
2	1	984	0	0	0	4677	1974	35	14	-1	
3	1	984	1	0	0	4677	1974	35	14	-1	
4	1	984	1	1	0	4677	1974	35	14	-1	
5	1	984	1	1	1	4677	1974	35	14	96.349617	Play
2	1	985	0	0	0	4917	1997	7	9	-1	
3	1	985	1	0	0	4917	1997	7	9	-1	
4	1	985	1	1	0	4917	1997	7	9	-1	
5	1	985	1	1	1	4917	1997	7	9	34.225037	\s
2	1	986	0	0	0	5118	1927	145	63	-1	
3	1	986	1	0	0	5118	1927	145	63	-1	
4	1	986	1	1	0	5118	1927	145	63	-1	
5	1	986	1	1	1	5118	1931	15	59	76.707191	/
5	1	986	1	1	2	5148	1927	7	20	36.600399	*
5	1	986	1	1	3	5169	1963	58	12	0.000000	oeuaa
5	1	986	1	1	4	5232	1953	31	33	34.825363	@2)
2	1	987	0	0	0	5173	1984	86	23	-1	
3	1	987	1	0	0	5173	1984	86	23	-1	
4	1	987	1	1	0	5173	1984	86	23	-1	
5	1	987	1	1	1	5173	1987	55	13	90.508461	FLAGO
5	1	987	1	1	2	5236	1984	23	23	76.415298	3)
2	1	988	0	0	0	5363	1988	37	13	-1	
3	1	988	1	0	0	5363	1988	37	13	-1	
4	1	988	1	1	0	5363	1988	37	13	-1	
5	1	988	1	1	1	5363	1988	37	13	74.257103	(ov)
2	1	989	0	0	0	6119	1995	30	8	-1	
3	1	989	1	0	0	6119	1995	30	8	-1	
4	1	989	1	1	0	6119	1995	30	8	-1	
5	1	989	1	1	1	6119	1995	30	8	19.563026	mw.
2	1	990	0	0	0	6712	1983	47	15	-1	
3	1	990	1	0	0	6712	1983	47	15	-1	
4	1	990	1	1	0	6712	1983	47	15	-1	
5	1	990	1	1	1	6712	1983	47	15	68.406082	Q4il
2	1	991	0	0	0	6913	1981	49	15	-1	
3	1	991	1	0	0	6913	1981	49	15	-1	
4	1	991	1	1	0	6913	1981	49	15	-1	
5	1	991	1	1	1	6913	1981	49	15	26.219231	Q4il
2	1	992	0	0	0	7085	1985	30	12	-1	
3	1	992	1	0	0	7085	1985	30	12	-1	
4	1	992	1	1	0	7085	1985	30	12	-1	
5	1	992	1	1	1	7085	1985	30	12	61.898003	o2
2	1	993	0	0	0	7185	1907	109	101	-1	
3	1	993	1	0	0	7185	1907	109	101	-1	
4	1	993	1	1	0	7185	1907	109	101	-1	
5	1	993	1	1	1	7185	1907	109	101	48.640667	a
2	1	994	0	0	0	7295	1948	124	60	-1	
3	1	994	1	0	0	7295	1948	124	60	-1	
4	1	994	1	1	0	7295	1948	124	60	-1	
5	1	994	1	1	1	7295	1948	124	60	31.900429	mal
2	1	995	0	0	0	7421	1949	31	57	-1	
3	1	995	1	0	0	7421	1949	31	57	-1	
4	1	995	1	1	0	7421	1949	31	57	-1	
5	1	995	1	1	1	7421	1949	31	57	31.361206	a
2	1	996	0	0	0	1518	2004	33	12	-1	
3	1	996	1	0	0	1518	2004	33	12	-1	
4	1	996	1	1	0	1518	2004	33	12	-1	
5	1	996	1	1	1	1518	2004	33	12	83.086884	3.4V
2	1	997	0	0	0	2263	1987	22	22	-1	
3	1	997	1	0	0	2263	1987	22	22	-1	
4	1	997	1	1	0	2263	1987	22	22	-1	
5	1	997	1	1	1	2263	1987	22	22	94.006554	(36)
2	1	998	0	0	0	2294	2018	30	13	-1	
3	1	998	1	0	0	2294	2018	30	13	-1	
4	1	998	1	1	0	2294	2018	30	13	-1	
5	1	998	1	1	1	2294	2018	30	13	94.649361	DAC
2	1	999	0	0	0	2416	2018	93	13	-1	
3	1	999	1	0	0	2416	2018	93	13	-1	
4	1	999	1	1	0	2416	2018	93	13	-1	
5	1	999	1	1	1	2416	2018	93	13	78.950027	(CNTI)P33
2	1	1000	0	0	0	2416	1970	167	45	-1	
3	1	1000	1	0	0	2416	1970	167	45	-1	
4	1	1000	1	1	0	2416	1970	167	45	-1	
5	1	1000	1	1	1	2416	1991	97	14	13.369614	(STAT)P40
5	1	1000	1	1	2	2521	1970	62	45	40.187050	5)
2	1	1001	0	0	0	4397	2007	36	14	-1	
3	1	1001	1	0	0	4397	2007	36	14	-1	
4	1	1001	1	1	0	4397	2007	36	14	-1	
5	1	1001	1	1	1	4397	2007	36	14	85.699272	Play
2	1	1002	0	0	0	4417	1983	89	41	-1	
3	1	1002	1	0	0	4417	1983	89	41	-1	
4	1	1002	1	1	0	4417	1983	89	41	-1	
5	1	1002	1	1	1	4417	1983	89	41	41.910686	ap
2	1	1003	0	0	0	4529	1986	76	23	-1	
3	1	1003	1	0	0	4529	1986	76	23	-1	
4	1	1003	1	1	0	4529	1986	76	23	-1	
5	1	1003	1	1	1	4529	1986	23	23	68.975128	(83)
5	1	1003	1	1	2	4563	1992	42	13	26.099083	suBc
2	1	1004	0	0	0	4564	2018	20	12	-1	
3	1	1004	1	0	0	4564	2018	20	12	-1	
4	1	1004	1	1	0	4564	2018	20	12	-1	
5	1	1004	1	1	1	4564	2018	20	12	78.943451	RE
2	1	1005	0	0	0	5744	1995	53	14	-1	
3	1	1005	1	0	0	5744	1995	53	14	-1	
4	1	1005	1	1	0	5744	1995	53	14	-1	
5	1	1005	1	1	1	5744	1995	53	14	57.295460	(clot
2	1	1006	0	0	0	6119	2005	29	10	-1	
3	1	1006	1	0	0	6119	2005	29	10	-1	
4	1	1006	1	1	0	6119	2005	29	10	-1	
5	1	1006	1	1	1	6119	2005	29	10	47.331993	oN
2	1	1007	0	0	0	6711	2004	99	20	-1	
3	1	1007	1	0	0	6711	2004	99	20	-1	
4	1	1007	1	1	0	6711	2004	99	20	-1	
5	1	1007	1	1	1	6711	2004	99	20	81.836121	UN4114
2	1	1008	0	0	0	7024	2005	21	13	-1	
3	1	1008	1	0	0	7024	2005	21	13	-1	
4	1	1008	1	1	0	7024	2005	21	13	-1	
5	1	1008	1	1	1	7024	2005	21	13	29.579521	Sv
2	1	1009	0	0	0	7085	1996	30	13	-1	
3	1	1009	1	0	0	7085	1996	30	13	-1	
4	1	1009	1	1	0	7085	1996	30	13	-1	
5	1	1009	1	1	1	7085	1996	30	13	51.429352	of
2	1	1010	0	0	0	7085	2006	52	23	-1	
3	1	1010	1	0	0	7085	2006	52	23	-1	
4	1	1010	1	1	0	7085	2006	52	23	-1	
5	1	1010	1	1	1	7085	2006	52	23	12.950890	bee
2	1	1011	0	0	0	7424	1997	23	24	-1	
3	1	1011	1	0	0	7424	1997	23	24	-1	
4	1	1011	1	1	0	7424	1997	23	24	-1	
5	1	1011	1	1	1	7424	1997	23	24	63.522621	O
2	1	1012	0	0	0	1687	2025	20	12	-1	
3	1	1012	1	0	0	1687	2025	20	12	-1	
4	1	1012	1	1	0	1687	2025	20	12	-1	
5	1	1012	1	1	1	1687	2025	20	12	71.397095	Ov
2	1	1013	0	0	0	2131	2035	58	12	-1	
3	1	1013	1	0	0	2131	2035	58	12	-1	
4	1	1013	1	1	0	2131	2035	58	12	-1	
5	1	1013	1	1	1	2131	2035	58	12	41.188896	-32.8V
2	1	1014	0	0	0	2522	2013	48	31	-1	
3	1	1014	1	0	0	2522	2013	48	31	-1	
4	1	1014	1	1	0	2522	2013	48	31	-1	
5	1	1014	1	1	1	2522	2013	48	31	22.353409	i
2	1	1015	0	0	0	2666	2032	17	12	-1	
3	1	1015	1	0	0	2666	2032	17	12	-1	
4	1	1015	1	1	0	2666	2032	17	12	-1	
5	1	1015	1	1	1	2666	2032	17	12	40.078362	NV)
2	1	1016	0	0	0	4396	2024	51	11	-1	
3	1	1016	1	0	0	4396	2024	51	11	-1	
4	1	1016	1	1	0	4396	2024	51	11	-1	
5	1	1016	1	1	1	4396	2024	51	11	24.902351	13.5m8
2	1	1017	0	0	0	4674	2008	88	40	-1	
3	1	1017	1	0	0	4674	2008	88	40	-1	
4	1	1017	1	1	0	4674	2008	88	40	-1	
5	1	1017	1	1	1	4674	2008	88	40	88.823776	TT.
2	1	1018	0	0	0	4848	1998	92	50	-1	
3	1	1018	1	0	0	4848	1998	92	50	-1	
4	1	1018	1	1	0	4848	1998	92	50	-1	
5	1	1018	1	1	1	4848	1998	92	50	4.687462	aims
2	1	1019	0	0	0	4922	1943	70	102	-1	
3	1	1019	1	0	0	4922	1943	70	102	-1	
4	1	1019	1	1	0	4922	1943	70	102	-1	
5	1	1019	1	1	1	4922	1943	70	102	0.000000	n\
2	1	1020	0	0	0	4939	1908	9	141	-1	
3	1	1020	1	0	0	4939	1908	15	141	-1	
4	1	1020	1	1	0	4939	1908	9	141	-1	
5	1	1020	1	1	1	4939	1908	9	141	58.402748	3
2	1	1021	0	0	0	5172	2010	87	23	-1	
3	1	1021	1	0	0	5172	2010	87	23	-1	
4	1	1021	1	1	0	5172	2010	87	23	-1	
5	1	1021	1	1	1	5172	2014	56	14	49.147453	FLAG6
5	1	1021	1	1	2	5235	2006	27	31	20.441200	QA)
2	1	1022	0	0	0	5635	2011	21	41	-1	
3	1	1022	1	0	0	5635	2011	21	41	-1	
4	1	1022	1	1	0	5635	2011	21	41	-1	
5	1	1022	1	1	1	5635	2011	21	41	28.857895	i
2	1	1023	0	0	0	5741	2016	124	20	-1	
3	1	1023	1	0	0	5741	2016	124	20	-1	
4	1	1023	1	1	0	5741	2016	124	20	-1	
5	1	1023	1	1	1	5741	2016	124	20	91.171921	AN8370S
2	1	1024	0	0	0	6202	1999	123	37	-1	
3	1	1024	1	0	0	6202	1999	123	37	-1	
4	1	1024	1	1	0	6202	1999	123	37	-1	
5	1	1024	1	1	1	6202	1999	55	17	17.894051	bac
5	1	1024	1	1	2	6273	2003	52	33	17.894051	Tee
2	1	1025	0	0	0	2263	2039	58	23	-1	
3	1	1025	1	0	0	2263	2039	58	23	-1	
4	1	1025	1	1	0	2263	2039	58	23	-1	
5	1	1025	1	1	1	2263	2039	23	23	65.984230	68)
5	1	1025	1	1	2	2293	2045	28	12	81.965805	Ver
2	1	1026	0	0	0	2416	2045	94	14	-1	
3	1	1026	1	0	0	2416	2045	94	14	-1	
4	1	1026	1	1	0	2416	2045	94	14	-1	
5	1	1026	1	1	1	2416	2045	94	14	74.639427	(CNT2)P32
2	1	1027	0	0	0	2522	2039	62	37	-1	
3	1	1027	1	0	0	2522	2039	62	37	-1	
4	1	1027	1	1	0	2522	2039	62	37	-1	
5	1	1027	1	1	1	2522	2039	62	37	14.866501	Bou
2	1	1028	0	0	0	2652	2059	36	13	-1	
3	1	1028	1	0	0	2652	2059	36	13	-1	
4	1	1028	1	1	0	2652	2059	36	13	-1	
5	1	1028	1	1	1	2652	2059	36	13	75.865433	(Ov)
2	1	1029	0	0	0	3168	1973	462	92	-1	
3	1	1029	1	0	0	3168	1973	462	92	-1	
4	1	1029	1	1	0	3168	1973	462	92	-1	
5	1	1029	1	1	1	3168	1973	38	92	62.151260	il
5	1	1029	1	1	2	3237	2019	96	27	96.333076	Reset
5	1	1029	1	1	3	3345	2018	102	35	96.608292	signal
5	1	1029	1	1	4	3460	2018	170	35	96.740097	generator
2	1	1030	0	0	0	4530	2038	76	23	-1	
3	1	1030	1	0	0	4530	2038	76	23	-1	
4	1	1030	1	1	0	4530	2038	76	23	-1	
5	1	1030	1	1	1	4530	2038	23	23	49.425591	@!)
5	1	1030	1	1	2	4564	2044	42	12	90.542679	NSRF
2	1	1031	0	0	0	5197	2029	153	30	-1	
3	1	1031	1	0	0	5197	2029	153	30	-1	
4	1	1031	1	1	0	5197	2029	153	30	-1	
5	1	1031	1	1	1	5197	2036	62	23	51.732857	xk
5	1	1031	1	1	2	5273	2029	36	13	24.887978	22
5	1	1031	1	1	3	5338	2042	12	13	82.422287	g
2	1	1032	0	0	0	5835	2058	77	13	-1	
3	1	1032	1	0	0	5835	2058	77	13	-1	
4	1	1032	1	1	0	5835	2058	77	13	-1	
5	1	1032	1	1	1	5835	2058	77	13	21.660301	—+A—-5V
2	1	1033	0	0	0	5937	2058	5	12	-1	
3	1	1033	1	0	0	5937	2058	5	12	-1	
4	1	1033	1	1	0	5937	2058	5	12	-1	
5	1	1033	1	1	1	5937	2058	5	12	44.853901	»
2	1	1034	0	0	0	6799	2046	89	13	-1	
3	1	1034	1	0	0	6799	2046	89	13	-1	
4	1	1034	1	1	0	6799	2046	89	13	-1	
5	1	1034	1	1	1	6799	2046	89	13	33.002502	4.8V10.1V)
2	1	1035	0	0	0	6963	2030	61	49	-1	
3	1	1035	1	0	0	6963	2030	61	49	-1	
4	1	1035	1	1	0	6963	2030	61	49	-1	
5	1	1035	1	1	1	6963	2030	61	49	23.572189	Lt)
2	1	1036	0	0	0	1560	2039	114	56	-1	
3	1	1036	1	0	0	1560	2039	114	56	-1	
4	1	1036	1	1	0	1560	2039	114	56	-1	
5	1	1036	1	1	1	1560	2039	114	56	40.318138	wy
2	1	1037	0	0	0	2262	2065	51	23	-1	
3	1	1037	1	0	0	2262	2065	51	23	-1	
4	1	1037	1	1	0	2262	2065	51	23	-1	
5	1	1037	1	1	1	2262	2065	51	23	66.644348	(39)
5	1	1037	1	1	2	2295	2061	22	32	66.644348	00
2	1	1038	0	0	0	2416	2070	92	13	-1	
3	1	1038	1	0	0	2416	2070	92	13	-1	
4	1	1038	1	1	0	2416	2070	92	13	-1	
5	1	1038	1	1	1	2416	2070	92	13	45.407379	(CNT3)P31
2	1	1039	0	0	0	2650	2084	38	13	-1	
3	1	1039	1	0	0	2650	2084	38	13	-1	
4	1	1039	1	1	0	2650	2084	38	13	-1	
5	1	1039	1	1	1	2650	2084	38	13	70.897720	(OV)
2	1	1040	0	0	0	3499	2079	64	14	-1	
3	1	1040	1	0	0	3499	2079	64	14	-1	
4	1	1040	1	1	0	3499	2079	64	14	-1	
5	1	1040	1	1	1	3499	2079	64	14	55.546413	(C403,
2	1	1041	0	0	0	4564	2069	43	13	-1	
3	1	1041	1	0	0	4564	2069	43	13	-1	
4	1	1041	1	1	0	4564	2069	43	13	-1	
5	1	1041	1	1	1	4564	2069	43	13	89.336517	SRFO
2	1	1042	0	0	0	4810	1944	40	137	-1	
3	1	1042	1	0	0	4810	1944	40	137	-1	
4	1	1042	1	1	0	4810	1944	40	137	-1	
5	1	1042	1	1	1	4810	1944	40	137	0.000000	:
2	1	1043	0	0	0	4973	2051	75	42	-1	
3	1	1043	1	0	0	4973	2051	75	42	-1	
4	1	1043	1	1	0	4973	2051	75	42	-1	
5	1	1043	1	1	1	4973	2051	75	42	80.746017	MM;
2	1	1044	0	0	0	5167	2062	92	23	-1	
3	1	1044	1	0	0	5167	2062	92	23	-1	
4	1	1044	1	1	0	5167	2062	92	23	-1	
5	1	1044	1	1	1	5167	2066	60	13	71.582214	SROATA
5	1	1044	1	1	2	5236	2062	23	23	54.641720	(6)
2	1	1045	0	0	0	6842	2089	38	13	-1	
3	1	1045	1	0	0	6842	2089	38	13	-1	
4	1	1045	1	1	0	6842	2089	38	13	-1	
5	1	1045	1	1	1	6842	2089	38	13	62.038651	c4l2
2	1	1046	0	0	0	7022	2090	32	13	-1	
3	1	1046	1	0	0	7022	2090	32	13	-1	
4	1	1046	1	1	0	7022	2090	32	13	-1	
5	1	1046	1	1	1	7022	2090	32	13	50.335281	-8V
2	1	1047	0	0	0	7692	2091	55	11	-1	
3	1	1047	1	0	0	7692	2091	55	11	-1	
4	1	1047	1	1	0	7692	2091	55	11	-1	
5	1	1047	1	1	1	7692	2091	55	11	31.283676	13.5ms
2	1	1048	0	0	0	1963	2051	41	77	-1	
3	1	1048	1	0	0	1963	2051	41	77	-1	
4	1	1048	1	1	0	1963	2051	41	77	-1	
5	1	1048	1	1	1	1963	2051	41	77	77.437836	ll
2	1	1049	0	0	0	2263	2090	46	23	-1	
3	1	1049	1	0	0	2263	2090	46	23	-1	
4	1	1049	1	1	0	2263	2090	46	23	-1	
5	1	1049	1	1	1	2263	2090	46	23	67.645164	(40)
5	1	1049	1	1	2	2294	2086	18	33	67.645164	D1
2	1	1050	0	0	0	2416	2095	96	15	-1	
3	1	1050	1	0	0	2416	2095	96	15	-1	
4	1	1050	1	1	0	2416	2095	96	15	-1	
5	1	1050	1	1	1	2416	2095	51	13	74.692284	(CNT4
5	1	1050	1	1	2	2476	2091	40	26	6.690598	P30.
2	1	1051	0	0	0	2522	2078	62	36	-1	
3	1	1051	1	0	0	2522	2078	62	36	-1	
4	1	1051	1	1	0	2522	2078	62	36	-1	
5	1	1051	1	1	1	2522	2078	62	36	20.438843	ese
2	1	1052	0	0	0	2650	2113	72	13	-1	
3	1	1052	1	0	0	2650	2113	72	13	-1	
4	1	1052	1	1	0	2650	2113	72	13	-1	
5	1	1052	1	1	1	2650	2113	72	13	21.247391	4.9ViOV)
2	1	1053	0	0	0	3499	2101	143	20	-1	
3	1	1053	1	0	0	3499	2101	143	20	-1	
4	1	1053	1	1	0	3499	2101	143	20	-1	
5	1	1053	1	1	1	3499	2101	143	20	79.213821	MNI280-R
2	1	1054	0	0	0	4563	2096	54	12	-1	
3	1	1054	1	0	0	4563	2096	54	12	-1	
4	1	1054	1	1	0	4563	2096	54	12	-1	
5	1	1054	1	1	1	4563	2096	54	12	92.453331	BSSEL
2	1	1055	0	0	0	4847	2109	9	11	-1	
3	1	1055	1	0	0	4847	2109	9	11	-1	
4	1	1055	1	1	0	4847	2109	9	11	-1	
5	1	1055	1	1	1	4847	2109	9	11	82.931389	°
2	1	1056	0	0	0	4972	2099	55	16	-1	
3	1	1056	1	0	0	4972	2099	55	16	-1	
4	1	1056	1	1	0	4972	2099	55	16	-1	
5	1	1056	1	1	1	4972	2099	55	16	66.740311	O.23ps
2	1	1057	0	0	0	5156	2093	73	12	-1	
3	1	1057	1	0	0	5156	2093	73	12	-1	
4	1	1057	1	1	0	5156	2093	73	12	-1	
5	1	1057	1	1	1	5156	2093	73	12	87.181938	SRDATAX
2	1	1058	0	0	0	5276	2110	30	12	-1	
3	1	1058	1	0	0	5276	2110	30	12	-1	
4	1	1058	1	1	0	5276	2110	30	12	-1	
5	1	1058	1	1	1	5276	2110	30	12	46.221405	Lav
2	1	1059	0	0	0	6488	2096	12	17	-1	
3	1	1059	1	0	0	6488	2096	12	17	-1	
4	1	1059	1	1	0	6488	2096	12	17	-1	
5	1	1059	1	1	1	6488	2096	12	17	90.942696	d
2	1	1060	0	0	0	6551	2096	94	17	-1	
3	1	1060	1	0	0	6551	2096	94	17	-1	
4	1	1060	1	1	0	6551	2096	94	17	-1	
5	1	1060	1	1	1	6551	2096	94	17	91.910477	fbeac
2	1	1061	0	0	0	7023	2108	49	13	-1	
3	1	1061	1	0	0	7023	2108	49	13	-1	
4	1	1061	1	1	0	7023	2108	49	13	-1	
5	1	1061	1	1	1	7023	2108	49	13	84.332832	(4.8V)
2	1	1062	0	0	0	7777	2115	8	11	-1	
3	1	1062	1	0	0	7777	2115	8	11	-1	
4	1	1062	1	1	0	7777	2115	8	11	-1	
5	1	1062	1	1	1	7777	2115	8	11	55.592789	5
2	1	1063	0	0	0	365	2077	190	55	-1	
3	1	1063	1	0	0	365	2077	190	55	-1	
4	1	1063	1	1	0	365	2077	190	55	-1	
5	1	1063	1	1	1	365	2077	56	55	47.822021	EJ
5	1	1063	1	1	2	447	2090	108	28	12.106155	Fceo3
2	1	1064	0	0	0	2263	2118	50	22	-1	
3	1	1064	1	0	0	2263	2118	50	22	-1	
4	1	1064	1	1	0	2263	2118	50	22	-1	
5	1	1064	1	1	1	2263	2118	50	22	91.266983	(41)
5	1	1064	1	1	2	2296	2114	22	35	58.165417	D2
2	1	1065	0	0	0	2425	2124	85	13	-1	
3	1	1065	1	0	0	2425	2124	85	13	-1	
4	1	1065	1	1	0	2425	2124	85	13	-1	
5	1	1065	1	1	1	2425	2124	42	13	12.173813	(FWD
5	1	1065	1	1	2	2473	2124	37	13	12.173813	)P23
2	1	1066	0	0	0	2651	2137	71	13	-1	
3	1	1066	1	0	0	2651	2137	71	13	-1	
4	1	1066	1	1	0	2651	2137	71	13	-1	
5	1	1066	1	1	1	2651	2137	71	13	46.104240	4.9V(0V)
2	1	1067	0	0	0	3221	2135	94	13	-1	
3	1	1067	1	0	0	3221	2135	94	13	-1	
4	1	1067	1	1	0	3221	2135	94	13	-1	
5	1	1067	1	1	1	3221	2135	49	13	67.031189	(4.9V)
5	1	1067	1	1	2	3277	2136	38	12	67.031189	4.9V
2	1	1068	0	0	0	4019	2137	28	10	-1	
3	1	1068	1	0	0	4019	2137	28	10	-1	
4	1	1068	1	1	0	4019	2137	28	10	-1	
5	1	1068	1	1	1	4019	2137	28	10	55.910854	bey
2	1	1069	0	0	0	4459	2112	134	28	-1	
3	1	1069	1	0	0	4459	2112	134	28	-1	
4	1	1069	1	1	0	4459	2112	134	28	-1	
5	1	1069	1	1	1	4459	2112	63	13	23.005562	3V(2.4V)
5	1	1069	1	1	2	4530	2117	23	23	7.054321	(Fe)
5	1	1069	1	1	3	4562	2121	31	13	78.799454	FPC
2	1	1070	0	0	0	4627	2116	97	14	-1	
3	1	1070	1	0	0	4627	2116	97	14	-1	
4	1	1070	1	1	0	4627	2116	97	14	-1	
5	1	1070	1	1	1	4627	2116	37	14	92.843452	Play
5	1	1070	1	1	2	4677	2116	47	11	38.406052	138ps
2	1	1071	0	0	0	5185	2119	41	13	-1	
3	1	1071	1	0	0	5185	2119	41	13	-1	
4	1	1071	1	1	0	5185	2119	41	13	-1	
5	1	1071	1	1	1	5185	2119	41	13	92.603378	SRCK
2	1	1072	0	0	0	5609	2124	49	13	-1	
3	1	1072	1	0	0	5609	2124	49	13	-1	
4	1	1072	1	1	0	5609	2124	49	13	-1	
5	1	1072	1	1	1	5609	2124	5	12	87.887718	4
5	1	1072	1	1	2	5636	2124	22	13	58.965549	SV
2	1	1073	0	0	0	5685	2123	5	13	-1	
3	1	1073	1	0	0	5685	2123	5	13	-1	
4	1	1073	1	1	0	5685	2123	5	13	-1	
5	1	1073	1	1	1	5685	2123	5	13	27.603439	b
2	1	1074	0	0	0	6839	2106	45	26	-1	
3	1	1074	1	0	0	6839	2106	45	26	-1	
4	1	1074	1	1	0	6839	2106	45	26	-1	
5	1	1074	1	1	1	6839	2106	45	26	52.059078	tevio
2	1	1075	0	0	0	7079	2137	46	13	-1	
3	1	1075	1	0	0	7079	2137	46	13	-1	
4	1	1075	1	1	0	7079	2137	46	13	-1	
5	1	1075	1	1	1	7079	2137	46	13	4.638069	(-37V
2	1	1076	0	0	0	7606	2127	41	12	-1	
3	1	1076	1	0	0	7606	2127	41	12	-1	
4	1	1076	1	1	0	7606	2127	41	12	-1	
5	1	1076	1	1	1	7606	2127	41	12	65.723099	suBc
2	1	1077	0	0	0	1085	2144	42	17	-1	
3	1	1077	1	0	0	1085	2144	42	17	-1	
4	1	1077	1	1	0	1085	2144	42	17	-1	
5	1	1077	1	1	1	1085	2144	42	17	81.974762	+-
5	1	1077	1	1	2	1114	2140	17	31	64.507881	P
2	1	1078	0	0	0	1603	2150	54	15	-1	
3	1	1078	1	0	0	1603	2150	54	15	-1	
4	1	1078	1	1	0	1603	2150	54	15	-1	
5	1	1078	1	1	1	1603	2150	54	15	87.557922	Q402
2	1	1079	0	0	0	2262	2144	51	22	-1	
3	1	1079	1	0	0	2262	2144	51	22	-1	
4	1	1079	1	1	0	2262	2144	51	22	-1	
5	1	1079	1	1	1	2262	2144	51	22	80.760719	42)
5	1	1079	1	1	2	2296	2140	22	31	95.195419	03
2	1	1080	0	0	0	2426	2148	85	13	-1	
3	1	1080	1	0	0	2426	2148	85	13	-1	
4	1	1080	1	1	0	2426	2148	85	13	-1	
5	1	1080	1	1	1	2426	2148	41	13	87.947052	(REV
5	1	1080	1	1	2	2474	2148	37	13	86.222244	)P22
2	1	1081	0	0	0	2522	2130	62	29	-1	
3	1	1081	1	0	0	2522	2130	62	29	-1	
4	1	1081	1	1	0	2522	2130	62	29	-1	
5	1	1081	1	1	1	2522	2130	62	29	0.000000	o—|
2	1	1082	0	0	0	2654	2163	85	12	-1	
3	1	1082	1	0	0	2654	2163	85	12	-1	
4	1	1082	1	1	0	2654	2163	85	12	-1	
5	1	1082	1	1	1	2654	2163	85	12	0.000000	4.8Vi0.1V)
2	1	1083	0	0	0	3192	2069	16	85	-1	
3	1	1083	1	0	0	3192	2069	16	85	-1	
4	1	1083	1	1	0	3192	2069	16	85	-1	
5	1	1083	1	1	1	3192	2069	16	85	80.727341	|
2	1	1084	0	0	0	4019	2160	28	15	-1	
3	1	1084	1	0	0	4019	2160	28	15	-1	
4	1	1084	1	1	0	4019	2160	28	15	-1	
5	1	1084	1	1	1	4019	2160	28	15	62.216724	at
2	1	1085	0	0	0	4019	2147	28	11	-1	
3	1	1085	1	0	0	4019	2147	28	11	-1	
4	1	1085	1	1	0	4019	2147	28	11	-1	
5	1	1085	1	1	1	4019	2147	28	11	68.819290	or
2	1	1086	0	0	0	4374	2159	97	15	-1	
3	1	1086	1	0	0	4374	2159	97	15	-1	
4	1	1086	1	1	0	4374	2159	97	15	-1	
5	1	1086	1	1	1	4374	2159	97	15	13.501015	R3091LO6
2	1	1087	0	0	0	4440	2154	30	9	-1	
3	1	1087	1	0	0	4440	2154	30	9	-1	
4	1	1087	1	1	0	4440	2154	30	9	-1	
5	1	1087	1	1	1	4440	2154	30	9	73.574341	oo
2	1	1088	0	0	0	4531	2143	72	22	-1	
3	1	1088	1	0	0	4531	2143	72	22	-1	
4	1	1088	1	1	0	4531	2143	72	22	-1	
5	1	1088	1	1	1	4531	2143	23	22	73.832283	(7)
5	1	1088	1	1	2	4562	2148	41	13	60.198284	cLvs
2	1	1089	0	0	0	4637	2114	80	60	-1	
3	1	1089	1	0	0	4637	2114	80	60	-1	
4	1	1089	1	1	0	4637	2114	80	60	-1	
5	1	1089	1	1	1	4637	2114	80	60	78.665382	TT"
2	1	1090	0	0	0	4716	2161	10	11	-1	
3	1	1090	1	0	0	4716	2161	10	11	-1	
4	1	1090	1	1	0	4716	2161	10	11	-1	
5	1	1090	1	1	1	4716	2161	10	11	81.028374	°
2	1	1091	0	0	0	4760	2124	94	29	-1	
3	1	1091	1	0	0	4760	2124	94	29	-1	
4	1	1091	1	1	0	4760	2124	94	29	-1	
5	1	1091	1	1	1	4760	2124	31	29	86.109245	sms
5	1	1091	1	1	2	4800	2127	54	25	0.000000	3v/01V
2	1	1092	0	0	0	5182	2140	77	23	-1	
3	1	1092	1	0	0	5182	2140	77	23	-1	
4	1	1092	1	1	0	5182	2140	77	23	-1	
5	1	1092	1	1	1	5182	2136	43	31	46.793293	WOCK
5	1	1092	1	1	2	5232	2136	32	31	77.643829	(9)
2	1	1093	0	0	0	5942	2153	32	13	-1	
3	1	1093	1	0	0	5942	2153	32	13	-1	
4	1	1093	1	1	0	5942	2153	32	13	-1	
5	1	1093	1	1	1	5942	2153	32	13	65.300598	37V
2	1	1094	0	0	0	6777	2162	28	12	-1	
3	1	1094	1	0	0	6777	2162	28	12	-1	
4	1	1094	1	1	0	6777	2162	28	12	-1	
5	1	1094	1	1	1	6777	2162	28	12	54.850674	py
2	1	1095	0	0	0	7092	2154	20	13	-1	
3	1	1095	1	0	0	7092	2154	20	13	-1	
4	1	1095	1	1	0	7092	2154	20	13	-1	
5	1	1095	1	1	1	7092	2154	20	13	26.084404	BV
2	1	1096	0	0	0	7605	2144	52	12	-1	
3	1	1096	1	0	0	7605	2144	52	12	-1	
4	1	1096	1	1	0	7605	2144	52	12	-1	
5	1	1096	1	1	1	7605	2144	52	12	89.870010	BLKCK
2	1	1097	0	0	0	7667	2117	104	54	-1	
3	1	1097	1	0	0	7667	2117	104	54	-1	
4	1	1097	1	1	0	7667	2117	104	54	-1	
5	1	1097	1	1	1	7667	2117	104	54	53.992954	tl
2	1	1098	0	0	0	7775	2163	10	11	-1	
3	1	1098	1	0	0	7775	2163	10	11	-1	
4	1	1098	1	1	0	7775	2163	10	11	-1	
5	1	1098	1	1	1	7775	2163	10	11	65.253670	°
2	1	1099	0	0	0	366	2153	318	38	-1	
3	1	1099	1	0	0	366	2153	318	38	-1	
4	1	1099	1	1	0	366	2153	318	38	-1	
5	1	1099	1	1	1	366	2153	185	34	93.249504	(Operation
5	1	1099	1	1	2	567	2155	117	36	88.001320	P.C.B.)
2	1	1100	0	0	0	1085	2174	41	17	-1	
3	1	1100	1	0	0	1085	2174	41	17	-1	
4	1	1100	1	1	0	1085	2174	41	17	-1	
5	1	1100	1	1	1	1085	2178	15	7	30.302513	T
5	1	1100	1	1	2	1114	2174	12	17	89.162216	4
2	1	1101	0	0	0	1521	2151	46	30	-1	
3	1	1101	1	0	0	1521	2151	46	30	-1	
4	1	1101	1	1	0	1521	2151	46	30	-1	
5	1	1101	1	1	1	1521	2151	46	30	21.487221	Sv
2	1	1102	0	0	0	2263	2169	50	23	-1	
3	1	1102	1	0	0	2263	2169	50	23	-1	
4	1	1102	1	1	0	2263	2169	50	23	-1	
5	1	1102	1	1	1	2263	2169	50	23	0.000000	43)
5	1	1102	1	1	2	2294	2165	23	33	0.000000	04
2	1	1103	0	0	0	2427	2170	117	22	-1	
3	1	1103	1	0	0	2427	2170	117	22	-1	
4	1	1103	1	1	0	2427	2170	117	22	-1	
5	1	1103	1	1	1	2427	2175	81	13	39.538139	(PLAIP21
5	1	1103	1	1	2	2522	2170	22	22	48.334633	2)
2	1	1104	0	0	0	3243	2176	29	8	-1	
3	1	1104	1	0	0	3243	2176	29	8	-1	
4	1	1104	1	1	0	3243	2176	29	8	-1	
5	1	1104	1	1	1	3243	2176	29	8	38.374790	on
2	1	1105	0	0	0	4530	2169	53	23	-1	
3	1	1105	1	0	0	4530	2169	53	23	-1	
4	1	1105	1	1	0	4530	2169	53	23	-1	
5	1	1105	1	1	1	4530	2169	53	23	91.806488	(76)
5	1	1105	1	1	2	4567	2165	20	33	71.108391	Do
2	1	1106	0	0	0	4817	2166	63	14	-1	
3	1	1106	1	0	0	4817	2166	63	14	-1	
4	1	1106	1	1	0	4817	2166	63	14	-1	
5	1	1106	1	1	1	4817	2166	63	14	51.888077	1c302
2	1	1107	0	0	0	5175	2172	53	13	-1	
3	1	1107	1	0	0	5175	2172	53	13	-1	
4	1	1107	1	1	0	5175	2172	53	13	-1	
5	1	1107	1	1	1	5175	2172	53	13	92.308777	BYTCK
2	1	1108	0	0	0	6777	2184	28	13	-1	
3	1	1108	1	0	0	6777	2184	28	13	-1	
4	1	1108	1	1	0	6777	2184	28	13	-1	
5	1	1108	1	1	1	6777	2184	28	13	61.381805	=n.
2	1	1109	0	0	0	6777	2174	28	13	-1	
3	1	1109	1	0	0	6777	2174	28	13	-1	
4	1	1109	1	1	0	6777	2174	28	13	-1	
5	1	1109	1	1	1	6777	2174	28	13	35.314095	3
2	1	1110	0	0	0	1114	2198	27	22	-1	
3	1	1110	1	0	0	1114	2198	27	22	-1	
4	1	1110	1	1	0	1114	2198	27	22	-1	
5	1	1110	1	1	1	1114	2198	27	22	0.000000	r)
2	1	1111	0	0	0	1640	2190	75	12	-1	
3	1	1111	1	0	0	1640	2190	75	12	-1	
4	1	1111	1	1	0	1640	2190	75	12	-1	
5	1	1111	1	1	1	1640	2190	75	12	80.280090	4.9V(0V)
2	1	1112	0	0	0	1885	2132	171	74	-1	
3	1	1112	1	0	0	1885	2132	171	74	-1	
4	1	1112	1	1	0	1885	2132	171	74	-1	
5	1	1112	1	1	1	1885	2132	171	74	35.393639	nile
2	1	1113	0	0	0	2263	2195	50	23	-1	
3	1	1113	1	0	0	2263	2195	50	23	-1	
4	1	1113	1	1	0	2263	2195	50	23	-1	
5	1	1113	1	1	1	2263	2195	50	23	76.156784	44)
5	1	1113	1	1	2	2293	2191	22	32	76.156784	05
2	1	1114	0	0	0	2419	2195	125	23	-1	
3	1	1114	1	0	0	2419	2195	125	23	-1	
4	1	1114	1	1	0	2419	2195	125	23	-1	
5	1	1114	1	1	1	2419	2201	92	13	79.976624	(SEEK)P20
5	1	1114	1	1	2	2521	2195	23	23	43.692055	QI)
2	1	1115	0	0	0	2653	2189	85	13	-1	
3	1	1115	1	0	0	2653	2189	85	13	-1	
4	1	1115	1	1	0	2653	2189	85	13	-1	
5	1	1115	1	1	1	2653	2189	85	13	35.563515	4.9V(4.8V)
2	1	1116	0	0	0	2692	2210	90	13	-1	
3	1	1116	1	0	0	2692	2210	90	13	-1	
4	1	1116	1	1	0	2692	2210	90	13	-1	
5	1	1116	1	1	1	2692	2210	42	13	95.624840	R409
5	1	1116	1	1	2	2747	2211	35	12	92.884323	4.7K
2	1	1117	0	0	0	3244	2199	30	11	-1	
3	1	1117	1	0	0	3244	2199	30	11	-1	
4	1	1117	1	1	0	3244	2199	30	11	-1	
5	1	1117	1	1	1	3244	2199	30	11	23.017242	zo
2	1	1118	0	0	0	4374	2176	79	26	-1	
3	1	1118	1	0	0	4374	2176	79	26	-1	
4	1	1118	1	1	0	4374	2176	79	26	-1	
5	1	1118	1	1	1	4374	2177	36	13	89.665131	100K
5	1	1118	1	1	2	4420	2176	33	26	76.714005	Ts
2	1	1119	0	0	0	4529	2194	63	23	-1	
3	1	1119	1	0	0	4529	2194	63	23	-1	
4	1	1119	1	1	0	4529	2194	63	23	-1	
5	1	1119	1	1	1	4529	2194	24	23	91.759895	(75)
5	1	1119	1	1	2	4562	2200	30	13	90.174667	SRF
2	1	1120	0	0	0	4815	2187	126	20	-1	
3	1	1120	1	0	0	4815	2187	126	20	-1	
4	1	1120	1	1	0	4815	2187	126	20	-1	
5	1	1120	1	1	1	4815	2187	126	20	46.084892	MN6617S
2	1	1121	0	0	0	5128	2193	8	12	-1	
3	1	1121	1	0	0	5128	2193	8	12	-1	
4	1	1121	1	1	0	5128	2193	8	12	-1	
5	1	1121	1	1	1	5128	2193	8	12	81.804070	5
2	1	1122	0	0	0	5197	2198	32	12	-1	
3	1	1122	1	0	0	5197	2198	32	12	-1	
4	1	1122	1	1	0	5197	2198	32	12	-1	
5	1	1122	1	1	1	5197	2198	32	12	87.512512	GNO
2	1	1123	0	0	0	5707	2210	28	12	-1	
3	1	1123	1	0	0	5707	2210	28	12	-1	
4	1	1123	1	1	0	5707	2210	28	12	-1	
5	1	1123	1	1	1	5707	2210	28	12	0.000000	FJ
2	1	1124	0	0	0	5769	2187	89	16	-1	
3	1	1124	1	0	0	5769	2187	89	16	-1	
4	1	1124	1	1	0	5769	2187	89	16	-1	
5	1	1124	1	1	1	5769	2187	63	16	83.636703	TJ306
5	1	1124	1	1	2	5851	2194	7	7	62.314266	Fe
2	1	1125	0	0	0	5957	2190	69	13	-1	
3	1	1125	1	0	0	5957	2190	69	13	-1	
4	1	1125	1	1	0	5957	2190	69	13	-1	
5	1	1125	1	1	1	5957	2190	41	13	93.066101	C307
5	1	1125	1	1	2	6008	2191	18	12	69.759094	0.1
2	1	1126	0	0	0	6071	2173	101	40	-1	
3	1	1126	1	0	0	6071	2173	101	40	-1	
4	1	1126	1	1	0	6071	2173	101	40	-1	
5	1	1126	1	1	1	6071	2173	34	40	78.500336	\
5	1	1126	1	1	2	6117	2195	55	16	9.062050	U.35ps
2	1	1127	0	0	0	6775	2211	34	13	-1	
3	1	1127	1	0	0	6775	2211	34	13	-1	
4	1	1127	1	1	0	6775	2211	34	13	-1	
5	1	1127	1	1	1	6771	2207	12	26	70.091751	7,
5	1	1127	1	1	2	6789	2211	20	13	31.163231	SVC
2	1	1128	0	0	0	6813	2133	203	85	-1	
3	1	1128	1	0	0	6813	2133	203	85	-1	
4	1	1128	1	1	0	6813	2133	203	85	-1	
5	1	1128	1	1	1	6813	2133	203	85	43.093361	—
2	1	1129	0	0	0	7143	2210	30	11	-1	
3	1	1129	1	0	0	7143	2210	30	11	-1	
4	1	1129	1	1	0	7143	2210	30	11	-1	
5	1	1129	1	1	1	7143	2210	30	11	42.059975	28
2	1	1130	0	0	0	716	2180	11	46	-1	
3	1	1130	1	0	0	716	2180	11	46	-1	
4	1	1130	1	1	0	716	2180	11	46	-1	
5	1	1130	1	1	1	716	2180	11	46	87.212234	\
2	1	1131	0	0	0	1574	2188	52	46	-1	
3	1	1131	1	0	0	1574	2188	52	46	-1	
4	1	1131	1	1	0	1574	2188	52	46	-1	
5	1	1131	1	1	1	1574	2188	52	46	0.835953	ce,
2	1	1132	0	0	0	2103	2223	48	13	-1	
3	1	1132	1	0	0	2103	2223	48	13	-1	
4	1	1132	1	1	0	2103	2223	48	13	-1	
5	1	1132	1	1	1	2103	2223	48	13	90.004837	3.9ms
2	1	1133	0	0	0	2263	2222	50	23	-1	
3	1	1133	1	0	0	2263	2222	50	23	-1	
4	1	1133	1	1	0	2263	2222	50	23	-1	
5	1	1133	1	1	1	2263	2222	50	23	74.627304	45)
5	1	1133	1	1	2	2296	2218	19	32	94.058632	06
2	1	1134	0	0	0	2587	2208	58	25	-1	
3	1	1134	1	0	0	2587	2208	58	25	-1	
4	1	1134	1	1	0	2587	2208	58	25	-1	
5	1	1134	1	1	1	2587	2208	58	25	52.166382	Bae
2	1	1135	0	0	0	2828	2068	84	165	-1	
3	1	1135	1	0	0	2828	2068	84	165	-1	
4	1	1135	1	1	0	2828	2068	84	165	-1	
5	1	1135	1	1	1	2828	2068	84	165	0.305161	:
2	1	1136	0	0	0	4477	2216	119	28	-1	
3	1	1136	1	0	0	4477	2216	119	28	-1	
4	1	1136	1	1	0	4477	2216	119	28	-1	
5	1	1136	1	1	1	4477	2225	5	6	3.574127	LLB
5	1	1136	1	1	2	4534	2212	23	37	3.574127	Te)
5	1	1136	1	1	3	4562	2227	34	12	38.779301	CFM
2	1	1137	0	0	0	5199	2218	96	28	-1	
3	1	1137	1	0	0	5199	2218	96	28	-1	
4	1	1137	1	1	0	5199	2218	96	28	-1	
5	1	1137	1	1	1	5199	2214	30	36	0.000000	R/IL
5	1	1137	1	1	2	5236	2234	59	12	0.000000	Gay
2	1	1138	0	0	0	5302	2128	48	108	-1	
3	1	1138	1	0	0	5302	2128	48	108	-1	
4	1	1138	1	1	0	5302	2128	48	108	-1	
5	1	1138	1	1	1	5302	2128	48	108	26.261162	|
2	1	1139	0	0	0	5558	2194	95	41	-1	
3	1	1139	1	0	0	5558	2194	95	41	-1	
4	1	1139	1	1	0	5558	2194	95	41	-1	
5	1	1139	1	1	1	5558	2194	95	41	7.247124	16.9344MHz
2	1	1140	0	0	0	6297	2235	27	13	-1	
3	1	1140	1	0	0	6297	2235	27	13	-1	
4	1	1140	1	1	0	6297	2235	27	13	-1	
5	1	1140	1	1	1	6297	2235	27	13	52.340439	Ba:
2	1	1141	0	0	0	6718	2226	30	14	-1	
3	1	1141	1	0	0	6718	2226	30	14	-1	
4	1	1141	1	1	0	6718	2226	30	14	-1	
5	1	1141	1	1	1	6718	2226	30	14	52.492870	ae
2	1	1142	0	0	0	6780	2229	20	12	-1	
3	1	1142	1	0	0	6780	2229	20	12	-1	
4	1	1142	1	1	0	6780	2229	20	12	-1	
5	1	1142	1	1	1	6780	2229	20	12	54.833153	7.6)
2	1	1143	0	0	0	7601	2231	61	11	-1	
3	1	1143	1	0	0	7601	2231	61	11	-1	
4	1	1143	1	1	0	7601	2231	61	11	-1	
5	1	1143	1	1	1	7601	2231	61	11	40.878654	(aiams
2	1	1144	0	0	0	7607	2213	51	12	-1	
3	1	1144	1	0	0	7607	2213	51	12	-1	
4	1	1144	1	1	0	7607	2213	51	12	-1	
5	1	1144	1	1	1	7607	2213	51	12	91.666611	CLOCK
2	1	1145	0	0	0	906	2245	53	13	-1	
3	1	1145	1	0	0	906	2245	53	13	-1	
4	1	1145	1	1	0	906	2245	53	13	-1	
5	1	1145	1	1	1	906	2245	53	13	37.940784	CN405
2	1	1146	0	0	0	2263	2248	50	18	-1	
3	1	1146	1	0	0	2263	2248	50	18	-1	
4	1	1146	1	1	0	2263	2248	50	18	-1	
5	1	1146	1	1	1	2263	2248	50	18	76.479614	(46)
5	1	1146	1	1	2	2296	2244	19	32	76.479614	07
2	1	1147	0	0	0	2408	2247	137	23	-1	
3	1	1147	1	0	0	2408	2247	137	23	-1	
4	1	1147	1	1	0	2408	2247	137	23	-1	
5	1	1147	1	1	1	2408	2252	105	13	60.803833	(CLOCK)SBT
5	1	1147	1	1	2	2522	2247	23	23	67.293457	(9)
2	1	1148	0	0	0	2417	2217	131	38	-1	
3	1	1148	1	0	0	2417	2217	131	38	-1	
4	1	1148	1	1	0	2417	2217	131	38	-1	
5	1	1148	1	1	1	2417	2218	101	37	23.417091	(suBQ)5BD
5	1	1148	1	1	2	2522	2217	26	32	19.281891	ed
2	1	1149	0	0	0	2652	2239	79	15	-1	
3	1	1149	1	0	0	2652	2239	79	15	-1	
4	1	1149	1	1	0	2652	2239	79	15	-1	
5	1	1149	1	1	1	2652	2235	33	25	73.439224	4.av
5	1	1149	1	1	2	2693	2239	38	12	92.241974	R410
2	1	1150	0	0	0	2760	2238	20	13	-1	
3	1	1150	1	0	0	2760	2238	20	13	-1	
4	1	1150	1	1	0	2760	2238	20	13	-1	
5	1	1150	1	1	1	2760	2238	20	13	95.819191	7K
2	1	1151	0	0	0	3719	2249	53	13	-1	
3	1	1151	1	0	0	3719	2249	53	13	-1	
4	1	1151	1	1	0	3719	2249	53	13	-1	
5	1	1151	1	1	1	3719	2243	15	28	73.340759	4+
5	1	1151	1	1	2	3750	2250	22	12	59.533852	5V
2	1	1152	0	0	0	4367	2229	96	37	-1	
3	1	1152	1	0	0	4367	2229	96	37	-1	
4	1	1152	1	1	0	4367	2229	96	37	-1	
5	1	1152	1	1	1	4367	2229	96	37	0.000000	Piss01
2	1	1153	0	0	0	4563	2252	38	13	-1	
3	1	1153	1	0	0	4563	2252	38	13	-1	
4	1	1153	1	1	0	4563	2252	38	13	-1	
5	1	1153	1	1	1	4563	2253	28	12	42.198563	Voo
5	1	1153	1	1	2	4597	2252	4	13	42.198563	(
2	1	1154	0	0	0	4598	2215	317	54	-1	
3	1	1154	1	0	0	4598	2215	317	54	-1	
4	1	1154	1	1	0	4598	2215	317	54	-1	
5	1	1154	1	1	1	4598	2223	89	46	40.829765	=a
5	1	1154	1	1	2	4814	2219	32	29	1.640388	sys
5	1	1154	1	1	3	4849	2215	53	39	0.000000	tv/oiv
5	1	1154	1	1	4	4907	2245	8	11	91.839546	3
2	1	1155	0	0	0	5185	2250	43	12	-1	
3	1	1155	1	0	0	5185	2250	43	12	-1	
4	1	1155	1	1	0	5185	2250	43	12	-1	
5	1	1155	1	1	1	5185	2250	43	12	92.498230	RESY
2	1	1156	0	0	0	5669	2247	71	14	-1	
3	1	1156	1	0	0	5669	2247	71	14	-1	
4	1	1156	1	1	0	5669	2247	71	14	-1	
5	1	1156	1	1	1	5669	2247	47	14	0.000000	RH
5	1	1156	1	1	2	5731	2247	9	11	78.322891	1.2K
2	1	1157	0	0	0	6088	2214	135	51	-1	
3	1	1157	1	0	0	6088	2214	135	51	-1	
4	1	1157	1	1	0	6088	2214	135	51	-1	
5	1	1157	1	1	1	6088	2214	135	51	40.074390	mine
2	1	1158	0	0	0	6297	2259	28	8	-1	
3	1	1158	1	0	0	6297	2259	28	8	-1	
4	1	1158	1	1	0	6297	2259	28	8	-1	
5	1	1158	1	1	1	6297	2259	28	8	77.617256	oo
2	1	1159	0	0	0	6298	2247	27	8	-1	
3	1	1159	1	0	0	6298	2247	27	8	-1	
4	1	1159	1	1	0	6298	2247	27	8	-1	
5	1	1159	1	1	1	6298	2247	27	8	48.308540	on
2	1	1160	0	0	0	6380	2238	40	14	-1	
3	1	1160	1	0	0	6380	2238	40	14	-1	
4	1	1160	1	1	0	6380	2238	40	14	-1	
5	1	1160	1	1	1	6380	2238	40	14	48.654018	Qill
2	1	1161	0	0	0	6719	2253	28	12	-1	
3	1	1161	1	0	0	6719	2253	28	12	-1	
4	1	1161	1	1	0	6719	2253	28	12	-1	
5	1	1161	1	1	1	6719	2253	28	12	48.448196	va
2	1	1162	0	0	0	6719	2242	52	13	-1	
3	1	1162	1	0	0	6719	2242	52	13	-1	
4	1	1162	1	1	0	6719	2242	52	13	-1	
5	1	1162	1	1	1	6719	2242	52	13	80.255203	S=A
2	1	1163	0	0	0	7143	2243	21	13	-1	
3	1	1163	1	0	0	7143	2243	21	13	-1	
4	1	1163	1	1	0	7143	2243	21	13	-1	
5	1	1163	1	1	1	7143	2243	21	13	5.860214	BV
2	1	1164	0	0	0	7665	2195	122	59	-1	
3	1	1164	1	0	0	7665	2195	122	59	-1	
4	1	1164	1	1	0	7665	2195	122	59	-1	
5	1	1164	1	1	1	7665	2195	122	59	66.736557	TY.
2	1	1165	0	0	0	2263	2274	50	22	-1	
3	1	1165	1	0	0	2263	2274	50	22	-1	
4	1	1165	1	1	0	2263	2274	50	22	-1	
5	1	1165	1	1	1	2263	2274	50	22	65.027374	47)
5	1	1165	1	1	2	2296	2270	21	30	65.027374	08
2	1	1166	0	0	0	2481	2280	30	13	-1	
3	1	1166	1	0	0	2481	2280	30	13	-1	
4	1	1166	1	1	0	2481	2280	30	13	-1	
5	1	1166	1	1	1	2481	2280	30	13	84.617401	P53
2	1	1167	0	0	0	2730	2279	82	13	-1	
3	1	1167	1	0	0	2730	2279	82	13	-1	
4	1	1167	1	1	0	2730	2279	82	13	-1	
5	1	1167	1	1	1	2730	2279	36	12	0.000000	R4ll
5	1	1167	1	1	2	2784	2279	28	13	95.189636	10K
2	1	1168	0	0	0	4401	2269	40	12	-1	
3	1	1168	1	0	0	4401	2269	40	12	-1	
4	1	1168	1	1	0	4401	2269	40	12	-1	
5	1	1168	1	1	1	4401	2269	40	12	64.644478	0.4V
2	1	1169	0	0	0	4492	2259	61	37	-1	
3	1	1169	1	0	0	4492	2259	61	37	-1	
4	1	1169	1	1	0	4492	2259	61	37	-1	
5	1	1169	1	1	1	4492	2259	61	37	19.811035	le
2	1	1170	0	0	0	4563	2278	32	12	-1	
3	1	1170	1	0	0	4563	2278	32	12	-1	
4	1	1170	1	1	0	4563	2278	32	12	-1	
5	1	1170	1	1	1	4563	2278	32	12	89.493683	PCK
2	1	1171	0	0	0	4912	2282	10	11	-1	
3	1	1171	1	0	0	4912	2282	10	11	-1	
4	1	1171	1	1	0	4912	2282	10	11	-1	
5	1	1171	1	1	1	4912	2282	10	11	78.717972	°
2	1	1172	0	0	0	5034	2256	51	18	-1	
3	1	1172	1	0	0	5034	2256	51	18	-1	
4	1	1172	1	1	0	5034	2256	51	18	-1	
5	1	1172	1	1	1	5034	2256	51	18	37.434464	22-7ps
2	1	1173	0	0	0	5183	2270	76	23	-1	
3	1	1173	1	0	0	5183	2270	76	23	-1	
4	1	1173	1	1	0	5183	2270	76	23	-1	
5	1	1173	1	1	1	5183	2276	44	12	72.335876	FCLV
5	1	1173	1	1	2	5237	2270	22	23	62.390518	@)
2	1	1174	0	0	0	5883	2218	77	66	-1	
3	1	1174	1	0	0	5816	2218	144	66	-1	
4	1	1174	1	1	0	5883	2218	77	66	-1	
5	1	1174	1	1	1	5816	2218	144	66	11.947823	ali
2	1	1175	0	0	0	6527	2281	36	11	-1	
3	1	1175	1	0	0	6527	2281	36	11	-1	
4	1	1175	1	1	0	6527	2281	36	11	-1	
5	1	1175	1	1	1	6527	2281	36	11	64.350426	4.7K
2	1	1176	0	0	0	6527	2263	40	12	-1	
3	1	1176	1	0	0	6527	2263	40	12	-1	
4	1	1176	1	1	0	6527	2263	40	12	-1	
5	1	1176	1	1	1	6527	2263	40	12	9.940346	R179
2	1	1177	0	0	0	6719	2265	28	12	-1	
3	1	1177	1	0	0	6719	2265	28	12	-1	
4	1	1177	1	1	0	6719	2265	28	12	-1	
5	1	1177	1	1	1	6719	2265	28	12	51.478966	of
2	1	1178	0	0	0	6776	2278	28	10	-1	
3	1	1178	1	0	0	6776	2278	28	10	-1	
4	1	1178	1	1	0	6776	2278	28	10	-1	
5	1	1178	1	1	1	6776	2278	28	10	37.143311	ox
2	1	1179	0	0	0	7575	2282	70	12	-1	
3	1	1179	1	0	0	7575	2282	70	12	-1	
4	1	1179	1	1	0	7575	2282	70	12	-1	
5	1	1179	1	1	1	7571	2275	24	28	26.002670	jou
5	1	1179	1	1	2	7601	2275	44	28	0.000000	201~t
2	1	1180	0	0	0	7769	2281	33	15	-1	
3	1	1180	1	0	0	7769	2281	33	15	-1	
4	1	1180	1	1	0	7769	2281	33	15	-1	
5	1	1180	1	1	1	7769	2281	33	15	89.134071	only
2	1	1181	0	0	0	1388	2293	58	14	-1	
3	1	1181	1	0	0	1388	2293	58	14	-1	
4	1	1181	1	1	0	1388	2293	58	14	-1	
5	1	1181	1	1	1	1388	2293	58	14	32.642548	AC4.8V
2	1	1182	0	0	0	2069	2241	106	60	-1	
3	1	1182	1	0	0	2069	2241	106	60	-1	
4	1	1182	1	1	0	2069	2241	106	60	-1	
5	1	1182	1	1	1	2069	2241	106	60	87.086067	JUL
2	1	1183	0	0	0	2553	2294	22	12	-1	
3	1	1183	1	0	0	2553	2294	22	12	-1	
4	1	1183	1	1	0	2553	2294	22	12	-1	
5	1	1183	1	1	1	2553	2294	22	12	73.749481	Ov
2	1	1184	0	0	0	2730	2307	82	13	-1	
3	1	1184	1	0	0	2730	2307	82	13	-1	
4	1	1184	1	1	0	2730	2307	82	13	-1	
5	1	1184	1	1	1	2730	2307	39	13	95.177429	R412
5	1	1184	1	1	2	2783	2307	29	12	95.177429	10K
2	1	1185	0	0	0	3840	2252	52	51	-1	
3	1	1185	1	0	0	3840	2252	52	51	-1	
4	1	1185	1	1	0	3840	2252	52	51	-1	
5	1	1185	1	1	1	3840	2252	52	51	0.000000	1
2	1	1186	0	0	0	3959	2253	119	54	-1	
3	1	1186	1	0	0	3959	2253	119	54	-1	
4	1	1186	1	1	0	3959	2253	119	54	-1	
5	1	1186	1	1	1	3959	2253	87	54	27.382668	palsy
5	1	1186	1	1	2	4066	2284	12	10	0.000000	:
2	1	1187	0	0	0	4019	2309	28	10	-1	
3	1	1187	1	0	0	4019	2309	28	10	-1	
4	1	1187	1	1	0	4019	2309	28	10	-1	
5	1	1187	1	1	1	4019	2309	28	10	25.127983	+>
2	1	1188	0	0	0	5167	2297	93	23	-1	
3	1	1188	1	0	0	5167	2297	93	23	-1	
4	1	1188	1	1	0	5167	2297	93	23	-1	
5	1	1188	1	1	1	5167	2302	62	13	17.979324	ipBYTE
5	1	1188	1	1	2	5235	2293	30	32	29.546707	GS)
2	1	1189	0	0	0	5817	2278	256	25	-1	
3	1	1189	1	0	0	5817	2278	256	25	-1	
4	1	1189	1	1	0	5817	2278	256	25	-1	
5	1	1189	1	1	1	5817	2278	256	25	0.000000	CHEIBILINESEICOE
5	1	1189	1	1	2	6039	2274	38	40	63.789467	NED
2	1	1190	0	0	0	6776	2289	29	12	-1	
3	1	1190	1	0	0	6776	2289	29	12	-1	
4	1	1190	1	1	0	6776	2289	29	12	-1	
5	1	1190	1	1	1	6776	2289	29	12	60.444164	Mo
2	1	1191	0	0	0	7039	2285	32	13	-1	
3	1	1191	1	0	0	7039	2285	32	13	-1	
4	1	1191	1	1	0	7039	2285	32	13	-1	
5	1	1191	1	1	1	7039	2285	32	13	5.919464	-8V
2	1	1192	0	0	0	7093	2279	45	40	-1	
3	1	1192	1	0	0	7093	2279	45	40	-1	
4	1	1192	1	1	0	7093	2279	45	40	-1	
5	1	1192	1	1	1	7093	2279	45	40	0.000000	(@
2	1	1193	0	0	0	1517	2322	35	12	-1	
3	1	1193	1	0	0	1517	2322	35	12	-1	
4	1	1193	1	1	0	1517	2322	35	12	-1	
5	1	1193	1	1	1	1517	2322	35	12	79.994858	3.5V
2	1	1194	0	0	0	1657	2324	52	15	-1	
3	1	1194	1	0	0	1657	2324	52	15	-1	
4	1	1194	1	1	0	1657	2324	52	15	-1	
5	1	1194	1	1	1	1657	2324	52	15	90.327881	Q403
2	1	1195	0	0	0	2264	2300	49	23	-1	
3	1	1195	1	0	0	2264	2300	49	23	-1	
4	1	1195	1	1	0	2264	2300	49	23	-1	
5	1	1195	1	1	1	2264	2300	49	23	41.459885	48)
5	1	1195	1	1	2	2294	2296	22	32	43.097000	09
2	1	1196	0	0	0	2370	2323	59	14	-1	
3	1	1196	1	0	0	2370	2323	59	14	-1	
4	1	1196	1	1	0	2370	2323	59	14	-1	
5	1	1196	1	1	1	2370	2323	59	14	30.198853	1c4ol
2	1	1197	0	0	0	2493	2300	52	23	-1	
3	1	1197	1	0	0	2493	2300	52	23	-1	
4	1	1197	1	1	0	2493	2300	52	23	-1	
5	1	1197	1	1	1	2493	2306	17	13	94.635353	52
5	1	1197	1	1	2	2517	2300	28	23	78.733597	(17)
2	1	1198	0	0	0	2587	2309	132	32	-1	
3	1	1198	1	0	0	2587	2309	132	32	-1	
4	1	1198	1	1	0	2587	2309	132	32	-1	
5	1	1198	1	1	1	2587	2309	132	32	31.563507	Ld
2	1	1199	0	0	0	3481	2323	64	15	-1	
3	1	1199	1	0	0	3481	2323	64	15	-1	
4	1	1199	1	1	0	3481	2323	64	15	-1	
5	1	1199	1	1	1	3481	2323	64	15	39.984688	1C304
2	1	1200	0	0	0	3839	2312	30	11	-1	
3	1	1200	1	0	0	3839	2312	30	11	-1	
4	1	1200	1	1	0	3839	2312	30	11	-1	
5	1	1200	1	1	1	3839	2312	30	11	65.642365	mo
2	1	1201	0	0	0	3959	2303	29	19	-1	
3	1	1201	1	0	0	3959	2303	29	19	-1	
4	1	1201	1	1	0	3959	2303	29	19	-1	
5	1	1201	1	1	1	3959	2303	29	19	81.393646	go
2	1	1202	0	0	0	4019	2320	28	9	-1	
3	1	1202	1	0	0	4019	2320	28	9	-1	
4	1	1202	1	1	0	4019	2320	28	9	-1	
5	1	1202	1	1	1	4019	2320	28	9	68.872543	om
2	1	1203	0	0	0	4377	2323	43	12	-1	
3	1	1203	1	0	0	4377	2323	43	12	-1	
4	1	1203	1	1	0	4377	2323	43	12	-1	
5	1	1203	1	1	1	4377	2323	43	12	95.104515	R304
2	1	1204	0	0	0	4530	2298	63	24	-1	
3	1	1204	1	0	0	4530	2298	63	24	-1	
4	1	1204	1	1	0	4530	2298	63	24	-1	
5	1	1204	1	1	1	4530	2298	24	24	86.503174	(71)
5	1	1204	1	1	2	4563	2305	30	12	70.837479	PcK
2	1	1205	0	0	0	4564	2331	20	13	-1	
3	1	1205	1	0	0	4564	2331	20	13	-1	
4	1	1205	1	1	0	4564	2331	20	13	-1	
5	1	1205	1	1	1	4564	2331	20	13	94.986137	PD
2	1	1206	0	0	0	5825	2310	244	15	-1	
3	1	1206	1	0	0	5825	2310	244	15	-1	
4	1	1206	1	1	0	5825	2310	244	15	-1	
5	1	1206	1	1	1	5825	2311	58	11	0.000000	eZ
5	1	1206	1	1	2	5902	2310	167	15	0.000000	4a27ane
5	1	1206	1	1	3	6031	2298	41	32	67.217377	ORM
2	1	1207	0	0	0	5850	2324	10	2	-1	
3	1	1207	1	0	0	5850	2324	10	2	-1	
4	1	1207	1	1	0	5850	2324	10	2	-1	
5	1	1207	1	1	1	5850	2324	10	2	92.159668	=
2	1	1208	0	0	0	5901	2322	116	10	-1	
3	1	1208	1	0	0	5901	2322	116	10	-1	
4	1	1208	1	1	0	5901	2322	116	10	-1	
5	1	1208	1	1	1	5901	2322	116	10	32.933418	e@ooss
2	1	1209	0	0	0	6056	2330	13	9	-1	
3	1	1209	1	0	0	6056	2330	13	9	-1	
4	1	1209	1	1	0	6056	2330	13	9	-1	
5	1	1209	1	1	1	6056	2330	13	9	62.472294	roy
2	1	1210	0	0	0	6533	2317	52	15	-1	
3	1	1210	1	0	0	6533	2317	52	15	-1	
4	1	1210	1	1	0	6533	2317	52	15	-1	
5	1	1210	1	1	1	6533	2317	52	15	86.649101	Q413
2	1	1211	0	0	0	6879	2317	54	16	-1	
3	1	1211	1	0	0	6879	2317	54	16	-1	
4	1	1211	1	1	0	6879	2317	54	16	-1	
5	1	1211	1	1	1	6879	2317	54	16	55.470352	Q413
2	1	1212	0	0	0	6979	2318	28	12	-1	
3	1	1212	1	0	0	6979	2318	28	12	-1	
4	1	1212	1	1	0	6979	2318	28	12	-1	
5	1	1212	1	1	1	6979	2318	28	12	47.617512	Ox
2	1	1213	0	0	0	7664	2330	93	13	-1	
3	1	1213	1	0	0	7664	2330	93	13	-1	
4	1	1213	1	1	0	7664	2330	93	13	-1	
5	1	1213	1	1	1	7664	2330	32	13	75.303688	SuB
5	1	1213	1	1	2	7715	2330	42	13	20.648636	CODE
2	1	1214	0	0	0	1486	2341	64	22	-1	
3	1	1214	1	0	0	1486	2341	64	22	-1	
4	1	1214	1	1	0	1486	2341	64	22	-1	
5	1	1214	1	1	1	1486	2351	11	12	39.917988	¢
5	1	1214	1	1	2	1506	2341	44	12	48.228298	SM)
2	1	1215	0	0	0	1689	2346	19	12	-1	
3	1	1215	1	0	0	1689	2346	19	12	-1	
4	1	1215	1	1	0	1689	2346	19	12	-1	
5	1	1215	1	1	1	1689	2346	19	12	75.696716	Ov
2	1	1216	0	0	0	2263	2326	49	23	-1	
3	1	1216	1	0	0	2263	2326	49	23	-1	
4	1	1216	1	1	0	2263	2326	49	23	-1	
5	1	1216	1	1	1	2263	2326	23	23	54.453499	49)
5	1	1216	1	1	2	2293	2332	19	13	95.333588	DA
2	1	1217	0	0	0	2482	2326	63	23	-1	
3	1	1217	1	0	0	2482	2326	63	23	-1	
4	1	1217	1	1	0	2482	2326	63	23	-1	
5	1	1217	1	1	1	2482	2332	27	13	85.968323	P51
5	1	1217	1	1	2	2522	2326	23	23	47.933674	(6)
2	1	1218	0	0	0	2730	2333	82	13	-1	
3	1	1218	1	0	0	2730	2333	82	13	-1	
4	1	1218	1	1	0	2730	2333	82	13	-1	
5	1	1218	1	1	1	2730	2333	40	13	89.588135	R413
5	1	1218	1	1	2	2783	2333	29	13	89.588135	10K
2	1	1219	0	0	0	3481	2345	175	20	-1	
3	1	1219	1	0	0	3481	2345	175	20	-1	
4	1	1219	1	1	0	3481	2345	175	20	-1	
5	1	1219	1	1	1	3481	2345	175	20	61.720497	MN4416S-12
2	1	1220	0	0	0	4383	2339	30	12	-1	
3	1	1220	1	0	0	4383	2339	30	12	-1	
4	1	1220	1	1	0	4383	2339	30	12	-1	
5	1	1220	1	1	1	4383	2339	30	12	91.863846	22k
2	1	1221	0	0	0	4595	2280	159	73	-1	
3	1	1221	1	0	0	4595	2280	159	73	-1	
4	1	1221	1	1	0	4595	2280	159	73	-1	
5	1	1221	1	1	1	4595	2305	10	12	3.658676	P
5	1	1221	1	1	2	4633	2280	121	73	1.417847	Nea
2	1	1222	0	0	0	5176	2322	83	24	-1	
3	1	1222	1	0	0	5176	2322	83	24	-1	
4	1	1222	1	1	0	5176	2322	83	24	-1	
5	1	1222	1	1	1	5176	2328	52	13	48.837963	IPSEL
5	1	1222	1	1	2	5237	2322	22	24	51.435463	G6)
2	1	1223	0	0	0	5825	2324	62	21	-1	
3	1	1223	1	0	0	5825	2324	62	21	-1	
4	1	1223	1	1	0	5825	2324	62	21	-1	
5	1	1223	1	1	1	5825	2324	62	21	0.000000	ax
2	1	1224	0	0	0	5826	2350	11	8	-1	
3	1	1224	1	0	0	5826	2350	11	8	-1	
4	1	1224	1	1	0	5826	2350	11	8	-1	
5	1	1224	1	1	1	5826	2350	11	8	87.365585	x
2	1	1225	0	0	0	5874	2347	13	9	-1	
3	1	1225	1	0	0	5874	2347	13	9	-1	
4	1	1225	1	1	0	5874	2347	13	9	-1	
5	1	1225	1	1	1	5874	2347	13	9	65.177078	°
2	1	1226	0	0	0	5901	2330	117	24	-1	
3	1	1226	1	0	0	5901	2330	117	24	-1	
4	1	1226	1	1	0	5901	2330	117	24	-1	
5	1	1226	1	1	1	5901	2330	117	24	42.855080	62788
2	1	1227	0	0	0	6056	2340	13	9	-1	
3	1	1227	1	0	0	6056	2340	13	9	-1	
4	1	1227	1	1	0	6056	2340	13	9	-1	
5	1	1227	1	1	1	6056	2340	13	9	90.343925	a
2	1	1228	0	0	0	6531	2338	108	20	-1	
3	1	1228	1	0	0	6531	2338	108	20	-1	
4	1	1228	1	1	0	6531	2338	108	20	-1	
5	1	1228	1	1	1	6531	2338	108	20	0.000000	280892
2	1	1229	0	0	0	6979	2334	29	14	-1	
3	1	1229	1	0	0	6979	2334	29	14	-1	
4	1	1229	1	1	0	6979	2334	29	14	-1	
5	1	1229	1	1	1	6979	2334	29	14	21.609207	$2
2	1	1230	0	0	0	7046	2338	50	15	-1	
3	1	1230	1	0	0	7046	2338	50	15	-1	
4	1	1230	1	1	0	7046	2338	50	15	-1	
5	1	1230	1	1	1	7046	2338	50	15	46.370178	Q4i2
2	1	1231	0	0	0	7455	2339	52	13	-1	
3	1	1231	1	0	0	7455	2339	52	13	-1	
4	1	1231	1	1	0	7455	2339	52	13	-1	
5	1	1231	1	1	1	7455	2339	52	13	88.142258	CN302
2	1	1232	0	0	0	1281	2364	37	24	-1	
3	1	1232	1	0	0	1281	2364	37	24	-1	
4	1	1232	1	1	0	1281	2364	37	24	-1	
5	1	1232	1	1	1	1281	2364	37	24	0.000000	l,]
2	1	1233	0	0	0	1681	2364	38	12	-1	
3	1	1233	1	0	0	1681	2364	38	12	-1	
4	1	1233	1	1	0	1681	2364	38	12	-1	
5	1	1233	1	1	1	1681	2364	38	12	76.941681	(Ov)
2	1	1234	0	0	0	2122	2305	21	72	-1	
3	1	1234	1	0	0	2066	2305	77	72	-1	
4	1	1234	1	1	0	2122	2305	21	72	-1	
5	1	1234	1	1	1	2066	2305	77	72	33.890434	“|
2	1	1235	0	0	0	2295	2358	19	13	-1	
3	1	1235	1	0	0	2295	2358	19	13	-1	
4	1	1235	1	1	0	2295	2358	19	13	-1	
5	1	1235	1	1	1	2295	2358	19	13	52.438412	0B
2	1	1236	0	0	0	2481	2358	32	13	-1	
3	1	1236	1	0	0	2481	2358	32	13	-1	
4	1	1236	1	1	0	2481	2358	32	13	-1	
5	1	1236	1	1	1	2481	2358	32	13	91.005966	P50
2	1	1237	0	0	0	2556	2373	20	11	-1	
3	1	1237	1	0	0	2556	2373	20	11	-1	
4	1	1237	1	1	0	2556	2373	20	11	-1	
5	1	1237	1	1	1	2556	2373	20	11	85.236595	ov
2	1	1238	0	0	0	2730	2359	82	12	-1	
3	1	1238	1	0	0	2730	2359	82	12	-1	
4	1	1238	1	1	0	2730	2359	82	12	-1	
5	1	1238	1	1	1	2730	2359	41	12	90.153740	R414
5	1	1238	1	1	2	2783	2359	29	12	90.153740	10K
2	1	1239	0	0	0	4267	2378	27	12	-1	
3	1	1239	1	0	0	4267	2378	27	12	-1	
4	1	1239	1	1	0	4267	2378	27	12	-1	
5	1	1239	1	1	1	4267	2378	27	12	48.029472	Dre
2	1	1240	0	0	0	4531	2351	23	40	-1	
3	1	1240	1	0	0	4531	2351	23	40	-1	
4	1	1240	1	1	0	4531	2351	23	40	-1	
5	1	1240	1	1	1	4531	2351	23	40	30.704048	S
2	1	1241	0	0	0	4564	2356	93	14	-1	
3	1	1241	1	0	0	4564	2356	93	14	-1	
4	1	1241	1	1	0	4564	2356	93	14	-1	
5	1	1241	1	1	1	4564	2357	36	12	26.851906	Vool
5	1	1241	1	1	2	4610	2356	47	14	48.796421	(+5v)
2	1	1242	0	0	0	5173	2349	87	23	-1	
3	1	1242	1	0	0	5173	2349	87	23	-1	
4	1	1242	1	1	0	5173	2349	87	23	-1	
5	1	1242	1	1	1	5173	2354	55	13	6.392731	FLAGS
5	1	1242	1	1	2	5237	2349	23	23	67.661087	G7)
2	1	1243	0	0	0	5698	2345	53	24	-1	
3	1	1243	1	0	0	5698	2345	53	24	-1	
4	1	1243	1	1	0	5698	2345	53	24	-1	
5	1	1243	1	1	1	5698	2345	53	24	84.353539	G2)
5	1	1243	1	1	2	5732	2341	23	33	86.506165	nc
2	1	1244	0	0	0	6876	2359	57	13	-1	
3	1	1244	1	0	0	6876	2359	57	13	-1	
4	1	1244	1	1	0	6876	2359	57	13	-1	
5	1	1244	1	1	1	6876	2359	36	13	41.358585	-8V
5	1	1244	1	1	2	6929	2359	4	12	67.658684	+
2	1	1245	0	0	0	362	2356	188	54	-1	
3	1	1245	1	0	0	362	2356	188	54	-1	
4	1	1245	1	1	0	362	2356	188	54	-1	
5	1	1245	1	1	1	362	2356	57	54	23.015282	EE]
5	1	1245	1	1	2	441	2373	109	28	26.332108	Fceos
2	1	1246	0	0	0	2263	2378	51	23	-1	
3	1	1246	1	0	0	2263	2378	51	23	-1	
4	1	1246	1	1	0	2263	2378	51	23	-1	
5	1	1246	1	1	1	2263	2378	51	23	73.736160	61)
5	1	1246	1	1	2	2297	2374	20	33	78.843269	0c
2	1	1247	0	0	0	2406	2374	141	37	-1	
3	1	1247	1	0	0	2406	2374	141	37	-1	
4	1	1247	1	1	0	2406	2374	141	37	-1	
5	1	1247	1	1	1	2406	2374	141	37	46.085991	(BLKCKITRG(4)
2	1	1248	0	0	0	2553	2398	143	14	-1	
3	1	1248	1	0	0	2553	2398	143	14	-1	
4	1	1248	1	1	0	2553	2398	143	14	-1	
5	1	1248	1	1	1	2553	2398	35	12	59.754570	SOV
5	1	1248	1	1	2	2602	2399	41	13	31.790085	R415
5	1	1248	1	1	3	2660	2400	36	12	83.091881	4.7K
2	1	1249	0	0	0	4267	2401	28	11	-1	
3	1	1249	1	0	0	4267	2401	28	11	-1	
4	1	1249	1	1	0	4267	2401	28	11	-1	
5	1	1249	1	1	1	4267	2401	28	11	57.045036	ON
2	1	1250	0	0	0	4326	2398	27	9	-1	
3	1	1250	1	0	0	4326	2398	27	9	-1	
4	1	1250	1	1	0	4326	2398	27	9	-1	
5	1	1250	1	1	1	4326	2398	27	9	35.006256	ited
2	1	1251	0	0	0	4354	2356	66	37	-1	
3	1	1251	1	0	0	4354	2356	66	37	-1	
4	1	1251	1	1	0	4354	2356	66	37	-1	
5	1	1251	1	1	1	4354	2356	66	37	80.201096	TS
2	1	1252	0	0	0	4564	2382	44	13	-1	
3	1	1252	1	0	0	4564	2382	44	13	-1	
4	1	1252	1	1	0	4564	2382	44	13	-1	
5	1	1252	1	1	1	4564	2382	44	13	69.446472	REXT
2	1	1253	0	0	0	4702	2390	93	16	-1	
3	1	1253	1	0	0	4702	2390	93	16	-1	
4	1	1253	1	1	0	4702	2390	93	16	-1	
5	1	1253	1	1	1	4702	2391	33	14	83.736298	Ploy
5	1	1253	1	1	2	4748	2390	47	16	46.521889	138ps
2	1	1254	0	0	0	4831	2404	9	11	-1	
3	1	1254	1	0	0	4831	2404	9	11	-1	
4	1	1254	1	1	0	4831	2404	9	11	-1	
5	1	1254	1	1	1	4831	2404	9	11	85.197174	5
2	1	1255	0	0	0	4902	2360	226	35	-1	
3	1	1255	1	0	0	4902	2360	226	35	-1	
4	1	1255	1	1	0	4902	2360	226	35	-1	
5	1	1255	1	1	1	4902	2360	110	35	96.877419	Digital
5	1	1255	1	1	2	5026	2361	102	34	96.427612	signal
2	1	1256	0	0	0	5174	2375	86	23	-1	
3	1	1256	1	0	0	5174	2375	86	23	-1	
4	1	1256	1	1	0	5174	2375	86	23	-1	
5	1	1256	1	1	1	5174	2380	52	12	88.885956	FLAG4
5	1	1256	1	1	2	5238	2375	22	23	72.099304	G8)
2	1	1257	0	0	0	5645	2369	114	27	-1	
3	1	1257	1	0	0	5645	2369	114	27	-1	
4	1	1257	1	1	0	5645	2369	114	27	-1	
5	1	1257	1	1	1	5645	2369	75	27	19.139969	ZAG)
5	1	1257	1	1	2	5730	2379	29	13	35.134315	sin
2	1	1258	0	0	0	6115	2373	52	22	-1	
3	1	1258	1	0	0	6115	2373	52	22	-1	
4	1	1258	1	1	0	6115	2373	52	22	-1	
5	1	1258	1	1	1	6115	2377	19	13	72.595558	NC
5	1	1258	1	1	2	6138	2373	29	22	72.595558	(1)
2	1	1259	0	0	0	6978	2379	53	15	-1	
3	1	1259	1	0	0	6978	2379	53	15	-1	
4	1	1259	1	1	0	6978	2379	53	15	-1	
5	1	1259	1	1	1	6978	2379	53	15	53.998245	Q412
2	1	1260	0	0	0	7270	2010	163	395	-1	
3	1	1260	1	0	0	7270	2010	163	395	-1	
4	1	1260	1	1	0	7270	2010	163	395	-1	
5	1	1260	1	1	1	7270	2010	163	395	80.906021	|
2	1	1261	0	0	0	7422	2011	30	389	-1	
3	1	1261	1	0	0	7422	2011	31	389	-1	
4	1	1261	1	1	0	7422	2011	30	389	-1	
5	1	1261	1	1	1	7422	2011	30	389	92.272385	|
2	1	1262	0	0	0	7426	2393	22	23	-1	
3	1	1262	1	0	0	7426	2393	22	23	-1	
4	1	1262	1	1	0	7426	2393	22	23	-1	
5	1	1262	1	1	1	7426	2393	22	23	96.761429	(2)
2	1	1263	0	0	0	7445	2381	65	22	-1	
3	1	1263	1	0	0	7445	2381	65	22	-1	
4	1	1263	1	1	0	7445	2381	65	22	-1	
5	1	1263	1	1	1	7445	2381	8	22	4.213760	<|
5	1	1263	1	1	2	7466	2388	44	13	96.622269	MUTE
2	1	1264	0	0	0	1963	2208	41	217	-1	
3	1	1264	1	0	0	1963	2208	41	217	-1	
4	1	1264	1	1	0	1963	2208	41	217	-1	
5	1	1264	1	1	1	1963	2208	41	217	74.188904	|
2	1	1265	0	0	0	2264	2404	50	22	-1	
3	1	1265	1	0	0	2264	2404	50	22	-1	
4	1	1265	1	1	0	2264	2404	50	22	-1	
5	1	1265	1	1	1	2264	2404	50	22	26.543022	(52)
5	1	1265	1	1	2	2295	2400	23	33	26.543022	00
2	1	1266	0	0	0	2483	2404	62	23	-1	
3	1	1266	1	0	0	2483	2404	62	23	-1	
4	1	1266	1	1	0	2483	2404	62	23	-1	
5	1	1266	1	1	1	2483	2410	30	13	93.400818	RST
5	1	1266	1	1	2	2522	2404	23	23	82.322769	(13)
2	1	1267	0	0	0	3427	2424	20	13	-1	
3	1	1267	1	0	0	3427	2424	20	13	-1	
4	1	1267	1	1	0	3427	2424	20	13	-1	
5	1	1267	1	1	1	3427	2424	20	13	70.107002	Sv
2	1	1268	0	0	0	3642	2424	36	12	-1	
3	1	1268	1	0	0	3642	2424	36	12	-1	
4	1	1268	1	1	0	3642	2424	36	12	-1	
5	1	1268	1	1	1	3642	2424	36	12	19.774872	2.4V
2	1	1269	0	0	0	4388	2396	52	32	-1	
3	1	1269	1	0	0	4388	2396	52	32	-1	
4	1	1269	1	1	0	4388	2396	52	32	-1	
5	1	1269	1	1	1	4388	2396	52	32	0.000000	3°T
2	1	1270	0	0	0	4489	2386	118	45	-1	
3	1	1270	1	0	0	4489	2386	118	45	-1	
4	1	1270	1	1	0	4489	2386	118	45	-1	
5	1	1270	1	1	1	4489	2386	19	45	23.196671	|
5	1	1270	1	1	2	4564	2409	43	13	68.834625	VCNT
2	1	1271	0	0	0	5174	2401	86	23	-1	
3	1	1271	1	0	0	5174	2401	86	23	-1	
4	1	1271	1	1	0	5174	2401	86	23	-1	
5	1	1271	1	1	1	5174	2406	55	13	90.722839	FLAG3
5	1	1271	1	1	2	5237	2401	23	23	24.359772	@9)
2	1	1272	0	0	0	5654	2393	107	35	-1	
3	1	1272	1	0	0	5654	2393	107	35	-1	
4	1	1272	1	1	0	5654	2393	107	35	-1	
5	1	1272	1	1	1	5654	2393	28	13	20.956787	na)
5	1	1272	1	1	2	5693	2396	32	32	64.084351	(G0)
5	1	1272	1	1	3	5733	2405	28	13	95.568413	SFT
2	1	1273	0	0	0	6096	2398	71	23	-1	
3	1	1273	1	0	0	6096	2398	71	23	-1	
4	1	1273	1	1	0	6096	2398	71	23	-1	
5	1	1273	1	1	1	6096	2398	71	23	0.000000	vol2(2)
2	1	1274	0	0	0	6278	2406	41	15	-1	
3	1	1274	1	0	0	6278	2406	41	15	-1	
4	1	1274	1	1	0	6278	2406	41	15	-1	
5	1	1274	1	1	1	6278	2406	41	15	43.635170	Qitt
2	1	1275	0	0	0	6611	2387	230	37	-1	
3	1	1275	1	0	0	6611	2387	230	37	-1	
4	1	1275	1	1	0	6611	2387	230	37	-1	
5	1	1275	1	1	1	6611	2389	134	35	96.449684	Plunger
5	1	1275	1	1	2	6756	2387	85	28	96.823891	drive
2	1	1276	0	0	0	6978	2400	110	20	-1	
3	1	1276	1	0	0	6978	2400	110	20	-1	
4	1	1276	1	1	0	6978	2400	110	20	-1	
5	1	1276	1	1	1	6978	2400	110	20	81.393051	2SD638
2	1	1277	0	0	0	7273	2406	146	24	-1	
3	1	1277	1	0	0	7273	2406	146	24	-1	
4	1	1277	1	1	0	7273	2406	146	24	-1	
5	1	1277	1	1	1	7269	2402	20	40	0.000000	_
2	1	1278	0	0	0	7444	2407	104	23	-1	
3	1	1278	1	0	0	7444	2407	104	23	-1	
4	1	1278	1	1	0	7444	2407	104	23	-1	
5	1	1278	1	1	1	7440	2391	13	49	5.029869	oT
5	1	1278	1	1	2	7456	2407	92	23	20.812653	FLock_|
2	1	1279	0	0	0	7551	2358	31	68	-1	
3	1	1279	1	0	0	7551	2358	31	68	-1	
4	1	1279	1	1	0	7551	2358	31	68	-1	
5	1	1279	1	1	1	7551	2358	31	68	48.478920	3
2	1	1280	0	0	0	7573	2381	82	55	-1	
3	1	1280	1	0	0	7573	2381	82	55	-1	
4	1	1280	1	1	0	7573	2381	82	55	-1	
5	1	1280	1	1	1	7573	2381	82	55	10.730064	rR
2	1	1281	0	0	0	2264	2430	50	22	-1	
3	1	1281	1	0	0	2264	2430	50	22	-1	
4	1	1281	1	1	0	2264	2430	50	22	-1	
5	1	1281	1	1	1	2264	2430	50	22	0.000000	63)s8
2	1	1282	0	0	0	2472	2430	73	23	-1	
3	1	1282	1	0	0	2472	2430	73	23	-1	
4	1	1282	1	1	0	2472	2430	73	23	-1	
5	1	1282	1	1	1	2472	2436	42	13	92.969604	SYNC
5	1	1282	1	1	2	2523	2430	22	23	1.194420	((2)
2	1	1283	0	0	0	2554	2450	91	12	-1	
3	1	1283	1	0	0	2554	2450	91	12	-1	
4	1	1283	1	1	0	2554	2450	91	12	-1	
5	1	1283	1	1	1	2554	2450	91	12	8.253830	4.9Vi2.5V)
2	1	1284	0	0	0	4299	2442	84	13	-1	
3	1	1284	1	0	0	4299	2442	84	13	-1	
4	1	1284	1	1	0	4299	2442	84	13	-1	
5	1	1284	1	1	1	4299	2443	37	12	75.067810	R301
5	1	1284	1	1	2	4345	2442	38	13	70.954659	8.2K
2	1	1285	0	0	0	4901	2406	190	36	-1	
3	1	1285	1	0	0	4901	2406	190	36	-1	
4	1	1285	1	1	0	4901	2406	190	36	-1	
5	1	1285	1	1	1	4901	2406	190	36	96.271515	processing
2	1	1286	0	0	0	5175	2433	80	13	-1	
3	1	1286	1	0	0	5175	2433	80	13	-1	
4	1	1286	1	1	0	5175	2433	80	13	-1	
5	1	1286	1	1	1	5175	2433	80	13	38.163467	FLAG2@0
2	1	1287	0	0	0	5698	2426	51	22	-1	
3	1	1287	1	0	0	5698	2426	51	22	-1	
4	1	1287	1	1	0	5698	2426	51	22	-1	
5	1	1287	1	1	1	5698	2426	51	22	64.675186	@9)
5	1	1287	1	1	2	5732	2422	22	31	95.899063	NC
2	1	1288	0	0	0	5859	2449	65	15	-1	
3	1	1288	1	0	0	5859	2449	65	15	-1	
4	1	1288	1	1	0	5859	2449	65	15	-1	
5	1	1288	1	1	1	5859	2449	65	15	7.995209	(C303
2	1	1289	0	0	0	6096	2425	72	23	-1	
3	1	1289	1	0	0	6096	2425	72	23	-1	
4	1	1289	1	1	0	6096	2425	72	23	-1	
5	1	1289	1	1	1	6096	2430	39	13	0.000000	0011
5	1	1289	1	1	2	6141	2421	32	31	0.000000	(3)
2	1	1290	0	0	0	6275	2427	101	19	-1	
3	1	1290	1	0	0	6275	2427	101	19	-1	
4	1	1290	1	1	0	6275	2427	101	19	-1	
5	1	1290	1	1	1	6275	2427	101	19	79.937462	UN4212
2	1	1291	0	0	0	7425	2419	23	23	-1	
3	1	1291	1	0	0	7425	2419	23	23	-1	
4	1	1291	1	1	0	7425	2419	23	23	-1	
5	1	1291	1	1	1	7425	2419	23	23	94.659813	(3)
2	1	1292	0	0	0	7551	2433	31	20	-1	
3	1	1292	1	0	0	7551	2433	31	20	-1	
4	1	1292	1	1	0	7551	2433	31	20	-1	
5	1	1292	1	1	1	7551	2433	31	20	0.000000	bp
2	1	1293	0	0	0	7555	2419	22	23	-1	
3	1	1293	1	0	0	7555	2419	22	23	-1	
4	1	1293	1	1	0	7555	2419	22	23	-1	
5	1	1293	1	1	1	7555	2419	22	23	96.394623	(3)
2	1	1294	0	0	0	364	2435	318	38	-1	
3	1	1294	1	0	0	364	2435	318	38	-1	
4	1	1294	1	1	0	364	2435	318	38	-1	
5	1	1294	1	1	1	364	2435	185	35	93.251381	(Operation
5	1	1294	1	1	2	565	2437	117	36	91.208305	P.C.B.)
2	1	1295	0	0	0	2263	2455	50	23	-1	
3	1	1295	1	0	0	2263	2455	50	23	-1	
4	1	1295	1	1	0	2263	2455	50	23	-1	
5	1	1295	1	1	1	2263	2455	50	23	50.535805	64)
5	1	1295	1	1	2	2296	2451	19	32	71.831970	$7
2	1	1296	0	0	0	2405	2456	140	23	-1	
3	1	1296	1	0	0	2405	2456	140	23	-1	
4	1	1296	1	1	0	2405	2456	140	23	-1	
5	1	1296	1	1	1	2405	2452	66	31	47.029644	(cueper
5	1	1296	1	1	2	2478	2462	32	13	76.432076	P13
5	1	1296	1	1	3	2522	2456	23	23	76.551476	(11)
2	1	1297	0	0	0	3415	2446	65	37	-1	
3	1	1297	1	0	0	3415	2446	65	37	-1	
4	1	1297	1	1	0	3415	2446	65	37	-1	
5	1	1297	1	1	1	3415	2451	34	13	71.073181	2AV
5	1	1297	1	1	2	3457	2446	23	37	46.654545	69
2	1	1298	0	0	0	3609	2444	67	39	-1	
3	1	1298	1	0	0	3609	2444	67	39	-1	
4	1	1298	1	1	0	3609	2444	67	39	-1	
5	1	1298	1	1	1	3609	2444	67	39	0.000000	(ae4¥
2	1	1299	0	0	0	4439	2439	115	46	-1	
3	1	1299	1	0	0	4439	2439	115	46	-1	
4	1	1299	1	1	0	4439	2439	115	46	-1	
5	1	1299	1	1	1	4439	2439	81	46	0.000000	oviz.ay)
5	1	1299	1	1	2	4531	2443	23	35	36.311317	é
2	1	1300	0	0	0	4564	2434	129	39	-1	
3	1	1300	1	0	0	4564	2434	129	39	-1	
4	1	1300	1	1	0	4564	2434	129	39	-1	
5	1	1300	1	1	1	4564	2434	129	39	36.172619	cea
2	1	1301	0	0	0	4830	2465	9	11	-1	
3	1	1301	1	0	0	4830	2465	9	11	-1	
4	1	1301	1	1	0	4830	2465	9	11	-1	
5	1	1301	1	1	1	4830	2465	9	11	77.805450	°
2	1	1302	0	0	0	5176	2459	50	13	-1	
3	1	1302	1	0	0	5176	2459	50	13	-1	
4	1	1302	1	1	0	5176	2459	50	13	-1	
5	1	1302	1	1	1	5176	2459	50	13	85.679169	FLAGI
2	1	1303	0	0	0	5311	2450	53	16	-1	
3	1	1303	1	0	0	5311	2450	53	16	-1	
4	1	1303	1	1	0	5311	2450	53	16	-1	
5	1	1303	1	1	1	5311	2450	53	16	61.260727	0.38ps
2	1	1304	0	0	0	5621	2446	153	29	-1	
3	1	1304	1	0	0	5621	2446	153	29	-1	
4	1	1304	1	1	0	5621	2446	153	29	-1	
5	1	1304	1	1	1	5621	2453	12	17	57.223934	d
5	1	1304	1	1	2	5651	2446	32	13	55.472530	24°
5	1	1304	1	1	3	5698	2451	23	24	61.875111	68)
5	1	1304	1	1	4	5731	2457	43	13	24.391258	iRck,
2	1	1305	0	0	0	6096	2451	71	22	-1	
3	1	1305	1	0	0	6096	2451	71	22	-1	
4	1	1305	1	1	0	6096	2451	71	22	-1	
5	1	1305	1	1	1	6096	2451	71	22	78.043213	0010(4)
2	1	1306	0	0	0	7551	2460	8	17	-1	
3	1	1306	1	0	0	7551	2460	8	17	-1	
4	1	1306	1	1	0	7551	2460	8	17	-1	
5	1	1306	1	1	1	7551	2460	8	17	37.118916	b>
2	1	1307	0	0	0	1112	2462	82	37	-1	
3	1	1307	1	0	0	1112	2462	82	37	-1	
4	1	1307	1	1	0	1112	2462	82	37	-1	
5	1	1307	1	1	1	1112	2458	30	57	20.712555	“7
5	1	1307	1	1	2	1160	2465	34	34	21.282684	|
2	1	1308	0	0	0	1813	2484	43	11	-1	
3	1	1308	1	0	0	1813	2484	43	11	-1	
4	1	1308	1	1	0	1813	2484	43	11	-1	
5	1	1308	1	1	1	1813	2484	43	11	94.160049	R447
2	1	1309	0	0	0	2097	2490	56	18	-1	
3	1	1309	1	0	0	2097	2490	56	18	-1	
4	1	1309	1	1	0	2097	2490	56	18	-1	
5	1	1309	1	1	1	2097	2490	56	18	0.000000	0.23
5	1	1309	1	1	2	2135	2482	21	30	0.000000	ps
2	1	1310	0	0	0	2263	2482	50	23	-1	
3	1	1310	1	0	0	2263	2482	50	23	-1	
4	1	1310	1	1	0	2263	2482	50	23	-1	
5	1	1310	1	1	1	2263	2482	50	23	86.603447	65)
5	1	1310	1	1	2	2296	2478	19	32	43.289375	sé
2	1	1311	0	0	0	2483	2482	62	23	-1	
3	1	1311	1	0	0	2483	2482	62	23	-1	
4	1	1311	1	1	0	2483	2482	62	23	-1	
5	1	1311	1	1	1	2483	2488	28	13	76.899323	P12
5	1	1311	1	1	2	2516	2478	33	32	76.232315	(lo)
2	1	1312	0	0	0	2561	2477	66	12	-1	
3	1	1312	1	0	0	2561	2477	66	12	-1	
4	1	1312	1	1	0	2561	2477	66	12	-1	
5	1	1312	1	1	1	2561	2477	66	12	57.575699	oviov)
2	1	1313	0	0	0	3415	2471	64	38	-1	
3	1	1313	1	0	0	3415	2471	64	38	-1	
4	1	1313	1	1	0	3415	2471	64	38	-1	
5	1	1313	1	1	1	3415	2471	34	38	56.333309	2.4V
5	1	1313	1	1	2	3464	2482	15	23	39.084747	4
2	1	1314	0	0	0	3609	2474	67	35	-1	
3	1	1314	1	0	0	3609	2474	67	35	-1	
4	1	1314	1	1	0	3609	2474	67	35	-1	
5	1	1314	1	1	1	3609	2474	67	35	0.000000	(3240
2	1	1315	0	0	0	4390	2486	29	20	-1	
3	1	1315	1	0	0	4390	2486	29	20	-1	
4	1	1315	1	1	0	4390	2486	29	20	-1	
5	1	1315	1	1	1	4390	2486	29	20	74.950409	3s
2	1	1316	0	0	0	4532	2482	22	23	-1	
3	1	1316	1	0	0	4532	2482	22	23	-1	
4	1	1316	1	1	0	4532	2482	22	23	-1	
5	1	1316	1	1	1	4532	2482	22	23	26.861641	64)
2	1	1317	0	0	0	4566	2487	18	12	-1	
3	1	1317	1	0	0	4566	2487	18	12	-1	
4	1	1317	1	1	0	4566	2487	18	12	-1	
5	1	1317	1	1	1	4566	2487	18	12	94.690735	PC
2	1	1318	0	0	0	4682	2503	13	9	-1	
3	1	1318	1	0	0	4682	2503	13	9	-1	
4	1	1318	1	1	0	4682	2503	13	9	-1	
5	1	1318	1	1	1	4682	2503	13	9	39.703274	©
2	1	1319	0	0	0	4707	2500	168	10	-1	
3	1	1319	1	0	0	4707	2500	168	10	-1	
4	1	1319	1	1	0	4707	2500	168	10	-1	
5	1	1319	1	1	1	4707	2500	168	10	0.000000	nwormas
2	1	1320	0	0	0	5177	2484	48	13	-1	
3	1	1320	1	0	0	5177	2484	48	13	-1	
4	1	1320	1	1	0	5177	2484	48	13	-1	
5	1	1320	1	1	1	5177	2484	48	13	87.802795	FCLK
2	1	1321	0	0	0	5648	2478	104	23	-1	
3	1	1321	1	0	0	5648	2478	104	23	-1	
4	1	1321	1	1	0	5648	2478	104	23	-1	
5	1	1321	1	1	1	5648	2484	35	12	37.777802	4.9v
5	1	1321	1	1	2	5698	2478	23	23	54.594734	Q7)
5	1	1321	1	1	3	5732	2482	20	13	96.196472	NC
2	1	1322	0	0	0	5878	2471	105	20	-1	
3	1	1322	1	0	0	5878	2471	105	20	-1	
4	1	1322	1	1	0	5878	2471	105	20	-1	
5	1	1322	1	1	1	5878	2471	105	20	67.544991	N66I8A
2	1	1323	0	0	0	6106	2477	62	22	-1	
3	1	1323	1	0	0	6106	2477	62	22	-1	
4	1	1323	1	1	0	6106	2477	62	22	-1	
5	1	1323	1	1	1	6106	2482	32	13	0.000000	Gn
5	1	1323	1	1	2	6145	2477	23	22	0.000000	(5)
2	1	1324	0	0	0	7426	2445	22	49	-1	
3	1	1324	1	0	0	7426	2445	22	49	-1	
4	1	1324	1	1	0	7426	2445	22	49	-1	
5	1	1324	1	1	1	7426	2445	22	49	47.581093	8
2	1	1325	0	0	0	7446	2486	7	19	-1	
3	1	1325	1	0	0	7446	2486	7	19	-1	
4	1	1325	1	1	0	7446	2486	7	19	-1	
5	1	1325	1	1	1	7446	2486	7	19	2.315887	{
2	1	1326	0	0	0	7555	2445	27	49	-1	
3	1	1326	1	0	0	7555	2445	27	49	-1	
4	1	1326	1	1	0	7555	2445	27	49	-1	
5	1	1326	1	1	1	7555	2445	27	49	33.541740	3
2	1	1327	0	0	0	1815	2504	27	12	-1	
3	1	1327	1	0	0	1815	2504	27	12	-1	
4	1	1327	1	1	0	1815	2504	27	12	-1	
5	1	1327	1	1	1	1815	2504	27	12	46.992970	10K
2	1	1328	0	0	0	1934	2497	76	17	-1	
3	1	1328	1	0	0	1934	2497	76	17	-1	
4	1	1328	1	1	0	1934	2497	76	17	-1	
5	1	1328	1	1	1	1934	2497	76	17	78.014946	abcd
2	1	1329	0	0	0	2264	2508	49	23	-1	
3	1	1329	1	0	0	2264	2508	49	23	-1	
4	1	1329	1	1	0	2264	2508	49	23	-1	
5	1	1329	1	1	1	2264	2508	49	23	11.920380	66)
5	1	1329	1	1	2	2293	2504	22	33	11.920380	s5
2	1	1330	0	0	0	2443	2508	102	23	-1	
3	1	1330	1	0	0	2443	2508	102	23	-1	
4	1	1330	1	1	0	2443	2508	102	23	-1	
5	1	1330	1	1	1	2443	2515	36	13	36.759979	(91)
5	1	1330	1	1	2	2485	2508	60	23	36.759979	P11)
2	1	1331	0	0	0	2849	2469	60	52	-1	
3	1	1331	1	0	0	2849	2469	60	52	-1	
4	1	1331	1	1	0	2849	2469	60	52	-1	
5	1	1331	1	1	1	2849	2469	60	52	10.789520	laser
2	1	1332	0	0	0	3413	2503	36	11	-1	
3	1	1332	1	0	0	3413	2503	36	11	-1	
4	1	1332	1	1	0	3413	2503	36	11	-1	
5	1	1332	1	1	1	3413	2503	36	11	0.000000	47v
2	1	1333	0	0	0	3613	2503	63	28	-1	
3	1	1333	1	0	0	3613	2503	63	28	-1	
4	1	1333	1	1	0	3613	2503	63	28	-1	
5	1	1333	1	1	1	3613	2503	63	28	16.494385	(sv
2	1	1334	0	0	0	4390	2508	14	20	-1	
3	1	1334	1	0	0	4390	2508	14	20	-1	
4	1	1334	1	1	0	4390	2508	14	20	-1	
5	1	1334	1	1	1	4390	2508	14	20	40.989689	&
2	1	1335	0	0	0	4406	2506	12	9	-1	
3	1	1335	1	0	0	4406	2506	12	9	-1	
4	1	1335	1	1	0	4406	2506	12	9	-1	
5	1	1335	1	1	1	4406	2506	12	9	81.488037	2
2	1	1336	0	0	0	4406	2518	13	9	-1	
3	1	1336	1	0	0	4406	2518	13	9	-1	
4	1	1336	1	1	0	4406	2518	13	9	-1	
5	1	1336	1	1	1	4406	2518	13	9	36.737930	=
2	1	1337	0	0	0	4682	2513	13	10	-1	
3	1	1337	1	0	0	4682	2513	13	10	-1	
4	1	1337	1	1	0	4682	2513	13	10	-1	
5	1	1337	1	1	1	4682	2513	13	10	24.767937	4
2	1	1338	0	0	0	4707	2499	195	22	-1	
3	1	1338	1	0	0	4707	2499	195	22	-1	
4	1	1338	1	1	0	4707	2499	195	22	-1	
5	1	1338	1	1	1	4707	2499	195	22	38.088951	a
5	1	1338	1	1	2	4854	2495	53	37	17.724518	eae
2	1	1339	0	0	0	4941	2515	13	8	-1	
3	1	1339	1	0	0	4941	2515	13	8	-1	
4	1	1339	1	1	0	4941	2515	13	8	-1	
5	1	1339	1	1	1	4941	2515	13	8	70.938904	ray
2	1	1340	0	0	0	4941	2504	13	9	-1	
3	1	1340	1	0	0	4941	2504	13	9	-1	
4	1	1340	1	1	0	4941	2504	13	9	-1	
5	1	1340	1	1	1	4941	2504	13	9	76.966751	w
2	1	1341	0	0	0	5618	2500	147	26	-1	
3	1	1341	1	0	0	5618	2500	147	26	-1	
4	1	1341	1	1	0	5618	2500	147	26	-1	
5	1	1341	1	1	1	5614	2496	15	35	46.463261	‘a
5	1	1341	1	1	2	5671	2500	50	26	0.000000	(4:21.66)
5	1	1341	1	1	3	5732	2508	33	13	42.245323	Rot
2	1	1342	0	0	0	5775	2465	103	75	-1	
3	1	1342	1	0	0	5775	2465	103	75	-1	
4	1	1342	1	1	0	5775	2465	103	75	-1	
5	1	1342	1	1	1	5775	2465	103	75	43.278229	NO
2	1	1343	0	0	0	6107	2502	61	22	-1	
3	1	1343	1	0	0	6107	2502	61	22	-1	
4	1	1343	1	1	0	6107	2502	61	22	-1	
5	1	1343	1	1	1	6107	2507	30	13	70.655289	p09
5	1	1343	1	1	2	6146	2502	22	22	84.658905	(6)
2	1	1344	0	0	0	6275	2514	46	11	-1	
3	1	1344	1	0	0	6275	2514	46	11	-1	
4	1	1344	1	1	0	6275	2514	46	11	-1	
5	1	1344	1	1	1	6275	2514	46	11	85.730629	3.9ms
2	1	1345	0	0	0	6492	2512	38	13	-1	
3	1	1345	1	0	0	6492	2512	38	13	-1	
4	1	1345	1	1	0	6492	2512	38	13	-1	
5	1	1345	1	1	1	6492	2512	38	13	21.296844	O.5V
2	1	1346	0	0	0	6667	2503	18	13	-1	
3	1	1346	1	0	0	6667	2503	18	13	-1	
4	1	1346	1	1	0	6667	2503	18	13	-1	
5	1	1346	1	1	1	6667	2503	18	13	66.944687	sv
2	1	1347	0	0	0	6768	2475	78	42	-1	
3	1	1347	1	0	0	6768	2475	78	42	-1	
4	1	1347	1	1	0	6768	2475	78	42	-1	
5	1	1347	1	1	1	6768	2500	12	9	0.000000	x
5	1	1347	1	1	2	6791	2475	55	42	0.000000	iss
2	1	1348	0	0	0	6883	2511	42	13	-1	
3	1	1348	1	0	0	6883	2511	42	13	-1	
4	1	1348	1	1	0	6883	2511	42	13	-1	
5	1	1348	1	1	1	6883	2511	42	13	78.228249	R425
2	1	1349	0	0	0	7427	2497	22	23	-1	
3	1	1349	1	0	0	7427	2497	22	23	-1	
4	1	1349	1	1	0	7427	2497	22	23	-1	
5	1	1349	1	1	1	7427	2497	22	23	47.451553	(s)
2	1	1350	0	0	0	7445	2511	8	21	-1	
3	1	1350	1	0	0	7445	2511	8	21	-1	
4	1	1350	1	1	0	7445	2511	8	21	-1	
5	1	1350	1	1	1	7445	2511	8	21	39.147049	{
2	1	1351	0	0	0	7551	2487	27	33	-1	
3	1	1351	1	0	0	7551	2487	27	33	-1	
4	1	1351	1	1	0	7551	2487	27	33	-1	
5	1	1351	1	1	1	7551	2487	27	33	69.987778	Ks)
2	1	1352	0	0	0	904	2533	54	12	-1	
3	1	1352	1	0	0	904	2533	54	12	-1	
4	1	1352	1	1	0	904	2533	54	12	-1	
5	1	1352	1	1	1	904	2533	54	12	86.046028	CN406
2	1	1353	0	0	0	1807	2524	120	16	-1	
3	1	1353	1	0	0	1807	2524	120	16	-1	
4	1	1353	1	1	0	1807	2524	120	16	-1	
5	1	1353	1	1	1	1807	2524	40	16	50.897507	C312
5	1	1353	1	1	2	1865	2524	62	16	51.353191	S0V2.2
2	1	1354	0	0	0	1927	2552	3	7	-1	
3	1	1354	1	0	0	1927	2552	3	7	-1	
4	1	1354	1	1	0	1927	2552	3	7	-1	
5	1	1354	1	1	1	1927	2552	3	7	54.513290	7
2	1	1355	0	0	0	2264	2535	49	22	-1	
3	1	1355	1	0	0	2264	2535	49	22	-1	
4	1	1355	1	1	0	2264	2535	49	22	-1	
5	1	1355	1	1	1	2264	2535	49	22	87.756721	(57)
5	1	1355	1	1	2	2297	2531	19	32	64.794434	s4
2	1	1356	0	0	0	2443	2539	71	13	-1	
3	1	1356	1	0	0	2443	2539	71	13	-1	
4	1	1356	1	1	0	2443	2539	71	13	-1	
5	1	1356	1	1	1	2443	2539	71	13	9.075134	(9O)P10
2	1	1357	0	0	0	2787	2529	20	12	-1	
3	1	1357	1	0	0	2787	2529	20	12	-1	
4	1	1357	1	1	0	2787	2529	20	12	-1	
5	1	1357	1	1	1	2787	2529	20	12	82.381493	ov
2	1	1358	0	0	0	2856	2530	42	12	-1	
3	1	1358	1	0	0	2856	2530	42	12	-1	
4	1	1358	1	1	0	2856	2530	42	12	-1	
5	1	1358	1	1	1	2856	2530	42	12	34.807732	(Ove
2	1	1359	0	0	0	3641	2529	33	13	-1	
3	1	1359	1	0	0	3641	2529	33	13	-1	
4	1	1359	1	1	0	3641	2529	33	13	-1	
5	1	1359	1	1	1	3641	2529	33	13	78.631599	2.4V
2	1	1360	0	0	0	3985	2534	26	11	-1	
3	1	1360	1	0	0	3985	2534	26	11	-1	
4	1	1360	1	1	0	3985	2534	26	11	-1	
5	1	1360	1	1	1	3985	2534	26	11	75.065033	Pla
2	1	1361	0	0	0	4735	2533	13	10	-1	
3	1	1361	1	0	0	4735	2533	13	10	-1	
4	1	1361	1	1	0	4735	2533	13	10	-1	
5	1	1361	1	1	1	4735	2533	13	10	85.446297	z
2	1	1362	0	0	0	4762	2532	37	12	-1	
3	1	1362	1	0	0	4762	2532	37	12	-1	
4	1	1362	1	1	0	4762	2532	37	12	-1	
5	1	1362	1	1	1	4762	2532	37	12	65.778069	z=
2	1	1363	0	0	0	5043	2545	13	8	-1	
3	1	1363	1	0	0	5043	2545	13	8	-1	
4	1	1363	1	1	0	5043	2545	13	8	-1	
5	1	1363	1	1	1	5043	2545	13	8	19.092438	ol
2	1	1364	0	0	0	5071	2542	91	11	-1	
3	1	1364	1	0	0	5071	2542	91	11	-1	
4	1	1364	1	1	0	5071	2542	91	11	-1	
5	1	1364	1	1	1	5071	2542	91	11	26.846420	Peon
2	1	1365	0	0	0	5648	2530	102	23	-1	
3	1	1365	1	0	0	5648	2530	102	23	-1	
4	1	1365	1	1	0	5648	2530	102	23	-1	
5	1	1365	1	1	1	5648	2535	34	12	31.381851	49V
5	1	1365	1	1	2	5699	2530	22	23	31.381851	Q5)
5	1	1365	1	1	3	5731	2534	19	13	93.959839	NC
2	1	1366	0	0	0	6116	2534	19	13	-1	
3	1	1366	1	0	0	6116	2534	19	13	-1	
4	1	1366	1	1	0	6116	2534	19	13	-1	
5	1	1366	1	1	1	6116	2534	19	13	96.453499	NC
2	1	1367	0	0	0	6343	2528	23	12	-1	
3	1	1367	1	0	0	6343	2528	23	12	-1	
4	1	1367	1	1	0	6343	2528	23	12	-1	
5	1	1367	1	1	1	6343	2528	23	12	69.119949	4s
2	1	1368	0	0	0	6594	2536	40	13	-1	
3	1	1368	1	0	0	6594	2536	40	13	-1	
4	1	1368	1	1	0	6594	2536	40	13	-1	
5	1	1368	1	1	1	6594	2536	40	13	78.771454	R419
2	1	1369	0	0	0	6751	2519	95	39	-1	
3	1	1369	1	0	0	6751	2519	95	39	-1	
4	1	1369	1	1	0	6751	2519	95	39	-1	
5	1	1369	1	1	1	6751	2523	29	10	86.443527	an
5	1	1369	1	1	2	6791	2519	55	39	53.788834	TE:
2	1	1370	0	0	0	6889	2527	32	13	-1	
3	1	1370	1	0	0	6889	2527	32	13	-1	
4	1	1370	1	1	0	6889	2527	32	13	-1	
5	1	1370	1	1	1	6889	2527	32	13	78.005524	22k
2	1	1371	0	0	0	7426	2523	22	23	-1	
3	1	1371	1	0	0	7426	2523	22	23	-1	
4	1	1371	1	1	0	7426	2523	22	23	-1	
5	1	1371	1	1	1	7426	2523	22	23	95.974731	(7)
2	1	1372	0	0	0	1282	2494	36	76	-1	
3	1	1372	1	0	0	1282	2494	36	76	-1	
4	1	1372	1	1	0	1282	2494	36	76	-1	
5	1	1372	1	1	1	1282	2494	36	76	62.342789	|
2	1	1373	0	0	0	1883	2557	15	16	-1	
3	1	1373	1	0	0	1883	2557	15	16	-1	
4	1	1373	1	1	0	1883	2557	15	16	-1	
5	1	1373	1	1	1	1883	2557	15	16	71.980698	+
2	1	1374	0	0	0	2264	2560	49	23	-1	
3	1	1374	1	0	0	2264	2560	49	23	-1	
4	1	1374	1	1	0	2264	2560	49	23	-1	
5	1	1374	1	1	1	2264	2560	49	23	90.262009	(58)
5	1	1374	1	1	2	2297	2556	19	32	79.728592	S3
2	1	1375	0	0	0	2431	2566	84	13	-1	
3	1	1375	1	0	0	2431	2566	84	13	-1	
4	1	1375	1	1	0	2431	2566	84	13	-1	
5	1	1375	1	1	1	2431	2566	40	13	57.123070	(MLD
5	1	1375	1	1	2	2477	2566	38	13	57.123070	)PO3
2	1	1376	0	0	0	2554	2556	37	12	-1	
3	1	1376	1	0	0	2554	2556	37	12	-1	
4	1	1376	1	1	0	2554	2556	37	12	-1	
5	1	1376	1	1	1	2554	2556	37	12	71.329430	49V
2	1	1377	0	0	0	2855	2556	49	13	-1	
3	1	1377	1	0	0	2855	2556	49	13	-1	
4	1	1377	1	1	0	2855	2556	49	13	-1	
5	1	1377	1	1	1	2855	2556	49	13	79.389305	(4.8V)
2	1	1378	0	0	0	3416	2547	68	41	-1	
3	1	1378	1	0	0	3416	2547	68	41	-1	
4	1	1378	1	1	0	3416	2547	68	41	-1	
5	1	1378	1	1	1	3416	2554	32	12	55.586105	24V
5	1	1378	1	1	2	3456	2547	28	41	36.875305	(9)
2	1	1379	0	0	0	3641	2554	35	12	-1	
3	1	1379	1	0	0	3641	2554	35	12	-1	
4	1	1379	1	1	0	3641	2554	35	12	-1	
5	1	1379	1	1	1	3641	2554	8	12	49.029160	2
5	1	1379	1	1	2	3656	2554	20	12	48.644043	4V
2	1	1380	0	0	0	3984	2551	89	18	-1	
3	1	1380	1	0	0	3984	2551	89	18	-1	
4	1	1380	1	1	0	3984	2551	89	18	-1	
5	1	1380	1	1	1	3984	2551	27	18	86.141434	2ps
5	1	1380	1	1	2	4021	2551	52	11	44.578850	IV/D1V
2	1	1381	0	0	0	4445	2478	58	85	-1	
3	1	1381	1	0	0	4445	2478	58	85	-1	
4	1	1381	1	1	0	4445	2478	58	85	-1	
5	1	1381	1	1	1	4445	2478	58	85	43.160950	‘|
2	1	1382	0	0	0	4682	2533	38	33	-1	
3	1	1382	1	0	0	4682	2533	38	33	-1	
4	1	1382	1	1	0	4682	2533	38	33	-1	
5	1	1382	1	1	1	4682	2533	38	33	68.576012	33
2	1	1383	0	0	0	4735	2544	39	21	-1	
3	1	1383	1	0	0	4735	2544	39	21	-1	
4	1	1383	1	1	0	4735	2544	39	21	-1	
5	1	1383	1	1	1	4735	2544	39	21	59.282402	z¢
2	1	1384	0	0	0	4811	2531	91	33	-1	
3	1	1384	1	0	0	4811	2531	91	33	-1	
4	1	1384	1	1	0	4811	2531	91	33	-1	
5	1	1384	1	1	1	4811	2531	91	33	29.250557	2232
2	1	1385	0	0	0	4941	2543	91	22	-1	
3	1	1385	1	0	0	4941	2543	91	22	-1	
4	1	1385	1	1	0	4941	2543	91	22	-1	
5	1	1385	1	1	1	4941	2543	91	22	74.161774	#8as
2	1	1386	0	0	0	5044	2553	119	10	-1	
3	1	1386	1	0	0	5044	2553	119	10	-1	
4	1	1386	1	1	0	5044	2553	119	10	-1	
5	1	1386	1	1	1	5044	2553	119	10	16.056992	a@aaag
2	1	1387	0	0	0	5621	2547	141	36	-1	
3	1	1387	1	0	0	5621	2547	141	36	-1	
4	1	1387	1	1	0	5621	2547	141	36	-1	
5	1	1387	1	1	1	5621	2557	9	16	91.918732	b
5	1	1387	1	1	2	5644	2551	44	12	3.081551	48)
5	1	1387	1	1	3	5695	2547	30	36	67.661797	Ga)
5	1	1387	1	1	4	5731	2547	31	31	95.998405	MLD
2	1	1388	0	0	0	5869	2565	54	17	-1	
3	1	1388	1	0	0	5869	2565	54	17	-1	
4	1	1388	1	1	0	5869	2565	54	17	-1	
5	1	1388	1	1	1	5869	2565	33	11	56.538872	22.7
5	1	1388	1	1	2	5905	2568	18	14	56.538872	ps
2	1	1389	0	0	0	6106	2553	63	23	-1	
3	1	1389	1	0	0	6106	2553	63	23	-1	
4	1	1389	1	1	0	6106	2553	63	23	-1	
5	1	1389	1	1	1	6102	2549	32	31	52.705482	vos
5	1	1389	1	1	2	6143	2549	29	31	95.158554	(8)
2	1	1390	0	0	0	6599	2553	32	13	-1	
3	1	1390	1	0	0	6599	2553	32	13	-1	
4	1	1390	1	1	0	6599	2553	32	13	-1	
5	1	1390	1	1	1	6599	2553	32	13	65.156174	22K
2	1	1391	0	0	0	6654	2532	45	39	-1	
3	1	1391	1	0	0	6654	2532	45	39	-1	
4	1	1391	1	1	0	6654	2532	45	39	-1	
5	1	1391	1	1	1	6654	2532	45	39	5.688049	(PD
2	1	1392	0	0	0	6717	2560	38	13	-1	
3	1	1392	1	0	0	6717	2560	38	13	-1	
4	1	1392	1	1	0	6717	2560	38	13	-1	
5	1	1392	1	1	1	6717	2560	38	13	34.164207	48V
2	1	1393	0	0	0	7423	2537	31	44	-1	
3	1	1393	1	0	0	7423	2537	31	44	-1	
4	1	1393	1	1	0	7423	2537	31	44	-1	
5	1	1393	1	1	1	7423	2537	31	44	13.959702	oO
2	1	1394	0	0	0	7552	2537	30	44	-1	
3	1	1394	1	0	0	7552	2537	30	44	-1	
4	1	1394	1	1	0	7552	2537	30	44	-1	
5	1	1394	1	1	1	7552	2537	30	44	72.925987	©
2	1	1395	0	0	0	1161	2591	12	11	-1	
3	1	1395	1	0	0	1161	2591	12	11	-1	
4	1	1395	1	1	0	1161	2591	12	11	-1	
5	1	1395	1	1	1	1161	2591	12	11	43.031288	+
2	1	1396	0	0	0	1825	2593	21	12	-1	
3	1	1396	1	0	0	1825	2593	21	12	-1	
4	1	1396	1	1	0	1825	2593	21	12	-1	
5	1	1396	1	1	1	1825	2593	21	12	84.476860	SV
2	1	1397	0	0	0	1878	2592	4	12	-1	
3	1	1397	1	0	0	1878	2592	4	12	-1	
4	1	1397	1	1	0	1878	2592	4	12	-1	
5	1	1397	1	1	1	1878	2592	4	12	67.312889	r
2	1	1398	0	0	0	2553	2574	73	25	-1	
3	1	1398	1	0	0	2553	2574	73	25	-1	
4	1	1398	1	1	0	2553	2574	73	25	-1	
5	1	1398	1	1	1	2553	2582	37	13	0.000000	4av
5	1	1398	1	1	2	2597	2570	9	34	92.560493	|
5	1	1398	1	1	3	2617	2574	9	25	92.560493	|
2	1	1399	0	0	0	2854	2584	76	21	-1	
3	1	1399	1	0	0	2854	2584	76	21	-1	
4	1	1399	1	1	0	2854	2584	76	21	-1	
5	1	1399	1	1	1	2854	2584	51	12	37.841667	14.8V)
5	1	1399	1	1	2	2920	2592	10	13	73.201202	c
2	1	1400	0	0	0	3642	2582	34	14	-1	
3	1	1400	1	0	0	3642	2582	34	14	-1	
4	1	1400	1	1	0	3642	2582	34	14	-1	
5	1	1400	1	1	1	3642	2582	34	14	62.465717	2.4V
2	1	1401	0	0	0	4625	2572	543	27	-1	
3	1	1401	1	0	0	4625	2572	543	27	-1	
4	1	1401	1	1	0	4625	2572	543	27	-1	
5	1	1401	1	1	1	4625	2572	543	27	2.001633	PIIVOIOVIID
5	1	1401	1	1	2	4897	2568	63	41	0.000000	VARS
5	1	1401	1	1	3	4969	2572	148	27	0.000000	OSOGID
5	1	1401	1	1	4	5126	2568	46	41	0.000000	ID
2	1	1402	0	0	0	5699	2582	76	23	-1	
3	1	1402	1	0	0	5699	2582	76	23	-1	
4	1	1402	1	1	0	5699	2582	76	23	-1	
5	1	1402	1	1	1	5699	2582	23	23	86.103470	@3)
5	1	1402	1	1	2	5732	2587	43	13	90.430992	MCLK
2	1	1403	0	0	0	6107	2580	61	23	-1	
3	1	1403	1	0	0	6107	2580	61	23	-1	
4	1	1403	1	1	0	6107	2580	61	23	-1	
5	1	1403	1	1	1	6107	2580	61	23	80.647339	007(9)
2	1	1404	0	0	0	6485	2580	21	12	-1	
3	1	1404	1	0	0	6485	2580	21	12	-1	
4	1	1404	1	1	0	6485	2580	21	12	-1	
5	1	1404	1	1	1	6485	2580	21	12	77.293045	ov
2	1	1405	0	0	0	6525	2552	46	42	-1	
3	1	1405	1	0	0	6525	2552	46	42	-1	
4	1	1405	1	1	0	6525	2552	46	42	-1	
5	1	1405	1	1	1	6525	2552	46	42	76.146240	CH
2	1	1406	0	0	0	6579	2587	21	13	-1	
3	1	1406	1	0	0	6579	2587	21	13	-1	
4	1	1406	1	1	0	6579	2587	21	13	-1	
5	1	1406	1	1	1	6579	2587	21	13	80.717911	ov
2	1	1407	0	0	0	6630	2587	23	12	-1	
3	1	1407	1	0	0	6630	2587	23	12	-1	
4	1	1407	1	1	0	6630	2587	23	12	-1	
5	1	1407	1	1	1	6630	2587	23	12	71.752556	ov
2	1	1408	0	0	0	7504	2589	53	13	-1	
3	1	1408	1	0	0	7504	2589	53	13	-1	
4	1	1408	1	1	0	7504	2589	53	13	-1	
5	1	1408	1	1	1	7504	2589	53	13	85.673820	BT302
2	1	1409	0	0	0	7782	2586	49	20	-1	
3	1	1409	1	0	0	7782	2586	49	20	-1	
4	1	1409	1	1	0	7782	2586	49	20	-1	
5	1	1409	1	1	1	7782	2586	49	20	34.734337	—
2	1	1410	0	0	0	1491	2618	36	12	-1	
3	1	1410	1	0	0	1491	2618	36	12	-1	
4	1	1410	1	1	0	1491	2618	36	12	-1	
5	1	1410	1	1	1	1491	2618	36	12	62.205009	46v
2	1	1411	0	0	0	2263	2586	50	23	-1	
3	1	1411	1	0	0	2263	2586	50	23	-1	
4	1	1411	1	1	0	2263	2586	50	23	-1	
5	1	1411	1	1	1	2263	2586	50	23	58.748756	(59)s2
2	1	1412	0	0	0	2294	2618	16	13	-1	
3	1	1412	1	0	0	2294	2618	16	13	-1	
4	1	1412	1	1	0	2294	2618	16	13	-1	
5	1	1412	1	1	1	2294	2618	16	13	66.047745	sl
2	1	1413	0	0	0	2419	2587	126	23	-1	
3	1	1413	1	0	0	2419	2587	126	23	-1	
4	1	1413	1	1	0	2419	2587	126	23	-1	
5	1	1413	1	1	1	2419	2587	126	23	70.293411	(MCLK)P02(6)
2	1	1414	0	0	0	3643	2607	33	12	-1	
3	1	1414	1	0	0	3643	2607	33	12	-1	
4	1	1414	1	1	0	3643	2607	33	12	-1	
5	1	1414	1	1	1	3643	2607	33	12	77.116783	2.4V
2	1	1415	0	0	0	4224	2561	232	64	-1	
3	1	1415	1	0	0	4224	2561	232	64	-1	
4	1	1415	1	1	0	4224	2561	232	64	-1	
5	1	1415	1	1	1	4224	2561	232	64	31.685364	|
2	1	1416	0	0	0	5634	2603	36	12	-1	
3	1	1416	1	0	0	5634	2603	36	12	-1	
4	1	1416	1	1	0	5634	2603	36	12	-1	
5	1	1416	1	1	1	5634	2603	36	12	79.898392	4.9V
2	1	1417	0	0	0	5732	2611	20	13	-1	
3	1	1417	1	0	0	5732	2611	20	13	-1	
4	1	1417	1	1	0	5732	2611	20	13	-1	
5	1	1417	1	1	1	5732	2611	20	13	93.479515	NC
2	1	1418	0	0	0	5824	2616	35	11	-1	
3	1	1418	1	0	0	5824	2616	35	11	-1	
4	1	1418	1	1	0	5824	2616	35	11	-1	
5	1	1418	1	1	1	5824	2616	35	11	57.423447	a°
2	1	1419	0	0	0	6117	2606	51	24	-1	
3	1	1419	1	0	0	6117	2606	51	24	-1	
4	1	1419	1	1	0	6117	2606	51	24	-1	
5	1	1419	1	1	1	6117	2612	18	13	85.352051	nc
5	1	1419	1	1	2	6142	2606	26	24	90.622940	(10)
2	1	1420	0	0	0	6524	2615	56	16	-1	
3	1	1420	1	0	0	6524	2615	56	16	-1	
4	1	1420	1	1	0	6524	2615	56	16	-1	
5	1	1420	1	1	1	6524	2615	56	16	87.977264	Q405
2	1	1421	0	0	0	6657	2594	55	17	-1	
3	1	1421	1	0	0	6657	2594	55	17	-1	
4	1	1421	1	1	0	6657	2594	55	17	-1	
5	1	1421	1	1	1	6657	2594	55	17	20.762146	e408
2	1	1422	0	0	0	6972	2601	122	16	-1	
3	1	1422	1	0	0	6972	2601	122	16	-1	
4	1	1422	1	1	0	6972	2601	122	16	-1	
5	1	1422	1	1	1	6972	2601	122	16	91.671921	Q405~407
2	1	1423	0	0	0	7585	2431	132	133	-1	
3	1	1423	1	0	0	7585	2431	132	178	-1	
4	1	1423	1	1	0	7585	2431	132	133	-1	
5	1	1423	1	1	1	7585	2431	132	133	50.868183	is
2	1	1424	0	0	0	1484	2635	51	12	-1	
3	1	1424	1	0	0	1484	2635	51	12	-1	
4	1	1424	1	1	0	1484	2635	51	12	-1	
5	1	1424	1	1	1	1484	2635	51	12	40.449120	{46V)
2	1	1425	0	0	0	1583	2622	52	15	-1	
3	1	1425	1	0	0	1583	2622	52	15	-1	
4	1	1425	1	1	0	1583	2622	52	15	-1	
5	1	1425	1	1	1	1583	2622	52	15	89.949539	Q404
2	1	1426	0	0	0	2122	2635	42	13	-1	
3	1	1426	1	0	0	2122	2635	42	13	-1	
4	1	1426	1	1	0	2122	2635	42	13	-1	
5	1	1426	1	1	1	2122	2635	42	13	94.185577	R406
2	1	1427	0	0	0	2407	2609	184	27	-1	
3	1	1427	1	0	0	2407	2609	184	27	-1	
4	1	1427	1	1	0	2407	2609	184	27	-1	
5	1	1427	1	1	1	2407	2618	72	13	71.618530	(MDATA)
5	1	1427	1	1	2	2484	2618	29	12	53.155449	POI
5	1	1427	1	1	3	2523	2613	22	23	8.551666	(5
5	1	1427	1	1	4	2554	2609	37	12	8.551666	+2
2	1	1428	0	0	0	2857	2609	75	32	-1	
3	1	1428	1	0	0	2857	2609	75	32	-1	
4	1	1428	1	1	0	2857	2609	75	32	-1	
5	1	1428	1	1	1	2857	2609	41	32	0.000000	19v)
5	1	1428	1	1	2	2920	2615	12	17	92.155487	d
2	1	1429	0	0	0	3371	2612	109	38	-1	
3	1	1429	1	0	0	3371	2612	109	38	-1	
4	1	1429	1	1	0	3371	2612	109	38	-1	
5	1	1429	1	1	1	3371	2612	109	38	28.807663	Ca
2	1	1430	0	0	0	3642	2633	35	12	-1	
3	1	1430	1	0	0	3642	2633	35	12	-1	
4	1	1430	1	1	0	3642	2633	35	12	-1	
5	1	1430	1	1	1	3642	2633	35	12	87.964966	3.3V
2	1	1431	0	0	0	5427	2412	101	227	-1	
3	1	1431	1	0	0	5427	2412	101	227	-1	
4	1	1431	1	1	0	5427	2412	101	227	-1	
5	1	1431	1	1	1	5427	2412	101	227	84.793549	|
2	1	1432	0	0	0	5626	2621	44	13	-1	
3	1	1432	1	0	0	5626	2621	44	13	-1	
4	1	1432	1	1	0	5626	2621	44	13	-1	
5	1	1432	1	1	1	5626	2621	44	13	82.832642	(4.8V)
2	1	1433	0	0	0	5823	2638	36	9	-1	
3	1	1433	1	0	0	5823	2638	36	9	-1	
4	1	1433	1	1	0	5823	2638	36	9	-1	
5	1	1433	1	1	1	5823	2638	36	9	48.916073	Go
2	1	1434	0	0	0	5824	2648	34	7	-1	
3	1	1434	1	0	0	5824	2648	34	7	-1	
4	1	1434	1	1	0	5824	2648	34	7	-1	
5	1	1434	1	1	1	5824	2648	34	7	44.519035	L2z
2	1	1435	0	0	0	6680	2635	20	13	-1	
3	1	1435	1	0	0	6680	2635	20	13	-1	
4	1	1435	1	1	0	6680	2635	20	13	-1	
5	1	1435	1	1	1	6680	2635	20	13	40.935135	Sv
2	1	1436	0	0	0	6972	2624	109	20	-1	
3	1	1436	1	0	0	6972	2624	109	20	-1	
4	1	1436	1	1	0	6972	2624	109	20	-1	
5	1	1436	1	1	1	6972	2624	109	20	3.636818	2SC3311
2	1	1437	0	0	0	365	2605	185	55	-1	
3	1	1437	1	0	0	365	2605	185	55	-1	
4	1	1437	1	1	0	365	2605	185	55	-1	
5	1	1437	1	1	1	365	2605	57	55	57.063179	[J
5	1	1437	1	1	2	441	2619	109	29	70.448128	Fceos
2	1	1438	0	0	0	1055	2593	20	85	-1	
3	1	1438	1	0	0	1055	2593	20	85	-1	
4	1	1438	1	1	0	1055	2593	20	85	-1	
5	1	1438	1	1	1	1055	2593	20	85	63.209206	!
2	1	1439	0	0	0	1220	2662	30	11	-1	
3	1	1439	1	0	0	1220	2662	30	11	-1	
4	1	1439	1	1	0	1220	2662	30	11	-1	
5	1	1439	1	1	1	1220	2662	30	11	83.922256	mx
2	1	1440	0	0	0	2133	2652	19	12	-1	
3	1	1440	1	0	0	2133	2652	19	12	-1	
4	1	1440	1	1	0	2133	2652	19	12	-1	
5	1	1440	1	1	1	2133	2652	19	12	86.459381	IM
2	1	1441	0	0	0	2263	2639	51	23	-1	
3	1	1441	1	0	0	2263	2639	51	23	-1	
4	1	1441	1	1	0	2263	2639	51	23	-1	
5	1	1441	1	1	1	2263	2639	51	23	78.636917	1)
5	1	1441	1	1	2	2299	2635	19	32	88.125206	so
2	1	1442	0	0	0	2484	2645	31	13	-1	
3	1	1442	1	0	0	2484	2645	31	13	-1	
4	1	1442	1	1	0	2484	2645	31	13	-1	
5	1	1442	1	1	1	2484	2645	31	13	74.580078	POO
2	1	1443	0	0	0	2519	2630	58	36	-1	
3	1	1443	1	0	0	2519	2630	58	36	-1	
4	1	1443	1	1	0	2519	2630	58	36	-1	
5	1	1443	1	1	1	2519	2630	58	36	26.622246	(42%
2	1	1444	0	0	0	2658	2660	78	12	-1	
3	1	1444	1	0	0	2658	2660	78	12	-1	
4	1	1444	1	1	0	2658	2660	78	12	-1	
5	1	1444	1	1	1	2658	2660	36	12	85.427864	4.6V
5	1	1444	1	1	2	2701	2660	35	12	48.913898	(OV)
2	1	1445	0	0	0	3417	2658	31	12	-1	
3	1	1445	1	0	0	3417	2658	31	12	-1	
4	1	1445	1	1	0	3417	2658	31	12	-1	
5	1	1445	1	1	1	3417	2658	31	12	91.325760	Lav
2	1	1446	0	0	0	3643	2658	34	13	-1	
3	1	1446	1	0	0	3643	2658	34	13	-1	
4	1	1446	1	1	0	3643	2658	34	13	-1	
5	1	1446	1	1	1	3643	2658	34	13	27.923744	36V
2	1	1447	0	0	0	4659	2642	510	29	-1	
3	1	1447	1	0	0	4659	2642	510	29	-1	
4	1	1447	1	1	0	4659	2642	510	29	-1	
5	1	1447	1	1	1	4659	2642	422	29	82.822586	bedefghijkimnopar
5	1	1447	1	1	2	5100	2642	69	26	94.394714	stu
2	1	1448	0	0	0	5823	2660	36	9	-1	
3	1	1448	1	0	0	5823	2660	36	9	-1	
4	1	1448	1	1	0	5823	2660	36	9	-1	
5	1	1448	1	1	1	5823	2660	36	9	30.390488	o-
2	1	1449	0	0	0	5824	2670	246	10	-1	
3	1	1449	1	0	0	5824	2670	246	10	-1	
4	1	1449	1	1	0	5824	2670	246	10	-1	
5	1	1449	1	1	1	5824	2670	166	10	4.207451	S€20900900
5	1	1449	1	1	2	6007	2670	63	10	60.058685	000
2	1	1450	0	0	0	6473	2652	39	12	-1	
3	1	1450	1	0	0	6473	2652	39	12	-1	
4	1	1450	1	1	0	6473	2652	39	12	-1	
5	1	1450	1	1	1	6473	2652	39	12	94.835747	D406
2	1	1451	0	0	0	1219	2670	30	13	-1	
3	1	1451	1	0	0	1219	2670	30	13	-1	
4	1	1451	1	1	0	1219	2670	30	13	-1	
5	1	1451	1	1	1	1219	2670	30	13	69.492943	OR
2	1	1452	0	0	0	1220	2689	30	10	-1	
3	1	1452	1	0	0	1220	2689	30	10	-1	
4	1	1452	1	1	0	1220	2689	30	10	-1	
5	1	1452	1	1	1	1220	2689	30	10	57.540314	gy
2	1	1453	0	0	0	1684	2675	22	12	-1	
3	1	1453	1	0	0	1684	2675	22	12	-1	
4	1	1453	1	1	0	1684	2675	22	12	-1	
5	1	1453	1	1	1	1684	2675	22	12	76.729286	ov
2	1	1454	0	0	0	2264	2665	71	23	-1	
3	1	1454	1	0	0	2264	2665	71	23	-1	
4	1	1454	1	1	0	2264	2665	71	23	-1	
5	1	1454	1	1	1	2264	2665	22	23	65.902237	(62)
5	1	1454	1	1	2	2295	2670	40	14	87.802597	osc2
2	1	1455	0	0	0	2425	2665	120	22	-1	
3	1	1455	1	0	0	2425	2665	120	22	-1	
4	1	1455	1	1	0	2425	2665	120	22	-1	
5	1	1455	1	1	1	2425	2665	120	22	37.719158	45(FG)IXI(G)
2	1	1456	0	0	0	2668	2690	54	14	-1	
3	1	1456	1	0	0	2668	2690	54	14	-1	
4	1	1456	1	1	0	2668	2690	54	14	-1	
5	1	1456	1	1	1	2668	2690	54	14	81.717644	Q414
2	1	1457	0	0	0	3642	2685	34	12	-1	
3	1	1457	1	0	0	3642	2685	34	12	-1	
4	1	1457	1	1	0	3642	2685	34	12	-1	
5	1	1457	1	1	1	3642	2685	34	12	71.063713	3.5V
2	1	1458	0	0	0	5824	2682	246	9	-1	
3	1	1458	1	0	0	5824	2682	246	9	-1	
4	1	1458	1	1	0	5824	2682	246	9	-1	
5	1	1458	1	1	1	5824	2682	166	9	21.735321	e042z2060
5	1	1458	1	1	2	6007	2682	63	9	73.338730	662
2	1	1459	0	0	0	6465	2669	51	13	-1	
3	1	1459	1	0	0	6465	2669	51	13	-1	
4	1	1459	1	1	0	6465	2669	51	13	-1	
5	1	1459	1	1	1	6465	2669	51	13	77.038040	MAI65
2	1	1460	0	0	0	6751	2690	29	13	-1	
3	1	1460	1	0	0	6751	2690	29	13	-1	
4	1	1460	1	1	0	6751	2690	29	13	-1	
5	1	1460	1	1	1	6751	2690	29	13	31.080498	aN
2	1	1461	0	0	0	6751	2672	29	13	-1	
3	1	1461	1	0	0	6751	2672	29	13	-1	
4	1	1461	1	1	0	6751	2672	29	13	-1	
5	1	1461	1	1	1	6751	2672	29	13	52.264198	Rx
2	1	1462	0	0	0	6881	2685	41	13	-1	
3	1	1462	1	0	0	6881	2685	41	13	-1	
4	1	1462	1	1	0	6881	2685	41	13	-1	
5	1	1462	1	1	1	6881	2685	41	13	95.479454	R426
2	1	1463	0	0	0	7632	2683	38	16	-1	
3	1	1463	1	0	0	7632	2683	38	16	-1	
4	1	1463	1	1	0	7632	2683	38	16	-1	
5	1	1463	1	1	1	7632	2683	38	16	80.103531	C417
2	1	1464	0	0	0	367	2685	317	36	-1	
3	1	1464	1	0	0	367	2685	317	36	-1	
4	1	1464	1	1	0	367	2685	317	36	-1	
5	1	1464	1	1	1	367	2685	184	35	93.296761	(Operation
5	1	1464	1	1	2	568	2686	116	35	85.314812	P.C.B.)
2	1	1465	0	0	0	2214	2713	20	13	-1	
3	1	1465	1	0	0	2214	2713	20	13	-1	
4	1	1465	1	1	0	2214	2713	20	13	-1	
5	1	1465	1	1	1	2214	2713	20	13	69.571075	Sv
2	1	1466	0	0	0	2264	2691	67	23	-1	
3	1	1466	1	0	0	2264	2691	67	23	-1	
4	1	1466	1	1	0	2264	2691	67	23	-1	
5	1	1466	1	1	1	2264	2691	22	23	79.682465	63)
5	1	1466	1	1	2	2294	2696	37	14	0.000000	osc
2	1	1467	0	0	0	2493	2691	52	23	-1	
3	1	1467	1	0	0	2493	2691	52	23	-1	
4	1	1467	1	1	0	2493	2691	52	23	-1	
5	1	1467	1	1	1	2493	2696	18	13	75.154144	xo
5	1	1467	1	1	2	2516	2691	29	23	75.154144	(2)
2	1	1468	0	0	0	2931	2716	21	12	-1	
3	1	1468	1	0	0	2931	2716	21	12	-1	
4	1	1468	1	1	0	2931	2716	21	12	-1	
5	1	1468	1	1	1	2931	2716	21	12	79.827942	ov
2	1	1469	0	0	0	3371	2703	91	24	-1	
3	1	1469	1	0	0	3371	2703	91	24	-1	
4	1	1469	1	1	0	3371	2703	91	24	-1	
5	1	1469	1	1	1	3367	2699	14	40	90.229340	[
5	1	1469	1	1	2	3390	2704	2	23	61.436501	|
5	1	1469	1	1	3	3394	2703	68	24	33.796921	ev?
2	1	1470	0	0	0	3418	2685	63	39	-1	
3	1	1470	1	0	0	3418	2685	63	39	-1	
4	1	1470	1	1	0	3418	2685	63	39	-1	
5	1	1470	1	1	1	3418	2685	63	39	43.971970	ve
2	1	1471	0	0	0	3648	2710	21	13	-1	
3	1	1471	1	0	0	3648	2710	21	13	-1	
4	1	1471	1	1	0	3648	2710	21	13	-1	
5	1	1471	1	1	1	3648	2710	21	13	82.490555	ov
2	1	1472	0	0	0	3900	2698	604	20	-1	
3	1	1472	1	0	0	3900	2698	604	20	-1	
4	1	1472	1	1	0	3900	2698	604	20	-1	
5	1	1472	1	1	1	3900	2699	132	19	16.420929	a
5	1	1472	1	1	2	4110	2698	394	19	26.151207	es
2	1	1473	0	0	0	5792	2700	283	24	-1	
3	1	1473	1	0	0	5792	2700	283	24	-1	
4	1	1473	1	1	0	5792	2700	283	24	-1	
5	1	1473	1	1	1	5792	2700	283	24	18.434113	DEOOVOOOOOD
2	1	1474	0	0	0	6539	2694	23	13	-1	
3	1	1474	1	0	0	6539	2694	23	13	-1	
4	1	1474	1	1	0	6539	2694	23	13	-1	
5	1	1474	1	1	1	6539	2694	23	13	74.520409	0.5
2	1	1475	0	0	0	6595	2709	43	12	-1	
3	1	1475	1	0	0	6595	2709	43	12	-1	
4	1	1475	1	1	0	6595	2709	43	12	-1	
5	1	1475	1	1	1	6595	2709	43	12	96.705856	R420
2	1	1476	0	0	0	6751	2700	29	12	-1	
3	1	1476	1	0	0	6751	2700	29	12	-1	
4	1	1476	1	1	0	6751	2700	29	12	-1	
5	1	1476	1	1	1	6751	2700	29	12	14.987984	Pay)
2	1	1477	0	0	0	6815	2693	31	13	-1	
3	1	1477	1	0	0	6815	2693	31	13	-1	
4	1	1477	1	1	0	6815	2693	31	13	-1	
5	1	1477	1	1	1	6815	2693	31	13	88.062859	go
2	1	1478	0	0	0	6887	2700	32	13	-1	
3	1	1478	1	0	0	6887	2700	32	13	-1	
4	1	1478	1	1	0	6887	2700	32	13	-1	
5	1	1478	1	1	1	6887	2700	32	13	86.496857	22K
2	1	1479	0	0	0	7633	2706	42	13	-1	
3	1	1479	1	0	0	7633	2706	42	13	-1	
4	1	1479	1	1	0	7633	2706	42	13	-1	
5	1	1479	1	1	1	7633	2706	42	13	89.430435	0.001
2	1	1480	0	0	0	2264	2717	59	23	-1	
3	1	1480	1	0	0	2264	2717	59	23	-1	
4	1	1480	1	1	0	2264	2717	59	23	-1	
5	1	1480	1	1	1	2264	2717	22	23	79.799660	64)
5	1	1480	1	1	2	2295	2723	28	13	70.981506	Voo
2	1	1481	0	0	0	2358	2726	73	24	-1	
3	1	1481	1	0	0	2358	2726	73	24	-1	
4	1	1481	1	1	0	2358	2726	73	24	-1	
5	1	1481	1	1	1	2358	2726	73	24	20.306824	yeah
2	1	1482	0	0	0	2484	2717	62	23	-1	
3	1	1482	1	0	0	2484	2717	62	23	-1	
4	1	1482	1	1	0	2484	2717	62	23	-1	
5	1	1482	1	1	1	2484	2717	62	23	1.725159	vss(@)
2	1	1483	0	0	0	2669	2712	101	19	-1	
3	1	1483	1	0	0	2669	2712	101	19	-1	
4	1	1483	1	1	0	2669	2712	101	19	-1	
5	1	1483	1	1	1	2669	2712	101	19	88.732559	UN4212
2	1	1484	0	0	0	5751	2733	35	12	-1	
3	1	1484	1	0	0	5751	2733	35	12	-1	
4	1	1484	1	1	0	5751	2733	35	12	-1	
5	1	1484	1	1	1	5751	2733	35	12	52.406635	45V
2	1	1485	0	0	0	5862	2734	33	12	-1	
3	1	1485	1	0	0	5862	2734	33	12	-1	
4	1	1485	1	1	0	5862	2734	33	12	-1	
5	1	1485	1	1	1	5862	2734	33	12	36.307098	2.3V
2	1	1486	0	0	0	6080	2733	61	17	-1	
3	1	1486	1	0	0	6080	2733	61	17	-1	
4	1	1486	1	1	0	6080	2733	61	17	-1	
5	1	1486	1	1	1	6080	2733	39	12	21.149742	135
5	1	1486	1	1	2	6123	2735	18	15	21.149742	ps
2	1	1487	0	0	0	6533	2720	97	30	-1	
3	1	1487	1	0	0	6533	2720	97	30	-1	
4	1	1487	1	1	0	6533	2720	97	30	-1	
5	1	1487	1	1	1	6533	2720	40	30	66.414795	YY
5	1	1487	1	1	2	6598	2725	32	13	35.935799	22k
2	1	1488	0	0	0	6654	2703	45	41	-1	
3	1	1488	1	0	0	6654	2703	45	41	-1	
4	1	1488	1	1	0	6654	2703	45	41	-1	
5	1	1488	1	1	1	6654	2703	45	41	34.899200	(PD
2	1	1489	0	0	0	6713	2734	33	13	-1	
3	1	1489	1	0	0	6713	2734	33	13	-1	
4	1	1489	1	1	0	6713	2734	33	13	-1	
5	1	1489	1	1	1	6713	2734	33	13	45.471382	48V
2	1	1490	0	0	0	7630	2732	182	15	-1	
3	1	1490	1	0	0	7630	2732	182	15	-1	
4	1	1490	1	1	0	7630	2732	182	15	-1	
5	1	1490	1	1	1	7630	2732	69	15	93.261795	WIRED
5	1	1490	1	1	2	7712	2732	100	15	88.414177	REMOCON
2	1	1491	0	0	0	2018	2756	28	12	-1	
3	1	1491	1	0	0	2018	2756	28	12	-1	
4	1	1491	1	1	0	2018	2756	28	12	-1	
5	1	1491	1	1	1	2018	2756	28	12	48.080887	Rx
2	1	1492	0	0	0	2130	2756	29	10	-1	
3	1	1492	1	0	0	2130	2756	29	10	-1	
4	1	1492	1	1	0	2130	2756	29	10	-1	
5	1	1492	1	1	1	2130	2756	29	10	71.039139	ox
2	1	1493	0	0	0	4152	2719	353	40	-1	
3	1	1493	1	0	0	4152	2719	353	40	-1	
4	1	1493	1	1	0	4152	2719	353	40	-1	
5	1	1493	1	1	1	4152	2719	353	40	18.310852	——,
2	1	1494	0	0	0	5750	2750	35	12	-1	
3	1	1494	1	0	0	5750	2750	35	12	-1	
4	1	1494	1	1	0	5750	2750	35	12	-1	
5	1	1494	1	1	1	5750	2750	35	12	93.183022	(ov)
2	1	1495	0	0	0	6582	2752	20	12	-1	
3	1	1495	1	0	0	6582	2752	20	12	-1	
4	1	1495	1	1	0	6582	2752	20	12	-1	
5	1	1495	1	1	1	6582	2752	20	12	90.480392	ov
2	1	1496	0	0	0	6974	2757	113	15	-1	
3	1	1496	1	0	0	6974	2757	113	15	-1	
4	1	1496	1	1	0	6974	2757	113	15	-1	
5	1	1496	1	1	1	6974	2757	113	15	72.521652	Q408~410
2	1	1497	0	0	0	966	2759	27	31	-1	
3	1	1497	1	0	0	966	2759	27	31	-1	
4	1	1497	1	1	0	966	2759	27	31	-1	
5	1	1497	1	1	1	966	2759	27	31	49.009140	GY
2	1	1498	0	0	0	1813	2762	47	19	-1	
3	1	1498	1	0	0	1813	2762	47	19	-1	
4	1	1498	1	1	0	1813	2762	47	19	-1	
5	1	1498	1	1	1	1813	2762	47	19	91.903915	Q301
2	1	1499	0	0	0	2017	2789	28	9	-1	
3	1	1499	1	0	0	2017	2789	28	9	-1	
4	1	1499	1	1	0	2017	2789	28	9	-1	
5	1	1499	1	1	1	2017	2789	28	9	72.433571	av
2	1	1500	0	0	0	2018	2778	26	11	-1	
3	1	1500	1	0	0	2018	2778	26	11	-1	
4	1	1500	1	1	0	2018	2778	26	11	-1	
5	1	1500	1	1	1	2018	2778	26	11	57.209709	gk
2	1	1501	0	0	0	2018	2768	27	10	-1	
3	1	1501	1	0	0	2018	2768	27	10	-1	
4	1	1501	1	1	0	2018	2768	27	10	-1	
5	1	1501	1	1	1	2018	2768	27	10	44.892113	isto
2	1	1502	0	0	0	2130	2789	29	9	-1	
3	1	1502	1	0	0	2130	2789	29	9	-1	
4	1	1502	1	1	0	2130	2789	29	9	-1	
5	1	1502	1	1	1	2130	2789	29	9	67.224472	es
2	1	1503	0	0	0	2130	2777	29	12	-1	
3	1	1503	1	0	0	2130	2777	29	12	-1	
4	1	1503	1	1	0	2130	2777	29	12	-1	
5	1	1503	1	1	1	2130	2777	29	12	49.322010	se
2	1	1504	0	0	0	2130	2767	30	10	-1	
3	1	1504	1	0	0	2130	2767	30	10	-1	
4	1	1504	1	1	0	2130	2767	30	10	-1	
5	1	1504	1	1	1	2130	2767	30	10	47.966164	oo
2	1	1505	0	0	0	2714	2787	46	13	-1	
3	1	1505	1	0	0	2714	2787	46	13	-1	
4	1	1505	1	1	0	2714	2787	46	13	-1	
5	1	1505	1	1	1	2714	2787	46	13	39.281906	(0.1V)}
2	1	1506	0	0	0	2720	2765	37	12	-1	
3	1	1506	1	0	0	2720	2765	37	12	-1	
4	1	1506	1	1	0	2720	2765	37	12	-1	
5	1	1506	1	1	1	2720	2765	37	12	44.395485	48V
2	1	1507	0	0	0	2974	2780	28	9	-1	
3	1	1507	1	0	0	2974	2780	28	9	-1	
4	1	1507	1	1	0	2974	2780	28	9	-1	
5	1	1507	1	1	1	2974	2780	28	9	80.434540	oS
2	1	1508	0	0	0	2974	2766	29	12	-1	
3	1	1508	1	0	0	2974	2766	29	12	-1	
4	1	1508	1	1	0	2974	2766	29	12	-1	
5	1	1508	1	1	1	2974	2766	29	12	52.969933	22
2	1	1509	0	0	0	5378	2787	52	11	-1	
3	1	1509	1	0	0	5378	2787	52	11	-1	
4	1	1509	1	1	0	5378	2787	52	11	-1	
5	1	1509	1	1	1	5378	2787	52	11	4.577484	Iv/O1V
2	1	1510	0	0	0	5380	2769	82	14	-1	
3	1	1510	1	0	0	5380	2769	82	14	-1	
4	1	1510	1	1	0	5380	2769	82	14	-1	
5	1	1510	1	1	1	5380	2769	39	14	96.527832	Play
5	1	1510	1	1	2	5431	2769	31	11	95.325348	Sms
2	1	1511	0	0	0	5824	2770	39	16	-1	
3	1	1511	1	0	0	5824	2770	39	16	-1	
4	1	1511	1	1	0	5824	2770	39	16	-1	
5	1	1511	1	1	1	5824	2770	39	16	94.484764	ab
2	1	1512	0	0	0	5954	2740	124	45	-1	
3	1	1512	1	0	0	5954	2740	124	45	-1	
4	1	1512	1	1	0	5954	2740	124	45	-1	
5	1	1512	1	1	1	5954	2740	124	45	35.883781	pe
2	1	1513	0	0	0	6658	2766	55	16	-1	
3	1	1513	1	0	0	6658	2766	55	16	-1	
4	1	1513	1	1	0	6658	2766	55	16	-1	
5	1	1513	1	1	1	6658	2766	55	16	78.738136	Q409
2	1	1514	0	0	0	6974	2780	120	20	-1	
3	1	1514	1	0	0	6974	2780	120	20	-1	
4	1	1514	1	1	0	6974	2780	120	20	-1	
5	1	1514	1	1	1	6974	2780	120	20	50.115982	2SA1309
2	1	1515	0	0	0	7506	2775	52	14	-1	
3	1	1515	1	0	0	7506	2775	52	14	-1	
4	1	1515	1	1	0	7506	2775	52	14	-1	
5	1	1515	1	1	1	7506	2775	52	14	90.254440	BT407
2	1	1516	0	0	0	901	2808	52	13	-1	
3	1	1516	1	0	0	901	2808	52	13	-1	
4	1	1516	1	1	0	901	2808	52	13	-1	
5	1	1516	1	1	1	901	2808	52	13	73.066238	CN303
2	1	1517	0	0	0	2268	2779	262	36	-1	
3	1	1517	1	0	0	2268	2779	262	36	-1	
4	1	1517	1	1	0	2268	2779	262	36	-1	
5	1	1517	1	1	1	2268	2779	126	36	96.499458	System
5	1	1517	1	1	2	2407	2780	123	28	96.545479	control
2	1	1518	0	0	0	2796	2753	114	58	-1	
3	1	1518	1	0	0	2796	2753	114	58	-1	
4	1	1518	1	1	0	2796	2753	114	58	-1	
5	1	1518	1	1	1	2796	2753	114	58	40.116264	5
2	1	1519	0	0	0	2973	2798	30	13	-1	
3	1	1519	1	0	0	2973	2798	30	13	-1	
4	1	1519	1	1	0	2973	2798	30	13	-1	
5	1	1519	1	1	1	2973	2798	30	13	31.121437	oe
2	1	1520	0	0	0	5819	2801	59	12	-1	
3	1	1520	1	0	0	5819	2801	59	12	-1	
4	1	1520	1	1	0	5819	2801	59	12	-1	
5	1	1520	1	1	1	5819	2801	59	12	23.703323	OV(LEV
2	1	1521	0	0	0	6528	2791	55	14	-1	
3	1	1521	1	0	0	6528	2791	55	14	-1	
4	1	1521	1	1	0	6528	2791	55	14	-1	
5	1	1521	1	1	1	6528	2791	55	14	80.461761	Q406
2	1	1522	0	0	0	6667	2808	21	12	-1	
3	1	1522	1	0	0	6667	2808	21	12	-1	
4	1	1522	1	1	0	6667	2808	21	12	-1	
5	1	1522	1	1	1	6667	2808	21	12	73.288818	Sv
2	1	1523	0	0	0	3473	2816	150	28	-1	
3	1	1523	1	0	0	3473	2816	150	28	-1	
4	1	1523	1	1	0	3473	2816	150	28	-1	
5	1	1523	1	1	1	3473	2816	150	28	90.303391	16KRAM
2	1	1524	0	0	0	3765	2817	36	14	-1	
3	1	1524	1	0	0	3765	2817	36	14	-1	
4	1	1524	1	1	0	3765	2817	36	14	-1	
5	1	1524	1	1	1	3765	2817	36	14	95.123161	Play
2	1	1525	0	0	0	6349	2829	43	14	-1	
3	1	1525	1	0	0	6349	2829	43	14	-1	
4	1	1525	1	1	0	6349	2829	43	14	-1	
5	1	1525	1	1	1	6349	2829	43	14	96.435806	0407
2	1	1526	0	0	0	7306	2826	44	13	-1	
3	1	1526	1	0	0	7306	2826	44	13	-1	
4	1	1526	1	1	0	7306	2826	44	13	-1	
5	1	1526	1	1	1	7306	2826	44	13	96.950012	PLAY
2	1	1527	0	0	0	7423	2798	32	42	-1	
3	1	1527	1	0	0	7423	2798	32	42	-1	
4	1	1527	1	1	0	7423	2798	32	42	-1	
5	1	1527	1	1	1	7423	2798	32	42	44.304844	Ka
2	1	1528	0	0	0	2821	2837	52	15	-1	
3	1	1528	1	0	0	2821	2837	52	15	-1	
4	1	1528	1	1	0	2821	2837	52	15	-1	
5	1	1528	1	1	1	2821	2837	52	15	14.948341	Q4l4
2	1	1529	0	0	0	3759	2835	93	15	-1	
3	1	1529	1	0	0	3759	2835	93	15	-1	
4	1	1529	1	1	0	3759	2835	93	15	-1	
5	1	1529	1	1	1	3759	2835	28	15	85.482635	2ps
5	1	1529	1	1	2	3798	2836	54	11	0.000000	Iv/Iv
2	1	1530	0	0	0	6339	2849	56	12	-1	
3	1	1530	1	0	0	6339	2849	56	12	-1	
4	1	1530	1	1	0	6339	2849	56	12	-1	
5	1	1530	1	1	1	6339	2849	56	12	72.507278	MAI65
2	1	1531	0	0	0	6522	2851	56	15	-1	
3	1	1531	1	0	0	6522	2851	56	15	-1	
4	1	1531	1	1	0	6522	2851	56	15	-1	
5	1	1531	1	1	1	6522	2851	56	15	85.236076	Q407
2	1	1532	0	0	0	6752	2857	28	12	-1	
3	1	1532	1	0	0	6752	2857	28	12	-1	
4	1	1532	1	1	0	6752	2857	28	12	-1	
5	1	1532	1	1	1	6752	2857	28	12	64.282974	aX
2	1	1533	0	0	0	6752	2846	28	13	-1	
3	1	1533	1	0	0	6752	2846	28	13	-1	
4	1	1533	1	1	0	6752	2846	28	13	-1	
5	1	1533	1	1	1	6752	2846	28	13	41.049809	ux
2	1	1534	0	0	0	6885	2858	43	13	-1	
3	1	1534	1	0	0	6885	2858	43	13	-1	
4	1	1534	1	1	0	6885	2858	43	13	-1	
5	1	1534	1	1	1	6885	2858	43	13	92.613663	R427
2	1	1535	0	0	0	7304	2852	55	13	-1	
3	1	1535	1	0	0	7304	2852	55	13	-1	
4	1	1535	1	1	0	7304	2852	55	13	-1	
5	1	1535	1	1	1	7304	2852	55	13	96.476036	PAUSE
2	1	1536	0	0	0	7751	2834	65	35	-1	
3	1	1536	1	0	0	7751	2834	65	35	-1	
4	1	1536	1	1	0	7751	2834	65	35	-1	
5	1	1536	1	1	1	7751	2834	65	35	77.533951	OT]
2	1	1537	0	0	0	4457	2877	48	17	-1	
3	1	1537	1	0	0	4457	2877	48	17	-1	
4	1	1537	1	1	0	4457	2877	48	17	-1	
5	1	1537	1	1	1	4457	2877	48	17	36.415215	aa
2	1	1538	0	0	0	5511	2820	739	81	-1	
3	1	1538	1	0	0	5511	2820	739	81	-1	
4	1	1538	1	1	0	5511	2820	739	81	-1	
5	1	1538	1	1	1	5511	2820	212	81	12.676125	ee
5	1	1538	1	1	2	5790	2820	102	81	30.156631	ee
5	1	1538	1	1	3	5939	2820	311	81	23.104149	ee)
2	1	1539	0	0	0	6439	2701	92	176	-1	
3	1	1539	1	0	0	6439	2701	92	176	-1	
4	1	1539	1	1	0	6439	2701	92	176	-1	
5	1	1539	1	1	1	6439	2701	92	176	45.029999	Ic
2	1	1540	0	0	0	6597	2878	37	14	-1	
3	1	1540	1	0	0	6597	2878	37	14	-1	
4	1	1540	1	1	0	6597	2878	37	14	-1	
5	1	1540	1	1	1	6597	2878	37	14	69.343231	R42!
2	1	1541	0	0	0	6751	2866	29	14	-1	
3	1	1541	1	0	0	6751	2866	29	14	-1	
4	1	1541	1	1	0	6751	2866	29	14	-1	
5	1	1541	1	1	1	6751	2866	29	14	31.433365	en
2	1	1542	0	0	0	6815	2864	31	12	-1	
3	1	1542	1	0	0	6815	2864	31	12	-1	
4	1	1542	1	1	0	6815	2864	31	12	-1	
5	1	1542	1	1	1	6815	2864	31	12	62.784657	go
2	1	1543	0	0	0	6890	2874	32	13	-1	
3	1	1543	1	0	0	6890	2874	32	13	-1	
4	1	1543	1	1	0	6890	2874	32	13	-1	
5	1	1543	1	1	1	6890	2874	32	13	80.991096	22K
2	1	1544	0	0	0	7305	2878	45	15	-1	
3	1	1544	1	0	0	7305	2878	45	15	-1	
4	1	1544	1	1	0	7305	2878	45	15	-1	
5	1	1544	1	1	1	7305	2878	45	15	83.121643	STOP
2	1	1545	0	0	0	7715	2859	45	33	-1	
3	1	1545	1	0	0	7715	2859	45	33	-1	
4	1	1545	1	1	0	7715	2859	45	33	-1	
5	1	1545	1	1	1	7715	2859	45	33	0.000000	@®
2	1	1546	0	0	0	995	2860	138	49	-1	
3	1	1546	1	0	0	995	2860	138	49	-1	
4	1	1546	1	1	0	995	2860	138	49	-1	
5	1	1546	1	1	1	995	2860	138	49	37.629280	|
2	1	1547	0	0	0	5929	2896	76	20	-1	
3	1	1547	1	0	0	5929	2896	76	20	-1	
4	1	1547	1	1	0	5929	2896	76	20	-1	
5	1	1547	1	1	1	5929	2896	10	18	77.326538	\
5	1	1547	1	1	2	5949	2898	56	18	77.326538	0.23ps
2	1	1548	0	0	0	6603	2895	30	13	-1	
3	1	1548	1	0	0	6603	2895	30	13	-1	
4	1	1548	1	1	0	6603	2895	30	13	-1	
5	1	1548	1	1	1	6603	2895	30	13	86.675957	22K
2	1	1549	0	0	0	6655	2874	45	42	-1	
3	1	1549	1	0	0	6655	2874	45	42	-1	
4	1	1549	1	1	0	6655	2874	45	42	-1	
5	1	1549	1	1	1	6655	2874	45	42	2.263268	(PD
2	1	1550	0	0	0	6717	2904	37	12	-1	
3	1	1550	1	0	0	6717	2904	37	12	-1	
4	1	1550	1	1	0	6717	2904	37	12	-1	
5	1	1550	1	1	1	6717	2904	37	12	76.773102	4.8V
2	1	1551	0	0	0	1500	2930	20	12	-1	
3	1	1551	1	0	0	1500	2930	20	12	-1	
4	1	1551	1	1	0	1500	2930	20	12	-1	
5	1	1551	1	1	1	1500	2930	20	12	41.440910	oat
2	1	1552	0	0	0	1539	2930	59	12	-1	
3	1	1552	1	0	0	1539	2930	59	12	-1	
4	1	1552	1	1	0	1539	2930	59	12	-1	
5	1	1552	1	1	1	1539	2930	35	12	48.956306	-8v
5	1	1552	1	1	2	1592	2930	6	11	58.124561	»
2	1	1553	0	0	0	6028	2907	204	37	-1	
3	1	1553	1	0	0	6028	2907	204	37	-1	
4	1	1553	1	1	0	6028	2907	204	37	-1	
5	1	1553	1	1	1	6028	2908	111	36	96.240585	Digital
5	1	1553	1	1	2	6153	2907	79	28	96.815071	filter
2	1	1554	0	0	0	6483	2878	89	66	-1	
3	1	1554	1	0	0	6483	2878	89	66	-1	
4	1	1554	1	1	0	6483	2878	89	66	-1	
5	1	1554	1	1	1	6483	2878	89	66	22.735474	we
2	1	1555	0	0	0	6582	2928	20	13	-1	
3	1	1555	1	0	0	6582	2928	20	13	-1	
4	1	1555	1	1	0	6582	2928	20	13	-1	
5	1	1555	1	1	1	6582	2928	20	13	80.102768	ov
2	1	1556	0	0	0	6638	2928	22	12	-1	
3	1	1556	1	0	0	6638	2928	22	12	-1	
4	1	1556	1	1	0	6638	2928	22	12	-1	
5	1	1556	1	1	1	6638	2928	22	12	67.632080	ov
2	1	1557	0	0	0	6695	2928	55	15	-1	
3	1	1557	1	0	0	6695	2928	55	15	-1	
4	1	1557	1	1	0	6695	2928	55	15	-1	
5	1	1557	1	1	1	6695	2928	55	15	65.029442	Q410
2	1	1558	0	0	0	7453	2922	53	13	-1	
3	1	1558	1	0	0	7453	2922	53	13	-1	
4	1	1558	1	1	0	7453	2922	53	13	-1	
5	1	1558	1	1	1	7453	2922	53	13	79.685898	CN407
2	1	1559	0	0	0	1502	2951	17	11	-1	
3	1	1559	1	0	0	1502	2951	17	11	-1	
4	1	1559	1	1	0	1502	2951	17	11	-1	
5	1	1559	1	1	1	1502	2951	17	11	37.270546	aa
2	1	1560	0	0	0	1554	2951	49	13	-1	
3	1	1560	1	0	0	1554	2951	49	13	-1	
4	1	1560	1	1	0	1554	2951	49	13	-1	
5	1	1560	1	1	1	1554	2951	49	13	25.335014	8V
2	1	1561	0	0	0	5930	2917	46	29	-1	
3	1	1561	1	0	0	5930	2917	46	29	-1	
4	1	1561	1	1	0	5930	2917	46	29	-1	
5	1	1561	1	1	1	5930	2917	46	29	70.144943	MW
2	1	1562	0	0	0	7585	2953	30	11	-1	
3	1	1562	1	0	0	7585	2953	30	11	-1	
4	1	1562	1	1	0	7585	2953	30	11	-1	
5	1	1562	1	1	1	7585	2953	30	11	43.858902	ae]
2	1	1563	0	0	0	7659	2955	20	13	-1	
3	1	1563	1	0	0	7659	2955	20	13	-1	
4	1	1563	1	1	0	7659	2955	20	13	-1	
5	1	1563	1	1	1	7659	2955	20	13	90.140823	cal
2	1	1564	0	0	0	444	2931	111	29	-1	
3	1	1564	1	0	0	374	2917	181	54	-1	
4	1	1564	1	1	0	444	2931	111	29	-1	
5	1	1564	1	1	1	444	2931	111	29	52.056217	CNS501
2	1	1565	0	0	0	3900	2895	1651	74	-1	
3	1	1565	1	0	0	3900	2895	1651	74	-1	
4	1	1565	1	1	0	3900	2895	1651	74	-1	
5	1	1565	1	1	1	3896	2891	151	106	27.163666	pO
2	1	1566	0	0	0	4381	2971	99	17	-1	
3	1	1566	1	0	0	4381	2971	99	17	-1	
4	1	1566	1	1	0	4381	2971	99	17	-1	
5	1	1566	1	1	1	4381	2971	99	17	34.959229	tf
2	1	1567	0	0	0	7764	2962	39	13	-1	
3	1	1567	1	0	0	7764	2962	39	13	-1	
4	1	1567	1	1	0	7764	2962	39	13	-1	
5	1	1567	1	1	1	7764	2962	39	13	43.349957	Ress
2	1	1568	0	0	0	7832	2961	27	13	-1	
3	1	1568	1	0	0	7832	2961	27	13	-1	
4	1	1568	1	1	0	7832	2961	27	13	-1	
5	1	1568	1	1	1	7832	2961	27	13	57.520348	18K
2	1	1569	0	0	0	6479	2974	465	28	-1	
3	1	1569	1	0	0	6479	2974	465	28	-1	
4	1	1569	1	1	0	6479	2974	465	28	-1	
5	1	1569	1	1	1	6479	2974	100	28	96.899673	Wired
5	1	1569	1	1	2	6593	2975	120	27	96.364288	remote
5	1	1569	1	1	3	6725	2974	123	28	95.164200	control
5	1	1569	1	1	4	6859	2974	85	28	96.857986	drive
2	1	1570	0	0	0	7659	2968	77	31	-1	
3	1	1570	1	0	0	7659	2968	77	31	-1	
4	1	1570	1	1	0	7659	2968	77	31	-1	
5	1	1570	1	1	1	7659	2968	36	26	90.179062	0.001
5	1	1570	1	1	2	7711	2968	25	31	36.411888	rT
2	1	1571	0	0	0	365	3001	486	36	-1	
3	1	1571	1	0	0	365	3001	486	36	-1	
4	1	1571	1	1	0	365	3001	486	36	-1	
5	1	1571	1	1	1	365	3001	144	34	96.880470	(Spindle
5	1	1571	1	1	2	523	3004	102	26	96.943619	motor
5	1	1571	1	1	3	635	3002	83	28	93.281021	drive
5	1	1571	1	1	4	733	3002	118	35	90.808495	P.C.B.)
2	1	1572	0	0	0	1052	3016	85	17	-1	
3	1	1572	1	0	0	1052	3016	85	17	-1	
4	1	1572	1	1	0	1052	3016	85	17	-1	
5	1	1572	1	1	1	1052	3016	85	17	79.541016	dabc
2	1	1573	0	0	0	1761	3002	47	17	-1	
3	1	1573	1	0	0	1761	3002	47	17	-1	
4	1	1573	1	1	0	1761	3002	47	17	-1	
5	1	1573	1	1	1	1761	3002	47	17	90.682587	Q301
2	1	1574	0	0	0	1759	3026	97	25	-1	
3	1	1574	1	0	0	1759	3026	97	25	-1	
4	1	1574	1	1	0	1759	3026	97	25	-1	
5	1	1574	1	1	1	1759	3026	97	25	80.997482	UN4112
2	1	1575	0	0	0	3901	2990	503	62	-1	
3	1	1575	1	0	0	3901	2990	503	62	-1	
4	1	1575	1	1	0	3901	2990	503	62	-1	
5	1	1575	1	1	1	3901	2990	503	62	2.039307	————s
2	1	1576	0	0	0	4381	3054	75	46	-1	
3	1	1576	1	0	0	4381	3054	75	46	-1	
4	1	1576	1	1	0	4381	3054	75	46	-1	
5	1	1576	1	1	1	4381	3054	75	46	26.554749	as
2	1	1577	0	0	0	4367	3094	75	25	-1	
3	1	1577	1	0	0	4367	3094	75	25	-1	
4	1	1577	1	1	0	4367	3094	75	25	-1	
5	1	1577	1	1	1	4367	3094	75	25	55.142818	COBO)
2	1	1578	0	0	0	4445	3096	49	24	-1	
3	1	1578	1	0	0	4445	3096	49	24	-1	
4	1	1578	1	1	0	4445	3096	49	24	-1	
5	1	1578	1	1	1	4445	3096	49	24	93.173622	OG
2	1	1579	0	0	0	7565	3029	483	89	-1	
3	1	1579	1	0	0	7565	3029	483	89	-1	
4	1	1579	1	1	0	7565	3029	483	89	-1	
5	1	1579	1	1	1	7565	3029	27	88	88.395409	[
5	1	1579	1	1	2	7603	3029	53	89	65.820435	a
5	1	1579	1	1	3	7676	3033	209	39	93.295166	SOCKET
5	1	1579	1	1	4	7905	3035	143	39	86.657394	P.C.B.
2	1	1580	0	0	0	4370	3137	801	59	-1	
3	1	1580	1	0	0	4370	3137	801	59	-1	
4	1	1580	1	1	0	4370	3137	801	59	-1	
5	1	1580	1	1	1	4370	3147	166	49	0.000000	——_,
5	1	1580	1	1	2	4583	3137	27	55	0.000000	_
5	1	1580	1	1	3	4628	3149	112	29	41.747070	€N331
5	1	1580	1	1	4	4759	3149	144	35	87.604454	(Spindle
5	1	1580	1	1	5	4914	3149	121	29	74.504852	contro!
5	1	1580	1	1	6	5052	3148	119	36	90.452843	P.C.B.)
2	1	1581	0	0	0	1044	3219	122	24	-1	
3	1	1581	1	0	0	1044	3219	122	24	-1	
4	1	1581	1	1	0	1044	3219	122	24	-1	
5	1	1581	1	1	1	1044	3233	25	3	82.930450	—
5	1	1581	1	1	2	1087	3219	79	24	27.906891	59
5	1	1581	1	1	3	1141	3206	29	42	27.906891	—
2	1	1582	0	0	0	3262	3219	133	25	-1	
3	1	1582	1	0	0	3262	3219	133	25	-1	
4	1	1582	1	1	0	3262	3219	133	25	-1	
5	1	1582	1	1	1	3262	3232	29	4	89.836861	—
5	1	1582	1	1	2	3311	3219	84	25	92.923317	60
5	1	1582	1	1	3	3372	3206	26	43	89.799942	—
2	1	1583	0	0	0	7869	3216	133	26	-1	
3	1	1583	1	0	0	7869	3216	133	26	-1	
4	1	1583	1	1	0	7869	3216	133	26	-1	
5	1	1583	1	1	1	7869	3230	28	3	80.727600	—
5	1	1583	1	1	2	7918	3216	84	26	89.161392	62
5	1	1583	1	1	3	7978	3201	28	47	89.161392	—
