level	page_num	block_num	par_num	line_num	word_num	left	top	width	height	conf	text
1	1	0	0	0	0	0	0	3520	9073	-1	
2	1	1	0	0	0	793	693	462	41	-1	
3	1	1	1	0	0	793	693	462	41	-1	
4	1	1	1	1	0	793	693	462	41	-1	
5	1	1	1	1	1	793	693	171	41	0.369865	———_
5	1	1	1	1	2	987	693	29	41	13.225677	 —§-
5	1	1	1	1	3	1032	693	223	41	0.000000	—_*"™~°
2	1	2	0	0	0	1294	666	451	65	-1	
3	1	2	1	0	0	1294	666	451	65	-1	
4	1	2	1	1	0	1294	666	451	65	-1	
5	1	2	1	1	1	1294	661	107	74	30.100365	ay
5	1	2	1	1	2	1329	666	416	65	20.815521	Ge
5	1	2	1	1	3	1709	661	38	74	38.888672	ae
2	1	3	0	0	0	3009	829	52	8	-1	
3	1	3	1	0	0	3009	829	52	8	-1	
4	1	3	1	1	0	3009	829	52	8	-1	
5	1	3	1	1	1	3009	829	52	8	56.420692	wae
2	1	4	0	0	0	1263	917	12	8	-1	
3	1	4	1	0	0	1263	917	12	8	-1	
4	1	4	1	1	0	1263	917	12	8	-1	
5	1	4	1	1	1	1263	917	12	8	86.903084	2
2	1	5	0	0	0	1263	906	12	8	-1	
3	1	5	1	0	0	1263	906	12	8	-1	
4	1	5	1	1	0	1263	906	12	8	-1	
5	1	5	1	1	1	1263	906	12	8	57.950256	2
2	1	6	0	0	0	2839	920	46	10	-1	
3	1	6	1	0	0	2839	920	46	10	-1	
4	1	6	1	1	0	2839	920	46	10	-1	
5	1	6	1	1	1	2839	920	46	10	0.000000	79
2	1	7	0	0	0	2959	856	37	71	-1	
3	1	7	1	0	0	2959	856	37	71	-1	
4	1	7	1	1	0	2959	856	37	71	-1	
5	1	7	1	1	1	2959	856	37	71	54.755005	=
2	1	8	0	0	0	1263	928	12	21	-1	
3	1	8	1	0	0	1263	928	12	21	-1	
4	1	8	1	1	0	1263	928	12	21	-1	
5	1	8	1	1	1	1263	928	12	21	76.445770	3
2	1	9	0	0	0	2911	932	33	8	-1	
3	1	9	1	0	0	2911	932	33	8	-1	
4	1	9	1	1	0	2911	932	33	8	-1	
5	1	9	1	1	1	2907	921	14	28	36.046139	nu
5	1	9	1	1	2	2934	932	10	8	37.310566	<
2	1	10	0	0	0	507	960	128	11	-1	
3	1	10	1	0	0	507	960	128	11	-1	
4	1	10	1	1	0	507	960	128	11	-1	
5	1	10	1	1	1	507	960	128	11	8.242645	Ore
2	1	11	0	0	0	637	960	23	10	-1	
3	1	11	1	0	0	637	960	23	10	-1	
4	1	11	1	1	0	637	960	23	10	-1	
5	1	11	1	1	1	637	960	23	10	21.454086	vA
2	1	12	0	0	0	820	961	101	10	-1	
3	1	12	1	0	0	820	961	101	10	-1	
4	1	12	1	1	0	820	961	101	10	-1	
5	1	12	1	1	1	820	961	101	10	38.496052	AA
2	1	13	0	0	0	1029	961	124	9	-1	
3	1	13	1	0	0	1029	961	124	9	-1	
4	1	13	1	1	0	1029	961	124	9	-1	
5	1	13	1	1	1	1029	961	124	9	35.737823	a
2	1	14	0	0	0	1315	961	179	11	-1	
3	1	14	1	0	0	1315	961	179	11	-1	
4	1	14	1	1	0	1315	961	179	11	-1	
5	1	14	1	1	1	1315	961	179	11	33.614182	Rae
5	1	14	1	1	2	1413	951	23	30	38.633812	a
5	1	14	1	1	3	1468	951	28	30	0.000000	NTC
2	1	15	0	0	0	1603	962	203	9	-1	
3	1	15	1	0	0	1603	962	203	9	-1	
4	1	15	1	1	0	1603	962	203	9	-1	
5	1	15	1	1	1	1603	962	30	7	4.040184	x
5	1	15	1	1	2	1643	962	31	9	0.000000	ex
5	1	15	1	1	3	1692	947	19	28	0.000000	Vex
5	1	15	1	1	4	1715	947	39	28	1.175697	Vaasa
5	1	15	1	1	5	1771	947	35	28	6.296989	rasa
2	1	16	0	0	0	1916	962	14	7	-1	
3	1	16	1	0	0	1916	962	14	7	-1	
4	1	16	1	1	0	1916	962	14	7	-1	
5	1	16	1	1	1	1916	962	14	7	8.287048	~,
2	1	17	0	0	0	1943	962	145	9	-1	
3	1	17	1	0	0	1943	962	145	9	-1	
4	1	17	1	1	0	1943	962	145	9	-1	
5	1	17	1	1	1	1943	962	19	9	40.437332	Wa
5	1	17	1	1	2	1983	962	31	8	36.562538	ae
5	1	17	1	1	3	2037	962	51	9	19.750824	ANNs
2	1	18	0	0	0	487	960	17	32	-1	
3	1	18	1	0	0	487	960	17	32	-1	
4	1	18	1	1	0	487	960	17	32	-1	
5	1	18	1	1	1	487	960	17	32	55.049652	iC
2	1	19	0	0	0	494	967	50	23	-1	
3	1	19	1	0	0	494	967	50	23	-1	
4	1	19	1	1	0	494	967	50	23	-1	
5	1	19	1	1	1	494	967	50	23	59.465313	9.9.
2	1	20	0	0	0	537	985	93	8	-1	
3	1	20	1	0	0	537	985	93	8	-1	
4	1	20	1	1	0	537	985	93	8	-1	
5	1	20	1	1	1	537	985	93	8	79.365189	AAAA
2	1	21	0	0	0	547	966	100	23	-1	
3	1	21	1	0	0	547	966	100	23	-1	
4	1	21	1	1	0	547	966	100	23	-1	
5	1	21	1	1	1	547	966	100	23	39.630695	OIL)
2	1	22	0	0	0	642	986	15	6	-1	
3	1	22	1	0	0	642	986	15	6	-1	
4	1	22	1	1	0	642	986	15	6	-1	
5	1	22	1	1	1	642	986	15	6	46.629292	A
2	1	23	0	0	0	650	960	27	32	-1	
3	1	23	1	0	0	650	960	27	32	-1	
4	1	23	1	1	0	650	960	27	32	-1	
5	1	23	1	1	1	650	960	27	32	0.000000	o)
2	1	24	0	0	0	721	961	93	32	-1	
3	1	24	1	0	0	721	961	93	32	-1	
4	1	24	1	1	0	721	961	93	32	-1	
5	1	24	1	1	1	721	961	93	32	51.878410	coax
2	1	25	0	0	0	807	966	23	23	-1	
3	1	25	1	0	0	807	966	23	23	-1	
4	1	25	1	1	0	807	966	23	23	-1	
5	1	25	1	1	1	807	966	23	23	82.013802	(2)
2	1	26	0	0	0	821	984	96	9	-1	
3	1	26	1	0	0	821	984	96	9	-1	
4	1	26	1	1	0	821	984	96	9	-1	
5	1	26	1	1	1	821	984	96	9	34.090790	AAKAA
2	1	27	0	0	0	886	966	23	23	-1	
3	1	27	1	0	0	886	966	23	23	-1	
4	1	27	1	1	0	886	966	23	23	-1	
5	1	27	1	1	1	886	966	23	23	69.920868	©.
2	1	28	0	0	0	924	961	45	32	-1	
3	1	28	1	0	0	924	961	45	32	-1	
4	1	28	1	1	0	924	961	45	32	-1	
5	1	28	1	1	1	924	961	45	32	22.485435	0)
2	1	29	0	0	0	1007	962	18	30	-1	
3	1	29	1	0	0	1007	962	18	30	-1	
4	1	29	1	1	0	1007	962	18	30	-1	
5	1	29	1	1	1	1007	962	18	30	63.235023	(«
2	1	30	0	0	0	1017	967	48	22	-1	
3	1	30	1	0	0	1017	967	48	22	-1	
4	1	30	1	1	0	1017	967	48	22	-1	
5	1	30	1	1	1	1017	967	48	22	33.998138	2)
2	1	31	0	0	0	1059	986	42	7	-1	
3	1	31	1	0	0	1059	986	42	7	-1	
4	1	31	1	1	0	1059	986	42	7	-1	
5	1	31	1	1	1	1059	986	42	7	88.542885	AA
2	1	32	0	0	0	1068	966	75	23	-1	
3	1	32	1	0	0	1068	966	75	23	-1	
4	1	32	1	1	0	1068	966	75	23	-1	
5	1	32	1	1	1	1068	966	75	23	27.015518	CX)
2	1	33	0	0	0	1112	985	64	8	-1	
3	1	33	1	0	0	1112	985	64	8	-1	
4	1	33	1	1	0	1112	985	64	8	-1	
5	1	33	1	1	1	1112	985	64	8	85.015594	AAA
2	1	34	0	0	0	1146	962	49	27	-1	
3	1	34	1	0	0	1146	962	49	27	-1	
4	1	34	1	1	0	1146	962	49	27	-1	
5	1	34	1	1	1	1146	962	49	27	65.323540	CO
2	1	35	0	0	0	1188	986	14	7	-1	
3	1	35	1	0	0	1188	986	14	7	-1	
4	1	35	1	1	0	1188	986	14	7	-1	
5	1	35	1	1	1	1188	986	14	7	94.479713	A
2	1	36	0	0	0	1198	967	23	22	-1	
3	1	36	1	0	0	1198	967	23	22	-1	
4	1	36	1	1	0	1198	967	23	22	-1	
5	1	36	1	1	1	1198	967	23	22	19.729172	~)
2	1	37	0	0	0	1212	962	44	31	-1	
3	1	37	1	0	0	1212	962	44	31	-1	
4	1	37	1	1	0	1212	962	44	31	-1	
5	1	37	1	1	1	1212	962	44	31	59.238693	0)
2	1	38	0	0	0	1303	967	23	23	-1	
3	1	38	1	0	0	1303	967	23	23	-1	
4	1	38	1	1	0	1303	967	23	23	-1	
5	1	38	1	1	1	1303	967	23	23	31.401482	©)
2	1	39	0	0	0	1355	968	23	23	-1	
3	1	39	1	0	0	1355	968	23	23	-1	
4	1	39	1	1	0	1355	968	23	23	-1	
5	1	39	1	1	1	1355	968	23	23	0.000000	>)
2	1	40	0	0	0	1381	967	101	23	-1	
3	1	40	1	0	0	1381	967	101	23	-1	
4	1	40	1	1	0	1381	967	101	23	-1	
5	1	40	1	1	1	1381	967	101	23	37.640091	YOO)
2	1	41	0	0	0	1485	967	23	22	-1	
3	1	41	1	0	0	1485	967	23	22	-1	
4	1	41	1	1	0	1485	967	23	22	-1	
5	1	41	1	1	1	1485	967	23	22	32.434906	~)
2	1	42	0	0	0	1497	961	44	32	-1	
3	1	42	1	0	0	1497	961	44	32	-1	
4	1	42	1	1	0	1497	961	44	32	-1	
5	1	42	1	1	1	1497	961	44	32	31.821404	SO)
2	1	43	0	0	0	1580	962	18	31	-1	
3	1	43	1	0	0	1580	962	18	31	-1	
4	1	43	1	1	0	1580	962	18	31	-1	
5	1	43	1	1	1	1580	962	18	31	70.783081	Ic
2	1	44	0	0	0	1590	966	48	22	-1	
3	1	44	1	0	0	1590	966	48	22	-1	
4	1	44	1	1	0	1590	966	48	22	-1	
5	1	44	1	1	1	1590	966	48	22	32.422859	©)
2	1	45	0	0	0	1629	985	46	8	-1	
3	1	45	1	0	0	1629	985	46	8	-1	
4	1	45	1	1	0	1629	985	46	8	-1	
5	1	45	1	1	1	1629	985	46	8	56.394619	AA
2	1	46	0	0	0	1641	966	180	23	-1	
3	1	46	1	0	0	1641	966	180	23	-1	
4	1	46	1	1	0	1641	966	180	23	-1	
5	1	46	1	1	1	1641	966	180	23	36.591942	SOOSOOS)
2	1	47	0	0	0	1684	985	121	8	-1	
3	1	47	1	0	0	1684	985	121	8	-1	
4	1	47	1	1	0	1684	985	121	8	-1	
5	1	47	1	1	1	1684	985	121	8	0.000000	ASAAA
2	1	48	0	0	0	1811	961	17	32	-1	
3	1	48	1	0	0	1811	961	17	32	-1	
4	1	48	1	1	0	1811	961	17	32	-1	
5	1	48	1	1	1	1811	961	17	32	25.048912	>)
2	1	49	0	0	0	1867	963	57	29	-1	
3	1	49	1	0	0	1867	963	57	29	-1	
4	1	49	1	1	0	1867	963	57	29	-1	
5	1	49	1	1	1	1867	963	57	29	66.308716	(OS)
2	1	50	0	0	0	1980	967	23	22	-1	
3	1	50	1	0	0	1980	967	23	22	-1	
4	1	50	1	1	0	1980	967	23	22	-1	
5	1	50	1	1	1	1980	967	23	22	0.000000	e)
2	1	51	0	0	0	1996	984	96	9	-1	
3	1	51	1	0	0	1996	984	96	9	-1	
4	1	51	1	1	0	1996	984	96	9	-1	
5	1	51	1	1	1	1996	984	96	9	62.985378	AAKAA
2	1	52	0	0	0	2005	966	76	23	-1	
3	1	52	1	0	0	2005	966	76	23	-1	
4	1	52	1	1	0	2005	966	76	23	-1	
5	1	52	1	1	1	2005	966	76	23	1.728477	SO,
2	1	53	0	0	0	2084	962	28	31	-1	
3	1	53	1	0	0	2084	962	28	31	-1	
4	1	53	1	1	0	2084	962	28	31	-1	
5	1	53	1	1	1	2084	962	28	31	0.000000	S)
2	1	54	0	0	0	1295	961	17	33	-1	
3	1	54	1	0	0	1295	961	17	33	-1	
4	1	54	1	1	0	1295	961	17	33	-1	
5	1	54	1	1	1	1295	961	17	33	0.000000	G
2	1	55	0	0	0	1396	985	97	9	-1	
3	1	55	1	0	0	1396	985	97	9	-1	
4	1	55	1	1	0	1396	985	97	9	-1	
5	1	55	1	1	1	1396	985	97	9	86.681145	AAAA
2	1	56	0	0	0	1927	966	60	28	-1	
3	1	56	1	0	0	1927	966	60	28	-1	
4	1	56	1	1	0	1927	966	60	28	-1	
5	1	56	1	1	1	1927	966	60	28	4.741302	L.0¢
2	1	57	0	0	0	1784	1047	50	18	-1	
3	1	57	1	0	0	1784	1047	50	18	-1	
4	1	57	1	1	0	1784	1047	50	18	-1	
5	1	57	1	1	1	1784	1047	50	18	48.389122	am
2	1	58	0	0	0	842	1055	85	20	-1	
3	1	58	1	0	0	842	1055	85	20	-1	
4	1	58	1	1	0	842	1055	85	20	-1	
5	1	58	1	1	1	842	1055	85	20	0.000000	a
2	1	59	0	0	0	1992	1067	76	19	-1	
3	1	59	1	0	0	1992	1067	76	19	-1	
4	1	59	1	1	0	1992	1067	76	19	-1	
5	1	59	1	1	1	1992	1067	76	19	21.083763	Yt
2	1	60	0	0	0	1308	1041	402	64	-1	
3	1	60	1	0	0	1308	1041	402	64	-1	
4	1	60	1	1	0	1308	1041	402	64	-1	
5	1	60	1	1	1	1308	1041	402	64	29.153564	EEE
2	1	61	0	0	0	1804	1085	7	18	-1	
3	1	61	1	0	0	1804	1085	7	18	-1	
4	1	61	1	1	0	1804	1085	7	18	-1	
5	1	61	1	1	1	1804	1085	7	18	89.164108	T
2	1	62	0	0	0	487	1103	94	11	-1	
3	1	62	1	0	0	487	1103	94	11	-1	
4	1	62	1	1	0	487	1103	94	11	-1	
5	1	62	1	1	1	487	1103	94	11	53.626194	o—_
2	1	63	0	0	0	1045	1112	68	12	-1	
3	1	63	1	0	0	1045	1112	68	12	-1	
4	1	63	1	1	0	1045	1112	68	12	-1	
5	1	63	1	1	1	1045	1112	68	12	25.263260	eco
2	1	64	0	0	0	1176	1053	34	64	-1	
3	1	64	1	0	0	1176	1053	34	64	-1	
4	1	64	1	1	0	1176	1053	34	64	-1	
5	1	64	1	1	1	1176	1053	34	64	63.713043	4
2	1	65	0	0	0	1309	1113	223	17	-1	
3	1	65	1	0	0	1309	1113	223	17	-1	
4	1	65	1	1	0	1309	1113	223	17	-1	
5	1	65	1	1	1	1309	1114	37	12	8.286621	7a
5	1	65	1	1	2	1359	1113	173	17	0.000000	v0sR-
5	1	65	1	1	3	1491	1105	44	31	25.507774	KK
2	1	66	0	0	0	1592	1111	224	17	-1	
3	1	66	1	0	0	1592	1111	224	17	-1	
4	1	66	1	1	0	1592	1111	224	17	-1	
5	1	66	1	1	1	1592	1111	224	17	13.275116	-zsze*eance
2	1	67	0	0	0	487	1126	13	11	-1	
3	1	67	1	0	0	487	1126	13	11	-1	
4	1	67	1	1	0	487	1126	13	11	-1	
5	1	67	1	1	1	487	1126	13	11	54.451786	°
2	1	68	0	0	0	1300	1130	20	11	-1	
3	1	68	1	0	0	1300	1130	20	11	-1	
4	1	68	1	1	0	1300	1130	20	11	-1	
5	1	68	1	1	1	1300	1130	20	11	26.637451	—
2	1	69	0	0	0	2849	1131	39	22	-1	
3	1	69	1	0	0	2849	1131	39	22	-1	
4	1	69	1	1	0	2849	1131	39	22	-1	
5	1	69	1	1	1	2849	1131	39	22	63.252617	Zo
2	1	70	0	0	0	918	1140	34	33	-1	
3	1	70	1	0	0	918	1140	34	33	-1	
4	1	70	1	1	0	918	1140	34	33	-1	
5	1	70	1	1	1	918	1140	34	33	54.983551	H
2	1	71	0	0	0	1616	1159	3	11	-1	
3	1	71	1	0	0	1616	1159	3	11	-1	
4	1	71	1	1	0	1616	1159	3	11	-1	
5	1	71	1	1	1	1616	1159	3	11	0.000000	ci
2	1	72	0	0	0	1642	1159	21	12	-1	
3	1	72	1	0	0	1642	1159	21	12	-1	
4	1	72	1	1	0	1642	1159	21	12	-1	
5	1	72	1	1	1	1642	1159	21	12	65.970634	Sv
2	1	73	0	0	0	1694	1159	4	11	-1	
3	1	73	1	0	0	1694	1159	4	11	-1	
4	1	73	1	1	0	1694	1159	4	11	-1	
5	1	73	1	1	1	1694	1159	4	11	3.643356	r
2	1	74	0	0	0	1989	1158	6	9	-1	
3	1	74	1	0	0	1989	1158	6	9	-1	
4	1	74	1	1	0	1989	1158	6	9	-1	
5	1	74	1	1	1	1989	1158	6	9	85.720421	+
2	1	75	0	0	0	2040	1161	32	8	-1	
3	1	75	1	0	0	2040	1161	32	8	-1	
4	1	75	1	1	0	2040	1161	32	8	-1	
5	1	75	1	1	1	2040	1161	32	8	75.365936	++
2	1	76	0	0	0	2593	1145	37	13	-1	
3	1	76	1	0	0	2593	1145	37	13	-1	
4	1	76	1	1	0	2593	1145	37	13	-1	
5	1	76	1	1	1	2593	1145	37	13	0.000000	401
2	1	77	0	0	0	2605	1159	20	14	-1	
3	1	77	1	0	0	2605	1159	20	14	-1	
4	1	77	1	1	0	2605	1159	20	14	-1	
5	1	77	1	1	1	2605	1159	20	14	79.239548	0.1
2	1	78	0	0	0	2849	1153	39	16	-1	
3	1	78	1	0	0	2849	1153	39	16	-1	
4	1	78	1	1	0	2849	1153	39	16	-1	
5	1	78	1	1	1	2849	1153	39	16	48.202785	Zo
2	1	79	0	0	0	2850	1172	38	11	-1	
3	1	79	1	0	0	2850	1172	38	11	-1	
4	1	79	1	1	0	2850	1172	38	11	-1	
5	1	79	1	1	1	2850	1172	38	11	47.351662	—o
2	1	80	0	0	0	2130	1194	39	13	-1	
3	1	80	1	0	0	2130	1194	39	13	-1	
4	1	80	1	1	0	2130	1194	39	13	-1	
5	1	80	1	1	1	2130	1194	39	13	96.532791	0402
2	1	81	0	0	0	2369	1174	59	23	-1	
3	1	81	1	0	0	2369	1174	59	23	-1	
4	1	81	1	1	0	2369	1174	59	23	-1	
5	1	81	1	1	1	2369	1174	24	23	43.767822	()
5	1	81	1	1	2	2401	1181	27	12	78.902878	vss
2	1	82	0	0	0	2489	1174	79	23	-1	
3	1	82	1	0	0	2489	1174	79	23	-1	
4	1	82	1	1	0	2489	1174	79	23	-1	
5	1	82	1	1	1	2489	1182	27	12	91.845840	voo
5	1	82	1	1	2	2526	1174	42	23	50.180962	(-)=
2	1	83	0	0	0	2850	1186	38	16	-1	
3	1	83	1	0	0	2850	1186	38	16	-1	
4	1	83	1	1	0	2850	1186	38	16	-1	
5	1	83	1	1	1	2850	1186	38	16	65.503807	an
2	1	84	0	0	0	821	1219	37	13	-1	
3	1	84	1	0	0	821	1219	37	13	-1	
4	1	84	1	1	0	821	1219	37	13	-1	
5	1	84	1	1	1	821	1219	37	13	94.686569	R433
2	1	85	0	0	0	823	1238	32	12	-1	
3	1	85	1	0	0	823	1238	32	12	-1	
4	1	85	1	1	0	823	1238	32	12	-1	
5	1	85	1	1	1	823	1238	32	12	77.417282	47K
2	1	86	0	0	0	2119	1211	52	25	-1	
3	1	86	1	0	0	2119	1211	52	25	-1	
4	1	86	1	1	0	2119	1211	52	25	-1	
5	1	86	1	1	1	2119	1211	52	25	0.000000	MAlgS
2	1	87	0	0	0	2370	1226	60	22	-1	
3	1	87	1	0	0	2370	1226	60	22	-1	
4	1	87	1	1	0	2370	1226	60	22	-1	
5	1	87	1	1	1	2370	1226	23	22	41.382385	(=)
5	1	87	1	1	2	2400	1229	30	14	83.374649	Poo
2	1	88	0	0	0	2476	1230	36	13	-1	
3	1	88	1	0	0	2476	1230	36	13	-1	
4	1	88	1	1	0	2476	1230	36	13	-1	
5	1	88	1	1	1	2476	1230	36	13	46.307491	osci
2	1	89	0	0	0	1784	1258	48	12	-1	
3	1	89	1	0	0	1784	1258	48	12	-1	
4	1	89	1	1	0	1784	1258	48	12	-1	
5	1	89	1	1	1	1784	1258	17	12	35.926910	o
5	1	89	1	1	2	1818	1261	14	3	35.926910	4
2	1	90	0	0	0	2120	1253	53	28	-1	
3	1	90	1	0	0	2120	1253	53	28	-1	
4	1	90	1	1	0	2120	1253	53	28	-1	
5	1	90	1	1	1	2120	1253	53	28	57.692467	wags
2	1	91	0	0	0	2204	1238	60	50	-1	
3	1	91	1	0	0	2204	1238	60	50	-1	
4	1	91	1	1	0	2204	1238	60	50	-1	
5	1	91	1	1	1	2204	1238	60	50	31.855400	|
2	1	92	0	0	0	2400	1281	25	12	-1	
3	1	92	1	0	0	2400	1281	25	12	-1	
4	1	92	1	1	0	2400	1281	25	12	-1	
5	1	92	1	1	1	2400	1281	25	12	63.524403	POI
2	1	93	0	0	0	3004	1279	36	8	-1	
3	1	93	1	0	0	3004	1279	36	8	-1	
4	1	93	1	1	0	3004	1279	36	8	-1	
5	1	93	1	1	1	3004	1279	36	8	52.365036	—
2	1	94	0	0	0	2475	1278	74	23	-1	
3	1	94	1	0	0	2475	1278	74	23	-1	
4	1	94	1	1	0	2475	1278	74	23	-1	
5	1	94	1	1	1	2475	1278	74	23	9.047127	osc2()
2	1	95	0	0	0	2121	1319	27	11	-1	
3	1	95	1	0	0	2121	1319	27	11	-1	
4	1	95	1	1	0	2121	1319	27	11	-1	
5	1	95	1	1	1	2121	1319	27	11	60.456417	Mal
2	1	96	0	0	0	2130	1304	30	14	-1	
3	1	96	1	0	0	2130	1304	30	14	-1	
4	1	96	1	1	0	2130	1304	30	14	-1	
5	1	96	1	1	1	2130	1304	30	14	69.321465	040:
2	1	97	0	0	0	2161	1305	12	26	-1	
3	1	97	1	0	0	2161	1305	12	26	-1	
4	1	97	1	1	0	2161	1305	12	26	-1	
5	1	97	1	1	1	2161	1305	12	26	44.953552	$3
2	1	98	0	0	0	2369	1329	62	23	-1	
3	1	98	1	0	0	2369	1329	62	23	-1	
4	1	98	1	1	0	2369	1329	62	23	-1	
5	1	98	1	1	1	2369	1329	23	23	22.040497	(&)
5	1	98	1	1	2	2402	1333	29	14	70.469780	poz
2	1	99	0	0	0	2487	1330	80	23	-1	
3	1	99	1	0	0	2487	1330	80	23	-1	
4	1	99	1	1	0	2487	1330	80	23	-1	
5	1	99	1	1	1	2487	1330	80	23	35.713402	p22()~
2	1	100	0	0	0	870	1280	692	81	-1	
3	1	100	1	0	0	870	1280	692	81	-1	
4	1	100	1	1	0	870	1280	692	81	-1	
5	1	100	1	1	1	870	1280	692	81	33.958275	===
2	1	101	0	0	0	2124	1338	44	39	-1	
3	1	101	1	0	0	2124	1338	44	39	-1	
4	1	101	1	1	0	2124	1338	44	39	-1	
5	1	101	1	1	1	2124	1338	44	39	36.315609	D405
2	1	102	0	0	0	2556	1351	26	12	-1	
3	1	102	1	0	0	2556	1351	26	12	-1	
4	1	102	1	1	0	2556	1351	26	12	-1	
5	1	102	1	1	1	2556	1351	26	12	59.506676	Pa
2	1	103	0	0	0	1883	1366	115	14	-1	
3	1	103	1	0	0	1883	1366	115	14	-1	
4	1	103	1	1	0	1883	1366	115	14	-1	
5	1	103	1	1	1	1883	1366	115	14	34.460564	@aoca
2	1	104	0	0	0	2122	1369	22	12	-1	
3	1	104	1	0	0	2122	1369	22	12	-1	
4	1	104	1	1	0	2122	1369	22	12	-1	
5	1	104	1	1	1	2122	1369	22	12	73.379326	MA
2	1	105	0	0	0	2555	1366	28	11	-1	
3	1	105	1	0	0	2555	1366	28	11	-1	
4	1	105	1	1	0	2555	1366	28	11	-1	
5	1	105	1	1	1	2555	1366	28	11	41.875324	Lo
2	1	106	0	0	0	1178	1398	94	14	-1	
3	1	106	1	0	0	1178	1398	94	14	-1	
4	1	106	1	1	0	1178	1398	94	14	-1	
5	1	106	1	1	1	1178	1398	94	14	14.258820	Hoh
2	1	107	0	0	0	1676	1391	41	14	-1	
3	1	107	1	0	0	1676	1391	41	14	-1	
4	1	107	1	1	0	1676	1391	41	14	-1	
5	1	107	1	1	1	1676	1391	41	14	92.487770	co
2	1	108	0	0	0	2370	1381	60	23	-1	
3	1	108	1	0	0	2370	1381	60	23	-1	
4	1	108	1	1	0	2370	1381	60	23	-1	
5	1	108	1	1	1	2366	1377	27	31	48.664940	()
5	1	108	1	1	2	2402	1377	28	31	28.006607	Po3
2	1	109	0	0	0	2488	1382	79	23	-1	
3	1	109	1	0	0	2488	1382	79	23	-1	
4	1	109	1	1	0	2488	1382	79	23	-1	
5	1	109	1	1	1	2488	1382	79	23	0.000000	RsT@)=
2	1	110	0	0	0	3267	1406	36	17	-1	
3	1	110	1	0	0	3267	1406	36	17	-1	
4	1	110	1	1	0	3267	1406	36	17	-1	
5	1	110	1	1	1	3267	1406	36	17	20.196747	oh
2	1	111	0	0	0	1676	1427	41	16	-1	
3	1	111	1	0	0	1676	1427	41	16	-1	
4	1	111	1	1	0	1676	1427	41	16	-1	
5	1	111	1	1	1	1676	1427	41	16	47.575626	go
2	1	112	0	0	0	2012	1439	80	12	-1	
3	1	112	1	0	0	2012	1439	80	12	-1	
4	1	112	1	1	0	2012	1439	80	12	-1	
5	1	112	1	1	1	2012	1439	80	12	25.829590	i
2	1	113	0	0	0	2336	1423	30	12	-1	
3	1	113	1	0	0	2336	1423	30	12	-1	
4	1	113	1	1	0	2336	1423	30	12	-1	
5	1	113	1	1	1	2336	1423	30	12	62.024136	ze
2	1	114	0	0	0	1676	1447	41	16	-1	
3	1	114	1	0	0	1676	1447	41	16	-1	
4	1	114	1	1	0	1676	1447	41	16	-1	
5	1	114	1	1	1	1676	1447	41	16	34.168961	Nab
2	1	115	0	0	0	2370	1433	59	23	-1	
3	1	115	1	0	0	2370	1433	59	23	-1	
4	1	115	1	1	0	2370	1433	59	23	-1	
5	1	115	1	1	1	2370	1429	25	31	62.189743	G)
5	1	115	1	1	2	2402	1429	32	31	25.196869	P04
2	1	116	0	0	0	2492	1433	58	23	-1	
3	1	116	1	0	0	2492	1433	58	23	-1	
4	1	116	1	1	0	2492	1433	58	23	-1	
5	1	116	1	1	1	2492	1433	58	23	55.288330	P21@)
2	1	117	0	0	0	1676	1475	41	16	-1	
3	1	117	1	0	0	1676	1475	41	16	-1	
4	1	117	1	1	0	1676	1475	41	16	-1	
5	1	117	1	1	1	1676	1475	41	16	83.752029	pa
2	1	118	0	0	0	874	1491	28	9	-1	
3	1	118	1	0	0	874	1491	28	9	-1	
4	1	118	1	1	0	874	1491	28	9	-1	
5	1	118	1	1	1	874	1491	28	9	42.968746	Be
2	1	119	0	0	0	2370	1485	53	23	-1	
3	1	119	1	0	0	2370	1485	53	23	-1	
4	1	119	1	1	0	2370	1485	53	23	-1	
5	1	119	1	1	1	2370	1485	53	23	27.414452	(©)
5	1	119	1	1	2	2401	1481	26	33	36.002331	PI
2	1	120	0	0	0	2487	1484	80	23	-1	
3	1	120	1	0	0	2487	1484	80	23	-1	
4	1	120	1	1	0	2487	1484	80	23	-1	
5	1	120	1	1	1	2487	1484	80	23	0.000000	P20—)=
2	1	121	0	0	0	558	1500	32	20	-1	
3	1	121	1	0	0	558	1500	32	20	-1	
4	1	121	1	1	0	558	1500	32	20	-1	
5	1	121	1	1	1	558	1500	32	20	40.110596	LL
2	1	122	0	0	0	873	1518	29	9	-1	
3	1	122	1	0	0	873	1518	29	9	-1	
4	1	122	1	1	0	873	1518	29	9	-1	
5	1	122	1	1	1	873	1518	29	9	56.493217	<<
2	1	123	0	0	0	873	1506	29	10	-1	
3	1	123	1	0	0	873	1506	29	10	-1	
4	1	123	1	1	0	873	1506	29	10	-1	
5	1	123	1	1	1	873	1506	29	10	40.393303	laa
2	1	124	0	0	0	1167	1513	31	11	-1	
3	1	124	1	0	0	1167	1513	31	11	-1	
4	1	124	1	1	0	1167	1513	31	11	-1	
5	1	124	1	1	1	1167	1513	31	11	60.729050	Ow
2	1	125	0	0	0	1504	1518	29	7	-1	
3	1	125	1	0	0	1504	1518	29	7	-1	
4	1	125	1	1	0	1504	1518	29	7	-1	
5	1	125	1	1	1	1504	1518	29	7	39.011990	wo
2	1	126	0	0	0	1167	1544	30	8	-1	
3	1	126	1	0	0	1167	1544	30	8	-1	
4	1	126	1	1	0	1167	1544	30	8	-1	
5	1	126	1	1	1	1167	1544	30	8	36.775608	Se<
2	1	127	0	0	0	1167	1527	31	12	-1	
3	1	127	1	0	0	1167	1527	31	12	-1	
4	1	127	1	1	0	1167	1527	31	12	-1	
5	1	127	1	1	1	1167	1527	31	12	51.117615	Za
2	1	128	0	0	0	1339	1540	29	10	-1	
3	1	128	1	0	0	1339	1540	29	10	-1	
4	1	128	1	1	0	1339	1540	29	10	-1	
5	1	128	1	1	1	1339	1540	29	10	76.453171	wo
2	1	129	0	0	0	1339	1525	30	12	-1	
3	1	129	1	0	0	1339	1525	30	12	-1	
4	1	129	1	1	0	1339	1525	30	12	-1	
5	1	129	1	1	1	1339	1525	30	12	42.079887	ws
2	1	130	0	0	0	1505	1542	28	9	-1	
3	1	130	1	0	0	1505	1542	28	9	-1	
4	1	130	1	1	0	1505	1542	28	9	-1	
5	1	130	1	1	1	1505	1542	28	9	95.783112	<<
2	1	131	0	0	0	1505	1530	29	10	-1	
3	1	131	1	0	0	1505	1530	29	10	-1	
4	1	131	1	1	0	1505	1530	29	10	-1	
5	1	131	1	1	1	1505	1530	29	10	71.302780	aw
2	1	132	0	0	0	556	1553	34	9	-1	
3	1	132	1	0	0	556	1553	34	9	-1	
4	1	132	1	1	0	556	1553	34	9	-1	
5	1	132	1	1	1	556	1553	34	9	29.143692	oo
2	1	133	0	0	0	1339	1550	29	12	-1	
3	1	133	1	0	0	1339	1550	29	12	-1	
4	1	133	1	1	0	1339	1550	29	12	-1	
5	1	133	1	1	1	1339	1550	29	12	94.740906	<<
2	1	134	0	0	0	2354	1536	72	23	-1	
3	1	134	1	0	0	2354	1536	72	23	-1	
4	1	134	1	1	0	2354	1536	72	23	-1	
5	1	134	1	1	1	2354	1536	39	23	35.067429	=)
5	1	134	1	1	2	2402	1543	24	13	56.530666	pi2
2	1	135	0	0	0	2487	1536	80	24	-1	
3	1	135	1	0	0	2487	1536	80	24	-1	
4	1	135	1	1	0	2487	1536	80	24	-1	
5	1	135	1	1	1	2487	1536	80	24	0.000000	1RQ(@)=
2	1	136	0	0	0	557	1566	32	10	-1	
3	1	136	1	0	0	557	1566	32	10	-1	
4	1	136	1	1	0	557	1566	32	10	-1	
5	1	136	1	1	1	557	1566	32	10	96.918060	<<
2	1	137	0	0	0	557	1592	33	11	-1	
3	1	137	1	0	0	557	1592	33	11	-1	
4	1	137	1	1	0	557	1592	33	11	-1	
5	1	137	1	1	1	557	1592	33	11	4.373444	1Y
2	1	138	0	0	0	2370	1588	59	23	-1	
3	1	138	1	0	0	2370	1588	59	23	-1	
4	1	138	1	1	0	2370	1588	59	23	-1	
5	1	138	1	1	1	2370	1588	23	23	78.227356	(S)
5	1	138	1	1	2	2402	1594	27	13	78.850197	P13
2	1	139	0	0	0	2490	1594	54	13	-1	
3	1	139	1	0	0	2490	1594	54	13	-1	
4	1	139	1	1	0	2490	1594	54	13	-1	
5	1	139	1	1	1	2490	1594	26	13	22.964584	P3i
5	1	139	1	1	2	2532	1596	12	9	22.964584	(wo
2	1	140	0	0	0	2971	1583	42	19	-1	
3	1	140	1	0	0	2971	1583	42	19	-1	
4	1	140	1	1	0	2971	1583	42	19	-1	
5	1	140	1	1	1	2971	1583	42	19	88.570503	<2
2	1	141	0	0	0	1286	1574	54	52	-1	
3	1	141	1	0	0	1286	1574	54	52	-1	
4	1	141	1	1	0	1286	1574	54	52	-1	
5	1	141	1	1	1	1286	1574	54	52	65.403191	Y
2	1	142	0	0	0	1450	1551	48	67	-1	
3	1	142	1	0	0	1450	1551	48	67	-1	
4	1	142	1	1	0	1450	1551	48	67	-1	
5	1	142	1	1	1	1450	1551	48	67	54.609215	x
2	1	143	0	0	0	1677	1600	41	14	-1	
3	1	143	1	0	0	1677	1600	41	14	-1	
4	1	143	1	1	0	1677	1600	41	14	-1	
5	1	143	1	1	1	1677	1600	41	14	87.706375	no
2	1	144	0	0	0	1959	1612	30	8	-1	
3	1	144	1	0	0	1959	1612	30	8	-1	
4	1	144	1	1	0	1959	1612	30	8	-1	
5	1	144	1	1	1	1959	1612	30	8	43.045982	wD
2	1	145	0	0	0	2971	1617	42	16	-1	
3	1	145	1	0	0	2971	1617	42	16	-1	
4	1	145	1	1	0	2971	1617	42	16	-1	
5	1	145	1	1	1	2971	1617	42	16	66.671921	Coa
2	1	146	0	0	0	2972	1606	41	13	-1	
3	1	146	1	0	0	2972	1606	41	13	-1	
4	1	146	1	1	0	2972	1606	41	13	-1	
5	1	146	1	1	1	2972	1606	41	13	64.604843	=o
2	1	147	0	0	0	1677	1635	40	17	-1	
3	1	147	1	0	0	1677	1635	40	17	-1	
4	1	147	1	1	0	1677	1635	40	17	-1	
5	1	147	1	1	1	1677	1635	40	17	38.059814	Bn
2	1	148	0	0	0	1677	1613	41	26	-1	
3	1	148	1	0	0	1677	1613	41	26	-1	
4	1	148	1	1	0	1677	1613	41	26	-1	
5	1	148	1	1	1	1677	1613	41	26	62.261711	ns
2	1	149	0	0	0	1959	1637	26	11	-1	
3	1	149	1	0	0	1959	1637	26	11	-1	
4	1	149	1	1	0	1959	1637	26	11	-1	
5	1	149	1	1	1	1959	1637	26	11	39.427036	32
2	1	150	0	0	0	2012	1635	92	14	-1	
3	1	150	1	0	0	2012	1635	92	14	-1	
4	1	150	1	1	0	2012	1635	92	14	-1	
5	1	150	1	1	1	2012	1635	92	14	31.916359	avoa
2	1	151	0	0	0	2670	1649	24	9	-1	
3	1	151	1	0	0	2670	1649	24	9	-1	
4	1	151	1	1	0	2670	1649	24	9	-1	
5	1	151	1	1	1	2670	1649	24	9	47.005459	PS
2	1	152	0	0	0	2668	1674	26	8	-1	
3	1	152	1	0	0	2668	1674	26	8	-1	
4	1	152	1	1	0	2668	1674	26	8	-1	
5	1	152	1	1	1	2668	1674	26	8	39.225746	ao
2	1	153	0	0	0	1144	1684	51	16	-1	
3	1	153	1	0	0	1144	1684	51	16	-1	
4	1	153	1	1	0	1144	1684	51	16	-1	
5	1	153	1	1	1	1144	1684	51	16	0.000000	ooO
2	1	154	0	0	0	1145	1699	50	12	-1	
3	1	154	1	0	0	1145	1699	50	12	-1	
4	1	154	1	1	0	1145	1699	50	12	-1	
5	1	154	1	1	1	1145	1699	50	12	18.862335	g<a
2	1	155	0	0	0	469	1759	49	17	-1	
3	1	155	1	0	0	469	1759	49	17	-1	
4	1	155	1	1	0	469	1759	49	17	-1	
5	1	155	1	1	1	469	1759	49	17	81.374252	co
2	1	156	0	0	0	2833	1773	28	7	-1	
3	1	156	1	0	0	2833	1773	28	7	-1	
4	1	156	1	1	0	2833	1773	28	7	-1	
5	1	156	1	1	1	2833	1773	28	7	25.117981	—_
2	1	157	0	0	0	3097	1765	29	10	-1	
3	1	157	1	0	0	3097	1765	29	10	-1	
4	1	157	1	1	0	3097	1765	29	10	-1	
5	1	157	1	1	1	3097	1765	29	10	55.192871	Can]
2	1	158	0	0	0	3097	1785	30	17	-1	
3	1	158	1	0	0	3097	1785	30	17	-1	
4	1	158	1	1	0	3097	1785	30	17	-1	
5	1	158	1	1	1	3097	1785	7	17	35.053352	>
5	1	158	1	1	2	3119	1786	8	16	50.551201	4
2	1	159	0	0	0	3110	1803	10	6	-1	
3	1	159	1	0	0	3110	1803	10	6	-1	
4	1	159	1	1	0	3110	1803	10	6	-1	
5	1	159	1	1	1	3110	1803	10	6	19.103325	rs
2	1	160	0	0	0	471	1801	47	15	-1	
3	1	160	1	0	0	471	1801	47	15	-1	
4	1	160	1	1	0	471	1801	47	15	-1	
5	1	160	1	1	1	471	1801	47	15	65.401077	ne
2	1	161	0	0	0	980	1819	56	14	-1	
3	1	161	1	0	0	980	1819	56	14	-1	
4	1	161	1	1	0	980	1819	56	14	-1	
5	1	161	1	1	1	980	1819	56	14	77.676620	wos
2	1	162	0	0	0	1006	1813	30	9	-1	
3	1	162	1	0	0	1006	1813	30	9	-1	
4	1	162	1	1	0	1006	1813	30	9	-1	
5	1	162	1	1	1	1006	1813	30	9	70.728889	52
2	1	163	0	0	0	3097	1810	30	22	-1	
3	1	163	1	0	0	3097	1810	30	22	-1	
4	1	163	1	1	0	3097	1810	30	22	-1	
5	1	163	1	1	1	3097	1810	30	22	32.952370	b.4
2	1	164	0	0	0	1004	1834	32	10	-1	
3	1	164	1	0	0	1004	1834	32	10	-1	
4	1	164	1	1	0	1004	1834	32	10	-1	
5	1	164	1	1	1	1004	1834	32	10	73.896378	AR
2	1	165	0	0	0	2772	1854	24	9	-1	
3	1	165	1	0	0	2772	1854	24	9	-1	
4	1	165	1	1	0	2772	1854	24	9	-1	
5	1	165	1	1	1	2772	1854	24	9	65.789719	=
2	1	166	0	0	0	2214	1858	156	26	-1	
3	1	166	1	0	0	2214	1858	156	26	-1	
4	1	166	1	1	0	2214	1858	156	26	-1	
5	1	166	1	1	1	2214	1858	156	26	12.697456	ee
2	1	167	0	0	0	3109	1882	9	7	-1	
3	1	167	1	0	0	3109	1882	9	7	-1	
4	1	167	1	1	0	3109	1882	9	7	-1	
5	1	167	1	1	1	3109	1882	9	7	52.280830	>
2	1	168	0	0	0	2562	1897	89	13	-1	
3	1	168	1	0	0	2562	1897	89	13	-1	
4	1	168	1	1	0	2562	1897	89	13	-1	
5	1	168	1	1	1	2562	1897	37	13	73.022232	RIO!
5	1	168	1	1	2	2613	1897	38	13	95.301750	3.9K
2	1	169	0	0	0	3097	1888	30	21	-1	
3	1	169	1	0	0	3097	1888	30	21	-1	
4	1	169	1	1	0	3097	1888	30	21	-1	
5	1	169	1	1	1	3097	1888	30	21	28.390663	4
2	1	170	0	0	0	2910	1911	44	18	-1	
3	1	170	1	0	0	2910	1911	44	18	-1	
4	1	170	1	1	0	2910	1911	44	18	-1	
5	1	170	1	1	1	2910	1911	44	18	52.989319	zo
2	1	171	0	0	0	2980	1911	39	19	-1	
3	1	171	1	0	0	2980	1911	39	19	-1	
4	1	171	1	1	0	2980	1911	39	19	-1	
5	1	171	1	1	1	2980	1911	39	19	78.618042	Bo
2	1	172	0	0	0	1035	1939	14	3	-1	
3	1	172	1	0	0	1035	1939	14	3	-1	
4	1	172	1	1	0	1035	1939	14	3	-1	
5	1	172	1	1	1	1035	1939	14	3	95.085609	4
2	1	173	0	0	0	2621	1937	86	13	-1	
3	1	173	1	0	0	2621	1937	86	13	-1	
4	1	173	1	1	0	2621	1937	86	13	-1	
5	1	173	1	1	1	2621	1937	38	13	47.892273	R102
5	1	173	1	1	2	2672	1937	35	13	87.657364	2.2K
2	1	174	0	0	0	2910	1932	43	16	-1	
3	1	174	1	0	0	2910	1932	43	16	-1	
4	1	174	1	1	0	2910	1932	43	16	-1	
5	1	174	1	1	1	2910	1932	43	16	82.618111	bo
2	1	175	0	0	0	2980	1930	38	15	-1	
3	1	175	1	0	0	2980	1930	38	15	-1	
4	1	175	1	1	0	2980	1930	38	15	-1	
5	1	175	1	1	1	2980	1930	38	15	0.000000	Zz
2	1	176	0	0	0	1315	1838	429	124	-1	
3	1	176	1	0	0	1315	1838	429	124	-1	
4	1	176	1	1	0	1315	1838	429	124	-1	
5	1	176	1	1	1	1315	1838	429	124	0.000000	=
2	1	177	0	0	0	2288	1959	36	9	-1	
3	1	177	1	0	0	2288	1959	36	9	-1	
4	1	177	1	1	0	2288	1959	36	9	-1	
5	1	177	1	1	1	2288	1959	36	9	40.862484	As
2	1	178	0	0	0	2910	1949	43	16	-1	
3	1	178	1	0	0	2910	1949	43	16	-1	
4	1	178	1	1	0	2910	1949	43	16	-1	
5	1	178	1	1	1	2910	1949	43	16	75.635681	Bo
2	1	179	0	0	0	2981	1943	37	27	-1	
3	1	179	1	0	0	2981	1943	37	27	-1	
4	1	179	1	1	0	2981	1943	37	27	-1	
5	1	179	1	1	1	2981	1943	37	27	43.552170	ME
2	1	180	0	0	0	3112	1914	16	48	-1	
3	1	180	1	0	0	3112	1914	16	48	-1	
4	1	180	1	1	0	3112	1914	16	48	-1	
5	1	180	1	1	1	3112	1914	16	48	63.043438	4
2	1	181	0	0	0	1095	1963	374	20	-1	
3	1	181	1	0	0	1095	1963	374	20	-1	
4	1	181	1	1	0	1095	1963	374	20	-1	
5	1	181	1	1	1	1095	1963	374	20	26.792969	rs
5	1	181	1	1	2	1331	1959	47	34	28.650314	ee
2	1	182	0	0	0	2426	1977	46	14	-1	
3	1	182	1	0	0	2426	1977	46	14	-1	
4	1	182	1	1	0	2426	1977	46	14	-1	
5	1	182	1	1	1	2426	1977	46	14	89.833130	0.033
2	1	183	0	0	0	2430	1961	36	14	-1	
3	1	183	1	0	0	2430	1961	36	14	-1	
4	1	183	1	1	0	2430	1961	36	14	-1	
5	1	183	1	1	1	2430	1961	36	14	43.814369	C149
2	1	184	0	0	0	2751	1976	82	13	-1	
3	1	184	1	0	0	2751	1976	82	13	-1	
4	1	184	1	1	0	2751	1976	82	13	-1	
5	1	184	1	1	1	2751	1976	38	13	80.246964	RIO3
5	1	184	1	1	2	2803	1976	30	13	93.970955	27K
2	1	185	0	0	0	2909	1968	44	16	-1	
3	1	185	1	0	0	2909	1968	44	16	-1	
4	1	185	1	1	0	2909	1968	44	16	-1	
5	1	185	1	1	1	2909	1968	44	16	3.079414	o-
2	1	186	0	0	0	1095	1985	374	19	-1	
3	1	186	1	0	0	1095	1985	374	19	-1	
4	1	186	1	1	0	1095	1985	374	19	-1	
5	1	186	1	1	1	1095	1985	374	19	28.078705	rr
5	1	186	1	1	2	1330	1981	47	33	41.008148	ee
5	1	186	1	1	3	1432	1981	42	33	64.670761	|
2	1	187	0	0	0	722	2017	39	14	-1	
3	1	187	1	0	0	722	2017	39	14	-1	
4	1	187	1	1	0	722	2017	39	14	-1	
5	1	187	1	1	1	722	2017	39	14	95.659164	R407
2	1	188	0	0	0	1626	2008	39	19	-1	
3	1	188	1	0	0	1626	2008	39	19	-1	
4	1	188	1	1	0	1626	2008	39	19	-1	
5	1	188	1	1	1	1626	2008	39	19	84.282928	Zo
2	1	189	0	0	0	2108	2002	42	24	-1	
3	1	189	1	0	0	2108	2002	42	24	-1	
4	1	189	1	1	0	2108	2002	42	24	-1	
5	1	189	1	1	1	2108	2002	42	24	49.294571	@=
2	1	190	0	0	0	722	2033	42	13	-1	
3	1	190	1	0	0	722	2033	42	13	-1	
4	1	190	1	1	0	722	2033	42	13	-1	
5	1	190	1	1	1	722	2033	42	13	95.766991	470K
2	1	191	0	0	0	1173	2032	79	13	-1	
3	1	191	1	0	0	1173	2032	79	13	-1	
4	1	191	1	1	0	1173	2032	79	13	-1	
5	1	191	1	1	1	1173	2032	40	13	94.547684	R440
5	1	191	1	1	2	1226	2032	26	13	87.814186	10K
2	1	192	0	0	0	1626	2030	38	16	-1	
3	1	192	1	0	0	1626	2030	38	16	-1	
4	1	192	1	1	0	1626	2030	38	16	-1	
5	1	192	1	1	1	1626	2030	38	16	84.718735	ze
2	1	193	0	0	0	2429	2026	37	14	-1	
3	1	193	1	0	0	2429	2026	37	14	-1	
4	1	193	1	1	0	2429	2026	37	14	-1	
5	1	193	1	1	1	2429	2026	37	14	59.637886	RIO9
2	1	194	0	0	0	2546	2037	28	13	-1	
3	1	194	1	0	0	2546	2037	28	13	-1	
4	1	194	1	1	0	2546	2037	28	13	-1	
5	1	194	1	1	1	2546	2037	28	13	61.769810	So
2	1	195	0	0	0	2801	2025	40	12	-1	
3	1	195	1	0	0	2801	2025	40	12	-1	
4	1	195	1	1	0	2801	2025	40	12	-1	
5	1	195	1	1	1	2801	2025	40	12	75.390160	R104
2	1	196	0	0	0	2811	2040	31	13	-1	
3	1	196	1	0	0	2811	2040	31	13	-1	
4	1	196	1	1	0	2811	2040	31	13	-1	
5	1	196	1	1	1	2811	2040	31	13	69.361534	22K
2	1	197	0	0	0	2433	2043	32	12	-1	
3	1	197	1	0	0	2433	2043	32	12	-1	
4	1	197	1	1	0	2433	2043	32	12	-1	
5	1	197	1	1	1	2433	2043	32	12	90.995003	47K
2	1	198	0	0	0	3097	2045	31	22	-1	
3	1	198	1	0	0	3097	2045	31	22	-1	
4	1	198	1	1	0	3097	2045	31	22	-1	
5	1	198	1	1	1	3097	2045	31	22	33.932777	|
2	1	199	0	0	0	1625	2064	39	14	-1	
3	1	199	1	0	0	1625	2064	39	14	-1	
4	1	199	1	1	0	1625	2064	39	14	-1	
5	1	199	1	1	1	1625	2064	39	14	73.282188	an
2	1	200	0	0	0	2011	2063	22	17	-1	
3	1	200	1	0	0	2011	2063	22	17	-1	
4	1	200	1	1	0	2011	2063	22	17	-1	
5	1	200	1	1	1	2011	2063	22	17	59.873699	al
2	1	201	0	0	0	2546	2098	26	9	-1	
3	1	201	1	0	0	2546	2098	26	9	-1	
4	1	201	1	1	0	2546	2098	26	9	-1	
5	1	201	1	1	1	2546	2098	26	9	66.475296	Za
2	1	202	0	0	0	2545	2107	55	23	-1	
3	1	202	1	0	0	2545	2107	55	23	-1	
4	1	202	1	1	0	2545	2107	55	23	-1	
5	1	202	1	1	1	2545	2107	55	23	47.679207	=)
2	1	203	0	0	0	722	2130	40	14	-1	
3	1	203	1	0	0	722	2130	40	14	-1	
4	1	203	1	1	0	722	2130	40	14	-1	
5	1	203	1	1	1	722	2130	40	14	94.091827	R408
2	1	204	0	0	0	856	2141	29	12	-1	
3	1	204	1	0	0	856	2141	29	12	-1	
4	1	204	1	1	0	856	2141	29	12	-1	
5	1	204	1	1	1	856	2141	29	12	59.260399	zo
2	1	205	0	0	0	856	2132	29	9	-1	
3	1	205	1	0	0	856	2132	29	9	-1	
4	1	205	1	1	0	856	2132	29	9	-1	
5	1	205	1	1	1	856	2132	29	9	29.532211	=
2	1	206	0	0	0	1604	2134	40	15	-1	
3	1	206	1	0	0	1604	2134	40	15	-1	
4	1	206	1	1	0	1604	2134	40	15	-1	
5	1	206	1	1	1	1604	2134	40	15	0.000000	-vU
2	1	207	0	0	0	2442	2127	38	13	-1	
3	1	207	1	0	0	2442	2127	38	13	-1	
4	1	207	1	1	0	2442	2127	38	13	-1	
5	1	207	1	1	1	2442	2127	38	13	26.651413	Ci50
2	1	208	0	0	0	2897	2128	36	13	-1	
3	1	208	1	0	0	2897	2128	36	13	-1	
4	1	208	1	1	0	2897	2128	36	13	-1	
5	1	208	1	1	1	2897	2128	36	13	55.938908	ciol
2	1	209	0	0	0	722	2147	42	13	-1	
3	1	209	1	0	0	722	2147	42	13	-1	
4	1	209	1	1	0	722	2147	42	13	-1	
5	1	209	1	1	1	722	2147	42	13	96.660759	470K
2	1	210	0	0	0	2012	2146	20	13	-1	
3	1	210	1	0	0	2012	2146	20	13	-1	
4	1	210	1	1	0	2012	2146	20	13	-1	
5	1	210	1	1	1	2012	2146	20	13	31.258293	P|
2	1	211	0	0	0	2137	2145	28	11	-1	
3	1	211	1	0	0	2137	2145	28	11	-1	
4	1	211	1	1	0	2137	2145	28	11	-1	
5	1	211	1	1	1	2137	2145	28	11	61.391174	eo
2	1	212	0	0	0	2138	2156	26	9	-1	
3	1	212	1	0	0	2138	2156	26	9	-1	
4	1	212	1	1	0	2138	2156	26	9	-1	
5	1	212	1	1	1	2138	2156	26	9	29.206833	Z<
2	1	213	0	0	0	2435	2144	47	14	-1	
3	1	213	1	0	0	2435	2144	47	14	-1	
4	1	213	1	1	0	2435	2144	47	14	-1	
5	1	213	1	1	1	2435	2144	47	14	96.764633	0.033
2	1	214	0	0	0	2546	2149	26	11	-1	
3	1	214	1	0	0	2546	2149	26	11	-1	
4	1	214	1	1	0	2546	2149	26	11	-1	
5	1	214	1	1	1	2546	2149	26	11	51.049770	=5
2	1	215	0	0	0	1603	2172	41	16	-1	
3	1	215	1	0	0	1603	2172	41	16	-1	
4	1	215	1	1	0	1603	2172	41	16	-1	
5	1	215	1	1	1	1603	2172	41	16	61.861156	sx
2	1	216	0	0	0	1895	2180	30	10	-1	
3	1	216	1	0	0	1895	2180	30	10	-1	
4	1	216	1	1	0	1895	2180	30	10	-1	
5	1	216	1	1	1	1895	2180	30	10	39.275532	oO
2	1	217	0	0	0	2030	2164	56	18	-1	
3	1	217	1	0	0	2030	2164	56	18	-1	
4	1	217	1	1	0	2030	2164	56	18	-1	
5	1	217	1	1	1	2030	2164	56	18	51.343590	lo,
5	1	217	1	1	2	2076	2154	14	32	49.639099	0
2	1	218	0	0	0	2310	2180	37	13	-1	
3	1	218	1	0	0	2310	2180	37	13	-1	
4	1	218	1	1	0	2310	2180	37	13	-1	
5	1	218	1	1	1	2310	2180	37	13	30.725471	RII0
2	1	219	0	0	0	1896	2193	29	9	-1	
3	1	219	1	0	0	1896	2193	29	9	-1	
4	1	219	1	1	0	1896	2193	29	9	-1	
5	1	219	1	1	1	1896	2193	29	9	96.828629	<<
2	1	220	0	0	0	1995	2182	37	16	-1	
3	1	220	1	0	0	1995	2182	37	16	-1	
4	1	220	1	1	0	1995	2182	37	16	-1	
5	1	220	1	1	1	1995	2182	37	16	83.822945	lol
2	1	221	0	0	0	2318	2197	29	13	-1	
3	1	221	1	0	0	2318	2197	29	13	-1	
4	1	221	1	1	0	2318	2197	29	13	-1	
5	1	221	1	1	1	2318	2197	29	13	93.344299	47K
2	1	222	0	0	0	864	2199	585	18	-1	
3	1	222	1	0	0	864	2199	585	18	-1	
4	1	222	1	1	0	864	2199	585	18	-1	
5	1	222	1	1	1	864	2200	454	17	0.000000	sav0os3-x*--s,arena0g0g
5	1	222	1	1	2	1335	2199	114	15	18.058998	@anTga
2	1	223	0	0	0	2561	2202	39	31	-1	
3	1	223	1	0	0	2561	2202	39	31	-1	
4	1	223	1	1	0	2561	2202	39	31	-1	
5	1	223	1	1	1	2561	2202	39	31	55.702034	2©
2	1	224	0	0	0	2733	2203	40	29	-1	
3	1	224	1	0	0	2733	2203	40	29	-1	
4	1	224	1	1	0	2733	2203	40	29	-1	
5	1	224	1	1	1	2733	2203	40	29	38.830811	ez
2	1	225	0	0	0	2438	2233	33	12	-1	
3	1	225	1	0	0	2438	2233	33	12	-1	
4	1	225	1	1	0	2438	2233	33	12	-1	
5	1	225	1	1	1	2438	2233	33	12	57.611412	Ru
2	1	226	0	0	0	2890	2233	37	14	-1	
3	1	226	1	0	0	2890	2233	37	14	-1	
4	1	226	1	1	0	2890	2233	37	14	-1	
5	1	226	1	1	1	2890	2233	37	14	90.266327	RIOS
2	1	227	0	0	0	1496	2223	101	45	-1	
3	1	227	1	0	0	1496	2223	101	45	-1	
4	1	227	1	1	0	1496	2223	101	45	-1	
5	1	227	1	1	1	1496	2223	101	45	0.000000	dda
2	1	228	0	0	0	2439	2249	42	13	-1	
3	1	228	1	0	0	2439	2249	42	13	-1	
4	1	228	1	1	0	2439	2249	42	13	-1	
5	1	228	1	1	1	2439	2249	42	13	96.365875	270K
2	1	229	0	0	0	780	2263	205	23	-1	
3	1	229	1	0	0	780	2263	205	23	-1	
4	1	229	1	1	0	780	2263	205	23	-1	
5	1	229	1	1	1	780	2263	205	23	0.000000	COBQOOOOO
2	1	230	0	0	0	989	2264	23	22	-1	
3	1	230	1	0	0	989	2264	23	22	-1	
4	1	230	1	1	0	989	2264	23	22	-1	
5	1	230	1	1	1	989	2264	23	22	35.035912	(a)
2	1	231	0	0	0	1015	2263	23	23	-1	
3	1	231	1	0	0	1015	2263	23	23	-1	
4	1	231	1	1	0	1015	2263	23	23	-1	
5	1	231	1	1	1	1015	2263	23	23	0.000000	S)
2	1	232	0	0	0	1042	2263	23	23	-1	
3	1	232	1	0	0	1042	2263	23	23	-1	
4	1	232	1	1	0	1042	2263	23	23	-1	
5	1	232	1	1	1	1042	2263	23	23	41.752659	)
2	1	233	0	0	0	1068	2263	74	23	-1	
3	1	233	1	0	0	1068	2263	74	23	-1	
4	1	233	1	1	0	1068	2263	74	23	-1	
5	1	233	1	1	1	1068	2263	74	23	67.348259	OOO
2	1	234	0	0	0	1145	2262	310	25	-1	
3	1	234	1	0	0	1145	2262	310	25	-1	
4	1	234	1	1	0	1145	2262	310	25	-1	
5	1	234	1	1	1	1145	2262	310	25	0.000000	COOQQOOQOGOOD)
2	1	235	0	0	0	1458	2263	23	23	-1	
3	1	235	1	0	0	1458	2263	23	23	-1	
4	1	235	1	1	0	1458	2263	23	23	-1	
5	1	235	1	1	1	1458	2263	23	23	53.465790	)
2	1	236	0	0	0	1484	2263	127	22	-1	
3	1	236	1	0	0	1484	2263	127	22	-1	
4	1	236	1	1	0	1484	2263	127	22	-1	
5	1	236	1	1	1	1484	2263	127	22	52.175404	OOOO“)
2	1	237	0	0	0	2056	2258	38	16	-1	
3	1	237	1	0	0	2056	2258	38	16	-1	
4	1	237	1	1	0	2056	2258	38	16	-1	
5	1	237	1	1	1	2056	2258	38	16	44.174416	Le
2	1	238	0	0	0	2561	2261	39	23	-1	
3	1	238	1	0	0	2561	2261	39	23	-1	
4	1	238	1	1	0	2561	2261	39	23	-1	
5	1	238	1	1	1	2561	2261	39	23	56.373886	=©)
2	1	239	0	0	0	2734	2259	39	25	-1	
3	1	239	1	0	0	2734	2259	39	25	-1	
4	1	239	1	1	0	2734	2259	39	25	-1	
5	1	239	1	1	1	2734	2259	39	25	0.000000	<=
2	1	240	0	0	0	993	2293	143	10	-1	
3	1	240	1	0	0	993	2293	143	10	-1	
4	1	240	1	1	0	993	2293	143	10	-1	
5	1	240	1	1	1	993	2293	143	10	0.000000	AR#aHHOS
2	1	241	0	0	0	1149	2293	92	20	-1	
3	1	241	1	0	0	1149	2293	92	20	-1	
4	1	241	1	1	0	1149	2293	92	20	-1	
5	1	241	1	1	1	1149	2293	92	20	43.679104	BEBE
2	1	242	0	0	0	1176	2302	12	10	-1	
3	1	242	1	0	0	1176	2302	12	10	-1	
4	1	242	1	1	0	1176	2302	12	10	-1	
5	1	242	1	1	1	1176	2302	12	10	31.001640	>
2	1	243	0	0	0	1254	2293	12	10	-1	
3	1	243	1	0	0	1254	2293	12	10	-1	
4	1	243	1	1	0	1254	2293	12	10	-1	
5	1	243	1	1	1	1254	2293	12	10	58.337975	°
2	1	244	0	0	0	1255	2305	11	8	-1	
3	1	244	1	0	0	1255	2305	11	8	-1	
4	1	244	1	1	0	1255	2305	11	8	-1	
5	1	244	1	1	1	1255	2305	11	8	41.927967	gq
2	1	245	0	0	0	2137	2288	26	9	-1	
3	1	245	1	0	0	2137	2288	26	9	-1	
4	1	245	1	1	0	2137	2288	26	9	-1	
5	1	245	1	1	1	2137	2288	26	9	73.915993	=>
2	1	246	0	0	0	2309	2285	37	13	-1	
3	1	246	1	0	0	2309	2285	37	13	-1	
4	1	246	1	1	0	2309	2285	37	13	-1	
5	1	246	1	1	1	2309	2285	37	13	11.408157	RUIZ
2	1	247	0	0	0	784	2315	11	8	-1	
3	1	247	1	0	0	784	2315	11	8	-1	
4	1	247	1	1	0	784	2315	11	8	-1	
5	1	247	1	1	1	784	2315	11	8	17.969818	Ss
2	1	248	0	0	0	784	2284	196	30	-1	
3	1	248	1	0	0	784	2284	196	30	-1	
4	1	248	1	1	0	784	2284	196	30	-1	
5	1	248	1	1	1	784	2284	196	30	10.015976	sggese2eee
2	1	249	0	0	0	837	2316	12	8	-1	
3	1	249	1	0	0	837	2316	12	8	-1	
4	1	249	1	1	0	837	2316	12	8	-1	
5	1	249	1	1	1	837	2316	12	8	31.297081	oO
2	1	250	0	0	0	993	2304	91	10	-1	
3	1	250	1	0	0	993	2304	91	10	-1	
4	1	250	1	1	0	993	2304	91	10	-1	
5	1	250	1	1	1	993	2304	91	10	24.123680	AaAN®
2	1	251	0	0	0	1097	2305	13	9	-1	
3	1	251	1	0	0	1097	2305	13	9	-1	
4	1	251	1	1	0	1097	2305	13	9	-1	
5	1	251	1	1	1	1097	2305	13	9	39.934547	6
2	1	252	0	0	0	1124	2305	38	9	-1	
3	1	252	1	0	0	1124	2305	38	9	-1	
4	1	252	1	1	0	1124	2305	38	9	-1	
5	1	252	1	1	1	1124	2305	38	9	16.107109	o@
2	1	253	0	0	0	1279	2292	249	22	-1	
3	1	253	1	0	0	1279	2292	249	22	-1	
4	1	253	1	1	0	1279	2292	249	22	-1	
5	1	253	1	1	1	1279	2292	116	21	3.599388	RRPBR
5	1	253	1	1	2	1412	2292	116	22	2.777313	LEELA
2	1	254	0	0	0	1463	2313	10	8	-1	
3	1	254	1	0	0	1463	2313	10	8	-1	
4	1	254	1	1	0	1463	2313	10	8	-1	
5	1	254	1	1	1	1463	2313	10	8	71.544128	2
2	1	255	0	0	0	2030	2310	55	18	-1	
3	1	255	1	0	0	2030	2310	55	18	-1	
4	1	255	1	1	0	2030	2310	55	18	-1	
5	1	255	1	1	1	2030	2310	55	18	0.000000	Lie
2	1	256	0	0	0	2137	2301	27	21	-1	
3	1	256	1	0	0	2137	2301	27	21	-1	
4	1	256	1	1	0	2137	2301	27	21	-1	
5	1	256	1	1	1	2137	2301	27	21	68.953209	ge
2	1	257	0	0	0	2315	2301	31	13	-1	
3	1	257	1	0	0	2315	2301	31	13	-1	
4	1	257	1	1	0	2315	2301	31	13	-1	
5	1	257	1	1	1	2315	2301	31	13	86.588371	47K
2	1	258	0	0	0	1922	2313	43	24	-1	
3	1	258	1	0	0	1922	2313	43	24	-1	
4	1	258	1	1	0	1922	2313	43	24	-1	
5	1	258	1	1	1	1922	2313	43	24	30.439720	=)
2	1	259	0	0	0	2318	2327	181	25	-1	
3	1	259	1	0	0	2318	2327	181	25	-1	
4	1	259	1	1	0	2318	2327	181	25	-1	
5	1	259	1	1	1	2318	2327	60	25	29.378471	dy
5	1	259	1	1	2	2403	2327	38	14	34.938873	S199
5	1	259	1	1	3	2464	2339	35	13	38.968987	[avi
2	1	260	0	0	0	2577	2314	135	38	-1	
3	1	260	1	0	0	2577	2314	135	38	-1	
4	1	260	1	1	0	2577	2314	135	38	-1	
5	1	260	1	1	1	2577	2314	83	38	0.000000	PV
5	1	260	1	1	2	2672	2316	40	35	0.000000	V/
2	1	261	0	0	0	2319	2353	52	19	-1	
3	1	261	1	0	0	2319	2353	52	19	-1	
4	1	261	1	1	0	2319	2353	52	19	-1	
5	1	261	1	1	1	2319	2353	52	19	46.311546	ox
2	1	262	0	0	0	2840	2359	54	10	-1	
3	1	262	1	0	0	2840	2359	54	10	-1	
4	1	262	1	1	0	2840	2359	54	10	-1	
5	1	262	1	1	1	2840	2359	54	10	24.079422	loloy
2	1	263	0	0	0	770	2374	21	15	-1	
3	1	263	1	0	0	770	2374	21	15	-1	
4	1	263	1	1	0	770	2374	21	15	-1	
5	1	263	1	1	1	770	2374	21	15	91.581352	<2
2	1	264	0	0	0	2013	2376	77	3	-1	
3	1	264	1	0	0	2013	2376	77	3	-1	
4	1	264	1	1	0	2013	2376	77	3	-1	
5	1	264	1	1	1	2013	2376	77	3	24.307457	en
2	1	265	0	0	0	2974	2380	28	10	-1	
3	1	265	1	0	0	2974	2380	28	10	-1	
4	1	265	1	1	0	2974	2380	28	10	-1	
5	1	265	1	1	1	2974	2380	28	10	51.198967	RO
2	1	266	0	0	0	2974	2369	28	10	-1	
3	1	266	1	0	0	2974	2369	28	10	-1	
4	1	266	1	1	0	2974	2369	28	10	-1	
5	1	266	1	1	1	2974	2369	28	10	46.156635	XS
2	1	267	0	0	0	3046	2367	28	7	-1	
3	1	267	1	0	0	3046	2367	28	7	-1	
4	1	267	1	1	0	3046	2367	28	7	-1	
5	1	267	1	1	1	3046	2367	28	7	34.311745	—
2	1	268	0	0	0	2840	2380	29	21	-1	
3	1	268	1	0	0	2840	2380	29	21	-1	
4	1	268	1	1	0	2840	2380	29	21	-1	
5	1	268	1	1	1	2840	2380	29	21	9.612083	pe
2	1	269	0	0	0	772	2412	20	12	-1	
3	1	269	1	0	0	772	2412	20	12	-1	
4	1	269	1	1	0	772	2412	20	12	-1	
5	1	269	1	1	1	772	2412	20	12	48.325203	cE]
2	1	270	0	0	0	2319	2405	52	23	-1	
3	1	270	1	0	0	2319	2405	52	23	-1	
4	1	270	1	1	0	2319	2405	52	23	-1	
5	1	270	1	1	1	2319	2405	52	23	31.526749	oo
2	1	271	0	0	0	2467	2417	28	12	-1	
3	1	271	1	0	0	2467	2417	28	12	-1	
4	1	271	1	1	0	2467	2417	28	12	-1	
5	1	271	1	1	1	2467	2417	28	12	62.097923	no
2	1	272	0	0	0	2467	2401	28	13	-1	
3	1	272	1	0	0	2467	2401	28	13	-1	
4	1	272	1	1	0	2467	2401	28	13	-1	
5	1	272	1	1	1	2467	2401	28	13	23.224937	02
2	1	273	0	0	0	2840	2416	36	13	-1	
3	1	273	1	0	0	2840	2416	36	13	-1	
4	1	273	1	1	0	2840	2416	36	13	-1	
5	1	273	1	1	1	2836	2412	16	26	67.105774	IS
5	1	273	1	1	2	2857	2416	19	13	65.447800	Jo
2	1	274	0	0	0	799	2347	103	87	-1	
3	1	274	1	0	0	799	2347	103	87	-1	
4	1	274	1	1	0	799	2347	103	87	-1	
5	1	274	1	1	1	799	2347	103	87	67.275696	~
2	1	275	0	0	0	2032	2440	38	13	-1	
3	1	275	1	0	0	2032	2440	38	13	-1	
4	1	275	1	1	0	2032	2440	38	13	-1	
5	1	275	1	1	1	2032	2440	38	13	38.886967	D102
2	1	276	0	0	0	2444	2428	51	13	-1	
3	1	276	1	0	0	2444	2428	51	13	-1	
4	1	276	1	1	0	2444	2428	51	13	-1	
5	1	276	1	1	1	2444	2428	51	13	0.000000	TR
2	1	277	0	0	0	2864	2440	30	10	-1	
3	1	277	1	0	0	2864	2440	30	10	-1	
4	1	277	1	1	0	2864	2440	30	10	-1	
5	1	277	1	1	1	2864	2440	30	10	18.417671	foyer
2	1	278	0	0	0	2958	2427	33	11	-1	
3	1	278	1	0	0	2958	2427	33	11	-1	
4	1	278	1	1	0	2958	2427	33	11	-1	
5	1	278	1	1	1	2958	2427	33	11	48.923309	tO
2	1	279	0	0	0	2979	2436	27	11	-1	
3	1	279	1	0	0	2979	2436	27	11	-1	
4	1	279	1	1	0	2979	2436	27	11	-1	
5	1	279	1	1	1	2979	2436	27	11	68.568069	<o
2	1	280	0	0	0	3046	2435	28	7	-1	
3	1	280	1	0	0	3046	2435	28	7	-1	
4	1	280	1	1	0	3046	2435	28	7	-1	
5	1	280	1	1	1	3046	2435	28	7	13.476028	—_
2	1	281	0	0	0	1256	2459	35	11	-1	
3	1	281	1	0	0	1256	2459	35	11	-1	
4	1	281	1	1	0	1256	2459	35	11	-1	
5	1	281	1	1	1	1256	2459	35	11	77.609711	xo
2	1	282	0	0	0	2023	2456	52	13	-1	
3	1	282	1	0	0	2023	2456	52	13	-1	
4	1	282	1	1	0	2023	2456	52	13	-1	
5	1	282	1	1	1	2023	2456	52	13	1.050102	MAIE65
2	1	283	0	0	0	2979	2448	28	9	-1	
3	1	283	1	0	0	2979	2448	28	9	-1	
4	1	283	1	1	0	2979	2448	28	9	-1	
5	1	283	1	1	1	2979	2448	28	9	76.865013	Sa
2	1	284	0	0	0	1255	2474	64	4	-1	
3	1	284	1	0	0	1255	2474	64	4	-1	
4	1	284	1	1	0	1255	2474	64	4	-1	
5	1	284	1	1	1	1255	2474	64	4	36.574356	ee
2	1	285	0	0	0	1332	2472	273	6	-1	
3	1	285	1	0	0	1332	2472	273	6	-1	
4	1	285	1	1	0	1332	2472	273	6	-1	
5	1	285	1	1	1	1332	2473	142	5	0.000000	Ssloaeset
5	1	285	1	1	2	1489	2472	64	4	22.710739	rte
5	1	285	1	1	3	1566	2473	39	3	35.312721	tet
2	1	286	0	0	0	1384	2480	40	9	-1	
3	1	286	1	0	0	1384	2480	40	9	-1	
4	1	286	1	1	0	1384	2480	40	9	-1	
5	1	286	1	1	1	1384	2480	40	9	19.236694	iat
2	1	287	0	0	0	1567	2479	37	10	-1	
3	1	287	1	0	0	1567	2479	37	10	-1	
4	1	287	1	1	0	1567	2479	37	10	-1	
5	1	287	1	1	1	1567	2479	37	10	35.247574	2
2	1	288	0	0	0	812	2493	63	12	-1	
3	1	288	1	0	0	812	2493	63	12	-1	
4	1	288	1	1	0	812	2493	63	12	-1	
5	1	288	1	1	1	812	2493	12	8	62.471245	x
5	1	288	1	1	2	838	2495	37	10	62.471245	xO
2	1	289	0	0	0	1020	2472	64	31	-1	
3	1	289	1	0	0	1020	2472	64	31	-1	
4	1	289	1	1	0	1020	2472	64	31	-1	
5	1	289	1	1	1	1020	2472	64	31	0.000000	23y
2	1	290	0	0	0	1149	2504	65	9	-1	
3	1	290	1	0	0	1149	2504	65	9	-1	
4	1	290	1	1	0	1149	2504	65	9	-1	
5	1	290	1	1	1	1149	2504	65	9	33.275902	o-N
2	1	291	0	0	0	1150	2481	90	21	-1	
3	1	291	1	0	0	1150	2481	90	21	-1	
4	1	291	1	1	0	1150	2481	90	21	-1	
5	1	291	1	1	1	1150	2481	90	21	0.000000	Saaa
2	1	292	0	0	0	1333	2502	90	10	-1	
3	1	292	1	0	0	1333	2502	90	10	-1	
4	1	292	1	1	0	1333	2502	90	10	-1	
5	1	292	1	1	1	1333	2502	39	9	0.000000	SN
5	1	292	1	1	2	1384	2502	39	10	0.000000	asd
2	1	293	0	0	0	1359	2491	37	9	-1	
3	1	293	1	0	0	1359	2491	37	9	-1	
4	1	293	1	1	0	1359	2491	37	9	-1	
5	1	293	1	1	1	1359	2491	37	9	33.237389	nn
2	1	294	0	0	0	1541	2505	63	8	-1	
3	1	294	1	0	0	1541	2505	63	8	-1	
4	1	294	1	1	0	1541	2505	63	8	-1	
5	1	294	1	1	1	1541	2507	12	3	0.000000	=
5	1	294	1	1	2	1566	2505	38	8	0.000000	Rw
2	1	295	0	0	0	1541	2492	63	10	-1	
3	1	295	1	0	0	1541	2492	63	10	-1	
4	1	295	1	1	0	1541	2492	63	10	-1	
5	1	295	1	1	1	1541	2492	63	10	28.574715	BSS
2	1	296	0	0	0	838	2506	63	9	-1	
3	1	296	1	0	0	838	2506	63	9	-1	
4	1	296	1	1	0	838	2506	63	9	-1	
5	1	296	1	1	1	838	2506	63	9	35.665062	Zot
2	1	297	0	0	0	1019	2497	65	17	-1	
3	1	297	1	0	0	1019	2497	65	17	-1	
4	1	297	1	1	0	1019	2497	65	17	-1	
5	1	297	1	1	1	1019	2497	65	17	55.870132	nad
2	1	298	0	0	0	1086	2450	53	65	-1	
3	1	298	1	0	0	1086	2450	53	65	-1	
4	1	298	1	1	0	1086	2450	53	65	-1	
5	1	298	1	1	1	1086	2450	53	65	26.959869	lag
2	1	299	0	0	0	1255	2480	40	34	-1	
3	1	299	1	0	0	1255	2480	40	34	-1	
4	1	299	1	1	0	1255	2480	40	34	-1	
5	1	299	1	1	1	1255	2480	40	34	67.370041	ag
2	1	300	0	0	0	780	2521	440	25	-1	
3	1	300	1	0	0	780	2521	440	25	-1	
4	1	300	1	1	0	780	2521	440	25	-1	
5	1	300	1	1	1	780	2521	440	25	0.000000	O9000090958906909
2	1	301	0	0	0	1250	2521	100	24	-1	
3	1	301	1	0	0	1250	2521	100	24	-1	
4	1	301	1	1	0	1250	2521	100	24	-1	
5	1	301	1	1	1	1250	2521	100	24	23.124519	OYOo
2	1	302	0	0	0	1354	2522	48	22	-1	
3	1	302	1	0	0	1354	2522	48	22	-1	
4	1	302	1	1	0	1354	2522	48	22	-1	
5	1	302	1	1	1	1354	2522	48	22	54.713612	Oe)
2	1	303	0	0	0	1406	2521	75	23	-1	
3	1	303	1	0	0	1406	2521	75	23	-1	
4	1	303	1	1	0	1406	2521	75	23	-1	
5	1	303	1	1	1	1406	2521	75	23	48.396530	BES,
2	1	304	0	0	0	1484	2522	49	22	-1	
3	1	304	1	0	0	1484	2522	49	22	-1	
4	1	304	1	1	0	1484	2522	49	22	-1	
5	1	304	1	1	1	1484	2522	49	22	67.461212	Oey
2	1	305	0	0	0	1536	2521	23	23	-1	
3	1	305	1	0	0	1536	2521	23	23	-1	
4	1	305	1	1	0	1536	2521	23	23	-1	
5	1	305	1	1	1	1536	2521	23	23	46.171646	)
2	1	306	0	0	0	1561	2521	50	23	-1	
3	1	306	1	0	0	1561	2521	50	23	-1	
4	1	306	1	1	0	1561	2521	50	23	-1	
5	1	306	1	1	1	1561	2521	50	23	70.170563	CO
2	1	307	0	0	0	2261	2522	29	16	-1	
3	1	307	1	0	0	2261	2522	29	16	-1	
4	1	307	1	1	0	2261	2522	29	16	-1	
5	1	307	1	1	1	2261	2522	29	16	81.650070	ae
2	1	308	0	0	0	874	2553	90	12	-1	
3	1	308	1	0	0	874	2553	90	12	-1	
4	1	308	1	1	0	874	2553	90	12	-1	
5	1	308	1	1	1	874	2553	64	12	0.000000	lojala
5	1	308	1	1	2	953	2554	11	9	0.000000	la
2	1	309	0	0	0	1111	2553	36	12	-1	
3	1	309	1	0	0	1111	2553	36	12	-1	
4	1	309	1	1	0	1111	2553	36	12	-1	
5	1	309	1	1	1	1111	2553	36	12	7.953873	pto
2	1	310	0	0	0	874	2568	90	11	-1	
3	1	310	1	0	0	874	2568	90	11	-1	
4	1	310	1	1	0	874	2568	90	11	-1	
5	1	310	1	1	1	874	2569	12	8	82.649429	<
5	1	310	1	1	2	899	2570	12	9	41.008980	Ju
5	1	310	1	1	3	925	2568	13	10	37.059498	|io
5	1	310	1	1	4	952	2569	12	9	57.730450	fio
2	1	311	0	0	0	1110	2568	37	9	-1	
3	1	311	1	0	0	1110	2568	37	9	-1	
4	1	311	1	1	0	1110	2568	37	9	-1	
5	1	311	1	1	1	1110	2568	37	9	44.971561	wol<
2	1	312	0	0	0	1157	2541	76	43	-1	
3	1	312	1	0	0	1157	2541	76	43	-1	
4	1	312	1	1	0	1157	2541	76	43	-1	
5	1	312	1	1	1	1157	2541	76	43	0.000000	efeye|
2	1	313	0	0	0	1287	2540	182	44	-1	
3	1	313	1	0	0	1287	2540	182	44	-1	
4	1	313	1	1	0	1287	2540	182	44	-1	
5	1	313	1	1	1	1287	2540	182	44	52.434734	LTT
5	1	313	1	1	2	1355	2536	40	67	52.434734	TT
5	1	313	1	1	3	1433	2536	40	67	22.260872	I
2	1	314	0	0	0	1496	2539	103	45	-1	
3	1	314	1	0	0	1496	2539	103	45	-1	
4	1	314	1	1	0	1496	2539	103	45	-1	
5	1	314	1	1	1	1496	2539	103	45	0.000000	ST
5	1	314	1	1	2	1564	2535	40	67	0.916718	Ty
2	1	315	0	0	0	2034	2560	32	15	-1	
3	1	315	1	0	0	2034	2560	32	15	-1	
4	1	315	1	1	0	2034	2560	32	15	-1	
5	1	315	1	1	1	2034	2560	32	15	80.892883	Lo
2	1	316	0	0	0	2036	2578	30	9	-1	
3	1	316	1	0	0	2036	2578	30	9	-1	
4	1	316	1	1	0	2036	2578	30	9	-1	
5	1	316	1	1	1	2036	2578	30	9	68.746193	z<
2	1	317	0	0	0	2208	2535	179	62	-1	
3	1	317	1	0	0	2208	2535	179	62	-1	
4	1	317	1	1	0	2208	2535	179	62	-1	
5	1	317	1	1	1	2208	2535	179	62	40.893059	ret
2	1	318	0	0	0	697	2607	249	19	-1	
3	1	318	1	0	0	697	2607	249	19	-1	
4	1	318	1	1	0	697	2607	249	19	-1	
5	1	318	1	1	1	697	2607	249	19	22.009720	es
5	1	318	1	1	2	860	2603	31	33	26.781212	es
2	1	319	0	0	0	1937	2612	38	14	-1	
3	1	319	1	0	0	1937	2612	38	14	-1	
4	1	319	1	1	0	1937	2612	38	14	-1	
5	1	319	1	1	1	1937	2612	38	14	84.511520	No
2	1	320	0	0	0	2011	2617	31	13	-1	
3	1	320	1	0	0	2011	2617	31	13	-1	
4	1	320	1	1	0	2011	2617	31	13	-1	
5	1	320	1	1	1	2011	2617	31	13	0.000000	R82
2	1	321	0	0	0	2532	2614	7	7	-1	
3	1	321	1	0	0	2532	2614	7	7	-1	
4	1	321	1	1	0	2532	2614	7	7	-1	
5	1	321	1	1	1	2532	2614	7	7	21.098618	iS
2	1	322	0	0	0	1314	2628	50	17	-1	
3	1	322	1	0	0	1314	2628	50	17	-1	
4	1	322	1	1	0	1314	2628	50	17	-1	
5	1	322	1	1	1	1314	2628	50	17	45.960201	Yt
2	1	323	0	0	0	1937	2630	41	18	-1	
3	1	323	1	0	0	1937	2630	41	18	-1	
4	1	323	1	1	0	1937	2630	41	18	-1	
5	1	323	1	1	1	1937	2630	41	18	96.051170	No
2	1	324	0	0	0	2011	2632	31	12	-1	
3	1	324	1	0	0	2011	2632	31	12	-1	
4	1	324	1	1	0	2011	2632	31	12	-1	
5	1	324	1	1	1	2011	2632	31	12	30.607979	OR
2	1	325	0	0	0	2731	2545	101	94	-1	
3	1	325	1	0	0	2731	2545	101	94	-1	
4	1	325	1	1	0	2731	2545	101	94	-1	
5	1	325	1	1	1	2731	2545	101	94	22.174408	2Y
2	1	326	0	0	0	1372	2650	35	10	-1	
3	1	326	1	0	0	1372	2650	35	10	-1	
4	1	326	1	1	0	1372	2650	35	10	-1	
5	1	326	1	1	1	1372	2651	11	9	26.928757	>
5	1	326	1	1	2	1396	2650	11	9	26.928757	[>
2	1	327	0	0	0	1937	2649	41	15	-1	
3	1	327	1	0	0	1937	2649	41	15	-1	
4	1	327	1	1	0	1937	2649	41	15	-1	
5	1	327	1	1	1	1937	2649	41	15	77.229584	AN
2	1	328	0	0	0	2012	2645	31	10	-1	
3	1	328	1	0	0	2012	2645	31	10	-1	
4	1	328	1	1	0	2012	2645	31	10	-1	
5	1	328	1	1	1	2012	2645	31	10	62.360359	RO
2	1	329	0	0	0	2053	2597	66	75	-1	
3	1	329	1	0	0	2053	2597	66	75	-1	
4	1	329	1	1	0	2053	2597	66	75	-1	
5	1	329	1	1	1	2053	2597	66	75	24.490448	iS
2	1	330	0	0	0	2983	2656	42	15	-1	
3	1	330	1	0	0	2983	2656	42	15	-1	
4	1	330	1	1	0	2983	2656	42	15	-1	
5	1	330	1	1	1	2983	2656	42	15	66.848274	no
2	1	331	0	0	0	789	2668	41	16	-1	
3	1	331	1	0	0	789	2668	41	16	-1	
4	1	331	1	1	0	789	2668	41	16	-1	
5	1	331	1	1	1	789	2668	41	16	92.016068	co
2	1	332	0	0	0	2930	2677	24	9	-1	
3	1	332	1	0	0	2930	2677	24	9	-1	
4	1	332	1	1	0	2930	2677	24	9	-1	
5	1	332	1	1	1	2930	2677	24	9	40.346790	=2
2	1	333	0	0	0	2983	2674	42	17	-1	
3	1	333	1	0	0	2983	2674	42	17	-1	
4	1	333	1	1	0	2983	2674	42	17	-1	
5	1	333	1	1	1	2983	2674	42	17	59.388054	NS
2	1	334	0	0	0	789	2684	41	21	-1	
3	1	334	1	0	0	789	2684	41	21	-1	
4	1	334	1	1	0	789	2684	41	21	-1	
5	1	334	1	1	1	789	2684	41	21	55.468098	2s
2	1	335	0	0	0	1297	2692	33	12	-1	
3	1	335	1	0	0	1297	2692	33	12	-1	
4	1	335	1	1	0	1297	2692	33	12	-1	
5	1	335	1	1	1	1297	2692	33	12	51.657948	Pia
2	1	336	0	0	0	2930	2685	22	10	-1	
3	1	336	1	0	0	2930	2685	22	10	-1	
4	1	336	1	1	0	2930	2685	22	10	-1	
5	1	336	1	1	1	2930	2685	22	10	53.673195	Se
2	1	337	0	0	0	2983	2691	41	16	-1	
3	1	337	1	0	0	2983	2691	41	16	-1	
4	1	337	1	1	0	2983	2691	41	16	-1	
5	1	337	1	1	1	2983	2691	41	16	40.625412	o>
2	1	338	0	0	0	789	2706	41	17	-1	
3	1	338	1	0	0	789	2706	41	17	-1	
4	1	338	1	1	0	789	2706	41	17	-1	
5	1	338	1	1	1	789	2706	41	17	44.398441	fa
2	1	339	0	0	0	1154	2587	81	132	-1	
3	1	339	1	0	0	1154	2587	81	132	-1	
4	1	339	1	1	0	1154	2587	81	132	-1	
5	1	339	1	1	1	1154	2587	81	132	45.968506	1H
2	1	340	0	0	0	1297	2710	34	13	-1	
3	1	340	1	0	0	1297	2710	34	13	-1	
4	1	340	1	1	0	1297	2710	34	13	-1	
5	1	340	1	1	1	1297	2710	34	13	14.096794	o|@
2	1	341	0	0	0	1394	2715	111	13	-1	
3	1	341	1	0	0	1394	2715	111	13	-1	
4	1	341	1	1	0	1394	2715	111	13	-1	
5	1	341	1	1	1	1394	2715	111	13	15.013336	-agcoa
2	1	342	0	0	0	1522	2689	76	28	-1	
3	1	342	1	0	0	1522	2689	76	28	-1	
4	1	342	1	1	0	1522	2689	76	28	-1	
5	1	342	1	1	1	1522	2689	76	28	49.219246	LIT
5	1	342	1	1	2	1587	2685	16	46	31.303146	|
2	1	343	0	0	0	2930	2715	23	16	-1	
3	1	343	1	0	0	2930	2715	23	16	-1	
4	1	343	1	1	0	2930	2715	23	16	-1	
5	1	343	1	1	1	2930	2715	23	16	96.505127	<3
2	1	344	0	0	0	2931	2708	24	8	-1	
3	1	344	1	0	0	2931	2708	24	8	-1	
4	1	344	1	1	0	2931	2708	24	8	-1	
5	1	344	1	1	1	2931	2708	24	8	46.077534	=N
2	1	345	0	0	0	1297	2722	33	12	-1	
3	1	345	1	0	0	1297	2722	33	12	-1	
4	1	345	1	1	0	1297	2722	33	12	-1	
5	1	345	1	1	1	1297	2722	33	12	43.928356	Sl<
2	1	346	0	0	0	1605	2737	27	8	-1	
3	1	346	1	0	0	1605	2737	27	8	-1	
4	1	346	1	1	0	1605	2737	27	8	-1	
5	1	346	1	1	1	1605	2737	27	8	45.621086	ao
2	1	347	0	0	0	2366	2736	41	10	-1	
3	1	347	1	0	0	2366	2736	41	10	-1	
4	1	347	1	1	0	2366	2736	41	10	-1	
5	1	347	1	1	1	2366	2736	41	10	20.970955	Suv
2	1	348	0	0	0	2959	2738	66	15	-1	
3	1	348	1	0	0	2959	2738	66	15	-1	
4	1	348	1	1	0	2959	2738	66	15	-1	
5	1	348	1	1	1	2959	2739	12	8	29.727318	@
5	1	348	1	1	2	2983	2738	42	15	52.327446	Grol
2	1	349	0	0	0	2983	2720	42	16	-1	
3	1	349	1	0	0	2983	2720	42	16	-1	
4	1	349	1	1	0	2983	2720	42	16	-1	
5	1	349	1	1	1	2983	2720	42	16	61.372417	Ooo
2	1	350	0	0	0	1604	2753	27	12	-1	
3	1	350	1	0	0	1604	2753	27	12	-1	
4	1	350	1	1	0	1604	2753	27	12	-1	
5	1	350	1	1	1	1604	2753	27	12	69.756256	a2
2	1	351	0	0	0	1937	2746	41	14	-1	
3	1	351	1	0	0	1937	2746	41	14	-1	
4	1	351	1	1	0	1937	2746	41	14	-1	
5	1	351	1	1	1	1937	2746	41	14	92.978638	co
2	1	352	0	0	0	2248	2748	38	14	-1	
3	1	352	1	0	0	2248	2748	38	14	-1	
4	1	352	1	1	0	2248	2748	38	14	-1	
5	1	352	1	1	1	2248	2748	38	14	76.137459	No
2	1	353	0	0	0	2381	2748	26	15	-1	
3	1	353	1	0	0	2381	2748	26	15	-1	
4	1	353	1	1	0	2381	2748	26	15	-1	
5	1	353	1	1	1	2381	2748	26	15	61.079739	Ze
2	1	354	0	0	0	1605	2765	26	9	-1	
3	1	354	1	0	0	1605	2765	26	9	-1	
4	1	354	1	1	0	1605	2765	26	9	-1	
5	1	354	1	1	1	1605	2765	26	9	63.648041	<=
2	1	355	0	0	0	1937	2765	41	17	-1	
3	1	355	1	0	0	1937	2765	41	17	-1	
4	1	355	1	1	0	1937	2765	41	17	-1	
5	1	355	1	1	1	1937	2765	41	17	94.965179	Zo
2	1	356	0	0	0	2071	2717	49	69	-1	
3	1	356	1	0	0	2071	2717	49	69	-1	
4	1	356	1	1	0	2071	2717	49	69	-1	
5	1	356	1	1	1	2071	2717	49	69	0.000000	y
2	1	357	0	0	0	2248	2766	38	19	-1	
3	1	357	1	0	0	2248	2766	38	19	-1	
4	1	357	1	1	0	2248	2766	38	19	-1	
5	1	357	1	1	1	2248	2766	38	19	76.020676	No
2	1	358	0	0	0	2325	2740	51	47	-1	
3	1	358	1	0	0	2325	2740	51	47	-1	
4	1	358	1	1	0	2325	2740	51	47	-1	
5	1	358	1	1	1	2325	2740	51	47	77.135483	=
2	1	359	0	0	0	2732	2770	37	13	-1	
3	1	359	1	0	0	2732	2770	37	13	-1	
4	1	359	1	1	0	2732	2770	37	13	-1	
5	1	359	1	1	1	2732	2770	37	13	33.959106	ClO7
2	1	360	0	0	0	2798	2772	36	13	-1	
3	1	360	1	0	0	2798	2772	36	13	-1	
4	1	360	1	1	0	2798	2772	36	13	-1	
5	1	360	1	1	1	2798	2772	36	13	80.878792	RUT
2	1	361	0	0	0	2959	2755	65	19	-1	
3	1	361	1	0	0	2959	2755	65	19	-1	
4	1	361	1	1	0	2959	2755	65	19	-1	
5	1	361	1	1	1	2959	2757	11	17	29.941711	=
5	1	361	1	1	2	2983	2755	41	15	29.941711	on
2	1	362	0	0	0	892	2786	58	17	-1	
3	1	362	1	0	0	892	2786	58	17	-1	
4	1	362	1	1	0	892	2786	58	17	-1	
5	1	362	1	1	1	892	2786	58	17	87.710312	yyy
2	1	363	0	0	0	1937	2783	41	16	-1	
3	1	363	1	0	0	1937	2783	41	16	-1	
4	1	363	1	1	0	1937	2783	41	16	-1	
5	1	363	1	1	1	1937	2783	41	16	59.454006	ho
2	1	364	0	0	0	2248	2784	39	16	-1	
3	1	364	1	0	0	2248	2784	39	16	-1	
4	1	364	1	1	0	2248	2784	39	16	-1	
5	1	364	1	1	1	2248	2784	39	16	71.327759	bo
2	1	365	0	0	0	2634	2770	39	30	-1	
3	1	365	1	0	0	2634	2770	39	30	-1	
4	1	365	1	1	0	2634	2770	39	30	-1	
5	1	365	1	1	1	2634	2770	39	30	25.240089	nu
2	1	366	0	0	0	2721	2786	101	25	-1	
3	1	366	1	0	0	2721	2786	101	25	-1	
4	1	366	1	1	0	2721	2786	101	25	-1	
5	1	366	1	1	1	2721	2786	63	25	64.445084	50v0.22
5	1	366	1	1	2	2803	2788	19	13	95.350418	27
2	1	367	0	0	0	1455	2809	143	17	-1	
3	1	367	1	0	0	1455	2809	143	17	-1	
4	1	367	1	1	0	1455	2809	143	17	-1	
5	1	367	1	1	1	1455	2809	143	17	39.529228	Pp
2	1	368	0	0	0	2356	2814	22	19	-1	
3	1	368	1	0	0	2356	2814	22	19	-1	
4	1	368	1	1	0	2356	2814	22	19	-1	
5	1	368	1	1	1	2356	2814	22	19	60.261936	fo
2	1	369	0	0	0	2188	2841	32	8	-1	
3	1	369	1	0	0	2188	2841	32	8	-1	
4	1	369	1	1	0	2188	2841	32	8	-1	
5	1	369	1	1	1	2188	2841	32	8	33.462898	aw
2	1	370	0	0	0	1105	2825	180	54	-1	
3	1	370	1	0	0	1105	2825	180	54	-1	
4	1	370	1	1	0	1105	2825	180	54	-1	
5	1	370	1	1	1	1105	2825	180	54	0.000000	—Ie
2	1	371	0	0	0	2186	2853	34	8	-1	
3	1	371	1	0	0	2186	2853	34	8	-1	
4	1	371	1	1	0	2186	2853	34	8	-1	
5	1	371	1	1	1	2186	2853	34	8	72.870316	a<
2	1	372	0	0	0	872	2865	39	12	-1	
3	1	372	1	0	0	872	2865	39	12	-1	
4	1	372	1	1	0	872	2865	39	12	-1	
5	1	372	1	1	1	872	2865	12	9	65.423187	>
5	1	372	1	1	2	899	2867	12	10	84.840569	Jo
2	1	373	0	0	0	1315	2870	387	20	-1	
3	1	373	1	0	0	1315	2870	387	20	-1	
4	1	373	1	1	0	1315	2870	387	20	-1	
5	1	373	1	1	1	1315	2870	387	20	24.848129	as
5	1	373	1	1	2	1485	2866	54	35	27.504013	ee
5	1	373	1	1	3	1588	2866	82	35	39.392818	ee
5	1	373	1	1	4	1687	2866	18	35	40.836609	2
2	1	374	0	0	0	2983	2870	42	15	-1	
3	1	374	1	0	0	2983	2870	42	15	-1	
4	1	374	1	1	0	2983	2870	42	15	-1	
5	1	374	1	1	1	2983	2870	42	15	67.278442	No
2	1	375	0	0	0	872	2892	39	9	-1	
3	1	375	1	0	0	872	2892	39	9	-1	
4	1	375	1	1	0	872	2892	39	9	-1	
5	1	375	1	1	1	872	2892	12	9	43.330650	i
5	1	375	1	1	2	899	2895	12	3	66.343979	j=
2	1	376	0	0	0	2783	2861	49	49	-1	
3	1	376	1	0	0	2783	2861	49	49	-1	
4	1	376	1	1	0	2783	2861	49	49	-1	
5	1	376	1	1	1	2783	2861	49	49	48.749508	Y
2	1	377	0	0	0	2886	2861	44	49	-1	
3	1	377	1	0	0	2886	2861	44	49	-1	
4	1	377	1	1	0	2886	2861	44	49	-1	
5	1	377	1	1	1	2886	2861	44	49	2.117172	us
2	1	378	0	0	0	2983	2888	41	16	-1	
3	1	378	1	0	0	2983	2888	41	16	-1	
4	1	378	1	1	0	2983	2888	41	16	-1	
5	1	378	1	1	1	2983	2888	41	16	75.380798	No
2	1	379	0	0	0	731	2852	52	71	-1	
3	1	379	1	0	0	731	2852	52	71	-1	
4	1	379	1	1	0	731	2852	52	71	-1	
5	1	379	1	1	1	731	2852	52	71	37.075905	is
2	1	380	0	0	0	863	2919	169	13	-1	
3	1	380	1	0	0	863	2919	169	13	-1	
4	1	380	1	1	0	863	2919	169	13	-1	
5	1	380	1	1	1	863	2919	169	13	18.573036	aanca-+ea
2	1	381	0	0	0	1923	2904	39	13	-1	
3	1	381	1	0	0	1923	2904	39	13	-1	
4	1	381	1	1	0	1923	2904	39	13	-1	
5	1	381	1	1	1	1923	2904	39	13	2.233978	RISE
2	1	382	0	0	0	2983	2906	41	15	-1	
3	1	382	1	0	0	2983	2906	41	15	-1	
4	1	382	1	1	0	2983	2906	41	15	-1	
5	1	382	1	1	1	2983	2906	41	15	75.450981	On
2	1	383	0	0	0	1585	2930	27	12	-1	
3	1	383	1	0	0	1585	2930	27	12	-1	
4	1	383	1	1	0	1585	2930	27	12	-1	
5	1	383	1	1	1	1585	2930	27	12	23.921906	PJ
2	1	384	0	0	0	1928	2922	29	13	-1	
3	1	384	1	0	0	1928	2922	29	13	-1	
4	1	384	1	1	0	1928	2922	29	13	-1	
5	1	384	1	1	1	1928	2922	29	13	72.353943	22K
2	1	385	0	0	0	2823	2918	36	21	-1	
3	1	385	1	0	0	2823	2918	36	21	-1	
4	1	385	1	1	0	2823	2918	36	21	-1	
5	1	385	1	1	1	2823	2918	36	21	86.763763	Bs
2	1	386	0	0	0	2983	2923	41	16	-1	
3	1	386	1	0	0	2983	2923	41	16	-1	
4	1	386	1	1	0	2983	2923	41	16	-1	
5	1	386	1	1	1	2983	2923	41	16	77.010246	o~
2	1	387	0	0	0	1585	2949	27	13	-1	
3	1	387	1	0	0	1585	2949	27	13	-1	
4	1	387	1	1	0	1585	2949	27	13	-1	
5	1	387	1	1	1	1585	2949	27	13	45.495750	xn
2	1	388	0	0	0	2740	2958	37	13	-1	
3	1	388	1	0	0	2740	2958	37	13	-1	
4	1	388	1	1	0	2740	2958	37	13	-1	
5	1	388	1	1	1	2740	2958	37	13	54.283085	RII9
2	1	389	0	0	0	709	2973	42	14	-1	
3	1	389	1	0	0	709	2973	42	14	-1	
4	1	389	1	1	0	709	2973	42	14	-1	
5	1	389	1	1	1	709	2973	42	14	84.808128	c409
2	1	390	0	0	0	1584	2960	28	14	-1	
3	1	390	1	0	0	1584	2960	28	14	-1	
4	1	390	1	1	0	1584	2960	28	14	-1	
5	1	390	1	1	1	1584	2960	28	14	53.456730	xo
2	1	391	0	0	0	2742	2976	28	13	-1	
3	1	391	1	0	0	2742	2976	28	13	-1	
4	1	391	1	1	0	2742	2976	28	13	-1	
5	1	391	1	1	1	2742	2976	28	13	94.604408	100
2	1	392	0	0	0	2983	2960	31	15	-1	
3	1	392	1	0	0	2983	2960	31	15	-1	
4	1	392	1	1	0	2983	2960	31	15	-1	
5	1	392	1	1	1	2983	2960	31	15	66.795456	N-
2	1	393	0	0	0	708	2990	46	24	-1	
3	1	393	1	0	0	708	2990	46	24	-1	
4	1	393	1	1	0	708	2990	46	24	-1	
5	1	393	1	1	1	708	2990	27	13	26.642136	16Vv
5	1	393	1	1	2	738	2990	16	24	82.499344	10
2	1	394	0	0	0	2357	3016	28	17	-1	
3	1	394	1	0	0	2357	3016	28	17	-1	
4	1	394	1	1	0	2357	3016	28	17	-1	
5	1	394	1	1	1	2357	3016	28	17	73.514015	we
2	1	395	0	0	0	551	3041	38	12	-1	
3	1	395	1	0	0	551	3041	38	12	-1	
4	1	395	1	1	0	551	3041	38	12	-1	
5	1	395	1	1	1	551	3041	38	12	63.203243	~o
2	1	396	0	0	0	3054	3032	28	7	-1	
3	1	396	1	0	0	3054	3032	28	7	-1	
4	1	396	1	1	0	3054	3032	28	7	-1	
5	1	396	1	1	1	3054	3032	28	7	77.872086	=.
2	1	397	0	0	0	836	3040	91	14	-1	
3	1	397	1	0	0	836	3040	91	14	-1	
4	1	397	1	1	0	836	3040	91	14	-1	
5	1	397	1	1	1	836	3040	91	14	63.449085	aoga
2	1	398	0	0	0	2215	3076	37	16	-1	
3	1	398	1	0	0	2215	3076	37	16	-1	
4	1	398	1	1	0	2215	3076	37	16	-1	
5	1	398	1	1	1	2215	3076	37	16	30.402908	{Ty
2	1	399	0	0	0	2235	3054	60	20	-1	
3	1	399	1	0	0	2235	3054	60	20	-1	
4	1	399	1	1	0	2235	3054	60	20	-1	
5	1	399	1	1	1	2235	3054	60	20	60.115421	=
2	1	400	0	0	0	2690	3048	85	27	-1	
3	1	400	1	0	0	2690	3048	85	27	-1	
4	1	400	1	1	0	2690	3048	85	27	-1	
5	1	400	1	1	1	2690	3048	85	27	2.396072	ty
2	1	401	0	0	0	2731	3079	37	13	-1	
3	1	401	1	0	0	2731	3079	37	13	-1	
4	1	401	1	1	0	2731	3079	37	13	-1	
5	1	401	1	1	1	2731	3079	37	13	28.791206	cio8
2	1	402	0	0	0	2878	3079	74	11	-1	
3	1	402	1	0	0	2878	3079	74	11	-1	
4	1	402	1	1	0	2878	3079	74	11	-1	
5	1	402	1	1	1	2878	3079	74	11	15.836960	ae)
2	1	403	0	0	0	2955	3045	86	33	-1	
3	1	403	1	0	0	2955	3045	86	33	-1	
4	1	403	1	1	0	2955	3045	86	33	-1	
5	1	403	1	1	1	2955	3045	86	33	26.054810	t__4
2	1	404	0	0	0	2633	3084	35	13	-1	
3	1	404	1	0	0	2633	3084	35	13	-1	
4	1	404	1	1	0	2633	3084	35	13	-1	
5	1	404	1	1	1	2633	3084	35	13	0.000000	Ri2l
2	1	405	0	0	0	2805	3084	37	14	-1	
3	1	405	1	0	0	2805	3084	37	14	-1	
4	1	405	1	1	0	2805	3084	37	14	-1	
5	1	405	1	1	1	2805	3084	37	14	78.068268	RI20
2	1	406	0	0	0	2927	3090	25	16	-1	
3	1	406	1	0	0	2927	3090	25	16	-1	
4	1	406	1	1	0	2927	3090	25	16	-1	
5	1	406	1	1	1	2927	3090	25	16	55.866653	3
2	1	407	0	0	0	2724	3095	101	35	-1	
3	1	407	1	0	0	2724	3095	101	35	-1	
4	1	407	1	1	0	2724	3095	101	35	-1	
5	1	407	1	1	1	2724	3095	38	35	15.339142	soya
5	1	407	1	1	2	2769	3095	17	13	85.455490	22
5	1	407	1	1	3	2808	3099	17	13	28.595261	OF
2	1	408	0	0	0	2758	3130	19	19	-1	
3	1	408	1	0	0	2758	3130	19	19	-1	
4	1	408	1	1	0	2758	3130	19	19	-1	
5	1	408	1	1	1	2758	3130	19	19	93.182999	®
2	1	409	0	0	0	2408	3147	39	13	-1	
3	1	409	1	0	0	2408	3147	39	13	-1	
4	1	409	1	1	0	2408	3147	39	13	-1	
5	1	409	1	1	1	2408	3147	39	13	73.865990	RI35
2	1	410	0	0	0	740	3086	711	103	-1	
3	1	410	1	0	0	740	3086	711	103	-1	
4	1	410	1	1	0	740	3086	711	103	-1	
5	1	410	1	1	1	740	3086	711	103	5.715103	—————
2	1	411	0	0	0	3029	3174	53	11	-1	
3	1	411	1	0	0	3029	3174	53	11	-1	
4	1	411	1	1	0	3029	3174	53	11	-1	
5	1	411	1	1	1	3029	3174	53	11	39.999397	yo
2	1	412	0	0	0	1366	3191	181	17	-1	
3	1	412	1	0	0	1366	3191	181	17	-1	
4	1	412	1	1	0	1366	3191	181	17	-1	
5	1	412	1	1	1	1482	3187	38	29	19.354736	ee
2	1	413	0	0	0	2367	3180	113	14	-1	
3	1	413	1	0	0	2367	3180	113	14	-1	
4	1	413	1	1	0	2367	3180	113	14	-1	
5	1	413	1	1	1	2367	3180	113	14	55.629204	ow
2	1	414	0	0	0	2596	3180	37	16	-1	
3	1	414	1	0	0	2596	3180	37	16	-1	
4	1	414	1	1	0	2596	3180	37	16	-1	
5	1	414	1	1	1	2596	3180	37	16	0.000000	>
2	1	415	0	0	0	2892	3173	43	37	-1	
3	1	415	1	0	0	2892	3173	43	37	-1	
4	1	415	1	1	0	2892	3173	43	37	-1	
5	1	415	1	1	1	2892	3173	43	37	0.000000	1S,
2	1	416	0	0	0	3029	3187	46	20	-1	
3	1	416	1	0	0	3029	3187	46	20	-1	
4	1	416	1	1	0	3029	3187	46	20	-1	
5	1	416	1	1	1	3029	3187	46	20	26.629196	<o
2	1	417	0	0	0	1724	3218	29	10	-1	
3	1	417	1	0	0	1724	3218	29	10	-1	
4	1	417	1	1	0	1724	3218	29	10	-1	
5	1	417	1	1	1	1724	3218	29	10	42.897205	Ne
2	1	418	0	0	0	1724	3202	29	15	-1	
3	1	418	1	0	0	1724	3202	29	15	-1	
4	1	418	1	1	0	1724	3202	29	15	-1	
5	1	418	1	1	1	1724	3202	29	15	59.448029	nz
2	1	419	0	0	0	2596	3199	59	16	-1	
3	1	419	1	0	0	2596	3199	59	16	-1	
4	1	419	1	1	0	2596	3199	59	16	-1	
5	1	419	1	1	1	2596	3199	59	16	0.000000	nZ-
2	1	420	0	0	0	2782	3173	50	49	-1	
3	1	420	1	0	0	2782	3173	50	49	-1	
4	1	420	1	1	0	2782	3173	50	49	-1	
5	1	420	1	1	1	2782	3173	50	49	0.000000	wY)
2	1	421	0	0	0	1724	3229	29	10	-1	
3	1	421	1	0	0	1724	3229	29	10	-1	
4	1	421	1	1	0	1724	3229	29	10	-1	
5	1	421	1	1	1	1724	3229	29	10	59.891735	AN
2	1	422	0	0	0	2159	3230	42	21	-1	
3	1	422	1	0	0	2159	3230	42	21	-1	
4	1	422	1	1	0	2159	3230	42	21	-1	
5	1	422	1	1	1	2159	3230	42	21	74.019814	Ba
2	1	423	0	0	0	2358	3221	22	32	-1	
3	1	423	1	0	0	2358	3221	22	32	-1	
4	1	423	1	1	0	2358	3221	22	32	-1	
5	1	423	1	1	1	2358	3221	22	32	81.975212	le
2	1	424	0	0	0	2596	3238	34	15	-1	
3	1	424	1	0	0	2596	3238	34	15	-1	
4	1	424	1	1	0	2596	3238	34	15	-1	
5	1	424	1	1	1	2596	3238	34	15	43.120399	eo
2	1	425	0	0	0	2596	3215	60	19	-1	
3	1	425	1	0	0	2596	3215	60	19	-1	
4	1	425	1	1	0	2596	3215	60	19	-1	
5	1	425	1	1	1	2596	3215	60	19	52.473526	20°
2	1	426	0	0	0	2703	3241	28	9	-1	
3	1	426	1	0	0	2703	3241	28	9	-1	
4	1	426	1	1	0	2703	3241	28	9	-1	
5	1	426	1	1	1	2703	3241	28	9	86.775650	as
2	1	427	0	0	0	2790	3229	67	21	-1	
3	1	427	1	0	0	2790	3229	67	21	-1	
4	1	427	1	1	0	2790	3229	67	21	-1	
5	1	427	1	1	1	2790	3225	23	35	54.460594	o|
5	1	427	1	1	2	2826	3229	31	21	47.363121	Pa
2	1	428	0	0	0	3030	3225	45	25	-1	
3	1	428	1	0	0	3030	3225	45	25	-1	
4	1	428	1	1	0	3030	3225	45	25	-1	
5	1	428	1	1	1	3030	3225	45	25	33.626419	Te
2	1	429	0	0	0	1301	3243	43	13	-1	
3	1	429	1	0	0	1301	3243	43	13	-1	
4	1	429	1	1	0	1301	3243	43	13	-1	
5	1	429	1	1	1	1301	3243	43	13	44.012749	C405
2	1	430	0	0	0	1764	3190	303	72	-1	
3	1	430	1	0	0	1764	3190	303	72	-1	
4	1	430	1	1	0	1764	3190	303	72	-1	
5	1	430	1	1	1	1764	3186	82	103	24.747643	TL
5	1	430	1	1	2	1888	3186	78	103	14.371582	nga
5	1	430	1	1	3	2026	3186	43	103	22.494476	|
2	1	431	0	0	0	2159	3250	41	15	-1	
3	1	431	1	0	0	2159	3250	41	15	-1	
4	1	431	1	1	0	2159	3250	41	15	-1	
5	1	431	1	1	1	2159	3250	41	15	38.037186	22
2	1	432	0	0	0	2367	3255	28	14	-1	
3	1	432	1	0	0	2367	3255	28	14	-1	
4	1	432	1	1	0	2367	3255	28	14	-1	
5	1	432	1	1	1	2367	3255	28	14	57.370968	Qo
2	1	433	0	0	0	2554	3257	54	8	-1	
3	1	433	1	0	0	2554	3257	54	8	-1	
4	1	433	1	1	0	2554	3257	54	8	-1	
5	1	433	1	1	1	2554	3257	54	8	31.372543	=<
2	1	434	0	0	0	2703	3249	28	13	-1	
3	1	434	1	0	0	2703	3249	28	13	-1	
4	1	434	1	1	0	2703	3249	28	13	-1	
5	1	434	1	1	1	2703	3249	28	13	63.842064	gn
2	1	435	0	0	0	1310	3261	31	13	-1	
3	1	435	1	0	0	1310	3261	31	13	-1	
4	1	435	1	1	0	1310	3261	31	13	-1	
5	1	435	1	1	1	1310	3261	31	13	77.696663	0.0!
2	1	436	0	0	0	2159	3264	42	27	-1	
3	1	436	1	0	0	2159	3264	42	27	-1	
4	1	436	1	1	0	2159	3264	42	27	-1	
5	1	436	1	1	1	2159	3264	42	27	50.414600	OS
2	1	437	0	0	0	2368	3266	26	12	-1	
3	1	437	1	0	0	2368	3266	26	12	-1	
4	1	437	1	1	0	2368	3266	26	12	-1	
5	1	437	1	1	1	2368	3266	26	12	44.742035	22
2	1	438	0	0	0	1291	3277	79	21	-1	
3	1	438	1	0	0	1291	3277	79	21	-1	
4	1	438	1	1	0	1291	3277	79	21	-1	
5	1	438	1	1	1	1291	3277	79	21	0.000000	HH
2	1	439	0	0	0	2809	3286	79	13	-1	
3	1	439	1	0	0	2809	3286	79	13	-1	
4	1	439	1	1	0	2809	3286	79	13	-1	
5	1	439	1	1	1	2809	3286	38	13	67.729477	RI24
5	1	439	1	1	2	2862	3286	26	13	83.958069	10K
2	1	440	0	0	0	783	3318	118	12	-1	
3	1	440	1	0	0	783	3318	118	12	-1	
4	1	440	1	1	0	783	3318	118	12	-1	
5	1	440	1	1	1	783	3318	118	12	9.103096	artea4c
2	1	441	0	0	0	1018	3316	40	14	-1	
3	1	441	1	0	0	1018	3316	40	14	-1	
4	1	441	1	1	0	1018	3316	40	14	-1	
5	1	441	1	1	1	1018	3316	40	14	37.135345	oo
2	1	442	0	0	0	2324	3313	56	9	-1	
3	1	442	1	0	0	2324	3313	56	9	-1	
4	1	442	1	1	0	2324	3313	56	9	-1	
5	1	442	1	1	1	2324	3313	56	9	5.350174	-—-s
2	1	443	0	0	0	3055	3324	27	6	-1	
3	1	443	1	0	0	3055	3324	27	6	-1	
4	1	443	1	1	0	3055	3324	27	6	-1	
5	1	443	1	1	1	3055	3324	27	6	7.954941	—
2	1	444	0	0	0	2587	3286	49	63	-1	
3	1	444	1	0	0	2587	3286	49	63	-1	
4	1	444	1	1	0	2587	3286	49	63	-1	
5	1	444	1	1	1	2587	3286	49	63	0.000000	Ki
2	1	445	0	0	0	1475	3364	27	7	-1	
3	1	445	1	0	0	1475	3364	27	7	-1	
4	1	445	1	1	0	1475	3364	27	7	-1	
5	1	445	1	1	1	1475	3364	27	7	51.215740	—
2	1	446	0	0	0	1682	3346	37	13	-1	
3	1	446	1	0	0	1682	3346	37	13	-1	
4	1	446	1	1	0	1682	3346	37	13	-1	
5	1	446	1	1	1	1682	3346	37	13	86.173828	CHT
2	1	447	0	0	0	793	3371	51	21	-1	
3	1	447	1	0	0	793	3371	51	21	-1	
4	1	447	1	1	0	793	3371	51	21	-1	
5	1	447	1	1	1	793	3371	51	21	38.681824	[TI
2	1	448	0	0	0	1691	3363	23	13	-1	
3	1	448	1	0	0	1691	3363	23	13	-1	
4	1	448	1	1	0	1691	3363	23	13	-1	
5	1	448	1	1	1	1691	3363	23	13	81.782684	0.1
2	1	449	0	0	0	1815	3378	57	23	-1	
3	1	449	1	0	0	1815	3378	57	23	-1	
4	1	449	1	1	0	1815	3378	57	23	-1	
5	1	449	1	1	1	1815	3378	57	23	0.000000	S=G)
2	1	450	0	0	0	3055	3391	28	7	-1	
3	1	450	1	0	0	3055	3391	28	7	-1	
4	1	450	1	1	0	3055	3391	28	7	-1	
5	1	450	1	1	1	3055	3391	28	7	21.468002	-_
2	1	451	0	0	0	1006	3413	63	10	-1	
3	1	451	1	0	0	1006	3413	63	10	-1	
4	1	451	1	1	0	1006	3413	63	10	-1	
5	1	451	1	1	1	1006	3413	35	10	12.811859	Bly
5	1	451	1	1	2	1056	3415	13	8	24.078278	|r
2	1	452	0	0	0	1681	3402	41	13	-1	
3	1	452	1	0	0	1681	3402	41	13	-1	
4	1	452	1	1	0	1681	3402	41	13	-1	
5	1	452	1	1	1	1681	3402	41	13	14.077286	R146
2	1	453	0	0	0	1683	3418	33	13	-1	
3	1	453	1	0	0	1683	3418	33	13	-1	
4	1	453	1	1	0	1683	3418	33	13	-1	
5	1	453	1	1	1	1683	3418	33	13	91.220772	47K
2	1	454	0	0	0	1944	3340	70	74	-1	
3	1	454	1	0	0	1944	3340	70	74	-1	
4	1	454	1	1	0	1944	3340	70	74	-1	
5	1	454	1	1	1	1944	3340	70	74	55.086281	A
2	1	455	0	0	0	2368	3418	80	13	-1	
3	1	455	1	0	0	2368	3418	80	13	-1	
4	1	455	1	1	0	2368	3418	80	13	-1	
5	1	455	1	1	1	2368	3418	38	13	82.261932	RI36
5	1	455	1	1	2	2418	3418	30	13	93.242424	1.8K
2	1	456	0	0	0	2880	3415	89	14	-1	
3	1	456	1	0	0	2880	3415	89	14	-1	
4	1	456	1	1	0	2880	3415	89	14	-1	
5	1	456	1	1	1	2880	3415	37	14	30.509895	R125
5	1	456	1	1	2	2931	3416	38	13	90.400597	100K
2	1	457	0	0	0	1006	3439	89	10	-1	
3	1	457	1	0	0	1006	3439	89	10	-1	
4	1	457	1	1	0	1006	3439	89	10	-1	
5	1	457	1	1	1	1006	3440	35	9	34.533340	<|<
5	1	457	1	1	2	1057	3440	11	9	87.197601	|<
5	1	457	1	1	3	1084	3439	11	8	87.197601	|<
2	1	458	0	0	0	1006	3427	90	11	-1	
3	1	458	1	0	0	1006	3427	90	11	-1	
4	1	458	1	1	0	1006	3427	90	11	-1	
5	1	458	1	1	1	1006	3429	35	8	38.604553	ale
5	1	458	1	1	2	1057	3427	39	11	61.072193	fale
2	1	459	0	0	0	2019	3210	70	232	-1	
3	1	459	1	0	0	2019	3210	70	232	-1	
4	1	459	1	1	0	2019	3210	70	232	-1	
5	1	459	1	1	1	2019	3210	70	232	24.355301	i
2	1	460	0	0	0	870	3394	77	68	-1	
3	1	460	1	0	0	870	3394	77	68	-1	
4	1	460	1	1	0	870	3394	77	68	-1	
5	1	460	1	1	1	870	3394	77	68	33.461998	ce
2	1	461	0	0	0	2358	3457	39	13	-1	
3	1	461	1	0	0	2358	3457	39	13	-1	
4	1	461	1	1	0	2358	3457	39	13	-1	
5	1	461	1	1	1	2358	3457	39	13	9.348572	R137
2	1	462	0	0	0	2427	3452	37	12	-1	
3	1	462	1	0	0	2427	3452	37	12	-1	
4	1	462	1	1	0	2427	3452	37	12	-1	
5	1	462	1	1	1	2427	3452	37	12	52.365345	Cua
2	1	463	0	0	0	2591	3390	71	76	-1	
3	1	463	1	0	0	2591	3390	71	76	-1	
4	1	463	1	1	0	2591	3390	71	76	-1	
5	1	463	1	1	1	2591	3390	71	76	71.421768	LA
2	1	464	0	0	0	2855	3450	38	14	-1	
3	1	464	1	0	0	2855	3450	38	14	-1	
4	1	464	1	1	0	2855	3450	38	14	-1	
5	1	464	1	1	1	2855	3450	38	14	46.011280	R126
2	1	465	0	0	0	2936	3448	36	13	-1	
3	1	465	1	0	0	2936	3448	36	13	-1	
4	1	465	1	1	0	2936	3448	36	13	-1	
5	1	465	1	1	1	2936	3448	36	13	0.000000	clo9
2	1	466	0	0	0	780	3457	309	24	-1	
3	1	466	1	0	0	780	3457	309	24	-1	
4	1	466	1	1	0	780	3457	309	24	-1	
5	1	466	1	1	1	780	3457	309	24	0.000000	QOQOQQDOOVOOOL)
2	1	467	0	0	0	1695	3455	36	28	-1	
3	1	467	1	0	0	1695	3455	36	28	-1	
4	1	467	1	1	0	1695	3455	36	28	-1	
5	1	467	1	1	1	1695	3455	36	28	34.695244	Sug
2	1	468	0	0	0	1830	3417	102	64	-1	
3	1	468	1	0	0	1830	3417	102	64	-1	
4	1	468	1	1	0	1830	3417	102	64	-1	
5	1	468	1	1	1	1830	3421	41	60	11.912346	2@
5	1	468	1	1	2	1892	3417	40	35	51.912521	4%
2	1	469	0	0	0	2359	3473	32	12	-1	
3	1	469	1	0	0	2359	3473	32	12	-1	
4	1	469	1	1	0	2359	3473	32	12	-1	
5	1	469	1	1	1	2359	3473	32	12	96.073639	680
2	1	470	0	0	0	2447	3468	8	11	-1	
3	1	470	1	0	0	2447	3468	8	11	-1	
4	1	470	1	1	0	2447	3468	8	11	-1	
5	1	470	1	1	1	2447	3468	8	11	73.828461	v
2	1	471	0	0	0	2469	3477	2	2	-1	
3	1	471	1	0	0	2469	3477	2	2	-1	
4	1	471	1	1	0	2469	3477	2	2	-1	
5	1	471	1	1	1	2469	3477	2	2	39.282707	.
2	1	472	0	0	0	2865	3467	29	13	-1	
3	1	472	1	0	0	2865	3467	29	13	-1	
4	1	472	1	1	0	2865	3467	29	13	-1	
5	1	472	1	1	1	2865	3467	29	13	85.942596	1.5K
2	1	473	0	0	0	2931	3467	55	12	-1	
3	1	473	1	0	0	2931	3467	55	12	-1	
4	1	473	1	1	0	2931	3467	55	12	-1	
5	1	473	1	1	1	2931	3467	55	12	90.037468	50V2.2
2	1	474	0	0	0	1155	3481	42	20	-1	
3	1	474	1	0	0	1155	3481	42	20	-1	
4	1	474	1	1	0	1155	3481	42	20	-1	
5	1	474	1	1	1	1155	3481	42	20	92.368118	Zo
2	1	475	0	0	0	2215	3444	39	50	-1	
3	1	475	1	0	0	2215	3444	39	50	-1	
4	1	475	1	1	0	2215	3444	39	50	-1	
5	1	475	1	1	1	2215	3444	39	50	70.020897	il
2	1	476	0	0	0	2558	3480	42	25	-1	
3	1	476	1	0	0	2558	3480	42	25	-1	
4	1	476	1	1	0	2558	3480	42	25	-1	
5	1	476	1	1	1	2558	3480	42	25	66.051094	=®
2	1	477	0	0	0	1155	3504	41	15	-1	
3	1	477	1	0	0	1155	3504	41	15	-1	
4	1	477	1	1	0	1155	3504	41	15	-1	
5	1	477	1	1	1	1155	3504	41	15	57.103783	Zu
2	1	478	0	0	0	1400	3499	41	20	-1	
3	1	478	1	0	0	1400	3499	41	20	-1	
4	1	478	1	1	0	1400	3499	41	20	-1	
5	1	478	1	1	1	1400	3499	41	20	75.109100	Zo
2	1	479	0	0	0	1700	3507	38	12	-1	
3	1	479	1	0	0	1700	3507	38	12	-1	
4	1	479	1	1	0	1700	3507	38	12	-1	
5	1	479	1	1	1	1700	3507	38	12	64.257233	RI48
2	1	480	0	0	0	2416	3518	70	14	-1	
3	1	480	1	0	0	2416	3518	70	14	-1	
4	1	480	1	1	0	2416	3518	70	14	-1	
5	1	480	1	1	1	2416	3519	37	13	23.148674	cil2
5	1	480	1	1	2	2466	3514	20	26	37.562908	O18
2	1	481	0	0	0	2929	3501	18	19	-1	
3	1	481	1	0	0	2929	3501	18	19	-1	
4	1	481	1	1	0	2929	3501	18	19	-1	
5	1	481	1	1	1	2929	3501	18	19	93.184395	®
2	1	482	0	0	0	1399	3521	42	15	-1	
3	1	482	1	0	0	1399	3521	42	15	-1	
4	1	482	1	1	0	1399	3521	42	15	-1	
5	1	482	1	1	1	1399	3521	42	15	57.735374	ze
2	1	483	0	0	0	1400	3537	41	13	-1	
3	1	483	1	0	0	1400	3537	41	13	-1	
4	1	483	1	1	0	1400	3537	41	13	-1	
5	1	483	1	1	1	1400	3537	41	13	17.625397	—9o
2	1	484	0	0	0	1705	3523	29	12	-1	
3	1	484	1	0	0	1705	3523	29	12	-1	
4	1	484	1	1	0	1705	3523	29	12	-1	
5	1	484	1	1	1	1705	3523	29	12	91.349564	47K
2	1	485	0	0	0	1399	3552	42	16	-1	
3	1	485	1	0	0	1399	3552	42	16	-1	
4	1	485	1	1	0	1399	3552	42	16	-1	
5	1	485	1	1	1	1399	3552	42	16	40.554276	nyo
2	1	486	0	0	0	2558	3524	43	32	-1	
3	1	486	1	0	0	2558	3524	43	32	-1	
4	1	486	1	1	0	2558	3524	43	32	-1	
5	1	486	1	1	1	2558	3524	43	32	31.368950	=©)
2	1	487	0	0	0	2733	3526	41	31	-1	
3	1	487	1	0	0	2733	3526	41	31	-1	
4	1	487	1	1	0	2733	3526	41	31	-1	
5	1	487	1	1	1	2733	3526	41	31	48.403397	eS
2	1	488	0	0	0	2405	3573	80	13	-1	
3	1	488	1	0	0	2405	3573	80	13	-1	
4	1	488	1	1	0	2405	3573	80	13	-1	
5	1	488	1	1	1	2405	3573	40	13	59.606812	RI38
5	1	488	1	1	2	2459	3573	26	13	74.614075	15K
2	1	489	0	0	0	2949	3555	39	29	-1	
3	1	489	1	0	0	2949	3555	39	29	-1	
4	1	489	1	1	0	2949	3555	39	29	-1	
5	1	489	1	1	1	2949	3555	14	28	26.486046	ml
5	1	489	1	1	2	2964	3555	24	29	78.665642	28
2	1	490	0	0	0	2948	3609	39	13	-1	
3	1	490	1	0	0	2948	3609	39	13	-1	
4	1	490	1	1	0	2948	3609	39	13	-1	
5	1	490	1	1	1	2948	3609	39	13	25.104973	R129
2	1	491	0	0	0	779	3612	311	25	-1	
3	1	491	1	0	0	779	3612	311	25	-1	
4	1	491	1	1	0	779	3612	311	25	-1	
5	1	491	1	1	1	779	3612	311	25	0.000000	DOCOOOO
5	1	491	1	1	2	969	3608	66	41	0.000000	GOO
5	1	491	1	1	3	1044	3608	49	41	9.186310	OS
2	1	492	0	0	0	2406	3623	80	14	-1	
3	1	492	1	0	0	2406	3623	80	14	-1	
4	1	492	1	1	0	2406	3623	80	14	-1	
5	1	492	1	1	1	2406	3623	39	14	90.009285	RI39
5	1	492	1	1	2	2457	3623	29	14	75.625122	22K
2	1	493	0	0	0	2949	3624	41	13	-1	
3	1	493	1	0	0	2949	3624	41	13	-1	
4	1	493	1	1	0	2949	3624	41	13	-1	
5	1	493	1	1	1	2949	3624	41	13	88.324104	220K
2	1	494	0	0	0	797	3641	299	17	-1	
3	1	494	1	0	0	797	3641	299	17	-1	
4	1	494	1	1	0	797	3641	299	17	-1	
5	1	494	1	1	1	797	3641	299	17	0.000000	AaAmaAnwIAAAaANA
2	1	495	0	0	0	823	3655	273	11	-1	
3	1	495	1	0	0	823	3655	273	11	-1	
4	1	495	1	1	0	823	3655	273	11	-1	
5	1	495	1	1	1	823	3657	90	9	15.716187	aloluls
5	1	495	1	1	2	927	3655	11	9	38.599506	|=
5	1	495	1	1	3	955	3656	36	9	52.693619	lala
5	1	495	1	1	4	1006	3655	36	10	15.629028	|a/a
5	1	495	1	1	5	1058	3657	38	8	60.269199	fala
2	1	496	0	0	0	2079	3659	37	13	-1	
3	1	496	1	0	0	2079	3659	37	13	-1	
4	1	496	1	1	0	2079	3659	37	13	-1	
5	1	496	1	1	1	2079	3659	37	13	74.522003	RI49
2	1	497	0	0	0	2148	3659	40	13	-1	
3	1	497	1	0	0	2148	3659	40	13	-1	
4	1	497	1	1	0	2148	3659	40	13	-1	
5	1	497	1	1	1	2148	3659	40	13	73.368317	RISO
2	1	498	0	0	0	2862	3653	29	13	-1	
3	1	498	1	0	0	2862	3653	29	13	-1	
4	1	498	1	1	0	2862	3653	29	13	-1	
5	1	498	1	1	1	2862	3653	29	13	76.074097	Sa
2	1	499	0	0	0	1006	3667	35	9	-1	
3	1	499	1	0	0	1006	3667	35	9	-1	
4	1	499	1	1	0	1006	3667	35	9	-1	
5	1	499	1	1	1	1006	3667	35	9	84.159523	<l<
2	1	500	0	0	0	2083	3676	34	13	-1	
3	1	500	1	0	0	2083	3676	34	13	-1	
4	1	500	1	1	0	2083	3676	34	13	-1	
5	1	500	1	1	1	2083	3676	34	13	95.713455	2.2K
2	1	501	0	0	0	2151	3676	36	13	-1	
3	1	501	1	0	0	2151	3676	36	13	-1	
4	1	501	1	1	0	2151	3676	36	13	-1	
5	1	501	1	1	1	2151	3676	36	13	79.548843	2.2K
2	1	502	0	0	0	2621	3640	92	35	-1	
3	1	502	1	0	0	2621	3640	92	35	-1	
4	1	502	1	1	0	2621	3640	92	35	-1	
5	1	502	1	1	1	2621	3640	92	35	16.700508	WV
2	1	503	0	0	0	2863	3682	27	10	-1	
3	1	503	1	0	0	2863	3682	27	10	-1	
4	1	503	1	1	0	2863	3682	27	10	-1	
5	1	503	1	1	1	2863	3682	27	10	76.962006	25
2	1	504	0	0	0	2946	3658	38	29	-1	
3	1	504	1	0	0	2946	3658	38	29	-1	
4	1	504	1	1	0	2946	3658	38	29	-1	
5	1	504	1	1	1	2946	3658	38	29	73.930687	cus
2	1	505	0	0	0	706	3686	34	17	-1	
3	1	505	1	0	0	706	3686	34	17	-1	
4	1	505	1	1	0	706	3686	34	17	-1	
5	1	505	1	1	1	706	3686	34	17	55.819469	-3
2	1	506	0	0	0	807	3686	282	14	-1	
3	1	506	1	0	0	807	3686	282	14	-1	
4	1	506	1	1	0	807	3686	282	14	-1	
5	1	506	1	1	1	807	3687	69	13	0.000000	wos
5	1	506	1	1	2	886	3686	203	13	0.000000	ex--sFexaa
2	1	507	0	0	0	1742	3685	31	13	-1	
3	1	507	1	0	0	1742	3685	31	13	-1	
4	1	507	1	1	0	1742	3685	31	13	-1	
5	1	507	1	1	1	1742	3685	31	13	55.940697	oa
2	1	508	0	0	0	1743	3698	30	10	-1	
3	1	508	1	0	0	1743	3698	30	10	-1	
4	1	508	1	1	0	1743	3698	30	10	-1	
5	1	508	1	1	1	1743	3698	30	10	75.294800	Ro
2	1	509	0	0	0	2352	3700	42	13	-1	
3	1	509	1	0	0	2352	3700	42	13	-1	
4	1	509	1	1	0	2352	3700	42	13	-1	
5	1	509	1	1	1	2352	3700	42	13	95.895782	0.015
2	1	510	0	0	0	2358	3683	38	14	-1	
3	1	510	1	0	0	2358	3683	38	14	-1	
4	1	510	1	1	0	2358	3683	38	14	-1	
5	1	510	1	1	1	2358	3683	38	14	50.529816	ciS2
2	1	511	0	0	0	2810	3723	29	9	-1	
3	1	511	1	0	0	2810	3723	29	9	-1	
4	1	511	1	1	0	2810	3723	29	9	-1	
5	1	511	1	1	1	2810	3723	29	9	26.640358	-2
2	1	512	0	0	0	2032	3727	27	10	-1	
3	1	512	1	0	0	2032	3727	27	10	-1	
4	1	512	1	1	0	2032	3727	27	10	-1	
5	1	512	1	1	1	2032	3727	27	10	85.550995	BO
2	1	513	0	0	0	2431	3738	39	13	-1	
3	1	513	1	0	0	2431	3738	39	13	-1	
4	1	513	1	1	0	2431	3738	39	13	-1	
5	1	513	1	1	1	2431	3738	39	13	89.515991	RI40
2	1	514	0	0	0	2809	3736	29	8	-1	
3	1	514	1	0	0	2809	3736	29	8	-1	
4	1	514	1	1	0	2809	3736	29	8	-1	
5	1	514	1	1	1	2809	3736	29	8	48.344990	Ra
2	1	515	0	0	0	2944	3734	29	13	-1	
3	1	515	1	0	0	2944	3734	29	13	-1	
4	1	515	1	1	0	2944	3734	29	13	-1	
5	1	515	1	1	1	2944	3734	29	13	71.143463	cil
2	1	516	0	0	0	1818	3760	23	12	-1	
3	1	516	1	0	0	1818	3760	23	12	-1	
4	1	516	1	1	0	1818	3760	23	12	-1	
5	1	516	1	1	1	1818	3760	23	12	27.069611	a
2	1	517	0	0	0	2435	3759	30	13	-1	
3	1	517	1	0	0	2435	3759	30	13	-1	
4	1	517	1	1	0	2435	3759	30	13	-1	
5	1	517	1	1	1	2435	3759	30	13	95.738297	820
2	1	518	0	0	0	2810	3743	29	12	-1	
3	1	518	1	0	0	2810	3743	29	12	-1	
4	1	518	1	1	0	2810	3743	29	12	-1	
5	1	518	1	1	1	2810	3743	29	12	93.973145	Ra
2	1	519	0	0	0	2939	3750	46	13	-1	
3	1	519	1	0	0	2939	3750	46	13	-1	
4	1	519	1	1	0	2939	3750	46	13	-1	
5	1	519	1	1	1	2939	3750	46	13	93.696159	0.047
2	1	520	0	0	0	670	3765	33	14	-1	
3	1	520	1	0	0	670	3765	33	14	-1	
4	1	520	1	1	0	670	3765	33	14	-1	
5	1	520	1	1	1	666	3761	16	27	58.358986	fe
5	1	520	1	1	2	693	3765	10	14	70.541580	2
2	1	521	0	0	0	674	3780	26	10	-1	
3	1	521	1	0	0	674	3780	26	10	-1	
4	1	521	1	1	0	674	3780	26	10	-1	
5	1	521	1	1	1	674	3780	26	10	3.549850	“0
2	1	522	0	0	0	1681	3766	39	13	-1	
3	1	522	1	0	0	1681	3766	39	13	-1	
4	1	522	1	1	0	1681	3766	39	13	-1	
5	1	522	1	1	1	1681	3766	39	13	85.414429	RI54
2	1	523	0	0	0	1818	3771	28	13	-1	
3	1	523	1	0	0	1818	3771	28	13	-1	
4	1	523	1	1	0	1818	3771	28	13	-1	
5	1	523	1	1	1	1818	3771	28	13	60.960854	ego
2	1	524	0	0	0	1819	3786	27	5	-1	
3	1	524	1	0	0	1819	3786	27	5	-1	
4	1	524	1	1	0	1819	3786	27	5	-1	
5	1	524	1	1	1	1819	3786	27	5	70.874878	eo
2	1	525	0	0	0	1944	3702	84	75	-1	
3	1	525	1	0	0	1944	3702	84	75	-1	
4	1	525	1	1	0	1944	3702	84	75	-1	
5	1	525	1	1	1	1944	3702	84	75	69.621254	Ad
2	1	526	0	0	0	2128	3765	37	13	-1	
3	1	526	1	0	0	2128	3765	37	13	-1	
4	1	526	1	1	0	2128	3765	37	13	-1	
5	1	526	1	1	1	2128	3765	37	13	51.558624	RISt
2	1	527	0	0	0	675	3795	25	6	-1	
3	1	527	1	0	0	675	3795	25	6	-1	
4	1	527	1	1	0	675	3795	25	6	-1	
5	1	527	1	1	1	675	3795	25	6	29.855446	s<
2	1	528	0	0	0	1687	3782	36	13	-1	
3	1	528	1	0	0	1687	3782	36	13	-1	
4	1	528	1	1	0	1687	3782	36	13	-1	
5	1	528	1	1	1	1687	3782	36	13	95.539444	3.9K
2	1	529	0	0	0	2135	3781	36	13	-1	
3	1	529	1	0	0	2135	3781	36	13	-1	
4	1	529	1	1	0	2135	3781	36	13	-1	
5	1	529	1	1	1	2135	3781	36	13	96.476891	3.9K
2	1	530	0	0	0	2858	3790	31	12	-1	
3	1	530	1	0	0	2858	3790	31	12	-1	
4	1	530	1	1	0	2858	3790	31	12	-1	
5	1	530	1	1	1	2858	3790	31	12	44.439659	ad
2	1	531	0	0	0	2580	3814	82	13	-1	
3	1	531	1	0	0	2580	3814	82	13	-1	
4	1	531	1	1	0	2580	3814	82	13	-1	
5	1	531	1	1	1	2580	3814	35	12	0.000000	RI41
5	1	531	1	1	2	2631	3814	31	13	96.151367	33K
2	1	532	0	0	0	2858	3804	31	13	-1	
3	1	532	1	0	0	2858	3804	31	13	-1	
4	1	532	1	1	0	2858	3804	31	13	-1	
5	1	532	1	1	1	2858	3804	31	13	53.851364	goa
2	1	533	0	0	0	2932	3803	37	13	-1	
3	1	533	1	0	0	2932	3803	37	13	-1	
4	1	533	1	1	0	2932	3803	37	13	-1	
5	1	533	1	1	1	2932	3803	37	13	85.774712	RI32
2	1	534	0	0	0	2937	3818	30	14	-1	
3	1	534	1	0	0	2937	3818	30	14	-1	
4	1	534	1	1	0	2937	3818	30	14	-1	
5	1	534	1	1	1	2937	3818	30	14	92.578773	33K
2	1	535	0	0	0	1188	3839	41	14	-1	
3	1	535	1	0	0	1188	3839	41	14	-1	
4	1	535	1	1	0	1188	3839	41	14	-1	
5	1	535	1	1	1	1188	3839	41	14	31.620712	C306
2	1	536	0	0	0	1819	3832	27	12	-1	
3	1	536	1	0	0	1819	3832	27	12	-1	
4	1	536	1	1	0	1819	3832	27	12	-1	
5	1	536	1	1	1	1819	3832	27	12	82.776016	BO
2	1	537	0	0	0	2501	3833	28	13	-1	
3	1	537	1	0	0	2501	3833	28	13	-1	
4	1	537	1	1	0	2501	3833	28	13	-1	
5	1	537	1	1	1	2501	3833	28	13	60.342621	er
2	1	538	0	0	0	1863	3755	69	101	-1	
3	1	538	1	0	0	1863	3755	69	101	-1	
4	1	538	1	1	0	1863	3755	69	101	-1	
5	1	538	1	1	1	1863	3755	69	101	43.403927	rf
2	1	539	0	0	0	2019	3806	69	51	-1	
3	1	539	1	0	0	2019	3806	69	51	-1	
4	1	539	1	1	0	2019	3806	69	51	-1	
5	1	539	1	1	1	2015	3802	26	77	34.642685	be
5	1	539	1	1	2	2059	3806	29	51	72.429260	|
2	1	540	0	0	0	2502	3860	23	9	-1	
3	1	540	1	0	0	2502	3860	23	9	-1	
4	1	540	1	1	0	2502	3860	23	9	-1	
5	1	540	1	1	1	2502	3860	23	9	79.980278	<<
2	1	541	0	0	0	2502	3847	24	11	-1	
3	1	541	1	0	0	2502	3847	24	11	-1	
4	1	541	1	1	0	2502	3847	24	11	-1	
5	1	541	1	1	1	2502	3847	24	11	43.669392	ae
2	1	542	0	0	0	2559	3851	37	13	-1	
3	1	542	1	0	0	2559	3851	37	13	-1	
4	1	542	1	1	0	2559	3851	37	13	-1	
5	1	542	1	1	1	2559	3851	37	13	31.133682	C6
2	1	543	0	0	0	2625	3852	37	13	-1	
3	1	543	1	0	0	2625	3852	37	13	-1	
4	1	543	1	1	0	2625	3852	37	13	-1	
5	1	543	1	1	1	2625	3852	37	13	45.431934	R42
2	1	544	0	0	0	2821	3856	36	13	-1	
3	1	544	1	0	0	2821	3856	36	13	-1	
4	1	544	1	1	0	2821	3856	36	13	-1	
5	1	544	1	1	1	2821	3856	36	13	34.438416	RI33,
2	1	545	0	0	0	2902	3853	38	13	-1	
3	1	545	1	0	0	2902	3853	38	13	-1	
4	1	545	1	1	0	2902	3853	38	13	-1	
5	1	545	1	1	1	2902	3853	38	13	80.896683	cus
2	1	546	0	0	0	2502	3870	27	13	-1	
3	1	546	1	0	0	2502	3870	27	13	-1	
4	1	546	1	1	0	2502	3870	27	13	-1	
5	1	546	1	1	1	2502	3870	27	13	58.827061	oy
2	1	547	0	0	0	2556	3866	44	13	-1	
3	1	547	1	0	0	2556	3866	44	13	-1	
4	1	547	1	1	0	2556	3866	44	13	-1	
5	1	547	1	1	1	2556	3866	44	13	86.107948	0.015
2	1	548	0	0	0	2631	3868	34	13	-1	
3	1	548	1	0	0	2631	3868	34	13	-1	
4	1	548	1	1	0	2631	3868	34	13	-1	
5	1	548	1	1	1	2631	3868	34	13	94.421829	2.2K
2	1	549	0	0	0	2917	3868	28	12	-1	
3	1	549	1	0	0	2917	3868	28	12	-1	
4	1	549	1	1	0	2917	3868	28	12	-1	
5	1	549	1	1	1	2917	3868	28	12	21.146896	O1S,
2	1	550	0	0	0	1166	3872	102	23	-1	
3	1	550	1	0	0	1166	3872	102	23	-1	
4	1	550	1	1	0	1166	3872	102	23	-1	
5	1	550	1	1	1	1166	3872	102	23	0.000000	t+t—+
2	1	551	0	0	0	1687	3892	39	13	-1	
3	1	551	1	0	0	1687	3892	39	13	-1	
4	1	551	1	1	0	1687	3892	39	13	-1	
5	1	551	1	1	1	1687	3892	39	13	93.349525	0104
2	1	552	0	0	0	2132	3893	41	14	-1	
3	1	552	1	0	0	2132	3893	41	14	-1	
4	1	552	1	1	0	2132	3893	41	14	-1	
5	1	552	1	1	1	2132	3893	41	14	82.983772	DIO3
2	1	553	0	0	0	2360	3892	38	13	-1	
3	1	553	1	0	0	2360	3892	38	13	-1	
4	1	553	1	1	0	2360	3892	38	13	-1	
5	1	553	1	1	1	2360	3892	38	13	72.170486	RI43,
2	1	554	0	0	0	2502	3881	24	16	-1	
3	1	554	1	0	0	2502	3881	24	16	-1	
4	1	554	1	1	0	2502	3881	24	16	-1	
5	1	554	1	1	1	2502	3881	24	16	75.850967	23
2	1	555	0	0	0	2503	3899	23	8	-1	
3	1	555	1	0	0	2503	3899	23	8	-1	
4	1	555	1	1	0	2503	3899	23	8	-1	
5	1	555	1	1	1	2503	3899	23	8	59.622959	za
2	1	556	0	0	0	1680	3908	49	13	-1	
3	1	556	1	0	0	1680	3908	49	13	-1	
4	1	556	1	1	0	1680	3908	49	13	-1	
5	1	556	1	1	1	1680	3908	49	13	88.704193	MAI65
2	1	557	0	0	0	2122	3910	50	13	-1	
3	1	557	1	0	0	2122	3910	50	13	-1	
4	1	557	1	1	0	2122	3910	50	13	-1	
5	1	557	1	1	1	2122	3910	50	13	72.574921	MAI65
2	1	558	0	0	0	2362	3909	41	13	-1	
3	1	558	1	0	0	2362	3909	41	13	-1	
4	1	558	1	1	0	2362	3909	41	13	-1	
5	1	558	1	1	1	2362	3909	41	13	95.764191	470K
2	1	559	0	0	0	803	3900	258	34	-1	
3	1	559	1	0	0	803	3900	258	34	-1	
4	1	559	1	1	0	803	3900	258	34	-1	
5	1	559	1	1	1	803	3900	41	34	31.708542	[|
2	1	560	0	0	0	1187	3959	42	13	-1	
3	1	560	1	0	0	1187	3959	42	13	-1	
4	1	560	1	1	0	1187	3959	42	13	-1	
5	1	560	1	1	1	1187	3959	42	13	84.169106	C403
2	1	561	0	0	0	1203	3976	20	12	-1	
3	1	561	1	0	0	1203	3976	20	12	-1	
4	1	561	1	1	0	1203	3976	20	12	-1	
5	1	561	1	1	1	1203	3976	20	12	74.444550	0.1
2	1	562	0	0	0	1799	3961	73	13	-1	
3	1	562	1	0	0	1799	3961	73	13	-1	
4	1	562	1	1	0	1799	3961	73	13	-1	
5	1	562	1	1	1	1799	3961	35	12	86.650696	RI55
5	1	562	1	1	2	1848	3961	24	13	94.265137	100
2	1	563	0	0	0	1963	3961	79	13	-1	
3	1	563	1	0	0	1963	3961	79	13	-1	
4	1	563	1	1	0	1963	3961	79	13	-1	
5	1	563	1	1	1	1963	3961	36	13	88.283142	RI52
5	1	563	1	1	2	2017	3961	25	13	94.946709	100
2	1	564	0	0	0	958	4003	25	8	-1	
3	1	564	1	0	0	958	4003	25	8	-1	
4	1	564	1	1	0	958	4003	25	8	-1	
5	1	564	1	1	1	958	4003	25	8	19.267807	ay
2	1	565	0	0	0	958	3984	28	10	-1	
3	1	565	1	0	0	958	3984	28	10	-1	
4	1	565	1	1	0	958	3984	28	10	-1	
5	1	565	1	1	1	958	3984	28	10	62.459084	no
2	1	566	0	0	0	1165	3992	102	21	-1	
3	1	566	1	0	0	1165	3992	102	21	-1	
4	1	566	1	1	0	1165	3992	102	21	-1	
5	1	566	1	1	1	1165	3992	102	21	18.573196	tt
2	1	567	0	0	0	2130	3984	42	21	-1	
3	1	567	1	0	0	2130	3984	42	21	-1	
4	1	567	1	1	0	2130	3984	42	21	-1	
5	1	567	1	1	1	2130	3984	42	21	52.014259	Bo
2	1	568	0	0	0	1191	4019	42	12	-1	
3	1	568	1	0	0	1191	4019	42	12	-1	
4	1	568	1	1	0	1191	4019	42	12	-1	
5	1	568	1	1	1	1191	4019	42	12	80.308868	C404
2	1	569	0	0	0	1345	4019	38	13	-1	
3	1	569	1	0	0	1345	4019	38	13	-1	
4	1	569	1	1	0	1345	4019	38	13	-1	
5	1	569	1	1	1	1345	4019	38	13	75.036758	RI57
2	1	570	0	0	0	2130	4006	42	15	-1	
3	1	570	1	0	0	2130	4006	42	15	-1	
4	1	570	1	1	0	2130	4006	42	15	-1	
5	1	570	1	1	1	2130	4006	42	15	57.115017	2-
2	1	571	0	0	0	1176	4034	59	14	-1	
3	1	571	1	0	0	1176	4034	59	14	-1	
4	1	571	1	1	0	1176	4034	59	14	-1	
5	1	571	1	1	1	1176	4034	59	14	9.697807	6.347
2	1	572	0	0	0	1350	4035	31	12	-1	
3	1	572	1	0	0	1350	4035	31	12	-1	
4	1	572	1	1	0	1350	4035	31	12	-1	
5	1	572	1	1	1	1350	4035	31	12	94.774498	47K
2	1	573	0	0	0	2130	4019	42	21	-1	
3	1	573	1	0	0	2130	4019	42	21	-1	
4	1	573	1	1	0	2130	4019	42	21	-1	
5	1	573	1	1	1	2130	4019	42	21	23.461792	0°
2	1	574	0	0	0	828	3976	119	93	-1	
3	1	574	1	0	0	828	3976	119	93	-1	
4	1	574	1	1	0	828	3976	119	93	-1	
5	1	574	1	1	1	828	3976	119	93	40.447548	==
2	1	575	0	0	0	2131	4036	41	22	-1	
3	1	575	1	0	0	2131	4036	41	22	-1	
4	1	575	1	1	0	2131	4036	41	22	-1	
5	1	575	1	1	1	2131	4036	41	22	34.104897	oo?
2	1	576	0	0	0	1970	4054	63	42	-1	
3	1	576	1	0	0	1970	4054	63	42	-1	
4	1	576	1	1	0	1970	4054	63	42	-1	
5	1	576	1	1	1	1970	4054	63	42	50.825958	Eo
2	1	577	0	0	0	2320	4085	560	44	-1	
3	1	577	1	0	0	2320	4085	560	44	-1	
4	1	577	1	1	0	2320	4085	560	44	-1	
5	1	577	1	1	1	2320	4081	170	63	26.368294	SS
5	1	577	1	1	2	2620	4081	260	63	45.873947	ee
2	1	578	0	0	0	626	3900	38	251	-1	
3	1	578	1	0	0	626	3900	38	251	-1	
4	1	578	1	1	0	626	3900	38	251	-1	
5	1	578	1	1	1	626	3900	38	251	89.843544	|
2	1	579	0	0	0	2039	4150	565	42	-1	
3	1	579	1	0	0	2039	4150	565	42	-1	
4	1	579	1	1	0	2039	4150	565	42	-1	
5	1	579	1	1	1	2039	4150	413	42	44.652451	Po
5	1	579	1	1	2	2498	4170	106	22	31.447388	ee
2	1	580	0	0	0	2584	4195	141	14	-1	
3	1	580	1	0	0	2584	4195	141	14	-1	
4	1	580	1	1	0	2584	4195	141	14	-1	
5	1	580	1	1	1	2584	4191	29	26	36.606590	{yj
2	1	581	0	0	0	2754	4170	242	39	-1	
3	1	581	1	0	0	2754	4170	242	39	-1	
4	1	581	1	1	0	2754	4170	242	39	-1	
5	1	581	1	1	1	2750	4166	30	60	64.718452	|
5	1	581	1	1	2	2754	4170	242	39	47.901176	tT
2	1	582	0	0	0	2018	4211	415	20	-1	
3	1	582	1	0	0	2018	4211	415	20	-1	
4	1	582	1	1	0	2018	4211	415	20	-1	
5	1	582	1	1	1	2018	4211	415	20	16.809761	es
5	1	582	1	1	2	2225	4207	62	33	28.353058	ee
5	1	582	1	1	3	2308	4207	100	33	41.152237	Ge
2	1	583	0	0	0	1147	4223	45	15	-1	
3	1	583	1	0	0	1147	4223	45	15	-1	
4	1	583	1	1	0	1147	4223	45	15	-1	
5	1	583	1	1	1	1147	4223	45	15	59.901711	oa
2	1	584	0	0	0	1997	4231	40	17	-1	
3	1	584	1	0	0	1997	4231	40	17	-1	
4	1	584	1	1	0	1997	4231	40	17	-1	
5	1	584	1	1	1	1997	4231	40	17	47.139263	an
2	1	585	0	0	0	2477	4234	404	27	-1	
3	1	585	1	0	0	2477	4234	404	27	-1	
4	1	585	1	1	0	2477	4234	404	27	-1	
5	1	585	1	1	1	2477	4234	244	27	22.122665	See
5	1	585	1	1	2	2766	4230	115	43	45.911869	eee
2	1	586	0	0	0	1100	4267	42	28	-1	
3	1	586	1	0	0	1100	4267	42	28	-1	
4	1	586	1	1	0	1100	4267	42	28	-1	
5	1	586	1	1	1	1100	4267	42	28	50.098495	nage
2	1	587	0	0	0	1319	4254	300	50	-1	
3	1	587	1	0	0	1319	4254	300	50	-1	
4	1	587	1	1	0	1319	4254	300	50	-1	
5	1	587	1	1	1	1315	4250	38	75	50.478416	f
5	1	587	1	1	2	1319	4254	300	50	52.253151	|
2	1	588	0	0	0	2071	4300	95	13	-1	
3	1	588	1	0	0	2071	4300	95	13	-1	
4	1	588	1	1	0	2071	4300	95	13	-1	
5	1	588	1	1	1	2071	4300	95	13	0.000000	evoae
2	1	589	0	0	0	1102	4326	36	27	-1	
3	1	589	1	0	0	1102	4326	36	27	-1	
4	1	589	1	1	0	1102	4326	36	27	-1	
5	1	589	1	1	1	1102	4326	36	27	31.789734	iy
2	1	590	0	0	0	1281	4331	40	12	-1	
3	1	590	1	0	0	1281	4331	40	12	-1	
4	1	590	1	1	0	1281	4331	40	12	-1	
5	1	590	1	1	1	1281	4331	40	12	59.900890	qo
2	1	591	0	0	0	1363	4329	34	14	-1	
3	1	591	1	0	0	1363	4329	34	14	-1	
4	1	591	1	1	0	1363	4329	34	14	-1	
5	1	591	1	1	1	1363	4329	34	14	69.941559	oa
2	1	592	0	0	0	2281	4342	31	13	-1	
3	1	592	1	0	0	2281	4342	31	13	-1	
4	1	592	1	1	0	2281	4342	31	13	-1	
5	1	592	1	1	1	2281	4342	31	13	89.898422	PCK
2	1	593	0	0	0	1065	4357	57	26	-1	
3	1	593	1	0	0	1065	4357	57	26	-1	
4	1	593	1	1	0	1065	4357	57	26	-1	
5	1	593	1	1	1	1065	4357	57	26	30.595856	2H
2	1	594	0	0	0	1330	4374	31	14	-1	
3	1	594	1	0	0	1330	4374	31	14	-1	
4	1	594	1	1	0	1330	4374	31	14	-1	
5	1	594	1	1	1	1330	4374	31	14	23.808128	52
2	1	595	0	0	0	420	4380	129	24	-1	
3	1	595	1	0	0	420	4380	129	24	-1	
4	1	595	1	1	0	420	4380	129	24	-1	
5	1	595	1	1	1	420	4381	16	23	0.000000	S
5	1	595	1	1	2	441	4380	108	24	53.640511	TTT
2	1	596	0	0	0	992	4390	42	14	-1	
3	1	596	1	0	0	992	4390	42	14	-1	
4	1	596	1	1	0	992	4390	42	14	-1	
5	1	596	1	1	1	992	4390	42	14	95.540207	R303
2	1	597	0	0	0	1101	4388	39	13	-1	
3	1	597	1	0	0	1101	4388	39	13	-1	
4	1	597	1	1	0	1101	4388	39	13	-1	
5	1	597	1	1	1	1101	4388	39	13	79.875290	c302
2	1	598	0	0	0	1169	4390	28	11	-1	
3	1	598	1	0	0	1169	4390	28	11	-1	
4	1	598	1	1	0	1169	4390	28	11	-1	
5	1	598	1	1	1	1169	4390	28	11	89.628998	Ro
2	1	599	0	0	0	1330	4385	31	20	-1	
3	1	599	1	0	0	1330	4385	31	20	-1	
4	1	599	1	1	0	1330	4385	31	20	-1	
5	1	599	1	1	1	1330	4385	31	20	62.638474	38
2	1	600	0	0	0	1485	4397	28	12	-1	
3	1	600	1	0	0	1485	4397	28	12	-1	
4	1	600	1	1	0	1485	4397	28	12	-1	
5	1	600	1	1	1	1485	4397	28	12	63.015141	Br
2	1	601	0	0	0	1692	4387	26	15	-1	
3	1	601	1	0	0	1692	4387	26	15	-1	
4	1	601	1	1	0	1692	4387	26	15	-1	
5	1	601	1	1	1	1692	4387	26	15	54.856037	az
2	1	602	0	0	0	2190	4337	83	64	-1	
3	1	602	1	0	0	2190	4337	83	64	-1	
4	1	602	1	1	0	2190	4337	83	64	-1	
5	1	602	1	1	1	2190	4337	83	64	42.256981	TY
2	1	603	0	0	0	2281	4395	34	13	-1	
3	1	603	1	0	0	2281	4395	34	13	-1	
4	1	603	1	1	0	2281	4395	34	13	-1	
5	1	603	1	1	1	2281	4395	34	13	93.954079	EFM
2	1	604	0	0	0	2688	4391	76	22	-1	
3	1	604	1	0	0	2688	4391	76	22	-1	
4	1	604	1	1	0	2688	4391	76	22	-1	
5	1	604	1	1	1	2688	4391	76	22	79.939690	COL)
2	1	605	0	0	0	2783	4365	40	34	-1	
3	1	605	1	0	0	2783	4365	40	34	-1	
4	1	605	1	1	0	2783	4365	40	34	-1	
5	1	605	1	1	1	2783	4365	40	34	0.000000	L
2	1	606	0	0	0	2955	4389	112	24	-1	
3	1	606	1	0	0	2955	4389	112	24	-1	
4	1	606	1	1	0	2955	4389	112	24	-1	
5	1	606	1	1	1	2955	4389	112	24	37.734573	OOOO
2	1	607	0	0	0	993	4406	41	13	-1	
3	1	607	1	0	0	993	4406	41	13	-1	
4	1	607	1	1	0	993	4406	41	13	-1	
5	1	607	1	1	1	993	4406	41	13	94.496178	470K
2	1	608	0	0	0	1331	4402	30	15	-1	
3	1	608	1	0	0	1331	4402	30	15	-1	
4	1	608	1	1	0	1331	4402	30	15	-1	
5	1	608	1	1	1	1331	4402	30	15	41.194035	Xo
2	1	609	0	0	0	1485	4416	26	8	-1	
3	1	609	1	0	0	1485	4416	26	8	-1	
4	1	609	1	1	0	1485	4416	26	8	-1	
5	1	609	1	1	1	1485	4416	26	8	53.109787	we
2	1	610	0	0	0	1691	4405	25	9	-1	
3	1	610	1	0	0	1691	4405	25	9	-1	
4	1	610	1	1	0	1691	4405	25	9	-1	
5	1	610	1	1	1	1691	4405	25	9	72.293594	oo
2	1	611	0	0	0	1692	4416	23	12	-1	
3	1	611	1	0	0	1692	4416	23	12	-1	
4	1	611	1	1	0	1692	4416	23	12	-1	
5	1	611	1	1	1	1692	4416	23	12	51.661293	3<
2	1	612	0	0	0	1830	4418	25	9	-1	
3	1	612	1	0	0	1830	4418	25	9	-1	
4	1	612	1	1	0	1830	4418	25	9	-1	
5	1	612	1	1	1	1830	4418	25	9	56.004250	ory
2	1	613	0	0	0	1830	4402	28	13	-1	
3	1	613	1	0	0	1830	4402	28	13	-1	
4	1	613	1	1	0	1830	4402	28	13	-1	
5	1	613	1	1	1	1830	4402	28	13	93.081177	32
2	1	614	0	0	0	2703	4408	71	10	-1	
3	1	614	1	0	0	2703	4408	71	10	-1	
4	1	614	1	1	0	2703	4408	71	10	-1	
5	1	614	1	1	1	2703	4408	71	10	57.543442	AAA
2	1	615	0	0	0	2841	4391	80	23	-1	
3	1	615	1	0	0	2841	4391	80	23	-1	
4	1	615	1	1	0	2841	4391	80	23	-1	
5	1	615	1	1	1	2841	4391	80	23	66.578491	OOO
2	1	616	0	0	0	2845	4418	71	14	-1	
3	1	616	1	0	0	2845	4418	71	14	-1	
4	1	616	1	1	0	2845	4418	71	14	-1	
5	1	616	1	1	1	2845	4421	14	11	2.867645	°
5	1	616	1	1	2	2902	4418	14	12	45.132221	°
2	1	617	0	0	0	2966	4419	3	8	-1	
3	1	617	1	0	0	2966	4419	3	8	-1	
4	1	617	1	1	0	2966	4419	3	8	-1	
5	1	617	1	1	1	2966	4419	3	8	35.937607	t
2	1	618	0	0	0	2992	4420	67	10	-1	
3	1	618	1	0	0	2992	4420	67	10	-1	
4	1	618	1	1	0	2992	4420	67	10	-1	
5	1	618	1	1	1	2992	4420	9	9	42.889370	+
5	1	618	1	1	2	3046	4420	13	10	92.355247	<
2	1	619	0	0	0	1239	4432	35	9	-1	
3	1	619	1	0	0	1239	4432	35	9	-1	
4	1	619	1	1	0	1239	4432	35	9	-1	
5	1	619	1	1	1	1239	4432	12	9	57.957253	by
5	1	619	1	1	2	1263	4432	11	3	46.270790	S
2	1	620	0	0	0	1326	4440	40	13	-1	
3	1	620	1	0	0	1326	4440	40	13	-1	
4	1	620	1	1	0	1326	4440	40	13	-1	
5	1	620	1	1	1	1326	4440	40	13	54.630402	C308
2	1	621	0	0	0	1485	4426	52	13	-1	
3	1	621	1	0	0	1485	4426	52	13	-1	
4	1	621	1	1	0	1485	4426	52	13	-1	
5	1	621	1	1	1	1485	4426	26	13	67.027473	3<
5	1	621	1	1	2	1525	4431	12	3	28.000648	i.
2	1	622	0	0	0	1830	4430	25	6	-1	
3	1	622	1	0	0	1830	4430	25	6	-1	
4	1	622	1	1	0	1830	4430	25	6	-1	
5	1	622	1	1	1	1830	4430	25	6	43.220982	22
2	1	623	0	0	0	1920	4432	46	11	-1	
3	1	623	1	0	0	1920	4432	46	11	-1	
4	1	623	1	1	0	1920	4432	46	11	-1	
5	1	623	1	1	1	1920	4432	46	11	61.453423	eo
2	1	624	0	0	0	2962	4430	12	5	-1	
3	1	624	1	0	0	2962	4430	12	5	-1	
4	1	624	1	1	0	2962	4430	12	5	-1	
5	1	624	1	1	1	2962	4430	12	5	31.385941	=
2	1	625	0	0	0	626	4152	39	303	-1	
3	1	625	1	0	0	626	4152	39	303	-1	
4	1	625	1	1	0	626	4152	39	303	-1	
5	1	625	1	1	1	626	4152	39	303	48.074730	|
2	1	626	0	0	0	761	4152	61	302	-1	
3	1	626	1	0	0	761	4152	61	302	-1	
4	1	626	1	1	0	761	4152	61	302	-1	
5	1	626	1	1	1	761	4152	61	302	77.946136	|
2	1	627	0	0	0	1326	4458	40	13	-1	
3	1	627	1	0	0	1326	4458	40	13	-1	
4	1	627	1	1	0	1326	4458	40	13	-1	
5	1	627	1	1	1	1326	4458	40	13	91.175186	470P
2	1	628	0	0	0	2129	4459	32	11	-1	
3	1	628	1	0	0	2129	4459	32	11	-1	
4	1	628	1	1	0	2129	4459	32	11	-1	
5	1	628	1	1	1	2129	4459	32	11	27.009712	-~2
2	1	629	0	0	0	2249	4441	80	22	-1	
3	1	629	1	0	0	2249	4441	80	22	-1	
4	1	629	1	1	0	2249	4441	80	22	-1	
5	1	629	1	1	1	2245	4437	30	30	9.775528	(+)
5	1	629	1	1	2	2285	4437	44	30	50.153446	D.GND
2	1	630	0	0	0	2846	4432	71	23	-1	
3	1	630	1	0	0	2846	4432	71	23	-1	
4	1	630	1	1	0	2846	4432	71	23	-1	
5	1	630	1	1	1	2846	4432	71	23	66.904099	6-3
2	1	631	0	0	0	469	3901	80	580	-1	
3	1	631	1	0	0	469	3901	80	580	-1	
4	1	631	1	1	0	469	3901	80	580	-1	
5	1	631	1	1	1	469	3901	80	580	90.539909	|
2	1	632	0	0	0	1631	4446	51	38	-1	
3	1	632	1	0	0	1631	4446	51	38	-1	
4	1	632	1	1	0	1631	4446	51	38	-1	
5	1	632	1	1	1	1631	4446	25	38	56.885319	o\
5	1	632	1	1	2	1670	4460	12	9	0.000000	«
2	1	633	0	0	0	2129	4475	32	11	-1	
3	1	633	1	0	0	2129	4475	32	11	-1	
4	1	633	1	1	0	2129	4475	32	11	-1	
5	1	633	1	1	1	2129	4475	32	11	55.198982	No
2	1	634	0	0	0	2672	4434	121	51	-1	
3	1	634	1	0	0	2672	4434	121	51	-1	
4	1	634	1	1	0	2672	4434	121	51	-1	
5	1	634	1	1	1	2672	4434	121	51	19.075005	v0)
2	1	635	0	0	0	957	4476	94	27	-1	
3	1	635	1	0	0	957	4476	94	27	-1	
4	1	635	1	1	0	957	4476	94	27	-1	
5	1	635	1	1	1	957	4476	94	27	0.000000	—Fs
2	1	636	0	0	0	2130	4488	30	9	-1	
3	1	636	1	0	0	2130	4488	30	9	-1	
4	1	636	1	1	0	2130	4488	30	9	-1	
5	1	636	1	1	1	2130	4488	30	9	96.882378	<<
2	1	637	0	0	0	1766	4494	60	39	-1	
3	1	637	1	0	0	1766	4494	60	39	-1	
4	1	637	1	1	0	1766	4494	60	39	-1	
5	1	637	1	1	1	1766	4494	31	39	71.466919	/°
5	1	637	1	1	2	1815	4500	11	9	18.935539	e
2	1	638	0	0	0	1863	4510	13	8	-1	
3	1	638	1	0	0	1863	4510	13	8	-1	
4	1	638	1	1	0	1863	4510	13	8	-1	
5	1	638	1	1	1	1863	4510	13	8	44.194153	ro
2	1	639	0	0	0	2249	4491	63	23	-1	
3	1	639	1	0	0	2249	4491	63	23	-1	
4	1	639	1	1	0	2249	4491	63	23	-1	
5	1	639	1	1	1	2249	4491	24	23	37.148499	(*)
5	1	639	1	1	2	2283	4497	29	13	38.515774	sRF
2	1	640	0	0	0	2672	4496	56	31	-1	
3	1	640	1	0	0	2672	4496	56	31	-1	
4	1	640	1	1	0	2672	4496	56	31	-1	
5	1	640	1	1	1	2672	4496	56	31	81.873276	OS
2	1	641	0	0	0	1433	4529	128	24	-1	
3	1	641	1	0	0	1433	4529	128	24	-1	
4	1	641	1	1	0	1433	4529	128	24	-1	
5	1	641	1	1	1	1433	4529	128	24	29.524452	BEGBE
2	1	642	0	0	0	1015	4531	154	23	-1	
3	1	642	1	0	0	1015	4531	154	23	-1	
4	1	642	1	1	0	1015	4531	154	23	-1	
5	1	642	1	1	1	1015	4531	154	23	15.167053	QOOODS)
2	1	643	0	0	0	1047	4564	39	9	-1	
3	1	643	1	0	0	1047	4564	39	9	-1	
4	1	643	1	1	0	1047	4564	39	9	-1	
5	1	643	1	1	1	1047	4564	39	9	57.457508	mn
2	1	644	0	0	0	1125	4564	64	9	-1	
3	1	644	1	0	0	1125	4564	64	9	-1	
4	1	644	1	1	0	1125	4564	64	9	-1	
5	1	644	1	1	1	1125	4564	64	9	47.957287	pev
2	1	645	0	0	0	1172	4529	258	25	-1	
3	1	645	1	0	0	1172	4529	258	25	-1	
4	1	645	1	1	0	1172	4529	258	25	-1	
5	1	645	1	1	1	1172	4529	258	25	0.000000	DOWOQADWA®)
2	1	646	0	0	0	1230	4563	37	9	-1	
3	1	646	1	0	0	1230	4563	37	9	-1	
4	1	646	1	1	0	1230	4563	37	9	-1	
5	1	646	1	1	1	1230	4563	37	9	21.193344	v<
2	1	647	0	0	0	1307	4562	39	10	-1	
3	1	647	1	0	0	1307	4562	39	10	-1	
4	1	647	1	1	0	1307	4562	39	10	-1	
5	1	647	1	1	1	1307	4562	39	10	85.094826	go
2	1	648	0	0	0	1464	4564	38	9	-1	
3	1	648	1	0	0	1464	4564	38	9	-1	
4	1	648	1	1	0	1464	4564	38	9	-1	
5	1	648	1	1	1	1464	4564	38	9	45.267700	zn
2	1	649	0	0	0	2282	4549	28	13	-1	
3	1	649	1	0	0	2282	4549	28	13	-1	
4	1	649	1	1	0	2282	4549	28	13	-1	
5	1	649	1	1	1	2282	4549	28	13	96.387917	SLC
2	1	650	0	0	0	2673	4531	57	27	-1	
3	1	650	1	0	0	2673	4531	57	27	-1	
4	1	650	1	1	0	2673	4531	57	27	-1	
5	1	650	1	1	1	2673	4531	57	27	54.772972	wo
2	1	651	0	0	0	1203	4563	12	19	-1	
3	1	651	1	0	0	1203	4563	12	19	-1	
4	1	651	1	1	0	1203	4563	12	19	-1	
5	1	651	1	1	1	1203	4563	12	19	95.389557	3
2	1	652	0	0	0	1230	4574	12	8	-1	
3	1	652	1	0	0	1230	4574	12	8	-1	
4	1	652	1	1	0	1230	4574	12	8	-1	
5	1	652	1	1	1	1230	4574	12	8	19.575180	}
2	1	653	0	0	0	1281	4562	12	20	-1	
3	1	653	1	0	0	1281	4562	12	20	-1	
4	1	653	1	1	0	1281	4562	12	20	-1	
5	1	653	1	1	1	1281	4562	12	20	34.820183	a
2	1	654	0	0	0	1359	4562	13	19	-1	
3	1	654	1	0	0	1359	4562	13	19	-1	
4	1	654	1	1	0	1359	4562	13	19	-1	
5	1	654	1	1	1	1359	4562	13	19	77.812424	2
2	1	655	0	0	0	1412	4563	12	21	-1	
3	1	655	1	0	0	1412	4563	12	21	-1	
4	1	655	1	1	0	1412	4563	12	21	-1	
5	1	655	1	1	1	1412	4563	12	21	39.858322	a
2	1	656	0	0	0	1685	4559	160	16	-1	
3	1	656	1	0	0	1685	4559	160	16	-1	
4	1	656	1	1	0	1685	4559	160	16	-1	
5	1	656	1	1	1	1685	4561	57	13	33.325920	ata/
5	1	656	1	1	2	1767	4559	78	16	15.550674	ance
2	1	657	0	0	0	2703	4562	59	23	-1	
3	1	657	1	0	0	2703	4562	59	23	-1	
4	1	657	1	1	0	2703	4562	59	23	-1	
5	1	657	1	1	1	2703	4562	59	23	5.770370	<Oo
2	1	658	0	0	0	1125	4599	13	9	-1	
3	1	658	1	0	0	1125	4599	13	9	-1	
4	1	658	1	1	0	1125	4599	13	9	-1	
5	1	658	1	1	1	1125	4599	13	9	87.166870	4
2	1	659	0	0	0	1125	4584	36	12	-1	
3	1	659	1	0	0	1125	4584	36	12	-1	
4	1	659	1	1	0	1125	4584	36	12	-1	
5	1	659	1	1	1	1125	4584	36	12	72.272461	xe
2	1	660	0	0	0	1741	4591	32	10	-1	
3	1	660	1	0	0	1741	4591	32	10	-1	
4	1	660	1	1	0	1741	4591	32	10	-1	
5	1	660	1	1	1	1741	4591	32	10	15.913078	oe
2	1	661	0	0	0	2101	4557	157	51	-1	
3	1	661	1	0	0	2101	4557	157	51	-1	
4	1	661	1	1	0	2101	4557	157	51	-1	
5	1	661	1	1	1	2097	4553	32	76	63.337250	|
5	1	661	1	1	2	2101	4557	157	51	35.790634	tt
2	1	662	0	0	0	2699	4580	63	34	-1	
3	1	662	1	0	0	2699	4580	63	34	-1	
4	1	662	1	1	0	2699	4580	63	34	-1	
5	1	662	1	1	1	2699	4580	15	34	22.703880	bs
5	1	662	1	1	2	2718	4589	7	21	30.268967	6
5	1	662	1	1	3	2733	4580	29	34	27.779068	lee
2	1	663	0	0	0	2856	4589	22	22	-1	
3	1	663	1	0	0	2856	4589	22	22	-1	
4	1	663	1	1	0	2856	4589	22	22	-1	
5	1	663	1	1	1	2856	4589	22	22	76.926926	fo
2	1	664	0	0	0	1654	4608	26	9	-1	
3	1	664	1	0	0	1654	4608	26	9	-1	
4	1	664	1	1	0	1654	4608	26	9	-1	
5	1	664	1	1	1	1654	4608	26	9	65.980835	So
2	1	665	0	0	0	1741	4629	32	4	-1	
3	1	665	1	0	0	1741	4629	32	4	-1	
4	1	665	1	1	0	1741	4629	32	4	-1	
5	1	665	1	1	1	1741	4629	32	4	26.832680	Eas
2	1	666	0	0	0	1742	4607	31	10	-1	
3	1	666	1	0	0	1742	4607	31	10	-1	
4	1	666	1	1	0	1742	4607	31	10	-1	
5	1	666	1	1	1	1742	4607	31	10	71.576447	ye
2	1	667	0	0	0	2282	4602	20	13	-1	
3	1	667	1	0	0	2282	4602	20	13	-1	
4	1	667	1	1	0	2282	4602	20	13	-1	
5	1	667	1	1	1	2282	4602	20	13	78.053131	00
2	1	668	0	0	0	2761	4618	30	9	-1	
3	1	668	1	0	0	2761	4618	30	9	-1	
4	1	668	1	1	0	2761	4618	30	9	-1	
5	1	668	1	1	1	2761	4618	30	9	79.981697	on
2	1	669	0	0	0	850	4625	20	17	-1	
3	1	669	1	0	0	850	4625	20	17	-1	
4	1	669	1	1	0	850	4625	20	17	-1	
5	1	669	1	1	1	850	4625	20	17	15.131317	CG
2	1	670	0	0	0	921	4625	65	22	-1	
3	1	670	1	0	0	921	4625	65	22	-1	
4	1	670	1	1	0	921	4625	65	22	-1	
5	1	670	1	1	1	921	4625	24	22	87.869064	(2)
5	1	670	1	1	2	952	4630	34	13	87.869064	RAM
2	1	671	0	0	0	998	4631	25	12	-1	
3	1	671	1	0	0	998	4631	25	12	-1	
4	1	671	1	1	0	998	4631	25	12	-1	
5	1	671	1	1	1	998	4631	25	12	77.125366	Alo
2	1	672	0	0	0	1566	4616	114	29	-1	
3	1	672	1	0	0	1566	4616	114	29	-1	
4	1	672	1	1	0	1566	4616	114	29	-1	
5	1	672	1	1	1	1566	4628	53	14	33.754944	auxck
5	1	672	1	1	2	1631	4616	49	29	41.827984	(ES
2	1	673	0	0	0	1741	4637	32	10	-1	
3	1	673	1	0	0	1741	4637	32	10	-1	
4	1	673	1	1	0	1741	4637	32	10	-1	
5	1	673	1	1	1	1741	4637	32	10	82.809166	wo
2	1	674	0	0	0	2339	4629	43	14	-1	
3	1	674	1	0	0	2339	4629	43	14	-1	
4	1	674	1	1	0	2339	4629	43	14	-1	
5	1	674	1	1	1	2339	4629	43	14	17.949356	me
2	1	675	0	0	0	2761	4639	30	12	-1	
3	1	675	1	0	0	2761	4639	30	12	-1	
4	1	675	1	1	0	2761	4639	30	12	-1	
5	1	675	1	1	1	2761	4639	30	12	62.633442	2m
2	1	676	0	0	0	2761	4628	30	10	-1	
3	1	676	1	0	0	2761	4628	30	10	-1	
4	1	676	1	1	0	2761	4628	30	10	-1	
5	1	676	1	1	1	2761	4628	30	10	76.720062	mo
2	1	677	0	0	0	921	4651	65	22	-1	
3	1	677	1	0	0	921	4651	65	22	-1	
4	1	677	1	1	0	921	4651	65	22	-1	
5	1	677	1	1	1	921	4651	23	22	92.711960	(3)
5	1	677	1	1	2	953	4656	33	13	96.060036	RAM
2	1	678	0	0	0	998	4657	20	12	-1	
3	1	678	1	0	0	998	4657	20	12	-1	
4	1	678	1	1	0	998	4657	20	12	-1	
5	1	678	1	1	1	998	4657	20	12	75.711090	AQ
2	1	679	0	0	0	1193	4595	43	76	-1	
3	1	679	1	0	0	1193	4595	43	76	-1	
4	1	679	1	1	0	1193	4595	43	76	-1	
5	1	679	1	1	1	1193	4595	43	76	0.000000	f
2	1	680	0	0	0	1568	4649	86	23	-1	
3	1	680	1	0	0	1568	4649	86	23	-1	
4	1	680	1	1	0	1568	4649	86	23	-1	
5	1	680	1	1	1	1568	4654	53	13	68.736900	CLOCK
5	1	680	1	1	2	1631	4649	23	23	0.000000	(~)
2	1	681	0	0	0	1741	4648	31	11	-1	
3	1	681	1	0	0	1741	4648	31	11	-1	
4	1	681	1	1	0	1741	4648	31	11	-1	
5	1	681	1	1	1	1741	4648	31	11	0.000000	w<
2	1	682	0	0	0	1742	4661	30	9	-1	
3	1	682	1	0	0	1742	4661	30	9	-1	
4	1	682	1	1	0	1742	4661	30	9	-1	
5	1	682	1	1	1	1742	4661	30	9	56.085381	2S
2	1	683	0	0	0	2250	4648	63	22	-1	
3	1	683	1	0	0	2250	4648	63	22	-1	
4	1	683	1	1	0	2250	4648	63	22	-1	
5	1	683	1	1	1	2250	4648	23	22	23.695328	(x)
5	1	683	1	1	2	2283	4654	30	13	57.780109	FPC
2	1	684	0	0	0	2340	4643	42	18	-1	
3	1	684	1	0	0	2340	4643	42	18	-1	
4	1	684	1	1	0	2340	4643	42	18	-1	
5	1	684	1	1	1	2340	4643	42	18	10.879227	1°
2	1	685	0	0	0	2761	4662	30	11	-1	
3	1	685	1	0	0	2761	4662	30	11	-1	
4	1	685	1	1	0	2761	4662	30	11	-1	
5	1	685	1	1	1	2761	4662	30	11	47.264820	go
2	1	686	0	0	0	1518	4677	28	11	-1	
3	1	686	1	0	0	1518	4677	28	11	-1	
4	1	686	1	1	0	1518	4677	28	11	-1	
5	1	686	1	1	1	1518	4677	28	11	74.701004	322
2	1	687	0	0	0	1834	4624	67	51	-1	
3	1	687	1	0	0	1834	4624	67	51	-1	
4	1	687	1	1	0	1834	4624	67	51	-1	
5	1	687	1	1	1	1834	4624	67	51	37.002453	+o
2	1	688	0	0	0	2761	4674	29	12	-1	
3	1	688	1	0	0	2761	4674	29	12	-1	
4	1	688	1	1	0	2761	4674	29	12	-1	
5	1	688	1	1	1	2761	4674	29	12	54.408943	Sy
2	1	689	0	0	0	922	4677	64	23	-1	
3	1	689	1	0	0	922	4677	64	23	-1	
4	1	689	1	1	0	922	4677	64	23	-1	
5	1	689	1	1	1	922	4677	23	23	92.281509	(2)
5	1	689	1	1	2	954	4682	32	13	95.470581	RAM
2	1	690	0	0	0	997	4682	20	13	-1	
3	1	690	1	0	0	997	4682	20	13	-1	
4	1	690	1	1	0	997	4682	20	13	-1	
5	1	690	1	1	1	997	4682	20	13	88.200775	AB
2	1	691	0	0	0	1519	4706	23	6	-1	
3	1	691	1	0	0	1519	4706	23	6	-1	
4	1	691	1	1	0	1519	4706	23	6	-1	
5	1	691	1	1	1	1519	4706	23	6	81.237144	=2
2	1	692	0	0	0	1579	4675	75	22	-1	
3	1	692	1	0	0	1579	4675	75	22	-1	
4	1	692	1	1	0	1579	4675	75	22	-1	
5	1	692	1	1	1	1579	4680	42	14	43.477856	SUBO
5	1	692	1	1	2	1632	4675	22	22	0.000000	()
2	1	693	0	0	0	2340	4686	42	15	-1	
3	1	693	1	0	0	2340	4686	42	15	-1	
4	1	693	1	1	0	2340	4686	42	15	-1	
5	1	693	1	1	1	2340	4686	42	15	78.596664	a-
2	1	694	0	0	0	849	4702	28	18	-1	
3	1	694	1	0	0	849	4702	28	18	-1	
4	1	694	1	1	0	849	4702	28	18	-1	
5	1	694	1	1	1	849	4702	28	18	87.490562	(a
2	1	695	0	0	0	922	4703	65	22	-1	
3	1	695	1	0	0	922	4703	65	22	-1	
4	1	695	1	1	0	922	4703	65	22	-1	
5	1	695	1	1	1	918	4699	30	30	65.351013	(8)
5	1	695	1	1	2	958	4699	33	30	96.700897	RAM
2	1	696	0	0	0	999	4707	19	12	-1	
3	1	696	1	0	0	999	4707	19	12	-1	
4	1	696	1	1	0	999	4707	19	12	-1	
5	1	696	1	1	1	999	4707	19	12	26.026810	AT
2	1	697	0	0	0	1348	4716	54	10	-1	
3	1	697	1	0	0	1348	4716	54	10	-1	
4	1	697	1	1	0	1348	4716	54	10	-1	
5	1	697	1	1	1	1348	4716	11	10	41.232071	Oo
5	1	697	1	1	2	1377	4716	25	9	26.174026	os
2	1	698	0	0	0	1350	4641	51	75	-1	
3	1	698	1	0	0	1350	4641	51	75	-1	
4	1	698	1	1	0	1350	4641	51	75	-1	
5	1	698	1	1	1	1350	4641	51	75	0.000000	zm
2	1	699	0	0	0	1588	4701	66	22	-1	
3	1	699	1	0	0	1588	4701	66	22	-1	
4	1	699	1	1	0	1588	4701	66	22	-1	
5	1	699	1	1	1	1588	4706	33	13	94.323196	crc
5	1	699	1	1	2	1631	4701	23	22	63.184505	(4)
2	1	700	0	0	0	2282	4705	26	12	-1	
3	1	700	1	0	0	2282	4705	26	12	-1	
4	1	700	1	1	0	2282	4705	26	12	-1	
5	1	700	1	1	1	2282	4705	26	12	55.652084	Veo
2	1	701	0	0	0	2724	4714	15	9	-1	
3	1	701	1	0	0	2724	4714	15	9	-1	
4	1	701	1	1	0	2724	4714	15	9	-1	
5	1	701	1	1	1	2724	4714	15	9	29.571976	ire
2	1	702	0	0	0	922	4729	23	22	-1	
3	1	702	1	0	0	922	4729	23	22	-1	
4	1	702	1	1	0	922	4729	23	22	-1	
5	1	702	1	1	1	922	4729	23	22	89.064903	(2)
2	1	703	0	0	0	955	4735	32	13	-1	
3	1	703	1	0	0	955	4735	32	13	-1	
4	1	703	1	1	0	955	4735	32	13	-1	
5	1	703	1	1	1	955	4735	32	13	96.305313	RAM
2	1	704	0	0	0	1000	4735	20	13	-1	
3	1	704	1	0	0	1000	4735	20	13	-1	
4	1	704	1	1	0	1000	4735	20	13	-1	
5	1	704	1	1	1	1000	4735	20	13	87.732262	AG
2	1	705	0	0	0	1171	4731	44	14	-1	
3	1	705	1	0	0	1171	4731	44	14	-1	
4	1	705	1	1	0	1171	4731	44	14	-1	
5	1	705	1	1	1	1171	4731	44	14	52.654690	otf
2	1	706	0	0	0	1588	4727	66	23	-1	
3	1	706	1	0	0	1588	4727	66	23	-1	
4	1	706	1	1	0	1588	4727	66	23	-1	
5	1	706	1	1	1	1588	4732	33	14	94.858330	RST
5	1	706	1	1	2	1631	4727	23	23	21.909073	(a)
2	1	707	0	0	0	2101	4739	74	13	-1	
3	1	707	1	0	0	2101	4739	74	13	-1	
4	1	707	1	1	0	2101	4739	74	13	-1	
5	1	707	1	1	1	2101	4739	40	13	80.171219	C309
5	1	707	1	1	2	2156	4739	19	13	53.580204	0.1
2	1	708	0	0	0	1194	4744	24	10	-1	
3	1	708	1	0	0	1194	4744	24	10	-1	
4	1	708	1	1	0	1194	4744	24	10	-1	
5	1	708	1	1	1	1194	4744	24	10	67.149704	oS
2	1	709	0	0	0	1472	4749	56	13	-1	
3	1	709	1	0	0	1472	4749	56	13	-1	
4	1	709	1	1	0	1472	4749	56	13	-1	
5	1	709	1	1	1	1472	4752	11	10	54.761425	o
5	1	709	1	1	2	1504	4749	24	12	53.591770	ws
2	1	710	0	0	0	1707	4740	112	24	-1	
3	1	710	1	0	0	1707	4740	112	24	-1	
4	1	710	1	1	0	1707	4740	112	24	-1	
5	1	710	1	1	1	1707	4740	112	24	15.599136	pT)
2	1	711	0	0	0	2282	4755	18	13	-1	
3	1	711	1	0	0	2282	4755	18	13	-1	
4	1	711	1	1	0	2282	4755	18	13	-1	
5	1	711	1	1	1	2282	4755	18	13	80.932846	va
2	1	712	0	0	0	725	4772	27	14	-1	
3	1	712	1	0	0	725	4772	27	14	-1	
4	1	712	1	1	0	725	4772	27	14	-1	
5	1	712	1	1	1	725	4772	27	14	62.131607	on
2	1	713	0	0	0	922	4755	65	22	-1	
3	1	713	1	0	0	922	4755	65	22	-1	
4	1	713	1	1	0	922	4755	65	22	-1	
5	1	713	1	1	1	922	4755	24	22	47.840771	(8)
5	1	713	1	1	2	955	4762	32	12	96.345764	RAM
2	1	714	0	0	0	1000	4762	20	13	-1	
3	1	714	1	0	0	1000	4762	20	13	-1	
4	1	714	1	1	0	1000	4762	20	13	-1	
5	1	714	1	1	1	1000	4762	20	13	95.949188	AS
2	1	715	0	0	0	1368	4783	26	10	-1	
3	1	715	1	0	0	1368	4783	26	10	-1	
4	1	715	1	1	0	1368	4783	26	10	-1	
5	1	715	1	1	1	1368	4783	26	10	54.781967	ao
2	1	716	0	0	0	1368	4767	28	15	-1	
3	1	716	1	0	0	1368	4767	28	15	-1	
4	1	716	1	1	0	1368	4767	28	15	-1	
5	1	716	1	1	1	1368	4767	28	15	37.397751	$2
2	1	717	0	0	0	1590	4753	65	22	-1	
3	1	717	1	0	0	1590	4753	65	22	-1	
4	1	717	1	1	0	1590	4753	65	22	-1	
5	1	717	1	1	1	1590	4759	33	13	67.949844	MLD
5	1	717	1	1	2	1632	4753	23	22	45.899769	(©)
2	1	718	0	0	0	2130	4776	41	13	-1	
3	1	718	1	0	0	2130	4776	41	13	-1	
4	1	718	1	1	0	2130	4776	41	13	-1	
5	1	718	1	1	1	2130	4776	41	13	94.966850	R307
2	1	719	0	0	0	2544	4783	30	7	-1	
3	1	719	1	0	0	2544	4783	30	7	-1	
4	1	719	1	1	0	2544	4783	30	7	-1	
5	1	719	1	1	1	2544	4783	30	7	56.422558	at
2	1	720	0	0	0	2544	4766	31	10	-1	
3	1	720	1	0	0	2544	4766	31	10	-1	
4	1	720	1	1	0	2544	4766	31	10	-1	
5	1	720	1	1	1	2544	4766	31	10	28.534225	Xs)
2	1	721	0	0	0	923	4781	97	22	-1	
3	1	721	1	0	0	923	4781	97	22	-1	
4	1	721	1	1	0	923	4781	97	22	-1	
5	1	721	1	1	1	923	4781	23	22	19.608093	(3)
5	1	721	1	1	2	955	4786	33	13	92.449486	RAM
5	1	721	1	1	3	1000	4786	20	12	37.354923	Ad
2	1	722	0	0	0	1369	4795	24	6	-1	
3	1	722	1	0	0	1369	4795	24	6	-1	
4	1	722	1	1	0	1369	4795	24	6	-1	
5	1	722	1	1	1	1369	4795	24	6	34.275032	1
2	1	723	0	0	0	1578	4779	77	22	-1	
3	1	723	1	0	0	1578	4779	77	22	-1	
4	1	723	1	1	0	1578	4779	77	22	-1	
5	1	723	1	1	1	1578	4784	46	13	54.268131	MCLK
5	1	723	1	1	2	1628	4775	27	31	11.913879	(3)
2	1	724	0	0	0	2545	4791	30	11	-1	
3	1	724	1	0	0	2545	4791	30	11	-1	
4	1	724	1	1	0	2545	4791	30	11	-1	
5	1	724	1	1	1	2545	4791	30	11	58.067528	<o
2	1	725	0	0	0	343	4820	28	5	-1	
3	1	725	1	0	0	343	4820	28	5	-1	
4	1	725	1	1	0	343	4820	28	5	-1	
5	1	725	1	1	1	343	4820	28	5	33.121017	=:
2	1	726	0	0	0	923	4807	64	23	-1	
3	1	726	1	0	0	923	4807	64	23	-1	
4	1	726	1	1	0	923	4807	64	23	-1	
5	1	726	1	1	1	919	4803	32	31	0.000000	(&)
5	1	726	1	1	2	960	4803	32	31	95.951202	RAM
2	1	727	0	0	0	999	4811	20	13	-1	
3	1	727	1	0	0	999	4811	20	13	-1	
4	1	727	1	1	0	999	4811	20	13	-1	
5	1	727	1	1	1	999	4811	20	13	80.557861	A3
2	1	728	0	0	0	1272	4823	29	10	-1	
3	1	728	1	0	0	1272	4823	29	10	-1	
4	1	728	1	1	0	1272	4823	29	10	-1	
5	1	728	1	1	1	1272	4823	29	10	33.624619	fe
5	1	728	1	1	2	1293	4814	13	28	33.624619	2
2	1	729	0	0	0	1566	4809	55	13	-1	
3	1	729	1	0	0	1566	4809	55	13	-1	
4	1	729	1	1	0	1566	4809	55	13	-1	
5	1	729	1	1	1	1566	4809	55	13	90.819824	MDATA
2	1	730	0	0	0	2251	4803	49	23	-1	
3	1	730	1	0	0	2251	4803	49	23	-1	
4	1	730	1	1	0	2251	4803	49	23	-1	
5	1	730	1	1	1	2251	4803	49	23	65.730522	(5)
5	1	730	1	1	2	2283	4799	21	31	61.306461	vr
2	1	731	0	0	0	1001	4838	19	13	-1	
3	1	731	1	0	0	1001	4838	19	13	-1	
4	1	731	1	1	0	1001	4838	19	13	-1	
5	1	731	1	1	1	1001	4838	19	13	88.211563	A2
2	1	732	0	0	0	1044	4830	11	9	-1	
3	1	732	1	0	0	1044	4830	11	9	-1	
4	1	732	1	1	0	1044	4830	11	9	-1	
5	1	732	1	1	1	1044	4830	11	9	86.544304	°
2	1	733	0	0	0	1072	4829	11	8	-1	
3	1	733	1	0	0	1072	4829	11	8	-1	
4	1	733	1	1	0	1072	4829	11	8	-1	
5	1	733	1	1	1	1072	4829	11	8	41.574631	i)
2	1	734	0	0	0	1313	4815	41	22	-1	
3	1	734	1	0	0	1313	4815	41	22	-1	
4	1	734	1	1	0	1313	4815	41	22	-1	
5	1	734	1	1	1	1313	4815	41	22	82.851440	Zo
2	1	735	0	0	0	1401	4763	160	75	-1	
3	1	735	1	0	0	1401	4763	160	75	-1	
4	1	735	1	1	0	1401	4763	160	75	-1	
5	1	735	1	1	1	1401	4763	160	75	45.470978	——
2	1	736	0	0	0	1565	4813	143	44	-1	
3	1	736	1	0	0	1565	4813	143	44	-1	
4	1	736	1	1	0	1565	4813	143	44	-1	
5	1	736	1	1	1	1565	4835	56	13	92.825462	OMUTE
5	1	736	1	1	2	1631	4813	77	44	0.000000	}—4
2	1	737	0	0	0	1890	4833	33	12	-1	
3	1	737	1	0	0	1890	4833	33	12	-1	
4	1	737	1	1	0	1890	4833	33	12	-1	
5	1	737	1	1	1	1890	4833	33	12	91.815811	Qu
2	1	738	0	0	0	2048	4824	50	13	-1	
3	1	738	1	0	0	2048	4824	50	13	-1	
4	1	738	1	1	0	2048	4824	50	13	-1	
5	1	738	1	1	1	2048	4824	50	13	49.160019	VR301
2	1	739	0	0	0	2121	4826	41	13	-1	
3	1	739	1	0	0	2121	4826	41	13	-1	
4	1	739	1	1	0	2121	4826	41	13	-1	
5	1	739	1	1	1	2121	4826	41	13	73.594360	C310
2	1	740	0	0	0	2866	4834	12	10	-1	
3	1	740	1	0	0	2866	4834	12	10	-1	
4	1	740	1	1	0	2866	4834	12	10	-1	
5	1	740	1	1	1	2866	4834	12	10	41.468967	°
2	1	741	0	0	0	923	4833	64	22	-1	
3	1	741	1	0	0	923	4833	64	22	-1	
4	1	741	1	1	0	923	4833	64	22	-1	
5	1	741	1	1	1	919	4829	33	30	34.021385	(i)
5	1	741	1	1	2	959	4829	28	30	96.736992	RAM
2	1	742	0	0	0	1290	4839	64	15	-1	
3	1	742	1	0	0	1290	4839	64	15	-1	
4	1	742	1	1	0	1290	4839	64	15	-1	
5	1	742	1	1	1	1290	4841	9	8	48.186089	2
5	1	742	1	1	2	1313	4839	41	15	48.186089	Zu
2	1	743	0	0	0	1890	4845	63	13	-1	
3	1	743	1	0	0	1890	4845	63	13	-1	
4	1	743	1	1	0	1890	4845	63	13	-1	
5	1	743	1	1	1	1890	4845	33	9	49.157600	=<
5	1	743	1	1	2	1942	4849	11	9	46.152458	a
2	1	744	0	0	0	2050	4842	47	13	-1	
3	1	744	1	0	0	2050	4842	47	13	-1	
4	1	744	1	1	0	2050	4842	47	13	-1	
5	1	744	1	1	1	2050	4842	47	13	0.000000	1K(B)
2	1	745	0	0	0	2122	4842	21	12	-1	
3	1	745	1	0	0	2122	4842	21	12	-1	
4	1	745	1	1	0	2122	4842	21	12	-1	
5	1	745	1	1	1	2122	4842	21	12	68.113182	0.1
2	1	746	0	0	0	923	4858	94	22	-1	
3	1	746	1	0	0	923	4858	94	22	-1	
4	1	746	1	1	0	923	4858	94	22	-1	
5	1	746	1	1	1	919	4854	32	31	30.991150	(Z)
5	1	746	1	1	2	957	4863	32	13	94.735817	RAM
5	1	746	1	1	3	1000	4863	17	13	78.737350	Al
2	1	747	0	0	0	1314	4858	40	22	-1	
3	1	747	1	0	0	1314	4858	40	22	-1	
4	1	747	1	1	0	1314	4858	40	22	-1	
5	1	747	1	1	1	1314	4858	40	22	53.611855	ON
2	1	748	0	0	0	1582	4857	73	22	-1	
3	1	748	1	0	0	1582	4857	73	22	-1	
4	1	748	1	1	0	1582	4857	73	22	-1	
5	1	748	1	1	1	1582	4862	41	13	91.351059	TRON
5	1	748	1	1	2	1632	4857	23	22	87.727371	(S)
2	1	749	0	0	0	2283	4858	96	22	-1	
3	1	749	1	0	0	2283	4858	96	22	-1	
4	1	749	1	1	0	2283	4858	96	22	-1	
5	1	749	1	1	1	2283	4854	26	30	67.451431	Vee
5	1	749	1	1	2	2324	4858	25	20	61.607002	f"
5	1	749	1	1	3	2359	4862	20	18	43.379051	g
2	1	750	0	0	0	2814	4876	28	12	-1	
3	1	750	1	0	0	2814	4876	28	12	-1	
4	1	750	1	1	0	2814	4876	28	12	-1	
5	1	750	1	1	1	2814	4876	28	12	69.622620	er
2	1	751	0	0	0	923	4884	64	23	-1	
3	1	751	1	0	0	923	4884	64	23	-1	
4	1	751	1	1	0	923	4884	64	23	-1	
5	1	751	1	1	1	919	4880	34	31	0.000000	(@)
5	1	751	1	1	2	960	4880	32	31	95.416405	RAM
2	1	752	0	0	0	1000	4889	21	13	-1	
3	1	752	1	0	0	1000	4889	21	13	-1	
4	1	752	1	1	0	1000	4889	21	13	-1	
5	1	752	1	1	1	1000	4889	21	13	80.898994	AO
2	1	753	0	0	0	1533	4885	90	15	-1	
3	1	753	1	0	0	1533	4885	90	15	-1	
4	1	753	1	1	0	1533	4885	90	15	-1	
5	1	753	1	1	1	1533	4881	39	27	41.141582	SS
5	1	753	1	1	2	1580	4887	43	13	64.080231	STAT
2	1	754	0	0	0	1822	4888	136	7	-1	
3	1	754	1	0	0	1822	4888	136	7	-1	
4	1	754	1	1	0	1822	4888	136	7	-1	
5	1	754	1	1	1	1822	4888	136	7	58.067894	2:
5	1	754	1	1	2	1953	4876	8	28	59.744724	|
2	1	755	0	0	0	2815	4896	25	16	-1	
3	1	755	1	0	0	2815	4896	25	16	-1	
4	1	755	1	1	0	2815	4896	25	16	-1	
5	1	755	1	1	1	2815	4896	25	16	44.320961	<2
2	1	756	0	0	0	924	4909	94	24	-1	
3	1	756	1	0	0	924	4909	94	24	-1	
4	1	756	1	1	0	924	4909	94	24	-1	
5	1	756	1	1	1	924	4909	23	24	0.000000	()
5	1	756	1	1	2	956	4915	33	13	96.583481	RAM
5	1	756	1	1	3	997	4915	21	13	96.583481	WE
2	1	757	0	0	0	1579	4912	43	14	-1	
3	1	757	1	0	0	1579	4912	43	14	-1	
4	1	757	1	1	0	1579	4912	43	14	-1	
5	1	757	1	1	1	1579	4912	43	14	63.668449	SMCK
2	1	758	0	0	0	1632	4882	146	39	-1	
3	1	758	1	0	0	1632	4882	146	39	-1	
4	1	758	1	1	0	1632	4882	146	39	-1	
5	1	758	1	1	1	1632	4882	146	39	33.470932	OT
2	1	759	0	0	0	2056	4858	130	61	-1	
3	1	759	1	0	0	2056	4858	130	61	-1	
4	1	759	1	1	0	2056	4858	130	61	-1	
5	1	759	1	1	1	2056	4858	8	50	2.048706	t
5	1	759	1	1	2	2077	4892	39	13	77.135010	C30!
5	1	759	1	1	3	2129	4892	40	27	50.169605	pove
5	1	759	1	1	4	2178	4893	8	13	96.422256	2
2	1	760	0	0	0	2251	4907	39	23	-1	
3	1	760	1	0	0	2251	4907	39	23	-1	
4	1	760	1	1	0	2251	4907	39	23	-1	
5	1	760	1	1	1	2251	4907	39	23	35.229637	@)c
2	1	761	0	0	0	2627	4896	25	33	-1	
3	1	761	1	0	0	2627	4896	25	33	-1	
4	1	761	1	1	0	2627	4896	25	33	-1	
5	1	761	1	1	1	2627	4896	25	33	0.000000	'o
2	1	762	0	0	0	2815	4919	28	9	-1	
3	1	762	1	0	0	2815	4919	28	9	-1	
4	1	762	1	1	0	2815	4919	28	9	-1	
5	1	762	1	1	1	2815	4919	28	9	77.998085	on
2	1	763	0	0	0	1133	4930	27	6	-1	
3	1	763	1	0	0	1133	4930	27	6	-1	
4	1	763	1	1	0	1133	4930	27	6	-1	
5	1	763	1	1	1	1133	4930	27	6	8.494659	4
2	1	764	0	0	0	1721	4932	43	13	-1	
3	1	764	1	0	0	1721	4932	43	13	-1	
4	1	764	1	1	0	1721	4932	43	13	-1	
5	1	764	1	1	1	1721	4932	43	13	96.696609	R306
2	1	765	0	0	0	2049	4917	24	18	-1	
3	1	765	1	0	0	2049	4917	24	18	-1	
4	1	765	1	1	0	2049	4917	24	18	-1	
5	1	765	1	1	1	2049	4917	24	18	70.404999	me]
2	1	766	0	0	0	2542	4926	37	12	-1	
3	1	766	1	0	0	2542	4926	37	12	-1	
4	1	766	1	1	0	2542	4926	37	12	-1	
5	1	766	1	1	1	2542	4926	37	12	52.534977	ca
2	1	767	0	0	0	923	4938	93	20	-1	
3	1	767	1	0	0	923	4938	93	20	-1	
4	1	767	1	1	0	923	4938	93	20	-1	
5	1	767	1	1	1	923	4938	23	20	52.023674	(2)
5	1	767	1	1	2	955	4941	33	13	96.091454	RAM
5	1	767	1	1	3	997	4941	19	13	96.091454	DE
2	1	768	0	0	0	1132	4962	28	7	-1	
3	1	768	1	0	0	1132	4962	28	7	-1	
4	1	768	1	1	0	1132	4962	28	7	-1	
5	1	768	1	1	1	1132	4962	28	7	66.724503	—
2	1	769	0	0	0	1579	4934	76	22	-1	
3	1	769	1	0	0	1579	4934	76	22	-1	
4	1	769	1	1	0	1579	4934	76	22	-1	
5	1	769	1	1	1	1579	4939	45	13	59.794411	PMCK
5	1	769	1	1	2	1632	4934	23	22	82.521408	(G)
2	1	770	0	0	0	1724	4950	32	13	-1	
3	1	770	1	0	0	1724	4950	32	13	-1	
4	1	770	1	1	0	1724	4950	32	13	-1	
5	1	770	1	1	1	1724	4950	32	13	75.115799	1.5K
2	1	771	0	0	0	2082	4921	179	49	-1	
3	1	771	1	0	0	2082	4921	179	49	-1	
4	1	771	1	1	0	2082	4921	179	49	-1	
5	1	771	1	1	1	2082	4921	179	49	40.706638	aa
2	1	772	0	0	0	2359	4955	27	7	-1	
3	1	772	1	0	0	2359	4955	27	7	-1	
4	1	772	1	1	0	2359	4955	27	7	-1	
5	1	772	1	1	1	2359	4955	27	7	36.843033	—
2	1	773	0	0	0	923	4961	54	22	-1	
3	1	773	1	0	0	923	4961	54	22	-1	
4	1	773	1	1	0	923	4961	54	22	-1	
5	1	773	1	1	1	923	4961	54	22	84.996193	(8)
5	1	773	1	1	2	956	4957	23	30	74.450584	vo
2	1	774	0	0	0	1471	4922	106	70	-1	
3	1	774	1	0	0	1471	4922	106	70	-1	
4	1	774	1	1	0	1471	4922	106	70	-1	
5	1	774	1	1	1	1471	4922	106	70	43.496689	a
2	1	775	0	0	0	1596	4965	27	13	-1	
3	1	775	1	0	0	1596	4965	27	13	-1	
4	1	775	1	1	0	1596	4965	27	13	-1	
5	1	775	1	1	1	1596	4965	27	13	0.000000	iT
2	1	776	0	0	0	2050	4959	24	17	-1	
3	1	776	1	0	0	2050	4959	24	17	-1	
4	1	776	1	1	0	2050	4959	24	17	-1	
5	1	776	1	1	1	2050	4959	24	17	58.477940	rc
2	1	777	0	0	0	2087	4976	40	12	-1	
3	1	777	1	0	0	2087	4976	40	12	-1	
4	1	777	1	1	0	2087	4976	40	12	-1	
5	1	777	1	1	1	2087	4976	40	12	45.674740	c4ai4a
2	1	778	0	0	0	2284	4964	18	13	-1	
3	1	778	1	0	0	2284	4964	18	13	-1	
4	1	778	1	1	0	2284	4964	18	13	-1	
5	1	778	1	1	1	2284	4964	18	13	86.733948	c2
2	1	779	0	0	0	923	4987	51	23	-1	
3	1	779	1	0	0	923	4987	51	23	-1	
4	1	779	1	1	0	923	4987	51	23	-1	
5	1	779	1	1	1	923	4987	51	23	60.521988	(3)
5	1	779	1	1	2	957	4983	22	31	46.666161	01
2	1	780	0	0	0	1580	4990	43	14	-1	
3	1	780	1	0	0	1580	4990	43	14	-1	
4	1	780	1	1	0	1580	4990	43	14	-1	
5	1	780	1	1	1	1580	4990	43	14	96.509384	TEST
2	1	781	0	0	0	1603	5018	21	13	-1	
3	1	781	1	0	0	1603	5018	21	13	-1	
4	1	781	1	1	0	1603	5018	21	13	-1	
5	1	781	1	1	1	1603	5018	21	13	85.252388	x2
2	1	782	0	0	0	2051	4989	100	39	-1	
3	1	782	1	0	0	2051	4989	100	39	-1	
4	1	782	1	1	0	2051	4989	100	39	-1	
5	1	782	1	1	1	2051	4989	24	35	0.000000	»
5	1	782	1	1	2	2086	4997	8	13	49.484955	§
5	1	782	1	1	3	2101	4997	50	31	28.223434	3100
2	1	783	0	0	0	925	5013	52	23	-1	
3	1	783	1	0	0	925	5013	52	23	-1	
4	1	783	1	1	0	925	5013	52	23	-1	
5	1	783	1	1	1	925	5013	52	23	58.278118	()
5	1	783	1	1	2	959	5009	22	31	92.825935	02
2	1	784	0	0	0	1086	5039	28	6	-1	
3	1	784	1	0	0	1086	5039	28	6	-1	
4	1	784	1	1	0	1086	5039	28	6	-1	
5	1	784	1	1	1	1086	5039	28	6	43.515228	=
2	1	785	0	0	0	1132	5045	27	7	-1	
3	1	785	1	0	0	1132	5045	27	7	-1	
4	1	785	1	1	0	1132	5045	27	7	-1	
5	1	785	1	1	1	1132	5045	27	7	49.767334	—_
2	1	786	0	0	0	1427	5037	42	11	-1	
3	1	786	1	0	0	1427	5037	42	11	-1	
4	1	786	1	1	0	1427	5037	42	11	-1	
5	1	786	1	1	1	1427	5037	42	11	8.847542	of
2	1	787	0	0	0	1632	4986	95	63	-1	
3	1	787	1	0	0	1632	4986	95	63	-1	
4	1	787	1	1	0	1632	4986	95	63	-1	
5	1	787	1	1	1	1632	4986	95	63	18.449127	S|]
2	1	788	0	0	0	2052	5038	3	5	-1	
3	1	788	1	0	0	2052	5038	3	5	-1	
4	1	788	1	1	0	2052	5038	3	5	-1	
5	1	788	1	1	1	2052	5038	3	5	12.291992	7
2	1	789	0	0	0	2090	5027	43	21	-1	
3	1	789	1	0	0	2090	5027	43	21	-1	
4	1	789	1	1	0	2090	5027	43	21	-1	
5	1	789	1	1	1	2090	5027	43	21	50.089584	cae
2	1	790	0	0	0	2251	5011	80	23	-1	
3	1	790	1	0	0	2251	5011	80	23	-1	
4	1	790	1	1	0	2251	5011	80	23	-1	
5	1	790	1	1	1	2247	5007	28	31	51.045189	()
5	1	790	1	1	2	2283	5007	48	31	72.717194	A.GNO
2	1	791	0	0	0	3063	5030	27	7	-1	
3	1	791	1	0	0	3063	5030	27	7	-1	
4	1	791	1	1	0	3063	5030	27	7	-1	
5	1	791	1	1	1	3063	5030	27	7	95.912598	=
2	1	792	0	0	0	925	5040	50	22	-1	
3	1	792	1	0	0	925	5040	50	22	-1	
4	1	792	1	1	0	925	5040	50	22	-1	
5	1	792	1	1	1	925	5040	50	22	53.099663	(8)
5	1	792	1	1	2	958	5036	19	32	92.898994	03
2	1	793	0	0	0	1605	5045	15	11	-1	
3	1	793	1	0	0	1605	5045	15	11	-1	
4	1	793	1	1	0	1605	5045	15	11	-1	
5	1	793	1	1	1	1605	5045	15	11	61.318512	x1
2	1	794	0	0	0	2085	5051	51	20	-1	
3	1	794	1	0	0	2085	5051	51	20	-1	
4	1	794	1	1	0	2085	5051	51	20	-1	
5	1	794	1	1	1	2085	5052	9	13	61.231834	6
5	1	794	1	1	2	2099	5051	37	20	38.866470	3v22
2	1	795	0	0	0	924	5066	53	22	-1	
3	1	795	1	0	0	924	5066	53	22	-1	
4	1	795	1	1	0	924	5066	53	22	-1	
5	1	795	1	1	1	924	5066	53	22	60.428665	{&)
5	1	795	1	1	2	958	5062	22	31	96.296837	04
2	1	796	0	0	0	1086	5049	67	26	-1	
3	1	796	1	0	0	1086	5049	67	26	-1	
4	1	796	1	1	0	1086	5049	67	26	-1	
5	1	796	1	1	1	1086	5049	67	26	41.268188	30
2	1	797	0	0	0	1593	5064	63	23	-1	
3	1	797	1	0	0	1593	5064	63	23	-1	
4	1	797	1	1	0	1593	5064	63	23	-1	
5	1	797	1	1	1	1593	5070	30	13	54.483089	se.
5	1	797	1	1	2	1632	5064	24	23	54.483089	@)
2	1	798	0	0	0	2111	5074	5	6	-1	
3	1	798	1	0	0	2111	5074	5	6	-1	
4	1	798	1	1	0	2111	5074	5	6	-1	
5	1	798	1	1	1	2111	5074	5	6	44.147675	4
2	1	799	0	0	0	2122	5079	10	9	-1	
3	1	799	1	0	0	2122	5079	10	9	-1	
4	1	799	1	1	0	2122	5079	10	9	-1	
5	1	799	1	1	1	2122	5079	10	9	14.904343	rs
2	1	800	0	0	0	2252	5063	50	23	-1	
3	1	800	1	0	0	2252	5063	50	23	-1	
4	1	800	1	1	0	2252	5063	50	23	-1	
5	1	800	1	1	1	2252	5063	50	23	72.673843	G)
5	1	800	1	1	2	2285	5059	19	32	96.477402	RF
2	1	801	0	0	0	1539	5094	85	14	-1	
3	1	801	1	0	0	1539	5094	85	14	-1	
4	1	801	1	1	0	1539	5094	85	14	-1	
5	1	801	1	1	1	1539	5094	38	13	63.459469	LOG/
5	1	801	1	1	2	1581	5094	43	14	52.475582	woCK
2	1	802	0	0	0	925	5092	53	23	-1	
3	1	802	1	0	0	925	5092	53	23	-1	
4	1	802	1	1	0	925	5092	53	23	-1	
5	1	802	1	1	1	925	5092	53	23	27.417366	(5)
5	1	802	1	1	2	959	5088	22	31	78.003990	D5
2	1	803	0	0	0	2073	5109	37	13	-1	
3	1	803	1	0	0	2073	5109	37	13	-1	
4	1	803	1	1	0	2073	5109	37	13	-1	
5	1	803	1	1	1	2073	5109	37	13	81.461426	RI76
2	1	804	0	0	0	2531	5099	93	29	-1	
3	1	804	1	0	0	2531	5099	93	29	-1	
4	1	804	1	1	0	2531	5099	93	29	-1	
5	1	804	1	1	1	2531	5099	93	29	37.224842	aacce
2	1	805	0	0	0	3063	5125	27	7	-1	
3	1	805	1	0	0	3063	5125	27	7	-1	
4	1	805	1	1	0	3063	5125	27	7	-1	
5	1	805	1	1	1	3063	5125	27	7	31.703186	Ps
2	1	806	0	0	0	924	5118	54	22	-1	
3	1	806	1	0	0	924	5118	54	22	-1	
4	1	806	1	1	0	924	5118	54	22	-1	
5	1	806	1	1	1	924	5118	54	22	0.000000	(£)
5	1	806	1	1	2	957	5114	23	30	65.624565	v6
2	1	807	0	0	0	1530	5116	126	22	-1	
3	1	807	1	0	0	1530	5116	126	22	-1	
4	1	807	1	1	0	1530	5116	126	22	-1	
5	1	807	1	1	1	1530	5110	55	35	0.000000	~~
5	1	807	1	1	2	1593	5123	32	13	0.000000	r06
5	1	807	1	1	3	1633	5110	28	35	7.496185	@)
2	1	808	0	0	0	1729	5129	167	22	-1	
3	1	808	1	0	0	1729	5129	167	22	-1	
4	1	808	1	1	0	1729	5129	167	22	-1	
5	1	808	1	1	1	1729	5129	167	22	0.000000	Totty
5	1	808	1	1	2	1879	5125	19	37	61.244923	|
2	1	809	0	0	0	2079	5125	29	13	-1	
3	1	809	1	0	0	2079	5125	29	13	-1	
4	1	809	1	1	0	2079	5125	29	13	-1	
5	1	809	1	1	1	2079	5125	29	13	96.819092	470
2	1	810	0	0	0	2691	5133	31	15	-1	
3	1	810	1	0	0	2691	5133	31	15	-1	
4	1	810	1	1	0	2691	5133	31	15	-1	
5	1	810	1	1	1	2691	5133	31	15	20.425880	is),
2	1	811	0	0	0	852	5151	24	18	-1	
3	1	811	1	0	0	852	5151	24	18	-1	
4	1	811	1	1	0	852	5151	24	18	-1	
5	1	811	1	1	1	852	5151	24	18	74.917053	Le
2	1	812	0	0	0	924	5144	52	24	-1	
3	1	812	1	0	0	924	5144	52	24	-1	
4	1	812	1	1	0	924	5144	52	24	-1	
5	1	812	1	1	1	924	5144	52	24	77.189606	(&)
5	1	812	1	1	2	958	5140	20	33	89.275162	07
2	1	813	0	0	0	1573	5142	83	23	-1	
3	1	813	1	0	0	1573	5142	83	23	-1	
4	1	813	1	1	0	1573	5142	83	23	-1	
5	1	813	1	1	1	1573	5147	53	14	91.799988	DEMPH
5	1	813	1	1	2	1633	5142	23	23	30.635292	(©)
2	1	814	0	0	0	2695	5139	24	23	-1	
3	1	814	1	0	0	2695	5139	24	23	-1	
4	1	814	1	1	0	2695	5139	24	23	-1	
5	1	814	1	1	1	2695	5139	24	23	83.589340	(2)
2	1	815	0	0	0	2628	5132	72	43	-1	
3	1	815	1	0	0	2628	5132	72	43	-1	
4	1	815	1	1	0	2628	5132	72	43	-1	
5	1	815	1	1	1	2628	5132	72	43	44.294086	om
2	1	816	0	0	0	2695	5165	23	23	-1	
3	1	816	1	0	0	2695	5165	23	23	-1	
4	1	816	1	1	0	2695	5165	23	23	-1	
5	1	816	1	1	1	2695	5165	23	23	90.935837	(2)
2	1	817	0	0	0	2713	5154	9	20	-1	
3	1	817	1	0	0	2713	5154	9	20	-1	
4	1	817	1	1	0	2713	5154	9	20	-1	
5	1	817	1	1	1	2713	5154	9	20	55.895821	‘]
2	1	818	0	0	0	2724	5131	55	57	-1	
3	1	818	1	0	0	2724	5131	55	57	-1	
4	1	818	1	1	0	2724	5131	55	57	-1	
5	1	818	1	1	1	2724	5131	55	57	58.552700	He
2	1	819	0	0	0	1774	5181	75	13	-1	
3	1	819	1	0	0	1774	5181	75	13	-1	
4	1	819	1	1	0	1774	5181	75	13	-1	
5	1	819	1	1	1	1774	5181	75	13	83.778305	aoca
2	1	820	0	0	0	2039	5193	43	17	-1	
3	1	820	1	0	0	2039	5193	43	17	-1	
4	1	820	1	1	0	2039	5193	43	17	-1	
5	1	820	1	1	1	2039	5193	43	17	23.463448	335
2	1	821	0	0	0	2192	5183	201	21	-1	
3	1	821	1	0	0	2192	5183	201	21	-1	
4	1	821	1	1	0	2192	5183	201	21	-1	
5	1	821	1	1	1	2192	5183	201	21	38.791824	[zo
2	1	822	0	0	0	1258	5207	38	11	-1	
3	1	822	1	0	0	1258	5207	38	11	-1	
4	1	822	1	1	0	1258	5207	38	11	-1	
5	1	822	1	1	1	1258	5207	38	11	90.638344	a2
2	1	823	0	0	0	1258	5220	64	9	-1	
3	1	823	1	0	0	1258	5220	64	9	-1	
4	1	823	1	1	0	1258	5220	64	9	-1	
5	1	823	1	1	1	1258	5220	64	9	14.862488	<fFo
2	1	824	0	0	0	2027	5213	62	15	-1	
3	1	824	1	0	0	2027	5213	62	15	-1	
4	1	824	1	1	0	2027	5213	62	15	-1	
5	1	824	1	1	1	2027	5213	62	15	76.050247	6.3V100
2	1	825	0	0	0	2578	5204	46	24	-1	
3	1	825	1	0	0	2578	5204	46	24	-1	
4	1	825	1	1	0	2578	5204	46	24	-1	
5	1	825	1	1	1	2578	5204	46	24	49.943104	TT
2	1	826	0	0	0	2629	5205	94	22	-1	
3	1	826	1	0	0	2629	5205	94	22	-1	
4	1	826	1	1	0	2629	5205	94	22	-1	
5	1	826	1	1	1	2629	5205	94	22	38.834492	Vex
2	1	827	0	0	0	2632	5191	23	23	-1	
3	1	827	1	0	0	2632	5191	23	23	-1	
4	1	827	1	1	0	2632	5191	23	23	-1	
5	1	827	1	1	1	2632	5191	23	23	59.089695	~
2	1	828	0	0	0	2695	5179	80	48	-1	
3	1	828	1	0	0	2695	5179	80	48	-1	
4	1	828	1	1	0	2695	5179	80	48	-1	
5	1	828	1	1	1	2695	5179	80	48	34.921143	OS)
2	1	829	0	0	0	2628	5232	8	19	-1	
3	1	829	1	0	0	2628	5232	8	19	-1	
4	1	829	1	1	0	2628	5232	8	19	-1	
5	1	829	1	1	1	2628	5232	8	19	74.560074	>
2	1	830	0	0	0	2632	5217	23	23	-1	
3	1	830	1	0	0	2632	5217	23	23	-1	
4	1	830	1	1	0	2632	5217	23	23	-1	
5	1	830	1	1	1	2632	5217	23	23	82.085823	(2)
2	1	831	0	0	0	2695	5217	24	23	-1	
3	1	831	1	0	0	2695	5217	24	23	-1	
4	1	831	1	1	0	2695	5217	24	23	-1	
5	1	831	1	1	1	2695	5217	24	23	51.986385	(>)
2	1	832	0	0	0	2753	5206	27	34	-1	
3	1	832	1	0	0	2753	5206	27	34	-1	
4	1	832	1	1	0	2753	5206	27	34	-1	
5	1	832	1	1	1	2753	5206	27	34	23.790619	Sy
2	1	833	0	0	0	1018	5236	310	24	-1	
3	1	833	1	0	0	1018	5236	310	24	-1	
4	1	833	1	1	0	1018	5236	310	24	-1	
5	1	833	1	1	1	1018	5236	310	24	2.090698	®GOOOOOOHOOOO)
2	1	834	0	0	0	1331	5236	232	24	-1	
3	1	834	1	0	0	1331	5236	232	24	-1	
4	1	834	1	1	0	1331	5236	232	24	-1	
5	1	834	1	1	1	1331	5236	232	24	0.000000	QOOQOOQOOO)
2	1	835	0	0	0	1741	5243	55	18	-1	
3	1	835	1	0	0	1741	5243	55	18	-1	
4	1	835	1	1	0	1741	5243	55	18	-1	
5	1	835	1	1	1	1741	5243	55	18	75.547440	aod
2	1	836	0	0	0	2515	5230	81	24	-1	
3	1	836	1	0	0	2515	5230	81	24	-1	
4	1	836	1	1	0	2515	5230	81	24	-1	
5	1	836	1	1	1	2515	5230	81	24	40.885372	[TTT
2	1	837	0	0	0	2633	5230	143	36	-1	
3	1	837	1	0	0	2633	5230	143	36	-1	
4	1	837	1	1	0	2633	5230	143	36	-1	
5	1	837	1	1	1	2633	5231	28	34	17.713890	ot
5	1	837	1	1	2	2686	5226	43	57	9.908249	Ka}
5	1	837	1	1	3	2733	5226	44	57	0.000000	-KS)
2	1	838	0	0	0	2629	5255	62	24	-1	
3	1	838	1	0	0	2629	5255	62	24	-1	
4	1	838	1	1	0	2629	5255	62	24	-1	
5	1	838	1	1	1	2629	5255	62	24	30.597733	bs
5	1	838	1	1	2	2685	5251	10	40	30.597733	I
2	1	839	0	0	0	2633	5269	24	23	-1	
3	1	839	1	0	0	2633	5269	24	23	-1	
4	1	839	1	1	0	2633	5269	24	23	-1	
5	1	839	1	1	1	2633	5269	24	23	86.478645	(>)
2	1	840	0	0	0	2692	5258	8	18	-1	
3	1	840	1	0	0	2692	5258	8	18	-1	
4	1	840	1	1	0	2692	5258	8	18	-1	
5	1	840	1	1	1	2692	5258	8	18	0.000000	p
2	1	841	0	0	0	1449	5285	42	13	-1	
3	1	841	1	0	0	1449	5285	42	13	-1	
4	1	841	1	1	0	1449	5285	42	13	-1	
5	1	841	1	1	1	1449	5285	13	8	36.667145	<<
5	1	841	1	1	2	1478	5289	13	9	49.001358	Jw
2	1	842	0	0	0	1702	5294	33	12	-1	
3	1	842	1	0	0	1702	5294	33	12	-1	
4	1	842	1	1	0	1702	5294	33	12	-1	
5	1	842	1	1	1	1702	5294	33	12	32.705093	wd
2	1	843	0	0	0	2023	5304	39	4	-1	
3	1	843	1	0	0	2023	5304	39	4	-1	
4	1	843	1	1	0	2023	5304	39	4	-1	
5	1	843	1	1	1	2023	5304	39	4	0.000000	eepeee
2	1	844	0	0	0	2662	5230	29	75	-1	
3	1	844	1	0	0	2662	5230	29	75	-1	
4	1	844	1	1	0	2662	5230	29	75	-1	
5	1	844	1	1	1	2662	5230	29	75	34.392868	:
2	1	845	0	0	0	2693	5255	88	49	-1	
3	1	845	1	0	0	2693	5255	88	49	-1	
4	1	845	1	1	0	2693	5255	88	49	-1	
5	1	845	1	1	1	2693	5255	88	49	28.933640	oe
2	1	846	0	0	0	2715	5282	43	23	-1	
3	1	846	1	0	0	2715	5282	43	23	-1	
4	1	846	1	1	0	2715	5282	43	23	-1	
5	1	846	1	1	1	2715	5283	8	19	50.741669	\
5	1	846	1	1	2	2725	5282	33	23	26.233276	i,
2	1	847	0	0	0	2920	5254	116	51	-1	
3	1	847	1	0	0	2920	5254	116	51	-1	
4	1	847	1	1	0	2920	5254	116	51	-1	
5	1	847	1	1	1	2920	5254	116	51	26.525665	a
2	1	848	0	0	0	1274	5297	136	22	-1	
3	1	848	1	0	0	1274	5297	136	22	-1	
4	1	848	1	1	0	1274	5297	136	22	-1	
5	1	848	1	1	1	1274	5298	47	21	0.000000	</F
5	1	848	1	1	2	1340	5297	70	18	0.000000	 i<
2	1	849	0	0	0	1541	5304	30	16	-1	
3	1	849	1	0	0	1541	5304	30	16	-1	
4	1	849	1	1	0	1541	5304	30	16	-1	
5	1	849	1	1	1	1541	5304	30	16	41.445206	oe
2	1	850	0	0	0	1542	5318	29	14	-1	
3	1	850	1	0	0	1542	5318	29	14	-1	
4	1	850	1	1	0	1542	5318	29	14	-1	
5	1	850	1	1	1	1542	5318	29	14	47.456665	Qo
2	1	851	0	0	0	1778	5302	51	14	-1	
3	1	851	1	0	0	1778	5302	51	14	-1	
4	1	851	1	1	0	1778	5302	51	14	-1	
5	1	851	1	1	1	1778	5302	51	14	64.153198	aN
2	1	852	0	0	0	2252	5305	16	11	-1	
3	1	852	1	0	0	2252	5305	16	11	-1	
4	1	852	1	1	0	2252	5305	16	11	-1	
5	1	852	1	1	1	2252	5305	16	11	51.442070	o
2	1	853	0	0	0	2578	5257	50	74	-1	
3	1	853	1	0	0	2578	5257	50	74	-1	
4	1	853	1	1	0	2578	5257	50	74	-1	
5	1	853	1	1	1	2578	5257	50	74	0.000000	E
2	1	854	0	0	0	2633	5295	28	36	-1	
3	1	854	1	0	0	2633	5295	28	36	-1	
4	1	854	1	1	0	2633	5295	28	36	-1	
5	1	854	1	1	1	2633	5295	28	36	0.000000	ei
2	1	855	0	0	0	2697	5294	23	23	-1	
3	1	855	1	0	0	2697	5294	23	23	-1	
4	1	855	1	1	0	2697	5294	23	23	-1	
5	1	855	1	1	1	2697	5294	23	23	12.760391	(1)
2	1	856	0	0	0	1439	5338	39	12	-1	
3	1	856	1	0	0	1439	5338	39	12	-1	
4	1	856	1	1	0	1439	5338	39	12	-1	
5	1	856	1	1	1	1439	5338	39	12	79.628113	oa
2	1	857	0	0	0	1075	5315	226	48	-1	
3	1	857	1	0	0	1075	5315	226	48	-1	
4	1	857	1	1	0	1075	5315	226	48	-1	
5	1	857	1	1	1	1075	5315	32	48	93.897697	=
5	1	857	1	1	2	1106	5315	119	43	46.624725	——
5	1	857	1	1	3	1284	5338	17	12	80.487885	a
2	1	858	0	0	0	1544	5351	34	13	-1	
3	1	858	1	0	0	1544	5351	34	13	-1	
4	1	858	1	1	0	1544	5351	34	13	-1	
5	1	858	1	1	1	1544	5351	34	13	35.332909	Ore
2	1	859	0	0	0	1878	5341	62	21	-1	
3	1	859	1	0	0	1878	5341	62	21	-1	
4	1	859	1	1	0	1878	5341	62	21	-1	
5	1	859	1	1	1	1878	5341	62	21	51.567993	IN
2	1	860	0	0	0	2650	5335	11	24	-1	
3	1	860	1	0	0	2650	5335	11	24	-1	
4	1	860	1	1	0	2650	5335	11	24	-1	
5	1	860	1	1	1	2650	5335	11	24	36.344913	4]
2	1	861	0	0	0	2662	5308	119	47	-1	
3	1	861	1	0	0	2662	5308	119	47	-1	
4	1	861	1	1	0	2662	5308	119	47	-1	
5	1	861	1	1	1	2662	5308	119	47	26.534416	ome
2	1	862	0	0	0	2903	5346	42	23	-1	
3	1	862	1	0	0	2903	5346	42	23	-1	
4	1	862	1	1	0	2903	5346	42	23	-1	
5	1	862	1	1	1	2903	5346	42	23	41.427917	(8
2	1	863	0	0	0	1074	5370	36	9	-1	
3	1	863	1	0	0	1074	5370	36	9	-1	
4	1	863	1	1	0	1074	5370	36	9	-1	
5	1	863	1	1	1	1074	5370	36	9	87.333710	ow
2	1	864	0	0	0	1519	5369	60	13	-1	
3	1	864	1	0	0	1519	5369	60	13	-1	
4	1	864	1	1	0	1519	5369	60	13	-1	
5	1	864	1	1	1	1519	5369	60	13	68.064072	ook
2	1	865	0	0	0	2158	5376	49	12	-1	
3	1	865	1	0	0	2158	5376	49	12	-1	
4	1	865	1	1	0	2158	5376	49	12	-1	
5	1	865	1	1	1	2158	5376	49	12	90.685295	ao
2	1	866	0	0	0	2630	5337	31	42	-1	
3	1	866	1	0	0	2630	5337	31	42	-1	
4	1	866	1	1	0	2630	5337	31	42	-1	
5	1	866	1	1	1	2630	5337	31	42	26.092346	Oo}
2	1	867	0	0	0	722	5395	27	17	-1	
3	1	867	1	0	0	722	5395	27	17	-1	
4	1	867	1	1	0	722	5395	27	17	-1	
5	1	867	1	1	1	722	5395	27	17	40.994968	3a
2	1	868	0	0	0	722	5380	29	14	-1	
3	1	868	1	0	0	722	5380	29	14	-1	
4	1	868	1	1	0	722	5380	29	14	-1	
5	1	868	1	1	1	722	5380	29	14	53.982903	<2
2	1	869	0	0	0	1520	5384	29	11	-1	
3	1	869	1	0	0	1520	5384	29	11	-1	
4	1	869	1	1	0	1520	5384	29	11	-1	
5	1	869	1	1	1	1520	5384	29	11	94.855881	<<
2	1	870	0	0	0	2224	5401	37	12	-1	
3	1	870	1	0	0	2224	5401	37	12	-1	
4	1	870	1	1	0	2224	5401	37	12	-1	
5	1	870	1	1	1	2224	5401	37	12	44.192333	ciso
2	1	871	0	0	0	2255	5375	64	33	-1	
3	1	871	1	0	0	2255	5375	64	33	-1	
4	1	871	1	1	0	2255	5375	64	33	-1	
5	1	871	1	1	1	2255	5378	31	30	0.000000	,o
5	1	871	1	1	2	2306	5375	13	11	69.855263	a
2	1	872	0	0	0	2390	5176	161	241	-1	
3	1	872	1	0	0	2390	5176	166	241	-1	
4	1	872	1	1	0	2390	5176	161	241	-1	
5	1	872	1	1	1	2390	5176	161	241	43.237579	‘al
2	1	873	0	0	0	723	5412	25	7	-1	
3	1	873	1	0	0	723	5412	25	7	-1	
4	1	873	1	1	0	723	5412	25	7	-1	
5	1	873	1	1	1	723	5412	25	7	9.566559	g<
2	1	874	0	0	0	1987	5404	84	14	-1	
3	1	874	1	0	0	1987	5404	84	14	-1	
4	1	874	1	1	0	1987	5404	84	14	-1	
5	1	874	1	1	1	1987	5404	20	11	42.108948	INE
5	1	874	1	1	2	2025	5405	17	12	0.000000	VR
5	1	874	1	1	3	2045	5398	26	28	0.000000	104
2	1	875	0	0	0	2110	5401	37	13	-1	
3	1	875	1	0	0	2110	5401	37	13	-1	
4	1	875	1	1	0	2110	5401	37	13	-1	
5	1	875	1	1	1	2110	5401	37	13	51.176991	Cl29
2	1	876	0	0	0	2223	5417	40	13	-1	
3	1	876	1	0	0	2223	5417	40	13	-1	
4	1	876	1	1	0	2223	5417	40	13	-1	
5	1	876	1	1	1	2223	5417	40	13	9.847382	220P.
2	1	877	0	0	0	1950	5448	24	4	-1	
3	1	877	1	0	0	1950	5448	24	4	-1	
4	1	877	1	1	0	1950	5448	24	4	-1	
5	1	877	1	1	1	1950	5448	24	4	47.939606	pot
2	1	878	0	0	0	3053	5437	17	12	-1	
3	1	878	1	0	0	3053	5437	17	12	-1	
4	1	878	1	1	0	3053	5437	17	12	-1	
5	1	878	1	1	1	3053	5437	17	12	74.354935	1K
2	1	879	0	0	0	2211	5434	88	24	-1	
3	1	879	1	0	0	2211	5434	88	24	-1	
4	1	879	1	1	0	2211	5434	88	24	-1	
5	1	879	1	1	1	2211	5434	88	24	67.663429	Hy,
2	1	880	0	0	0	2949	5412	88	50	-1	
3	1	880	1	0	0	2949	5412	88	50	-1	
4	1	880	1	1	0	2949	5412	88	50	-1	
5	1	880	1	1	1	2949	5412	88	50	46.387234	Ld
2	1	881	0	0	0	2034	5472	30	13	-1	
3	1	881	1	0	0	2034	5472	30	13	-1	
4	1	881	1	1	0	2034	5472	30	13	-1	
5	1	881	1	1	1	2034	5472	30	13	65.767197	680)
2	1	882	0	0	0	670	5478	52	27	-1	
3	1	882	1	0	0	670	5478	52	27	-1	
4	1	882	1	1	0	670	5478	52	27	-1	
5	1	882	1	1	1	670	5478	52	27	37.647953	eX
2	1	883	0	0	0	2214	5499	26	10	-1	
3	1	883	1	0	0	2214	5499	26	10	-1	
4	1	883	1	1	0	2214	5499	26	10	-1	
5	1	883	1	1	1	2214	5499	26	10	61.567604	RO
2	1	884	0	0	0	2629	5496	31	16	-1	
3	1	884	1	0	0	2629	5496	31	16	-1	
4	1	884	1	1	0	2629	5496	31	16	-1	
5	1	884	1	1	1	2629	5496	31	16	38.198227	ZH
2	1	885	0	0	0	2650	5361	54	151	-1	
3	1	885	1	0	0	2650	5361	54	151	-1	
4	1	885	1	1	0	2650	5361	54	151	-1	
5	1	885	1	1	1	2650	5361	54	151	0.000000	'
2	1	886	0	0	0	2693	5347	26	165	-1	
3	1	886	1	0	0	2693	5347	30	165	-1	
4	1	886	1	1	0	2693	5347	26	165	-1	
5	1	886	1	1	1	2693	5347	26	165	60.214405	|
2	1	887	0	0	0	767	5489	341	40	-1	
3	1	887	1	0	0	767	5489	341	40	-1	
4	1	887	1	1	0	767	5489	341	40	-1	
5	1	887	1	1	1	767	5489	341	40	51.416161	—
2	1	888	0	0	0	2031	5510	37	13	-1	
3	1	888	1	0	0	2031	5510	37	13	-1	
4	1	888	1	1	0	2031	5510	37	13	-1	
5	1	888	1	1	1	2031	5510	37	13	69.048851	RI59
2	1	889	0	0	0	2177	5481	32	41	-1	
3	1	889	1	0	0	2177	5481	32	41	-1	
4	1	889	1	1	0	2177	5481	32	41	-1	
5	1	889	1	1	1	2177	5481	32	41	32.414589	23
2	1	890	0	0	0	2634	5282	18	243	-1	
3	1	890	1	0	0	2634	5282	27	243	-1	
4	1	890	1	1	0	2634	5282	18	243	-1	
5	1	890	1	1	1	2634	5282	18	243	74.647537	|
2	1	891	0	0	0	2697	5335	26	190	-1	
3	1	891	1	0	0	2697	5335	26	190	-1	
4	1	891	1	1	0	2697	5335	26	190	-1	
5	1	891	1	1	1	2697	5335	26	190	75.640137	|
2	1	892	0	0	0	536	5511	108	40	-1	
3	1	892	1	0	0	536	5511	108	40	-1	
4	1	892	1	1	0	536	5511	108	40	-1	
5	1	892	1	1	1	536	5511	108	40	63.013149	{|
2	1	893	0	0	0	1807	5531	53	13	-1	
3	1	893	1	0	0	1807	5531	53	13	-1	
4	1	893	1	1	0	1807	5531	53	13	-1	
5	1	893	1	1	1	1807	5527	21	25	66.721771	cs
5	1	893	1	1	2	1847	5531	13	12	74.295784	a
2	1	894	0	0	0	2630	5516	7	20	-1	
3	1	894	1	0	0	2630	5516	7	20	-1	
4	1	894	1	1	0	2630	5516	7	20	-1	
5	1	894	1	1	1	2630	5516	7	20	34.854210	Me
2	1	895	0	0	0	2633	5520	27	30	-1	
3	1	895	1	0	0	2633	5520	27	30	-1	
4	1	895	1	1	0	2633	5520	27	30	-1	
5	1	895	1	1	1	2633	5520	27	30	81.402084	(=)
2	1	896	0	0	0	2662	5514	26	25	-1	
3	1	896	1	0	0	2662	5514	26	25	-1	
4	1	896	1	1	0	2662	5514	26	25	-1	
5	1	896	1	1	1	2662	5514	26	25	49.165764	=
2	1	897	0	0	0	2689	5510	60	45	-1	
3	1	897	1	0	0	2689	5510	60	45	-1	
4	1	897	1	1	0	2689	5510	60	45	-1	
5	1	897	1	1	1	2689	5510	60	45	21.873917	loa
2	1	898	0	0	0	2750	5518	7	18	-1	
3	1	898	1	0	0	2750	5518	7	18	-1	
4	1	898	1	1	0	2750	5518	7	18	-1	
5	1	898	1	1	1	2750	5518	7	18	0.000000	)
2	1	899	0	0	0	2754	5503	24	47	-1	
3	1	899	1	0	0	2754	5503	24	47	-1	
4	1	899	1	1	0	2754	5503	24	47	-1	
5	1	899	1	1	1	2754	5503	24	47	54.286785	5
2	1	900	0	0	0	2949	5459	146	90	-1	
3	1	900	1	0	0	2949	5459	146	90	-1	
4	1	900	1	1	0	2949	5459	146	90	-1	
5	1	900	1	1	1	2949	5459	146	90	0.000000	ce)
2	1	901	0	0	0	2032	5560	38	12	-1	
3	1	901	1	0	0	2032	5560	38	12	-1	
4	1	901	1	1	0	2032	5560	38	12	-1	
5	1	901	1	1	1	2032	5560	38	12	0.000000	C128
2	1	902	0	0	0	2630	5539	128	26	-1	
3	1	902	1	0	0	2630	5539	128	26	-1	
4	1	902	1	1	0	2630	5539	128	26	-1	
5	1	902	1	1	1	2630	5543	9	21	46.300392	Vea
5	1	902	1	1	2	2687	5535	32	41	36.930981	xy
2	1	903	0	0	0	2043	5576	28	12	-1	
3	1	903	1	0	0	2043	5576	28	12	-1	
4	1	903	1	1	0	2043	5576	28	12	-1	
5	1	903	1	1	1	2043	5576	28	12	63.342300	0.01
2	1	904	0	0	0	2598	5230	28	361	-1	
3	1	904	1	0	0	2598	5230	30	361	-1	
4	1	904	1	1	0	2598	5230	28	361	-1	
5	1	904	1	1	1	2598	5230	28	361	65.884460	i
2	1	905	0	0	0	2630	5567	61	24	-1	
3	1	905	1	0	0	2630	5567	61	24	-1	
4	1	905	1	1	0	2630	5567	61	24	-1	
5	1	905	1	1	1	2630	5567	61	24	25.403152	Vex
2	1	906	0	0	0	2634	5555	23	22	-1	
3	1	906	1	0	0	2634	5555	23	22	-1	
4	1	906	1	1	0	2634	5555	23	22	-1	
5	1	906	1	1	1	2634	5555	23	22	90.260155	(~)
2	1	907	0	0	0	2693	5568	8	21	-1	
3	1	907	1	0	0	2693	5568	8	21	-1	
4	1	907	1	1	0	2693	5568	8	21	-1	
5	1	907	1	1	1	2693	5568	8	21	52.290211	Me
2	1	908	0	0	0	2754	5553	24	23	-1	
3	1	908	1	0	0	2754	5553	24	23	-1	
4	1	908	1	1	0	2754	5553	24	23	-1	
5	1	908	1	1	1	2754	5553	24	23	13.899185	~)
2	1	909	0	0	0	1617	5576	67	29	-1	
3	1	909	1	0	0	1617	5576	67	29	-1	
4	1	909	1	1	0	1617	5576	67	29	-1	
5	1	909	1	1	1	1617	5576	67	29	44.708031	cary
2	1	910	0	0	0	2697	5580	23	23	-1	
3	1	910	1	0	0	2697	5580	23	23	-1	
4	1	910	1	1	0	2697	5580	23	23	-1	
5	1	910	1	1	1	2697	5580	23	23	43.702843	(>)
2	1	911	0	0	0	2697	5554	81	48	-1	
3	1	911	1	0	0	2697	5554	81	48	-1	
4	1	911	1	1	0	2697	5554	81	48	-1	
5	1	911	1	1	1	2697	5554	81	48	47.494579	Sims
2	1	912	0	0	0	2865	5595	24	3	-1	
3	1	912	1	0	0	2865	5595	24	3	-1	
4	1	912	1	1	0	2865	5595	24	3	-1	
5	1	912	1	1	1	2865	5595	24	3	5.792496	Roos
2	1	913	0	0	0	3005	5590	55	13	-1	
3	1	913	1	0	0	3005	5590	55	13	-1	
4	1	913	1	1	0	3005	5590	55	13	-1	
5	1	913	1	1	1	3005	5590	2	2	16.854477	*
5	1	913	1	1	2	3017	5590	43	13	81.931114	0.047
2	1	914	0	0	0	920	5621	43	12	-1	
3	1	914	1	0	0	920	5621	43	12	-1	
4	1	914	1	1	0	920	5621	43	12	-1	
5	1	914	1	1	1	920	5621	43	12	36.297756	oo
2	1	915	0	0	0	1100	5619	67	13	-1	
3	1	915	1	0	0	1100	5619	67	13	-1	
4	1	915	1	1	0	1100	5619	67	13	-1	
5	1	915	1	1	1	1100	5619	67	13	41.936249	aogca
2	1	916	0	0	0	1734	5605	105	20	-1	
3	1	916	1	0	0	1734	5605	105	20	-1	
4	1	916	1	1	0	1734	5605	105	20	-1	
5	1	916	1	1	1	1734	5612	46	13	59.415215	vrio5
5	1	916	1	1	2	1804	5605	35	13	35.182617	RISB
2	1	917	0	0	0	2587	5593	104	36	-1	
3	1	917	1	0	0	2587	5593	104	36	-1	
4	1	917	1	1	0	2587	5593	104	36	-1	
5	1	917	1	1	1	2587	5593	104	36	52.647015	Tey
2	1	918	0	0	0	2715	5594	9	20	-1	
3	1	918	1	0	0	2715	5594	9	20	-1	
4	1	918	1	1	0	2715	5594	9	20	-1	
5	1	918	1	1	1	2715	5594	9	20	52.959820	J
2	1	919	0	0	0	2725	5592	53	36	-1	
3	1	919	1	0	0	2725	5592	53	36	-1	
4	1	919	1	1	0	2725	5592	53	36	-1	
5	1	919	1	1	1	2725	5592	53	36	37.930656	Ke)
2	1	920	0	0	0	1266	5633	52	11	-1	
3	1	920	1	0	0	1266	5633	52	11	-1	
4	1	920	1	1	0	1266	5633	52	11	-1	
5	1	920	1	1	1	1266	5633	52	11	35.329094	nur
2	1	921	0	0	0	1660	5634	15	15	-1	
3	1	921	1	0	0	1660	5634	15	15	-1	
4	1	921	1	1	0	1660	5634	15	15	-1	
5	1	921	1	1	1	1660	5634	15	15	69.108444	c
2	1	922	0	0	0	1697	5628	86	18	-1	
3	1	922	1	0	0	1697	5628	86	18	-1	
4	1	922	1	1	0	1697	5628	86	18	-1	
5	1	922	1	1	1	1697	5628	86	18	12.007599	~]10K(8)
2	1	923	0	0	0	1814	5621	9	13	-1	
3	1	923	1	0	0	1814	5621	9	13	-1	
4	1	923	1	1	0	1814	5621	9	13	-1	
5	1	923	1	1	1	1814	5621	9	13	70.726883	8
2	1	924	0	0	0	2286	5631	32	10	-1	
3	1	924	1	0	0	2286	5631	32	10	-1	
4	1	924	1	1	0	2286	5631	32	10	-1	
5	1	924	1	1	1	2286	5631	32	10	57.956028	o7
2	1	925	0	0	0	2336	5635	28	13	-1	
3	1	925	1	0	0	2336	5635	28	13	-1	
4	1	925	1	1	0	2336	5635	28	13	-1	
5	1	925	1	1	1	2336	5635	28	13	31.479073	o<
2	1	926	0	0	0	2630	5621	9	19	-1	
3	1	926	1	0	0	2630	5621	9	19	-1	
4	1	926	1	1	0	2630	5621	9	19	-1	
5	1	926	1	1	1	2630	5621	9	19	51.500465	>
2	1	927	0	0	0	2662	5620	27	22	-1	
3	1	927	1	0	0	2662	5620	27	22	-1	
4	1	927	1	1	0	2662	5620	27	22	-1	
5	1	927	1	1	1	2662	5620	27	22	61.630775	=
2	1	928	0	0	0	2693	5620	8	21	-1	
3	1	928	1	0	0	2693	5620	8	21	-1	
4	1	928	1	1	0	2693	5620	8	21	-1	
5	1	928	1	1	1	2693	5620	8	21	50.607910	Me
2	1	929	0	0	0	2693	5595	31	43	-1	
3	1	929	1	0	0	2693	5595	31	43	-1	
4	1	929	1	1	0	2693	5595	31	43	-1	
5	1	929	1	1	1	2693	5595	31	43	0.000000	S
2	1	930	0	0	0	2725	5620	24	22	-1	
3	1	930	1	0	0	2725	5620	24	22	-1	
4	1	930	1	1	0	2725	5620	24	22	-1	
5	1	930	1	1	1	2725	5620	24	22	28.599052	TI
2	1	931	0	0	0	565	5592	53	80	-1	
3	1	931	1	0	0	565	5592	53	80	-1	
4	1	931	1	1	0	565	5592	53	80	-1	
5	1	931	1	1	1	565	5592	53	80	32.586868	5
2	1	932	0	0	0	886	5662	31	8	-1	
3	1	932	1	0	0	886	5662	31	8	-1	
4	1	932	1	1	0	886	5662	31	8	-1	
5	1	932	1	1	1	886	5662	31	8	40.463390	s<
2	1	933	0	0	0	886	5649	31	14	-1	
3	1	933	1	0	0	886	5649	31	14	-1	
4	1	933	1	1	0	886	5649	31	14	-1	
5	1	933	1	1	1	886	5649	31	14	11.925385	eo
2	1	934	0	0	0	957	5661	28	10	-1	
3	1	934	1	0	0	957	5661	28	10	-1	
4	1	934	1	1	0	957	5661	28	10	-1	
5	1	934	1	1	1	957	5661	28	10	28.960693	io
2	1	935	0	0	0	958	5645	27	12	-1	
3	1	935	1	0	0	958	5645	27	12	-1	
4	1	935	1	1	0	958	5645	27	12	-1	
5	1	935	1	1	1	958	5645	27	12	75.869591	Be
2	1	936	0	0	0	1008	5644	66	15	-1	
3	1	936	1	0	0	1008	5644	66	15	-1	
4	1	936	1	1	0	1008	5644	66	15	-1	
5	1	936	1	1	1	1008	5644	28	14	17.191849	Pa
5	1	936	1	1	2	1061	5651	13	8	0.000000	|
2	1	937	0	0	0	1115	5649	36	11	-1	
3	1	937	1	0	0	1115	5649	36	11	-1	
4	1	937	1	1	0	1115	5649	36	11	-1	
5	1	937	1	1	1	1115	5649	36	11	47.528778	-{s
2	1	938	0	0	0	2336	5647	29	12	-1	
3	1	938	1	0	0	2336	5647	29	12	-1	
4	1	938	1	1	0	2336	5647	29	12	-1	
5	1	938	1	1	1	2336	5647	29	12	53.532600	2a
2	1	939	0	0	0	2630	5647	8	18	-1	
3	1	939	1	0	0	2630	5647	8	18	-1	
4	1	939	1	1	0	2630	5647	8	18	-1	
5	1	939	1	1	1	2630	5647	8	18	10.652199	p
2	1	940	0	0	0	2634	5632	23	23	-1	
3	1	940	1	0	0	2634	5632	23	23	-1	
4	1	940	1	1	0	2634	5632	23	23	-1	
5	1	940	1	1	1	2634	5632	23	23	79.733009	(>)
2	1	941	0	0	0	2653	5644	71	24	-1	
3	1	941	1	0	0	2653	5644	71	24	-1	
4	1	941	1	1	0	2653	5644	71	24	-1	
5	1	941	1	1	1	2653	5646	8	20	6.851768	J
2	1	942	0	0	0	2698	5631	23	23	-1	
3	1	942	1	0	0	2698	5631	23	23	-1	
4	1	942	1	1	0	2698	5631	23	23	-1	
5	1	942	1	1	1	2698	5631	23	23	50.357475	(2)
2	1	943	0	0	0	2725	5644	34	23	-1	
3	1	943	1	0	0	2725	5644	34	23	-1	
4	1	943	1	1	0	2725	5644	34	23	-1	
5	1	943	1	1	1	2725	5644	34	23	0.000000	@)
2	1	944	0	0	0	2750	5620	28	34	-1	
3	1	944	1	0	0	2750	5620	28	34	-1	
4	1	944	1	1	0	2750	5620	28	34	-1	
5	1	944	1	1	1	2750	5620	28	34	5.030853	k=)
2	1	945	0	0	0	957	5672	28	10	-1	
3	1	945	1	0	0	957	5672	28	10	-1	
4	1	945	1	1	0	957	5672	28	10	-1	
5	1	945	1	1	1	957	5672	28	10	73.213364	<<
2	1	946	0	0	0	1008	5671	28	12	-1	
3	1	946	1	0	0	1008	5671	28	12	-1	
4	1	946	1	1	0	1008	5671	28	12	-1	
5	1	946	1	1	1	1008	5671	28	12	45.225716	<<
2	1	947	0	0	0	2336	5678	29	3	-1	
3	1	947	1	0	0	2336	5678	29	3	-1	
4	1	947	1	1	0	2336	5678	29	3	-1	
5	1	947	1	1	1	2336	5678	29	3	49.132835	22
2	1	948	0	0	0	2336	5665	29	10	-1	
3	1	948	1	0	0	2336	5665	29	10	-1	
4	1	948	1	1	0	2336	5665	29	10	-1	
5	1	948	1	1	1	2336	5665	29	10	38.663937	«zo
2	1	949	0	0	0	2693	5672	9	19	-1	
3	1	949	1	0	0	2693	5672	9	19	-1	
4	1	949	1	1	0	2693	5672	9	19	-1	
5	1	949	1	1	1	2693	5672	9	19	52.416313	b>
2	1	950	0	0	0	2697	5658	23	23	-1	
3	1	950	1	0	0	2697	5658	23	23	-1	
4	1	950	1	1	0	2697	5658	23	23	-1	
5	1	950	1	1	1	2697	5658	23	23	32.161301	(x)
2	1	951	0	0	0	2754	5657	23	24	-1	
3	1	951	1	0	0	2754	5657	23	24	-1	
4	1	951	1	1	0	2754	5657	23	24	-1	
5	1	951	1	1	1	2754	5657	23	24	16.659081	(x)
2	1	952	0	0	0	2633	5670	59	36	-1	
3	1	952	1	0	0	2633	5670	59	36	-1	
4	1	952	1	1	0	2633	5670	59	36	-1	
5	1	952	1	1	1	2633	5670	59	36	66.043770	om
2	1	953	0	0	0	2715	5670	67	37	-1	
3	1	953	1	0	0	2715	5670	67	37	-1	
4	1	953	1	1	0	2715	5670	67	37	-1	
5	1	953	1	1	1	2715	5670	67	37	36.757271	Ley
2	1	954	0	0	0	889	5698	23	23	-1	
3	1	954	1	0	0	889	5698	23	23	-1	
4	1	954	1	1	0	889	5698	23	23	-1	
5	1	954	1	1	1	889	5698	23	23	58.128967	®)
2	1	955	0	0	0	915	5699	50	23	-1	
3	1	955	1	0	0	915	5699	50	23	-1	
4	1	955	1	1	0	915	5699	50	23	-1	
5	1	955	1	1	1	915	5699	50	23	31.968452	We,
2	1	956	0	0	0	967	5697	208	24	-1	
3	1	956	1	0	0	967	5697	208	24	-1	
4	1	956	1	1	0	967	5697	208	24	-1	
5	1	956	1	1	1	967	5697	208	24	0.000000	COOOOOO®
2	1	957	0	0	0	2287	5704	55	26	-1	
3	1	957	1	0	0	2287	5704	55	26	-1	
4	1	957	1	1	0	2287	5704	55	26	-1	
5	1	957	1	1	1	2287	5713	11	9	88.201080	2
5	1	957	1	1	2	2308	5704	34	26	56.320541	Ve
2	1	958	0	0	0	2387	5709	47	11	-1	
3	1	958	1	0	0	2387	5709	47	11	-1	
4	1	958	1	1	0	2387	5709	47	11	-1	
5	1	958	1	1	1	2387	5709	47	11	43.293434	aS
2	1	959	0	0	0	2693	5699	7	16	-1	
3	1	959	1	0	0	2693	5699	7	16	-1	
4	1	959	1	1	0	2693	5699	7	16	-1	
5	1	959	1	1	1	2693	5699	7	16	35.045387	p
2	1	960	0	0	0	2697	5710	23	21	-1	
3	1	960	1	0	0	2697	5710	23	21	-1	
4	1	960	1	1	0	2697	5710	23	21	-1	
5	1	960	1	1	1	2697	5710	23	21	95.786133	©
2	1	961	0	0	0	2716	5697	61	36	-1	
3	1	961	1	0	0	2716	5697	61	36	-1	
4	1	961	1	1	0	2716	5697	61	36	-1	
5	1	961	1	1	1	2716	5697	61	36	8.036621	ae
2	1	962	0	0	0	896	5731	141	12	-1	
3	1	962	1	0	0	896	5731	141	12	-1	
4	1	962	1	1	0	896	5731	141	12	-1	
5	1	962	1	1	1	896	5731	141	12	0.000000	zEzrzZDZ
2	1	963	0	0	0	1078	5730	90	10	-1	
3	1	963	1	0	0	1078	5730	90	10	-1	
4	1	963	1	1	0	1078	5730	90	10	-1	
5	1	963	1	1	1	1078	5730	90	10	62.296455	Zang
2	1	964	0	0	0	1103	5741	38	8	-1	
3	1	964	1	0	0	1103	5741	38	8	-1	
4	1	964	1	1	0	1103	5741	38	8	-1	
5	1	964	1	1	1	1103	5741	38	8	8.502045	2
2	1	965	0	0	0	1278	5717	32	18	-1	
3	1	965	1	0	0	1278	5717	32	18	-1	
4	1	965	1	1	0	1278	5717	32	18	-1	
5	1	965	1	1	1	1278	5717	32	18	62.228069	Qe
2	1	966	0	0	0	2287	5729	79	13	-1	
3	1	966	1	0	0	2287	5729	79	13	-1	
4	1	966	1	1	0	2287	5729	79	13	-1	
5	1	966	1	1	1	2287	5730	12	8	50.926277	@
5	1	966	1	1	2	2308	5721	6	28	25.754242	|
5	1	966	1	1	3	2321	5729	45	13	45.826374	on,
2	1	967	0	0	0	2626	5692	63	53	-1	
3	1	967	1	0	0	2626	5692	63	53	-1	
4	1	967	1	1	0	2626	5692	63	53	-1	
5	1	967	1	1	1	2626	5692	63	53	16.846077	ios
2	1	968	0	0	0	2694	5724	87	17	-1	
3	1	968	1	0	0	2694	5724	87	17	-1	
4	1	968	1	1	0	2694	5724	87	17	-1	
5	1	968	1	1	1	2694	5724	87	17	48.734962	ae
5	1	968	1	1	2	2728	5720	14	31	0.000000	a
2	1	969	0	0	0	758	5751	29	16	-1	
3	1	969	1	0	0	758	5751	29	16	-1	
4	1	969	1	1	0	758	5751	29	16	-1	
5	1	969	1	1	1	758	5751	29	16	68.500229	Soe
2	1	970	0	0	0	896	5741	90	21	-1	
3	1	970	1	0	0	896	5741	90	21	-1	
4	1	970	1	1	0	896	5741	90	21	-1	
5	1	970	1	1	1	896	5741	90	21	0.000000	oag°
2	1	971	0	0	0	1484	5741	41	22	-1	
3	1	971	1	0	0	1484	5741	41	22	-1	
4	1	971	1	1	0	1484	5741	41	22	-1	
5	1	971	1	1	1	1484	5741	41	22	71.323051	Ba
2	1	972	0	0	0	2522	5750	60	21	-1	
3	1	972	1	0	0	2522	5750	60	21	-1	
4	1	972	1	1	0	2522	5750	60	21	-1	
5	1	972	1	1	1	2522	5750	60	21	0.000000	~~
2	1	973	0	0	0	2666	5746	12	8	-1	
3	1	973	1	0	0	2666	5746	12	8	-1	
4	1	973	1	1	0	2666	5746	12	8	-1	
5	1	973	1	1	1	2666	5746	12	8	55.638981	fa)
2	1	974	0	0	0	758	5776	29	10	-1	
3	1	974	1	0	0	758	5776	29	10	-1	
4	1	974	1	1	0	758	5776	29	10	-1	
5	1	974	1	1	1	758	5776	29	10	0.000000	S<
2	1	975	0	0	0	758	5765	29	12	-1	
3	1	975	1	0	0	758	5765	29	12	-1	
4	1	975	1	1	0	758	5765	29	12	-1	
5	1	975	1	1	1	758	5765	29	12	55.498650	fa
2	1	976	0	0	0	1484	5760	41	16	-1	
3	1	976	1	0	0	1484	5760	41	16	-1	
4	1	976	1	1	0	1484	5760	41	16	-1	
5	1	976	1	1	1	1484	5760	41	16	36.565022	2-
2	1	977	0	0	0	1623	5755	75	27	-1	
3	1	977	1	0	0	1623	5755	75	27	-1	
4	1	977	1	1	0	1623	5755	75	27	-1	
5	1	977	1	1	1	1623	5755	75	27	71.903992	Hh+
2	1	978	0	0	0	2286	5755	36	21	-1	
3	1	978	1	0	0	2286	5755	36	21	-1	
4	1	978	1	1	0	2286	5755	36	21	-1	
5	1	978	1	1	1	2286	5755	36	21	73.111343	ST
2	1	979	0	0	0	2386	5762	27	14	-1	
3	1	979	1	0	0	2386	5762	27	14	-1	
4	1	979	1	1	0	2386	5762	27	14	-1	
5	1	979	1	1	1	2386	5762	27	14	55.693531	BN
2	1	980	0	0	0	2563	5769	54	19	-1	
3	1	980	1	0	0	2563	5769	54	19	-1	
4	1	980	1	1	0	2563	5769	54	19	-1	
5	1	980	1	1	1	2563	5769	54	19	71.669884	ao
2	1	981	0	0	0	1484	5776	41	21	-1	
3	1	981	1	0	0	1484	5776	41	21	-1	
4	1	981	1	1	0	1484	5776	41	21	-1	
5	1	981	1	1	1	1484	5776	41	21	34.305618	@°
2	1	982	0	0	0	1633	5786	38	13	-1	
3	1	982	1	0	0	1633	5786	38	13	-1	
4	1	982	1	1	0	1633	5786	38	13	-1	
5	1	982	1	1	1	1633	5786	38	13	63.838696	C120
2	1	983	0	0	0	796	5792	86	22	-1	
3	1	983	1	0	0	796	5792	86	22	-1	
4	1	983	1	1	0	796	5792	86	22	-1	
5	1	983	1	1	1	796	5792	23	22	59.350437	(©)
5	1	983	1	1	2	829	5797	53	13	89.644012	HOATA
2	1	984	0	0	0	1318	5807	14	10	-1	
3	1	984	1	0	0	1318	5807	14	10	-1	
4	1	984	1	1	0	1318	5807	14	10	-1	
5	1	984	1	1	1	1318	5807	14	10	52.472389	ro)
2	1	985	0	0	0	1618	5803	69	13	-1	
3	1	985	1	0	0	1618	5803	69	13	-1	
4	1	985	1	1	0	1618	5803	69	13	-1	
5	1	985	1	1	1	1618	5803	69	13	25.892319	50V0.33
2	1	986	0	0	0	1941	5813	14	5	-1	
3	1	986	1	0	0	1941	5813	14	5	-1	
4	1	986	1	1	0	1941	5813	14	5	-1	
5	1	986	1	1	1	1941	5813	14	5	31.117035	rh
2	1	987	0	0	0	2015	5811	14	4	-1	
3	1	987	1	0	0	2015	5811	14	4	-1	
4	1	987	1	1	0	2015	5811	14	4	-1	
5	1	987	1	1	1	2015	5811	14	4	87.827827	ch
2	1	988	0	0	0	2329	5808	37	13	-1	
3	1	988	1	0	0	2329	5808	37	13	-1	
4	1	988	1	1	0	2329	5808	37	13	-1	
5	1	988	1	1	1	2329	5808	37	13	41.014763	RI69
2	1	989	0	0	0	797	5818	133	23	-1	
3	1	989	1	0	0	797	5818	133	23	-1	
4	1	989	1	1	0	797	5818	133	23	-1	
5	1	989	1	1	1	797	5818	23	23	83.074799	(3)
5	1	989	1	1	2	829	5823	31	14	39.955059	000
5	1	989	1	1	3	865	5823	65	14	76.179726	/SRDATA
2	1	990	0	0	0	1162	5817	78	23	-1	
3	1	990	1	0	0	1162	5817	78	23	-1	
4	1	990	1	1	0	1162	5817	78	23	-1	
5	1	990	1	1	1	1162	5817	78	23	80.223656	xout
5	1	990	1	1	2	1221	5811	21	36	44.760174	@)
2	1	991	0	0	0	1698	5822	57	16	-1	
3	1	991	1	0	0	1698	5822	57	16	-1	
4	1	991	1	1	0	1698	5822	57	16	-1	
5	1	991	1	1	1	1694	5818	33	28	49.293365	belie
5	1	991	1	1	2	1733	5818	27	28	34.362297	aod
2	1	992	0	0	0	2324	5826	33	13	-1	
3	1	992	1	0	0	2324	5826	33	13	-1	
4	1	992	1	1	0	2324	5826	33	13	-1	
5	1	992	1	1	1	2324	5826	33	13	45.464165	82k
2	1	993	0	0	0	2691	5832	53	18	-1	
3	1	993	1	0	0	2691	5832	53	18	-1	
4	1	993	1	1	0	2691	5832	53	18	-1	
5	1	993	1	1	1	2691	5835	18	15	27.750702	9
5	1	993	1	1	2	2725	5832	19	16	49.760212	Oo
2	1	994	0	0	0	793	5840	123	31	-1	
3	1	994	1	0	0	793	5840	123	31	-1	
4	1	994	1	1	0	793	5840	123	31	-1	
5	1	994	1	1	1	793	5840	32	31	80.575729	(S)
5	1	994	1	1	2	830	5846	27	13	56.004745	DOI
5	1	994	1	1	3	865	5846	51	13	56.004745	/SRCK
2	1	995	0	0	0	1175	5843	67	22	-1	
3	1	995	1	0	0	1175	5843	67	22	-1	
4	1	995	1	1	0	1175	5843	67	22	-1	
5	1	995	1	1	1	1175	5849	8	11	89.292458	x
5	1	995	1	1	2	1194	5843	48	22	60.473293	In@)
2	1	996	0	0	0	1542	5849	120	14	-1	
3	1	996	1	0	0	1542	5849	120	14	-1	
4	1	996	1	1	0	1542	5849	120	14	-1	
5	1	996	1	1	1	1542	5849	120	14	0.000000	aocova
2	1	997	0	0	0	2690	5850	54	20	-1	
3	1	997	1	0	0	2690	5850	54	20	-1	
4	1	997	1	1	0	2690	5850	54	20	-1	
5	1	997	1	1	1	2690	5850	54	20	65.150505	ao
2	1	998	0	0	0	774	5872	12	11	-1	
3	1	998	1	0	0	774	5872	12	11	-1	
4	1	998	1	1	0	774	5872	12	11	-1	
5	1	998	1	1	1	774	5872	12	11	81.977135	w
2	1	999	0	0	0	797	5871	122	22	-1	
3	1	999	1	0	0	797	5871	122	22	-1	
4	1	999	1	1	0	797	5871	122	22	-1	
5	1	999	1	1	1	797	5871	23	22	0.756111	(cw)
5	1	999	1	1	2	830	5877	89	13	40.238403	Doz/wock
2	1	1000	0	0	0	1029	5856	42	24	-1	
3	1	1000	1	0	0	1029	5856	42	24	-1	
4	1	1000	1	1	0	1029	5856	42	24	-1	
5	1	1000	1	1	1	1029	5856	42	24	75.269615	Zo
2	1	1001	0	0	0	1164	5869	77	20	-1	
3	1	1001	1	0	0	1164	5869	77	20	-1	
4	1	1001	1	1	0	1164	5869	77	20	-1	
5	1	1001	1	1	1	1164	5874	42	13	14.603111	oser
5	1	1001	1	1	2	1218	5869	23	20	15.840187	GY)
2	1	1002	0	0	0	1552	5873	27	16	-1	
3	1	1002	1	0	0	1552	5873	27	16	-1	
4	1	1002	1	1	0	1552	5873	27	16	-1	
5	1	1002	1	1	1	1552	5873	27	16	10.146332	Po)
2	1	1003	0	0	0	1588	5872	48	9	-1	
3	1	1003	1	0	0	1588	5872	48	9	-1	
4	1	1003	1	1	0	1588	5872	48	9	-1	
5	1	1003	1	1	1	1588	5872	48	9	0.000000	ESS
2	1	1004	0	0	0	1661	5870	48	11	-1	
3	1	1004	1	0	0	1661	5870	48	11	-1	
4	1	1004	1	1	0	1661	5870	48	11	-1	
5	1	1004	1	1	1	1661	5872	11	9	19.594261	>
5	1	1004	1	1	2	1680	5862	29	28	19.594261	=|O
2	1	1005	0	0	0	1808	5875	48	12	-1	
3	1	1005	1	0	0	1808	5875	48	12	-1	
4	1	1005	1	1	0	1808	5875	48	12	-1	
5	1	1005	1	1	1	1808	5875	48	12	25.743370	Rea
2	1	1006	0	0	0	2574	5864	44	17	-1	
3	1	1006	1	0	0	2574	5864	44	17	-1	
4	1	1006	1	1	0	2574	5864	44	17	-1	
5	1	1006	1	1	1	2574	5864	44	17	15.254379	re)
2	1	1007	0	0	0	1029	5897	42	16	-1	
3	1	1007	1	0	0	1029	5897	42	16	-1	
4	1	1007	1	1	0	1029	5897	42	16	-1	
5	1	1007	1	1	1	1029	5897	42	16	89.462967	no
2	1	1008	0	0	0	1029	5878	42	16	-1	
3	1	1008	1	0	0	1029	5878	42	16	-1	
4	1	1008	1	1	0	1029	5878	42	16	-1	
5	1	1008	1	1	1	1029	5878	42	16	59.217190	Za
2	1	1009	0	0	0	1236	5883	86	23	-1	
3	1	1009	1	0	0	1236	5883	86	23	-1	
4	1	1009	1	1	0	1236	5883	86	23	-1	
5	1	1009	1	1	1	1236	5883	86	23	45.153824	am
5	1	1009	1	1	2	1306	5879	21	39	25.355209	«|
2	1	1010	0	0	0	1551	5886	65	15	-1	
3	1	1010	1	0	0	1551	5886	65	15	-1	
4	1	1010	1	1	0	1551	5886	65	15	-1	
5	1	1010	1	1	1	1551	5886	65	15	0.000000	wo<jQc
2	1	1011	0	0	0	1639	5880	70	16	-1	
3	1	1011	1	0	0	1639	5880	70	16	-1	
4	1	1011	1	1	0	1639	5880	70	16	-1	
5	1	1011	1	1	1	1639	5880	70	16	0.603371	Slogl<
2	1	1012	0	0	0	1677	5893	32	10	-1	
3	1	1012	1	0	0	1677	5893	32	10	-1	
4	1	1012	1	1	0	1677	5893	32	10	-1	
5	1	1012	1	1	1	1677	5893	32	10	55.970444	<|=
2	1	1013	0	0	0	1734	5893	28	14	-1	
3	1	1013	1	0	0	1734	5893	28	14	-1	
4	1	1013	1	1	0	1734	5893	28	14	-1	
5	1	1013	1	1	1	1734	5893	28	14	70.693924	D<
2	1	1014	0	0	0	1808	5886	48	16	-1	
3	1	1014	1	0	0	1808	5886	48	16	-1	
4	1	1014	1	1	0	1808	5886	48	16	-1	
5	1	1014	1	1	1	1808	5886	48	16	0.000000	ase
2	1	1015	0	0	0	1824	5897	32	12	-1	
3	1	1015	1	0	0	1824	5897	32	12	-1	
4	1	1015	1	1	0	1824	5897	32	12	-1	
5	1	1015	1	1	1	1824	5897	32	12	34.793297	sl<
2	1	1016	0	0	0	2684	5871	60	25	-1	
3	1	1016	1	0	0	2684	5871	60	25	-1	
4	1	1016	1	1	0	2684	5871	60	25	-1	
5	1	1016	1	1	1	2684	5871	60	25	54.261986	“3
2	1	1017	0	0	0	797	5897	51	21	-1	
3	1	1017	1	0	0	797	5897	51	21	-1	
4	1	1017	1	1	0	797	5897	51	21	-1	
5	1	1017	1	1	1	797	5897	51	21	50.051598	(5)
5	1	1017	1	1	2	831	5893	20	29	75.112457	Nc
2	1	1018	0	0	0	1029	5913	42	20	-1	
3	1	1018	1	0	0	1029	5913	42	20	-1	
4	1	1018	1	1	0	1029	5913	42	20	-1	
5	1	1018	1	1	1	1029	5913	42	20	54.661118	aw
2	1	1019	0	0	0	1141	5901	68	13	-1	
3	1	1019	1	0	0	1141	5901	68	13	-1	
4	1	1019	1	1	0	1141	5901	68	13	-1	
5	1	1019	1	1	1	1141	5901	68	13	69.180130	S2L0GL
2	1	1020	0	0	0	797	5922	52	23	-1	
3	1	1020	1	0	0	797	5922	52	23	-1	
4	1	1020	1	1	0	797	5922	52	23	-1	
5	1	1020	1	1	1	797	5922	52	23	65.621582	(&)
5	1	1020	1	1	2	831	5918	22	31	86.247772	NC
2	1	1021	0	0	0	1142	5928	66	13	-1	
3	1	1021	1	0	0	1142	5928	66	13	-1	
4	1	1021	1	1	0	1142	5928	66	13	-1	
5	1	1021	1	1	1	1142	5928	66	13	58.704704	<2RDGL
2	1	1022	0	0	0	1537	5914	58	23	-1	
3	1	1022	1	0	0	1537	5914	58	23	-1	
4	1	1022	1	1	0	1537	5914	58	23	-1	
5	1	1022	1	1	1	1537	5914	58	23	57.015461	©-®
2	1	1023	0	0	0	1609	5914	23	23	-1	
3	1	1023	1	0	0	1609	5914	23	23	-1	
4	1	1023	1	1	0	1609	5914	23	23	-1	
5	1	1023	1	1	1	1609	5914	23	23	71.254692	®)
2	1	1024	0	0	0	1682	5914	97	23	-1	
3	1	1024	1	0	0	1682	5914	97	23	-1	
4	1	1024	1	1	0	1682	5914	97	23	-1	
5	1	1024	1	1	1	1682	5914	97	23	0.000000	@-G®)
2	1	1025	0	0	0	1792	5914	23	22	-1	
3	1	1025	1	0	0	1792	5914	23	22	-1	
4	1	1025	1	1	0	1792	5914	23	22	-1	
5	1	1025	1	1	1	1792	5914	23	22	56.861607	@)
2	1	1026	0	0	0	1828	5914	22	20	-1	
3	1	1026	1	0	0	1828	5914	22	20	-1	
4	1	1026	1	1	0	1828	5914	22	20	-1	
5	1	1026	1	1	1	1828	5914	22	20	38.917023	(3)
2	1	1027	0	0	0	1900	5913	23	23	-1	
3	1	1027	1	0	0	1900	5913	23	23	-1	
4	1	1027	1	1	0	1900	5913	23	23	-1	
5	1	1027	1	1	1	1900	5913	23	23	73.754288	®)
2	1	1028	0	0	0	1937	5913	166	23	-1	
3	1	1028	1	0	0	1937	5913	166	23	-1	
4	1	1028	1	1	0	1937	5913	166	23	-1	
5	1	1028	1	1	1	1937	5913	166	23	20.751427	CO-S-H-S
2	1	1029	0	0	0	2120	5912	167	24	-1	
3	1	1029	1	0	0	2120	5912	167	24	-1	
4	1	1029	1	1	0	2120	5912	167	24	-1	
5	1	1029	1	1	1	2120	5912	167	24	0.000000	@4E+S-O-~D)
2	1	1030	0	0	0	796	5948	115	22	-1	
3	1	1030	1	0	0	796	5948	115	22	-1	
4	1	1030	1	1	0	796	5948	115	22	-1	
5	1	1030	1	1	1	796	5948	24	22	62.617874	(&)
5	1	1030	1	1	2	829	5953	82	13	87.668411	DO3/LRCK
2	1	1031	0	0	0	1177	5956	30	12	-1	
3	1	1031	1	0	0	1177	5956	30	12	-1	
4	1	1031	1	1	0	1177	5956	30	12	-1	
5	1	1031	1	1	1	1177	5956	30	12	54.345722	voo
2	1	1032	0	0	0	2052	5943	122	11	-1	
3	1	1032	1	0	0	2052	5943	122	11	-1	
4	1	1032	1	1	0	2052	5943	122	11	-1	
5	1	1032	1	1	1	2052	5944	49	10	68.756348	nam
5	1	1032	1	1	2	2125	5944	13	8	75.847794	7
5	1	1032	1	1	3	2162	5943	12	9	52.753120	2
2	1	1033	0	0	0	2386	5963	28	7	-1	
3	1	1033	1	0	0	2386	5963	28	7	-1	
4	1	1033	1	1	0	2386	5963	28	7	-1	
5	1	1033	1	1	1	2386	5963	28	7	91.322365	=
2	1	1034	0	0	0	2330	5985	33	6	-1	
3	1	1034	1	0	0	2330	5985	33	6	-1	
4	1	1034	1	1	0	2330	5985	33	6	-1	
5	1	1034	1	1	1	2330	5985	33	6	15.873680	--
2	1	1035	0	0	0	796	5974	64	23	-1	
3	1	1035	1	0	0	796	5974	64	23	-1	
4	1	1035	1	1	0	796	5974	64	23	-1	
5	1	1035	1	1	1	796	5974	23	23	20.878929	(S)
5	1	1035	1	1	2	830	5978	30	12	83.115768	004
2	1	1036	0	0	0	1170	5973	72	22	-1	
3	1	1036	1	0	0	1170	5973	72	22	-1	
4	1	1036	1	1	0	1170	5973	72	22	-1	
5	1	1036	1	1	1	1170	5973	72	22	15.737961	001s)
2	1	1037	0	0	0	3030	5965	29	29	-1	
3	1	1037	1	0	0	3030	5965	29	29	-1	
4	1	1037	1	1	0	3030	5965	29	29	-1	
5	1	1037	1	1	1	3030	5965	29	29	27.326797	®)
2	1	1038	0	0	0	797	6000	63	22	-1	
3	1	1038	1	0	0	797	6000	63	22	-1	
4	1	1038	1	1	0	797	6000	63	22	-1	
5	1	1038	1	1	1	797	6000	23	22	66.714828	(G)
5	1	1038	1	1	2	830	6007	30	13	60.523636	Dos
2	1	1039	0	0	0	1171	5998	71	23	-1	
3	1	1039	1	0	0	1171	5998	71	23	-1	
4	1	1039	1	1	0	1171	5998	71	23	-1	
5	1	1039	1	1	1	1171	6005	37	13	28.609955	voia
5	1	1039	1	1	2	1219	5998	23	23	15.496811	&)
2	1	1040	0	0	0	796	6026	64	22	-1	
3	1	1040	1	0	0	796	6026	64	22	-1	
4	1	1040	1	1	0	796	6026	64	22	-1	
5	1	1040	1	1	1	796	6026	24	22	89.158546	(S)
5	1	1040	1	1	2	829	6032	31	13	80.971176	006
2	1	1041	0	0	0	1189	6025	53	23	-1	
3	1	1041	1	0	0	1189	6025	53	23	-1	
4	1	1041	1	1	0	1189	6025	53	23	-1	
5	1	1041	1	1	1	1189	6031	20	13	84.926254	ne
5	1	1041	1	1	2	1216	6025	26	23	64.981613	(2)
2	1	1042	0	0	0	2022	5991	150	59	-1	
3	1	1042	1	0	0	2022	5991	150	59	-1	
4	1	1042	1	1	0	2022	5991	150	59	-1	
5	1	1042	1	1	1	2022	5991	150	59	20.036400	3
2	1	1043	0	0	0	584	6056	27	7	-1	
3	1	1043	1	0	0	584	6056	27	7	-1	
4	1	1043	1	1	0	584	6056	27	7	-1	
5	1	1043	1	1	1	584	6056	27	7	29.729446	P—4
2	1	1044	0	0	0	1171	6050	70	23	-1	
3	1	1044	1	0	0	1171	6050	70	23	-1	
4	1	1044	1	1	0	1171	6050	70	23	-1	
5	1	1044	1	1	1	1171	6056	38	13	84.245720	0013
5	1	1044	1	1	2	1216	6046	29	31	68.136467	(8)
2	1	1045	0	0	0	2124	6061	49	9	-1	
3	1	1045	1	0	0	2124	6061	49	9	-1	
4	1	1045	1	1	0	2124	6061	49	9	-1	
5	1	1045	1	1	1	2124	6061	49	9	48.523460	por
2	1	1046	0	0	0	796	6052	52	23	-1	
3	1	1046	1	0	0	796	6052	52	23	-1	
4	1	1046	1	1	0	796	6052	52	23	-1	
5	1	1046	1	1	1	796	6052	52	23	55.251091	(©)
5	1	1046	1	1	2	830	6048	22	31	89.232231	nc
2	1	1047	0	0	0	3023	6049	40	43	-1	
3	1	1047	1	0	0	3023	6049	40	43	-1	
4	1	1047	1	1	0	3023	6049	40	43	-1	
5	1	1047	1	1	1	3023	6049	40	43	57.828693	4
2	1	1048	0	0	0	584	6089	28	7	-1	
3	1	1048	1	0	0	584	6089	28	7	-1	
4	1	1048	1	1	0	584	6089	28	7	-1	
5	1	1048	1	1	1	584	6089	28	7	9.435715	a
2	1	1049	0	0	0	2052	6082	121	12	-1	
3	1	1049	1	0	0	2052	6082	121	12	-1	
4	1	1049	1	1	0	2052	6082	121	12	-1	
5	1	1049	1	1	1	2052	6084	13	9	22.084740	eo
5	1	1049	1	1	2	2088	6082	49	12	66.050964	5°
5	1	1049	1	1	3	2160	6083	13	9	79.122192	@
2	1	1050	0	0	0	2553	6095	43	16	-1	
3	1	1050	1	0	0	2553	6095	43	16	-1	
4	1	1050	1	1	0	2553	6095	43	16	-1	
5	1	1050	1	1	1	2553	6095	43	16	95.922249	No
2	1	1051	0	0	0	2758	6097	27	8	-1	
3	1	1051	1	0	0	2758	6097	27	8	-1	
4	1	1051	1	1	0	2758	6097	27	8	-1	
5	1	1051	1	1	1	2758	6097	27	8	94.383560	<2
2	1	1052	0	0	0	2759	6088	27	9	-1	
3	1	1052	1	0	0	2759	6088	27	9	-1	
4	1	1052	1	1	0	2759	6088	27	9	-1	
5	1	1052	1	1	1	2759	6088	27	9	69.938278	=2
2	1	1053	0	0	0	895	6106	91	22	-1	
3	1	1053	1	0	0	895	6106	91	22	-1	
4	1	1053	1	1	0	895	6106	91	22	-1	
5	1	1053	1	1	1	895	6106	91	22	40.964813	z288z
2	1	1054	0	0	0	1000	6106	90	11	-1	
3	1	1054	1	0	0	1000	6106	90	11	-1	
4	1	1054	1	1	0	1000	6106	90	11	-1	
5	1	1054	1	1	1	1000	6106	90	11	21.007965	gasa0
2	1	1055	0	0	0	1052	6121	38	3	-1	
3	1	1055	1	0	0	1052	6121	38	3	-1	
4	1	1055	1	1	0	1052	6121	38	3	-1	
5	1	1055	1	1	1	1052	6121	11	3	38.305717	=
5	1	1055	1	1	2	1078	6121	12	3	38.305717	2
2	1	1056	0	0	0	1489	6119	36	13	-1	
3	1	1056	1	0	0	1489	6119	36	13	-1	
4	1	1056	1	1	0	1489	6119	36	13	-1	
5	1	1056	1	1	1	1489	6119	36	13	70.731705	C153
2	1	1057	0	0	0	1573	6102	23	22	-1	
3	1	1057	1	0	0	1573	6102	23	22	-1	
4	1	1057	1	1	0	1573	6102	23	22	-1	
5	1	1057	1	1	1	1573	6102	23	22	87.439362	©)
2	1	1058	0	0	0	1610	6100	241	24	-1	
3	1	1058	1	0	0	1610	6100	241	24	-1	
4	1	1058	1	1	0	1610	6100	241	24	-1	
5	1	1058	1	1	1	1610	6100	241	24	0.000000	CHX-~O-O-O-O-@)
2	1	1059	0	0	0	1865	6100	420	24	-1	
3	1	1059	1	0	0	1865	6100	420	24	-1	
4	1	1059	1	1	0	1865	6100	420	24	-1	
5	1	1059	1	1	1	1865	6100	420	24	0.000000	OOXOOHOO-OCO-OLYOO
2	1	1060	0	0	0	2757	6114	25	10	-1	
3	1	1060	1	0	0	2757	6114	25	10	-1	
4	1	1060	1	1	0	2757	6114	25	10	-1	
5	1	1060	1	1	1	2757	6114	25	10	60.124825	se
2	1	1061	0	0	0	2758	6104	25	11	-1	
3	1	1061	1	0	0	2758	6104	25	11	-1	
4	1	1061	1	1	0	2758	6104	25	11	-1	
5	1	1061	1	1	1	2758	6104	25	11	92.325233	Se
2	1	1062	0	0	0	895	6126	143	13	-1	
3	1	1062	1	0	0	895	6126	143	13	-1	
4	1	1062	1	1	0	895	6126	143	13	-1	
5	1	1062	1	1	1	895	6126	143	13	3.626740	6385965
2	1	1063	0	0	0	1770	6136	29	14	-1	
3	1	1063	1	0	0	1770	6136	29	14	-1	
4	1	1063	1	1	0	1770	6136	29	14	-1	
5	1	1063	1	1	1	1770	6136	29	14	53.649807	bas
2	1	1064	0	0	0	1787	6130	32	11	-1	
3	1	1064	1	0	0	1787	6130	32	11	-1	
4	1	1064	1	1	0	1787	6130	32	11	-1	
5	1	1064	1	1	1	1787	6130	32	11	11.377838	oJ=
2	1	1065	0	0	0	1884	6134	48	10	-1	
3	1	1065	1	0	0	1884	6134	48	10	-1	
4	1	1065	1	1	0	1884	6134	48	10	-1	
5	1	1065	1	1	1	1884	6135	12	8	32.453857	x
5	1	1065	1	1	2	1919	6134	13	10	42.559814	lo
2	1	1066	0	0	0	2553	6133	43	15	-1	
3	1	1066	1	0	0	2553	6133	43	15	-1	
4	1	1066	1	1	0	2553	6133	43	15	-1	
5	1	1066	1	1	1	2553	6133	43	15	0.000000	ao
2	1	1067	0	0	0	2757	6130	28	13	-1	
3	1	1067	1	0	0	2757	6130	28	13	-1	
4	1	1067	1	1	0	2757	6130	28	13	-1	
5	1	1067	1	1	1	2757	6130	28	13	56.850349	=o
2	1	1068	0	0	0	2871	6130	58	22	-1	
3	1	1068	1	0	0	2871	6130	58	22	-1	
4	1	1068	1	1	0	2871	6130	58	22	-1	
5	1	1068	1	1	1	2871	6130	58	22	8.513260	2-&)
2	1	1069	0	0	0	585	6166	27	7	-1	
3	1	1069	1	0	0	585	6166	27	7	-1	
4	1	1069	1	1	0	585	6166	27	7	-1	
5	1	1069	1	1	1	585	6166	27	7	81.292252	=
2	1	1070	0	0	0	890	6144	257	25	-1	
3	1	1070	1	0	0	890	6144	257	25	-1	
4	1	1070	1	1	0	890	6144	257	25	-1	
5	1	1070	1	1	1	890	6144	257	25	0.000000	BOO90S0006
2	1	1071	0	0	0	1467	6131	98	35	-1	
3	1	1071	1	0	0	1467	6131	98	35	-1	
4	1	1071	1	1	0	1467	6131	98	35	-1	
5	1	1071	1	1	1	1467	6131	71	35	0.000000	6.3220
5	1	1071	1	1	2	1552	6140	13	8	65.126778	a
2	1	1072	0	0	0	1770	6147	50	16	-1	
3	1	1072	1	0	0	1770	6147	50	16	-1	
4	1	1072	1	1	0	1770	6147	50	16	-1	
5	1	1072	1	1	1	1770	6147	50	16	1.007202	J<2|n
2	1	1073	0	0	0	1919	6150	48	23	-1	
3	1	1073	1	0	0	1919	6150	48	23	-1	
4	1	1073	1	1	0	1919	6150	48	23	-1	
5	1	1073	1	1	1	1919	6150	48	23	46.578537	az
2	1	1074	0	0	0	2671	6075	75	84	-1	
3	1	1074	1	0	0	2671	6075	75	84	-1	
4	1	1074	1	1	0	2671	6075	75	84	-1	
5	1	1074	1	1	1	2671	6075	75	84	26.702187	8
2	1	1075	0	0	0	3031	6154	35	13	-1	
3	1	1075	1	0	0	3031	6154	35	13	-1	
4	1	1075	1	1	0	3031	6154	35	13	-1	
5	1	1075	1	1	1	3031	6154	35	13	96.112190	3.3K
2	1	1076	0	0	0	726	6180	44	10	-1	
3	1	1076	1	0	0	726	6180	44	10	-1	
4	1	1076	1	1	0	726	6180	44	10	-1	
5	1	1076	1	1	1	726	6180	44	10	77.077332	ow
2	1	1077	0	0	0	1678	6179	36	13	-1	
3	1	1077	1	0	0	1678	6179	36	13	-1	
4	1	1077	1	1	0	1678	6179	36	13	-1	
5	1	1077	1	1	1	1678	6179	36	13	72.698853	RI70
2	1	1078	0	0	0	1677	6196	40	13	-1	
3	1	1078	1	0	0	1677	6196	40	13	-1	
4	1	1078	1	1	0	1677	6196	40	13	-1	
5	1	1078	1	1	1	1677	6196	40	13	95.759743	330K
2	1	1079	0	0	0	1848	6245	24	11	-1	
3	1	1079	1	0	0	1848	6245	24	11	-1	
4	1	1079	1	1	0	1848	6245	24	11	-1	
5	1	1079	1	1	1	1848	6245	24	11	21.944977	4
2	1	1080	0	0	0	1958	6249	39	13	-1	
3	1	1080	1	0	0	1958	6249	39	13	-1	
4	1	1080	1	1	0	1958	6249	39	13	-1	
5	1	1080	1	1	1	1958	6249	39	13	34.785759	C139
2	1	1081	0	0	0	1074	6275	40	15	-1	
3	1	1081	1	0	0	1074	6275	40	15	-1	
4	1	1081	1	1	0	1074	6275	40	15	-1	
5	1	1081	1	1	1	1074	6275	40	15	75.815727	Co
2	1	1082	0	0	0	1484	6271	69	21	-1	
3	1	1082	1	0	0	1484	6271	69	21	-1	
4	1	1082	1	1	0	1484	6271	69	21	-1	
5	1	1082	1	1	1	1484	6271	69	21	48.318539	Hike
2	1	1083	0	0	0	1958	6267	42	13	-1	
3	1	1083	1	0	0	1958	6267	42	13	-1	
4	1	1083	1	1	0	1958	6267	42	13	-1	
5	1	1083	1	1	1	1958	6267	42	13	88.132874	680P
2	1	1084	0	0	0	2158	6207	68	74	-1	
3	1	1084	1	0	0	2158	6207	68	74	-1	
4	1	1084	1	1	0	2158	6207	68	74	-1	
5	1	1084	1	1	1	2158	6207	68	74	43.743538	i
2	1	1085	0	0	0	1074	6294	39	15	-1	
3	1	1085	1	0	0	1074	6294	39	15	-1	
4	1	1085	1	1	0	1074	6294	39	15	-1	
5	1	1085	1	1	1	1074	6294	39	15	58.125854	2=
2	1	1086	0	0	0	1253	6297	39	13	-1	
3	1	1086	1	0	0	1253	6297	39	13	-1	
4	1	1086	1	1	0	1253	6297	39	13	-1	
5	1	1086	1	1	1	1253	6297	39	13	67.475494	C158
2	1	1087	0	0	0	1490	6296	38	13	-1	
3	1	1087	1	0	0	1490	6296	38	13	-1	
4	1	1087	1	1	0	1490	6296	38	13	-1	
5	1	1087	1	1	1	1490	6296	38	13	61.882717	C133
2	1	1088	0	0	0	1604	6280	62	16	-1	
3	1	1088	1	0	0	1604	6280	62	16	-1	
4	1	1088	1	1	0	1604	6280	62	16	-1	
5	1	1088	1	1	1	1604	6280	62	16	59.664703	+122
2	1	1089	0	0	0	1614	6294	51	15	-1	
3	1	1089	1	0	0	1614	6294	51	15	-1	
4	1	1089	1	1	0	1614	6294	51	15	-1	
5	1	1089	1	1	1	1614	6294	51	15	61.312382	mola
2	1	1090	0	0	0	570	6313	79	15	-1	
3	1	1090	1	0	0	570	6313	79	15	-1	
4	1	1090	1	1	0	570	6313	79	15	-1	
5	1	1090	1	1	1	570	6313	79	15	7.196617	aocge
2	1	1091	0	0	0	1075	6313	38	16	-1	
3	1	1091	1	0	0	1075	6313	38	16	-1	
4	1	1091	1	1	0	1075	6313	38	16	-1	
5	1	1091	1	1	1	1075	6313	38	16	0.000000	i
2	1	1092	0	0	0	1253	6312	32	13	-1	
3	1	1092	1	0	0	1253	6312	32	13	-1	
4	1	1092	1	1	0	1253	6312	32	13	-1	
5	1	1092	1	1	1	1253	6312	32	13	0.000000	82P
2	1	1093	0	0	0	1503	6313	22	12	-1	
3	1	1093	1	0	0	1503	6313	22	12	-1	
4	1	1093	1	1	0	1503	6313	22	12	-1	
5	1	1093	1	1	1	1503	6313	22	12	80.453949	0.1
2	1	1094	0	0	0	1980	6318	26	12	-1	
3	1	1094	1	0	0	1980	6318	26	12	-1	
4	1	1094	1	1	0	1980	6318	26	12	-1	
5	1	1094	1	1	1	1980	6318	26	12	67.171478	VS
2	1	1095	0	0	0	2683	6315	25	14	-1	
3	1	1095	1	0	0	2683	6315	25	14	-1	
4	1	1095	1	1	0	2683	6315	25	14	-1	
5	1	1095	1	1	1	2683	6315	25	14	47.240585	iT
2	1	1096	0	0	0	1955	6335	45	14	-1	
3	1	1096	1	0	0	1955	6335	45	14	-1	
4	1	1096	1	1	0	1955	6335	45	14	-1	
5	1	1096	1	1	1	1955	6335	45	14	87.024391	VRIO2
2	1	1097	0	0	0	2331	6324	53	13	-1	
3	1	1097	1	0	0	2331	6324	53	13	-1	
4	1	1097	1	1	0	2331	6324	53	13	-1	
5	1	1097	1	1	1	2331	6324	53	13	88.076538	VRIO3
2	1	1098	0	0	0	2680	6340	28	13	-1	
3	1	1098	1	0	0	2680	6340	28	13	-1	
4	1	1098	1	1	0	2680	6340	28	13	-1	
5	1	1098	1	1	1	2680	6340	28	13	70.087311	ga
2	1	1099	0	0	0	659	6349	31	14	-1	
3	1	1099	1	0	0	659	6349	31	14	-1	
4	1	1099	1	1	0	659	6349	31	14	-1	
5	1	1099	1	1	1	659	6349	31	14	0.000000	—<-]
2	1	1100	0	0	0	660	6361	31	10	-1	
3	1	1100	1	0	0	660	6361	31	10	-1	
4	1	1100	1	1	0	660	6361	31	10	-1	
5	1	1100	1	1	1	660	6361	31	10	27.695557	—'s
2	1	1101	0	0	0	883	6304	62	66	-1	
3	1	1101	1	0	0	883	6304	62	66	-1	
4	1	1101	1	1	0	883	6304	62	66	-1	
5	1	1101	1	1	1	883	6304	62	66	33.994873	fs
2	1	1102	0	0	0	1959	6352	52	14	-1	
3	1	1102	1	0	0	1959	6352	52	14	-1	
4	1	1102	1	1	0	1959	6352	52	14	-1	
5	1	1102	1	1	1	1959	6352	52	14	0.000000	1OK(B)
2	1	1103	0	0	0	2332	6342	55	13	-1	
3	1	1103	1	0	0	2332	6342	55	13	-1	
4	1	1103	1	1	0	2332	6342	55	13	-1	
5	1	1103	1	1	1	2332	6342	55	13	29.284897	1OK(B)
2	1	1104	0	0	0	636	6372	54	12	-1	
3	1	1104	1	0	0	636	6372	54	12	-1	
4	1	1104	1	1	0	636	6372	54	12	-1	
5	1	1104	1	1	1	636	6372	54	12	46.440620	Vac
2	1	1105	0	0	0	2023	6318	292	57	-1	
3	1	1105	1	0	0	2023	6318	292	57	-1	
4	1	1105	1	1	0	2023	6318	292	57	-1	
5	1	1105	1	1	1	2023	6318	292	57	43.713650	ep
2	1	1106	0	0	0	2565	6372	25	13	-1	
3	1	1106	1	0	0	2565	6372	25	13	-1	
4	1	1106	1	1	0	2565	6372	25	13	-1	
5	1	1106	1	1	1	2565	6372	25	13	32.163437	Th
2	1	1107	0	0	0	2955	6367	38	13	-1	
3	1	1107	1	0	0	2955	6367	38	13	-1	
4	1	1107	1	1	0	2955	6367	38	13	-1	
5	1	1107	1	1	1	2955	6367	38	13	64.831238	Ci43
2	1	1108	0	0	0	659	6383	32	12	-1	
3	1	1108	1	0	0	659	6383	32	12	-1	
4	1	1108	1	1	0	659	6383	32	12	-1	
5	1	1108	1	1	1	659	6383	32	12	51.736568	any
2	1	1109	0	0	0	2564	6384	32	12	-1	
3	1	1109	1	0	0	2564	6384	32	12	-1	
4	1	1109	1	1	0	2564	6384	32	12	-1	
5	1	1109	1	1	1	2564	6384	32	12	54.017467	awe
2	1	1110	0	0	0	2623	6358	87	46	-1	
3	1	1110	1	0	0	2623	6358	87	46	-1	
4	1	1110	1	1	0	2623	6358	87	46	-1	
5	1	1110	1	1	1	2623	6358	87	46	89.712494	Cr
2	1	1111	0	0	0	2675	6406	35	5	-1	
3	1	1111	1	0	0	2675	6406	35	5	-1	
4	1	1111	1	1	0	2675	6406	35	5	-1	
5	1	1111	1	1	1	2675	6406	35	5	19.120628	——
2	1	1112	0	0	0	2754	6326	92	75	-1	
3	1	1112	1	0	0	2754	6326	92	75	-1	
4	1	1112	1	1	0	2754	6326	92	75	-1	
5	1	1112	1	1	1	2754	6326	92	75	61.383533	1¢
2	1	1113	0	0	0	2953	6384	48	13	-1	
3	1	1113	1	0	0	2953	6384	48	13	-1	
4	1	1113	1	1	0	2953	6384	48	13	-1	
5	1	1113	1	1	1	2953	6384	48	13	72.129196	16V10
2	1	1114	0	0	0	2150	6389	103	25	-1	
3	1	1114	1	0	0	2150	6389	103	25	-1	
4	1	1114	1	1	0	2150	6389	103	25	-1	
5	1	1114	1	1	1	2150	6389	38	13	19.587944	cl44
5	1	1114	1	1	2	2200	6389	53	25	58.000759	63v47
2	1	1115	0	0	0	2565	6409	31	13	-1	
3	1	1115	1	0	0	2565	6409	31	13	-1	
4	1	1115	1	1	0	2565	6409	31	13	-1	
5	1	1115	1	1	1	2565	6409	31	13	60.993427	z<
2	1	1116	0	0	0	2658	6414	53	16	-1	
3	1	1116	1	0	0	2658	6414	53	16	-1	
4	1	1116	1	1	0	2658	6414	53	16	-1	
5	1	1116	1	1	1	2658	6414	53	16	74.886375	Bud
2	1	1117	0	0	0	2737	6409	30	11	-1	
3	1	1117	1	0	0	2737	6409	30	11	-1	
4	1	1117	1	1	0	2737	6409	30	11	-1	
5	1	1117	1	1	1	2737	6409	30	11	66.434563	No
2	1	1118	0	0	0	1549	6371	545	74	-1	
3	1	1118	1	0	0	1549	6371	545	74	-1	
4	1	1118	1	1	0	1549	6371	545	74	-1	
5	1	1118	1	1	1	1549	6371	434	74	19.072021	ff
5	1	1118	1	1	2	2023	6375	71	66	33.041336	|
2	1	1119	0	0	0	2133	6416	143	24	-1	
3	1	1119	1	0	0	2133	6416	143	24	-1	
4	1	1119	1	1	0	2133	6416	143	24	-1	
5	1	1119	1	1	1	2133	6416	143	24	36.957779	oe
2	1	1120	0	0	0	2659	6433	28	11	-1	
3	1	1120	1	0	0	2659	6433	28	11	-1	
4	1	1120	1	1	0	2659	6433	28	11	-1	
5	1	1120	1	1	1	2659	6433	28	11	20.934029	ao
2	1	1121	0	0	0	1867	6459	19	13	-1	
3	1	1121	1	0	0	1867	6459	19	13	-1	
4	1	1121	1	1	0	1867	6459	19	13	-1	
5	1	1121	1	1	1	1867	6459	19	13	51.003998	5V
2	1	1122	0	0	0	2658	6443	28	13	-1	
3	1	1122	1	0	0	2658	6443	28	13	-1	
4	1	1122	1	1	0	2658	6443	28	13	-1	
5	1	1122	1	1	1	2658	6443	28	13	30.757446	2<
2	1	1123	0	0	0	814	6484	13	9	-1	
3	1	1123	1	0	0	814	6484	13	9	-1	
4	1	1123	1	1	0	814	6484	13	9	-1	
5	1	1123	1	1	1	814	6484	13	9	70.729019	V
2	1	1124	0	0	0	839	6473	29	18	-1	
3	1	1124	1	0	0	839	6473	29	18	-1	
4	1	1124	1	1	0	839	6473	29	18	-1	
5	1	1124	1	1	1	839	6473	29	18	28.620308	a4
2	1	1125	0	0	0	1407	6488	17	12	-1	
3	1	1125	1	0	0	1407	6488	17	12	-1	
4	1	1125	1	1	0	1407	6488	17	12	-1	
5	1	1125	1	1	1	1407	6488	17	12	94.165726	a
2	1	1126	0	0	0	2016	6493	112	14	-1	
3	1	1126	1	0	0	2016	6493	112	14	-1	
4	1	1126	1	1	0	2016	6493	112	14	-1	
5	1	1126	1	1	1	2016	6493	38	14	0.000000	Css
5	1	1126	1	1	2	2073	6493	55	14	73.103119	0.0022
2	1	1127	0	0	0	519	6515	27	7	-1	
3	1	1127	1	0	0	519	6515	27	7	-1	
4	1	1127	1	1	0	519	6515	27	7	-1	
5	1	1127	1	1	1	519	6515	27	7	49.413376	—
2	1	1128	0	0	0	838	6494	30	22	-1	
3	1	1128	1	0	0	838	6494	30	22	-1	
4	1	1128	1	1	0	838	6494	30	22	-1	
5	1	1128	1	1	1	838	6494	30	22	48.528465	BB
2	1	1129	0	0	0	1162	6531	41	15	-1	
3	1	1129	1	0	0	1162	6531	41	15	-1	
4	1	1129	1	1	0	1162	6531	41	15	-1	
5	1	1129	1	1	1	1162	6531	41	15	65.863998	No
2	1	1130	0	0	0	1228	6527	29	9	-1	
3	1	1130	1	0	0	1228	6527	29	9	-1	
4	1	1130	1	1	0	1228	6527	29	9	-1	
5	1	1130	1	1	1	1228	6527	29	9	39.472500	aD
2	1	1131	0	0	0	921	6525	47	46	-1	
3	1	1131	1	0	0	921	6525	47	46	-1	
4	1	1131	1	1	0	921	6525	47	46	-1	
5	1	1131	1	1	1	921	6525	47	46	17.735718	eo
2	1	1132	0	0	0	1162	6546	41	18	-1	
3	1	1132	1	0	0	1162	6546	41	18	-1	
4	1	1132	1	1	0	1162	6546	41	18	-1	
5	1	1132	1	1	1	1162	6546	41	18	58.908272	nt
2	1	1133	0	0	0	1228	6554	29	13	-1	
3	1	1133	1	0	0	1228	6554	29	13	-1	
4	1	1133	1	1	0	1228	6554	29	13	-1	
5	1	1133	1	1	1	1228	6554	29	13	67.245186	xo
2	1	1134	0	0	0	1228	6542	29	13	-1	
3	1	1134	1	0	0	1228	6542	29	13	-1	
4	1	1134	1	1	0	1228	6542	29	13	-1	
5	1	1134	1	1	1	1228	6542	29	13	31.066521	3S
2	1	1135	0	0	0	1162	6568	41	17	-1	
3	1	1135	1	0	0	1162	6568	41	17	-1	
4	1	1135	1	1	0	1162	6568	41	17	-1	
5	1	1135	1	1	1	1162	6568	41	17	54.009247	Gu
2	1	1136	0	0	0	1550	6559	19	19	-1	
3	1	1136	1	0	0	1550	6559	19	19	-1	
4	1	1136	1	1	0	1550	6559	19	19	-1	
5	1	1136	1	1	1	1550	6559	19	19	52.461174	2
2	1	1137	0	0	0	2119	6575	77	8	-1	
3	1	1137	1	0	0	2119	6575	77	8	-1	
4	1	1137	1	1	0	2119	6575	77	8	-1	
5	1	1137	1	1	1	2119	6575	77	8	0.000000	—$,
2	1	1138	0	0	0	2219	6580	43	13	-1	
3	1	1138	1	0	0	2219	6580	43	13	-1	
4	1	1138	1	1	0	2219	6580	43	13	-1	
5	1	1138	1	1	1	2219	6580	43	13	0.000000	I6VIO
2	1	1139	0	0	0	2220	6563	39	14	-1	
3	1	1139	1	0	0	2220	6563	39	14	-1	
4	1	1139	1	1	0	2220	6563	39	14	-1	
5	1	1139	1	1	1	2220	6563	39	14	78.376305	ci42
2	1	1140	0	0	0	2826	6562	70	13	-1	
3	1	1140	1	0	0	2826	6562	70	13	-1	
4	1	1140	1	1	0	2826	6562	70	13	-1	
5	1	1140	1	1	1	2826	6562	70	13	34.380775	aoe
2	1	1141	0	0	0	782	6595	29	12	-1	
3	1	1141	1	0	0	782	6595	29	12	-1	
4	1	1141	1	1	0	782	6595	29	12	-1	
5	1	1141	1	1	1	782	6595	29	12	0.000000	e-]
2	1	1142	0	0	0	954	6594	30	14	-1	
3	1	1142	1	0	0	954	6594	30	14	-1	
4	1	1142	1	1	0	954	6594	30	14	-1	
5	1	1142	1	1	1	954	6594	30	14	25.040092	we?
2	1	1143	0	0	0	1407	6593	13	12	-1	
3	1	1143	1	0	0	1407	6593	13	12	-1	
4	1	1143	1	1	0	1407	6593	13	12	-1	
5	1	1143	1	1	1	1407	6593	13	12	50.971600	e
2	1	1144	0	0	0	612	6603	29	13	-1	
3	1	1144	1	0	0	612	6603	29	13	-1	
4	1	1144	1	1	0	612	6603	29	13	-1	
5	1	1144	1	1	1	612	6603	29	13	80.736038	Na
2	1	1145	0	0	0	782	6618	29	12	-1	
3	1	1145	1	0	0	782	6618	29	12	-1	
4	1	1145	1	1	0	782	6618	29	12	-1	
5	1	1145	1	1	1	782	6618	29	12	37.521881	ary
2	1	1146	0	0	0	782	6606	29	11	-1	
3	1	1146	1	0	0	782	6606	29	11	-1	
4	1	1146	1	1	0	782	6606	29	11	-1	
5	1	1146	1	1	1	782	6606	29	11	50.853836	ae
2	1	1147	0	0	0	954	6605	30	13	-1	
3	1	1147	1	0	0	954	6605	30	13	-1	
4	1	1147	1	1	0	954	6605	30	13	-1	
5	1	1147	1	1	1	954	6605	30	13	81.703644	Re
2	1	1148	0	0	0	1550	6600	317	18	-1	
3	1	1148	1	0	0	1550	6600	317	18	-1	
4	1	1148	1	1	0	1550	6600	317	18	-1	
5	1	1148	1	1	1	1550	6600	47	18	14.963333	a
5	1	1148	1	1	2	1631	6596	75	32	16.515312	re
5	1	1148	1	1	3	1794	6600	73	18	59.968727	|
2	1	1149	0	0	0	2383	6539	101	88	-1	
3	1	1149	1	0	0	2383	6539	101	88	-1	
4	1	1149	1	1	0	2383	6539	101	88	-1	
5	1	1149	1	1	1	2383	6539	101	88	0.636765	\
2	1	1150	0	0	0	2514	6616	25	12	-1	
3	1	1150	1	0	0	2514	6616	25	12	-1	
4	1	1150	1	1	0	2514	6616	25	12	-1	
5	1	1150	1	1	1	2514	6616	25	12	51.827427	RII
2	1	1151	0	0	0	612	6619	30	15	-1	
3	1	1151	1	0	0	612	6619	30	15	-1	
4	1	1151	1	1	0	612	6619	30	15	-1	
5	1	1151	1	1	1	612	6619	30	15	32.987457	ae
2	1	1152	0	0	0	954	6622	30	12	-1	
3	1	1152	1	0	0	954	6622	30	12	-1	
4	1	1152	1	1	0	954	6622	30	12	-1	
5	1	1152	1	1	1	954	6622	30	12	69.105850	RO
2	1	1153	0	0	0	2220	6622	30	12	-1	
3	1	1153	1	0	0	2220	6622	30	12	-1	
4	1	1153	1	1	0	2220	6622	30	12	-1	
5	1	1153	1	1	1	2220	6622	30	12	7.863663	Ci4,
2	1	1154	0	0	0	2515	6632	37	14	-1	
3	1	1154	1	0	0	2515	6632	37	14	-1	
4	1	1154	1	1	0	2515	6632	37	14	-1	
5	1	1154	1	1	1	2515	6632	37	14	93.160400	8.2K
2	1	1155	0	0	0	2213	6635	66	34	-1	
3	1	1155	1	0	0	2213	6635	66	34	-1	
4	1	1155	1	1	0	2213	6635	66	34	-1	
5	1	1155	1	1	1	2213	6635	66	34	44.784691	eit
2	1	1156	0	0	0	2593	6660	28	13	-1	
3	1	1156	1	0	0	2593	6660	28	13	-1	
4	1	1156	1	1	0	2593	6660	28	13	-1	
5	1	1156	1	1	1	2593	6660	28	13	79.983604	O13
2	1	1157	0	0	0	2577	6678	65	14	-1	
3	1	1157	1	0	0	2577	6678	65	14	-1	
4	1	1157	1	1	0	2577	6678	65	14	-1	
5	1	1157	1	1	1	2577	6678	65	14	77.805664	MA4082
2	1	1158	0	0	0	770	6654	47	46	-1	
3	1	1158	1	0	0	770	6654	47	46	-1	
4	1	1158	1	1	0	770	6654	47	46	-1	
5	1	1158	1	1	1	770	6654	47	46	34.639709	©)
2	1	1159	0	0	0	942	6654	46	46	-1	
3	1	1159	1	0	0	942	6654	46	46	-1	
4	1	1159	1	1	0	942	6654	46	46	-1	
5	1	1159	1	1	1	942	6654	46	46	0.000000	i
2	1	1160	0	0	0	2020	6681	93	26	-1	
3	1	1160	1	0	0	2020	6681	93	26	-1	
4	1	1160	1	1	0	2020	6681	93	26	-1	
5	1	1160	1	1	1	2020	6681	26	13	16.259247	cia
5	1	1160	1	1	2	2057	6682	56	25	56.565536	tov220
2	1	1161	0	0	0	2247	6683	97	13	-1	
3	1	1161	1	0	0	2247	6683	97	13	-1	
4	1	1161	1	1	0	2247	6683	97	13	-1	
5	1	1161	1	1	1	2247	6683	26	13	40.011559	cl2
5	1	1161	1	1	2	2286	6683	58	13	26.092758	tovz20
2	1	1162	0	0	0	2950	6694	28	14	-1	
3	1	1162	1	0	0	2950	6694	28	14	-1	
4	1	1162	1	1	0	2950	6694	28	14	-1	
5	1	1162	1	1	1	2950	6694	28	14	22.185432	cls
2	1	1163	0	0	0	577	6711	39	14	-1	
3	1	1163	1	0	0	577	6711	39	14	-1	
4	1	1163	1	1	0	577	6711	39	14	-1	
5	1	1163	1	1	1	577	6711	39	14	37.903862	Po
2	1	1164	0	0	0	1247	6718	41	13	-1	
3	1	1164	1	0	0	1247	6718	41	13	-1	
4	1	1164	1	1	0	1247	6718	41	13	-1	
5	1	1164	1	1	1	1247	6718	41	13	96.291420	0409
2	1	1165	0	0	0	1496	6711	41	15	-1	
3	1	1165	1	0	0	1496	6711	41	15	-1	
4	1	1165	1	1	0	1496	6711	41	15	-1	
5	1	1165	1	1	1	1496	6711	41	15	84.471008	co
2	1	1166	0	0	0	2063	6709	5	5	-1	
3	1	1166	1	0	0	2063	6709	5	5	-1	
4	1	1166	1	1	0	2063	6709	5	5	-1	
5	1	1166	1	1	1	2063	6709	5	5	8.303894	fj
2	1	1167	0	0	0	2298	6714	11	11	-1	
3	1	1167	1	0	0	2298	6714	11	11	-1	
4	1	1167	1	1	0	2298	6714	11	11	-1	
5	1	1167	1	1	1	2298	6714	11	11	27.924911	es
2	1	1168	0	0	0	2708	6696	69	30	-1	
3	1	1168	1	0	0	2708	6696	69	30	-1	
4	1	1168	1	1	0	2708	6696	69	30	-1	
5	1	1168	1	1	1	2708	6713	2	12	70.794785	|
5	1	1168	1	1	2	2714	6696	63	30	18.078041	2200
2	1	1169	0	0	0	2948	6710	62	13	-1	
3	1	1169	1	0	0	2948	6710	62	13	-1	
4	1	1169	1	1	0	2948	6710	62	13	-1	
5	1	1169	1	1	1	2948	6710	62	13	84.094582	6V2200
2	1	1170	0	0	0	1243	6735	51	13	-1	
3	1	1170	1	0	0	1243	6735	51	13	-1	
4	1	1170	1	1	0	1243	6735	51	13	-1	
5	1	1170	1	1	1	1243	6735	51	13	43.332729	MAI65
2	1	1171	0	0	0	1496	6727	41	17	-1	
3	1	1171	1	0	0	1496	6727	41	17	-1	
4	1	1171	1	1	0	1496	6727	41	17	-1	
5	1	1171	1	1	1	1496	6727	41	17	0.000000	za?
2	1	1172	0	0	0	2007	6739	27	13	-1	
3	1	1172	1	0	0	2007	6739	27	13	-1	
4	1	1172	1	1	0	2007	6739	27	13	-1	
5	1	1172	1	1	1	2007	6739	27	13	5.566101	dI6
2	1	1173	0	0	0	2075	6737	2	9	-1	
3	1	1173	1	0	0	2075	6737	2	9	-1	
4	1	1173	1	1	0	2075	6737	2	9	-1	
5	1	1173	1	1	1	2075	6737	2	9	0.000000	'
2	1	1174	0	0	0	2234	6738	27	14	-1	
3	1	1174	1	0	0	2234	6738	27	14	-1	
4	1	1174	1	1	0	2234	6738	27	14	-1	
5	1	1174	1	1	1	2234	6738	27	14	60.378761	O15.
2	1	1175	0	0	0	635	6751	39	13	-1	
3	1	1175	1	0	0	635	6751	39	13	-1	
4	1	1175	1	1	0	635	6751	39	13	-1	
5	1	1175	1	1	1	635	6751	39	13	96.205696	R424
2	1	1176	0	0	0	808	6751	40	13	-1	
3	1	1176	1	0	0	808	6751	40	13	-1	
4	1	1176	1	1	0	808	6751	40	13	-1	
5	1	1176	1	1	1	808	6751	40	13	78.242447	R423
2	1	1177	0	0	0	987	6751	37	13	-1	
3	1	1177	1	0	0	987	6751	37	13	-1	
4	1	1177	1	1	0	987	6751	37	13	-1	
5	1	1177	1	1	1	987	6751	37	13	95.368668	R422
2	1	1178	0	0	0	1265	6757	8	6	-1	
3	1	1178	1	0	0	1265	6757	8	6	-1	
4	1	1178	1	1	0	1265	6757	8	6	-1	
5	1	1178	1	1	1	1265	6757	8	6	17.981804	Ss
2	1	1179	0	0	0	1496	6748	41	17	-1	
3	1	1179	1	0	0	1496	6748	41	17	-1	
4	1	1179	1	1	0	1496	6748	41	17	-1	
5	1	1179	1	1	1	1496	6748	41	17	31.553322	b=
2	1	1180	0	0	0	1647	6745	30	13	-1	
3	1	1180	1	0	0	1647	6745	30	13	-1	
4	1	1180	1	1	0	1647	6745	30	13	-1	
5	1	1180	1	1	1	1647	6745	30	13	61.924278	C26
2	1	1181	0	0	0	1811	6743	32	13	-1	
3	1	1181	1	0	0	1811	6743	32	13	-1	
4	1	1181	1	1	0	1811	6743	32	13	-1	
5	1	1181	1	1	1	1811	6743	32	13	83.565697	c25
2	1	1182	0	0	0	1990	6756	61	13	-1	
3	1	1182	1	0	0	1990	6756	61	13	-1	
4	1	1182	1	1	0	1990	6756	61	13	-1	
5	1	1182	1	1	1	1990	6756	61	13	81.302246	MA4082
2	1	1183	0	0	0	2497	6757	91	13	-1	
3	1	1183	1	0	0	2497	6757	91	13	-1	
4	1	1183	1	1	0	2497	6757	91	13	-1	
5	1	1183	1	1	1	2497	6757	65	13	91.091980	MA4330
5	1	1183	1	1	2	2575	6761	13	8	85.364342	w
2	1	1184	0	0	0	640	6768	29	12	-1	
3	1	1184	1	0	0	640	6768	29	12	-1	
4	1	1184	1	1	0	640	6768	29	12	-1	
5	1	1184	1	1	1	640	6768	29	12	82.740509	22K
2	1	1185	0	0	0	812	6768	31	12	-1	
3	1	1185	1	0	0	812	6768	31	12	-1	
4	1	1185	1	1	0	812	6768	31	12	-1	
5	1	1185	1	1	1	812	6768	31	12	94.981407	22K
2	1	1186	0	0	0	989	6767	31	13	-1	
3	1	1186	1	0	0	989	6767	31	13	-1	
4	1	1186	1	1	0	989	6767	31	13	-1	
5	1	1186	1	1	1	989	6767	31	13	79.961906	22K
2	1	1187	0	0	0	1642	6762	42	13	-1	
3	1	1187	1	0	0	1642	6762	42	13	-1	
4	1	1187	1	1	0	1642	6762	42	13	-1	
5	1	1187	1	1	1	1642	6762	42	13	29.929794	16V10.
2	1	1188	0	0	0	1806	6761	44	13	-1	
3	1	1188	1	0	0	1806	6761	44	13	-1	
4	1	1188	1	1	0	1806	6761	44	13	-1	
5	1	1188	1	1	1	1806	6761	44	13	4.275345	I6V10
2	1	1189	0	0	0	1915	6780	25	4	-1	
3	1	1189	1	0	0	1915	6780	25	4	-1	
4	1	1189	1	1	0	1915	6780	25	4	-1	
5	1	1189	1	1	1	1915	6780	25	4	61.771477	2a.
2	1	1190	0	0	0	2218	6756	89	25	-1	
3	1	1190	1	0	0	2218	6756	89	25	-1	
4	1	1190	1	1	0	2218	6756	89	25	-1	
5	1	1190	1	1	1	2218	6756	65	13	89.771271	MA4082
5	1	1190	1	1	2	2295	6757	12	24	82.812035	®
2	1	1191	0	0	0	2401	6758	40	20	-1	
3	1	1191	1	0	0	2401	6758	40	20	-1	
4	1	1191	1	1	0	2401	6758	40	20	-1	
5	1	1191	1	1	1	2401	6758	40	20	21.736786	xe)
2	1	1192	0	0	0	2401	6777	44	10	-1	
3	1	1192	1	0	0	2401	6777	44	10	-1	
4	1	1192	1	1	0	2401	6777	44	10	-1	
5	1	1192	1	1	1	2401	6777	44	10	16.046616	ee
2	1	1193	0	0	0	962	6791	83	20	-1	
3	1	1193	1	0	0	962	6791	83	20	-1	
4	1	1193	1	1	0	962	6791	83	20	-1	
5	1	1193	1	1	1	962	6791	83	20	52.590752	tre
2	1	1194	0	0	0	1105	6794	28	6	-1	
3	1	1194	1	0	0	1105	6794	28	6	-1	
4	1	1194	1	1	0	1105	6794	28	6	-1	
5	1	1194	1	1	1	1105	6794	28	6	62.738777	_
2	1	1195	0	0	0	1201	6776	164	29	-1	
3	1	1195	1	0	0	1201	6766	164	39	-1	
4	1	1195	1	1	0	1201	6776	164	29	-1	
5	1	1195	1	1	1	1201	6776	41	29	0.000000	mase
5	1	1195	1	1	2	1258	6762	10	53	0.000000	”
5	1	1195	1	1	3	1265	6766	44	31	0.000000	i3
5	1	1195	1	1	4	1323	6777	42	28	41.195496	Rage
2	1	1196	0	0	0	2115	6791	68	17	-1	
3	1	1196	1	0	0	2115	6791	68	17	-1	
4	1	1196	1	1	0	2115	6791	68	17	-1	
5	1	1196	1	1	1	2115	6797	22	11	12.807022	S/
2	1	1197	0	0	0	2401	6788	47	14	-1	
3	1	1197	1	0	0	2401	6788	47	14	-1	
4	1	1197	1	1	0	2401	6788	47	14	-1	
5	1	1197	1	1	1	2401	6788	47	14	72.558907	nm
2	1	1198	0	0	0	638	6815	41	13	-1	
3	1	1198	1	0	0	638	6815	41	13	-1	
4	1	1198	1	1	0	638	6815	41	13	-1	
5	1	1198	1	1	1	638	6815	41	13	72.808899	c408
2	1	1199	0	0	0	808	6815	41	13	-1	
3	1	1199	1	0	0	808	6815	41	13	-1	
4	1	1199	1	1	0	808	6815	41	13	-1	
5	1	1199	1	1	1	808	6815	41	13	70.613777	C407
2	1	1200	0	0	0	981	6814	41	13	-1	
3	1	1200	1	0	0	981	6814	41	13	-1	
4	1	1200	1	1	0	981	6814	41	13	-1	
5	1	1200	1	1	1	981	6814	41	13	85.457695	C406
2	1	1201	0	0	0	2305	6823	29	9	-1	
3	1	1201	1	0	0	2305	6823	29	9	-1	
4	1	1201	1	1	0	2305	6823	29	9	-1	
5	1	1201	1	1	1	2305	6823	29	9	82.852493	52
2	1	1202	0	0	0	2582	6816	30	14	-1	
3	1	1202	1	0	0	2582	6816	30	14	-1	
4	1	1202	1	1	0	2582	6816	30	14	-1	
5	1	1202	1	1	1	2582	6816	30	14	47.482830	Sa
2	1	1203	0	0	0	2961	6826	30	3	-1	
3	1	1203	1	0	0	2961	6826	30	3	-1	
4	1	1203	1	1	0	2961	6826	30	3	-1	
5	1	1203	1	1	1	2961	6826	30	3	48.483856	=
2	1	1204	0	0	0	644	6834	29	12	-1	
3	1	1204	1	0	0	644	6834	29	12	-1	
4	1	1204	1	1	0	644	6834	29	12	-1	
5	1	1204	1	1	1	644	6834	29	12	78.121964	0.01
2	1	1205	0	0	0	814	6834	28	12	-1	
3	1	1205	1	0	0	814	6834	28	12	-1	
4	1	1205	1	1	0	814	6834	28	12	-1	
5	1	1205	1	1	1	814	6834	28	12	66.522873	0.01
2	1	1206	0	0	0	989	6833	30	13	-1	
3	1	1206	1	0	0	989	6833	30	13	-1	
4	1	1206	1	1	0	989	6833	30	13	-1	
5	1	1206	1	1	1	989	6833	30	13	74.246628	0.01
2	1	1207	0	0	0	2304	6832	29	9	-1	
3	1	1207	1	0	0	2304	6832	29	9	-1	
4	1	1207	1	1	0	2304	6832	29	9	-1	
5	1	1207	1	1	1	2304	6832	29	9	71.234451	a2
2	1	1208	0	0	0	2304	6842	31	10	-1	
3	1	1208	1	0	0	2304	6842	31	10	-1	
4	1	1208	1	1	0	2304	6842	31	10	-1	
5	1	1208	1	1	1	2304	6842	31	10	85.390709	ow
2	1	1209	0	0	0	2527	6834	13	12	-1	
3	1	1209	1	0	0	2527	6834	13	12	-1	
4	1	1209	1	1	0	2527	6834	13	12	-1	
5	1	1209	1	1	1	2527	6834	13	12	32.558571	it
2	1	1210	0	0	0	2582	6841	29	10	-1	
3	1	1210	1	0	0	2582	6841	29	10	-1	
4	1	1210	1	1	0	2582	6841	29	10	-1	
5	1	1210	1	1	1	2582	6841	29	10	60.413704	RN
2	1	1211	0	0	0	2582	6832	29	9	-1	
3	1	1211	1	0	0	2582	6832	29	9	-1	
4	1	1211	1	1	0	2582	6832	29	9	-1	
5	1	1211	1	1	1	2582	6832	29	9	33.835724	yo
2	1	1212	0	0	0	3032	6827	27	11	-1	
3	1	1212	1	0	0	3032	6827	27	11	-1	
4	1	1212	1	1	0	3032	6827	27	11	-1	
5	1	1212	1	1	1	3032	6827	27	11	41.177788	icy
2	1	1213	0	0	0	3039	6839	19	14	-1	
3	1	1213	1	0	0	3039	6839	19	14	-1	
4	1	1213	1	1	0	3039	6839	19	14	-1	
5	1	1213	1	1	1	3039	6839	19	14	65.014816	Is
2	1	1214	0	0	0	1380	6852	51	15	-1	
3	1	1214	1	0	0	1380	6852	51	15	-1	
4	1	1214	1	1	0	1380	6852	51	15	-1	
5	1	1214	1	1	1	1380	6852	51	15	10.653877	m<*
2	1	1215	0	0	0	1401	6871	30	13	-1	
3	1	1215	1	0	0	1401	6871	30	13	-1	
4	1	1215	1	1	0	1401	6871	30	13	-1	
5	1	1215	1	1	1	1401	6871	30	13	86.439301	oN
2	1	1216	0	0	0	3040	6862	39	14	-1	
3	1	1216	1	0	0	3040	6862	39	14	-1	
4	1	1216	1	1	0	3040	6862	39	14	-1	
5	1	1216	1	1	1	3040	6862	39	14	32.764236	jas
2	1	1217	0	0	0	3047	6875	32	3	-1	
3	1	1217	1	0	0	3047	6875	32	3	-1	
4	1	1217	1	1	0	3047	6875	32	3	-1	
5	1	1217	1	1	1	3047	6875	32	3	44.577656	er
2	1	1218	0	0	0	519	6897	27	7	-1	
3	1	1218	1	0	0	519	6897	27	7	-1	
4	1	1218	1	1	0	519	6897	27	7	-1	
5	1	1218	1	1	1	519	6897	27	7	19.779068	—_
2	1	1219	0	0	0	633	6885	29	24	-1	
3	1	1219	1	0	0	633	6885	29	24	-1	
4	1	1219	1	1	0	633	6885	29	24	-1	
5	1	1219	1	1	1	633	6885	29	24	61.105656	Re
2	1	1220	0	0	0	807	6897	28	14	-1	
3	1	1220	1	0	0	807	6897	28	14	-1	
4	1	1220	1	1	0	807	6897	28	14	-1	
5	1	1220	1	1	1	807	6897	28	14	79.005455	Rn
2	1	1221	0	0	0	807	6887	28	14	-1	
3	1	1221	1	0	0	807	6887	28	14	-1	
4	1	1221	1	1	0	807	6887	28	14	-1	
5	1	1221	1	1	1	807	6887	28	14	88.700157	Ra
2	1	1222	0	0	0	980	6900	28	13	-1	
3	1	1222	1	0	0	980	6900	28	13	-1	
4	1	1222	1	1	0	980	6900	28	13	-1	
5	1	1222	1	1	1	980	6900	28	13	69.723686	Rn
2	1	1223	0	0	0	980	6889	29	14	-1	
3	1	1223	1	0	0	980	6889	29	14	-1	
4	1	1223	1	1	0	980	6889	29	14	-1	
5	1	1223	1	1	1	980	6889	29	14	60.409966	Re
2	1	1224	0	0	0	2063	6890	52	21	-1	
3	1	1224	1	0	0	2063	6890	52	21	-1	
4	1	1224	1	1	0	2063	6890	52	21	-1	
5	1	1224	1	1	1	2063	6890	52	21	0.000000	ARs
2	1	1225	0	0	0	2293	6888	51	21	-1	
3	1	1225	1	0	0	2293	6888	51	21	-1	
4	1	1225	1	1	0	2293	6888	51	21	-1	
5	1	1225	1	1	1	2293	6888	51	21	36.771965	Arla
2	1	1226	0	0	0	2500	6846	180	49	-1	
3	1	1226	1	0	0	2500	6846	180	49	-1	
4	1	1226	1	1	0	2500	6846	180	49	-1	
5	1	1226	1	1	1	2500	6850	59	45	44.460835	uaa
5	1	1226	1	1	2	2657	6846	23	47	0.000000	,,
2	1	1227	0	0	0	634	6907	28	15	-1	
3	1	1227	1	0	0	634	6907	28	15	-1	
4	1	1227	1	1	0	634	6907	28	15	-1	
5	1	1227	1	1	1	634	6907	28	15	85.875084	RN
2	1	1228	0	0	0	807	6910	28	12	-1	
3	1	1228	1	0	0	807	6910	28	12	-1	
4	1	1228	1	1	0	807	6910	28	12	-1	
5	1	1228	1	1	1	807	6910	28	12	61.629906	Ao
2	1	1229	0	0	0	980	6912	29	13	-1	
3	1	1229	1	0	0	980	6912	29	13	-1	
4	1	1229	1	1	0	980	6912	29	13	-1	
5	1	1229	1	1	1	980	6912	29	13	71.879379	Ra
2	1	1230	0	0	0	1995	6919	46	13	-1	
3	1	1230	1	0	0	1995	6919	46	13	-1	
4	1	1230	1	1	0	1995	6919	46	13	-1	
5	1	1230	1	1	1	1995	6919	46	13	25.585831	16V10
2	1	1231	0	0	0	2006	6901	28	13	-1	
3	1	1231	1	0	0	2006	6901	28	13	-1	
4	1	1231	1	1	0	2006	6901	28	13	-1	
5	1	1231	1	1	1	2006	6901	28	13	41.090927	Cci5
2	1	1232	0	0	0	2092	6909	26	14	-1	
3	1	1232	1	0	0	2092	6909	26	14	-1	
4	1	1232	1	1	0	2092	6909	26	14	-1	
5	1	1232	1	1	1	2092	6909	26	14	94.083740	150
2	1	1233	0	0	0	2222	6916	45	13	-1	
3	1	1233	1	0	0	2222	6916	45	13	-1	
4	1	1233	1	1	0	2222	6916	45	13	-1	
5	1	1233	1	1	1	2222	6916	45	13	58.305183	16VIO
2	1	1234	0	0	0	2320	6909	27	13	-1	
3	1	1234	1	0	0	2320	6909	27	13	-1	
4	1	1234	1	1	0	2320	6909	27	13	-1	
5	1	1234	1	1	1	2320	6909	27	13	67.097046	150
2	1	1235	0	0	0	3040	6908	18	15	-1	
3	1	1235	1	0	0	3040	6908	18	15	-1	
4	1	1235	1	1	0	3040	6908	18	15	-1	
5	1	1235	1	1	1	3040	6908	18	15	61.707443	la
2	1	1236	0	0	0	2668	6936	33	12	-1	
3	1	1236	1	0	0	2668	6936	33	12	-1	
4	1	1236	1	1	0	2668	6936	33	12	-1	
5	1	1236	1	1	1	2668	6936	33	12	34.585434	ae
2	1	1237	0	0	0	2111	6947	27	7	-1	
3	1	1237	1	0	0	2111	6947	27	7	-1	
4	1	1237	1	1	0	2111	6947	27	7	-1	
5	1	1237	1	1	1	2111	6947	27	7	70.575180	=
2	1	1238	0	0	0	2668	6951	33	18	-1	
3	1	1238	1	0	0	2668	6951	33	18	-1	
4	1	1238	1	1	0	2668	6951	33	18	-1	
5	1	1238	1	1	1	2668	6951	33	18	77.481598	gr
2	1	1239	0	0	0	720	6974	43	15	-1	
3	1	1239	1	0	0	720	6974	43	15	-1	
4	1	1239	1	1	0	720	6974	43	15	-1	
5	1	1239	1	1	1	720	6974	43	15	83.424118	NO
2	1	1240	0	0	0	876	6972	43	14	-1	
3	1	1240	1	0	0	876	6972	43	14	-1	
4	1	1240	1	1	0	876	6972	43	14	-1	
5	1	1240	1	1	1	876	6972	43	14	73.865974	No
2	1	1241	0	0	0	1222	6848	103	138	-1	
3	1	1241	1	0	0	1222	6848	103	138	-1	
4	1	1241	1	1	0	1222	6848	103	138	-1	
5	1	1241	1	1	1	1222	6848	103	138	57.223869	G
2	1	1242	0	0	0	1884	6956	50	20	-1	
3	1	1242	1	0	0	1884	6956	50	20	-1	
4	1	1242	1	1	0	1884	6956	50	20	-1	
5	1	1242	1	1	1	1884	6956	50	20	0.000000	3>
2	1	1243	0	0	0	2963	6933	106	59	-1	
3	1	1243	1	0	0	2963	6933	106	59	-1	
4	1	1243	1	1	0	2963	6933	106	59	-1	
5	1	1243	1	1	1	2963	6933	106	59	54.176361	en
2	1	1244	0	0	0	3081	6974	28	6	-1	
3	1	1244	1	0	0	3081	6974	28	6	-1	
4	1	1244	1	1	0	3081	6974	28	6	-1	
5	1	1244	1	1	1	3081	6974	28	6	95.495895	=
2	1	1245	0	0	0	720	6988	43	19	-1	
3	1	1245	1	0	0	720	6988	43	19	-1	
4	1	1245	1	1	0	720	6988	43	19	-1	
5	1	1245	1	1	1	720	6988	43	19	56.113834	ne
2	1	1246	0	0	0	876	6988	42	17	-1	
3	1	1246	1	0	0	876	6988	42	17	-1	
4	1	1246	1	1	0	876	6988	42	17	-1	
5	1	1246	1	1	1	876	6988	42	17	62.953300	n>
2	1	1247	0	0	0	1100	6978	41	32	-1	
3	1	1247	1	0	0	1100	6978	102	32	-1	
4	1	1247	1	1	0	1100	6978	41	32	-1	
5	1	1247	1	1	1	1100	6978	41	32	32.489227	ge
5	1	1247	1	1	2	1162	6979	40	29	28.397247	[ge
2	1	1248	0	0	0	1729	6974	192	33	-1	
3	1	1248	1	0	0	1729	6974	192	33	-1	
4	1	1248	1	1	0	1729	6974	192	33	-1	
5	1	1248	1	1	1	1729	6984	38	23	58.453835	Sy
5	1	1248	1	1	2	1789	6970	83	41	16.840912	Fh?
5	1	1248	1	1	3	1885	6983	36	20	91.382599	op
2	1	1249	0	0	0	2957	6988	67	20	-1	
3	1	1249	1	0	0	2957	6988	67	20	-1	
4	1	1249	1	1	0	2957	6988	67	20	-1	
5	1	1249	1	1	1	2957	6989	27	13	47.427917	21
5	1	1249	1	1	2	2994	6988	30	20	89.484871	AC
2	1	1250	0	0	0	3081	6996	28	7	-1	
3	1	1250	1	0	0	3081	6996	28	7	-1	
4	1	1250	1	1	0	3081	6996	28	7	-1	
5	1	1250	1	1	1	3081	6996	28	7	54.966045	=
2	1	1251	0	0	0	876	7004	43	18	-1	
3	1	1251	1	0	0	876	7004	43	18	-1	
4	1	1251	1	1	0	876	7004	43	18	-1	
5	1	1251	1	1	1	876	7004	43	18	44.193691	o°
2	1	1252	0	0	0	1100	7011	40	20	-1	
3	1	1252	1	0	0	1100	7011	40	20	-1	
4	1	1252	1	1	0	1100	7011	40	20	-1	
5	1	1252	1	1	1	1100	7011	40	20	85.288239	On
2	1	1253	0	0	0	1400	7022	24	8	-1	
3	1	1253	1	0	0	1400	7022	24	8	-1	
4	1	1253	1	1	0	1400	7022	24	8	-1	
5	1	1253	1	1	1	1400	7022	24	8	12.332802	=a
2	1	1254	0	0	0	1441	6963	49	61	-1	
3	1	1254	1	0	0	1441	6963	49	61	-1	
4	1	1254	1	1	0	1441	6963	49	61	-1	
5	1	1254	1	1	1	1441	6963	49	61	69.016350	at
2	1	1255	0	0	0	1635	7004	58	29	-1	
3	1	1255	1	0	0	1635	7004	58	29	-1	
4	1	1255	1	1	0	1635	7004	58	29	-1	
5	1	1255	1	1	1	1635	7004	58	29	61.312790	25va70
2	1	1256	0	0	0	1729	7004	31	13	-1	
3	1	1256	1	0	0	1729	7004	31	13	-1	
4	1	1256	1	1	0	1729	7004	31	13	-1	
5	1	1256	1	1	1	1729	7004	31	13	64.949997	Yo
2	1	1257	0	0	0	1808	7004	29	13	-1	
3	1	1257	1	0	0	1808	7004	29	13	-1	
4	1	1257	1	1	0	1808	7004	29	13	-1	
5	1	1257	1	1	1	1808	7004	29	13	78.012978	C23
2	1	1258	0	0	0	2157	7015	27	6	-1	
3	1	1258	1	0	0	2157	7015	27	6	-1	
4	1	1258	1	1	0	2157	7015	27	6	-1	
5	1	1258	1	1	1	2157	7015	27	6	84.894188	=
2	1	1259	0	0	0	2958	7005	29	13	-1	
3	1	1259	1	0	0	2958	7005	29	13	-1	
4	1	1259	1	1	0	2958	7005	29	13	-1	
5	1	1259	1	1	1	2958	7005	29	13	55.269569	0.01
2	1	1260	0	0	0	2959	7021	79	3	-1	
3	1	1260	1	0	0	2959	7021	79	3	-1	
4	1	1260	1	1	0	2959	7021	79	3	-1	
5	1	1260	1	1	1	2959	7021	79	3	11.227615	oo
2	1	1261	0	0	0	3016	7005	29	13	-1	
3	1	1261	1	0	0	3016	7005	29	13	-1	
4	1	1261	1	1	0	3016	7005	29	13	-1	
5	1	1261	1	1	1	3016	7005	29	13	52.115517	‘0.01
2	1	1262	0	0	0	876	7020	43	30	-1	
3	1	1262	1	0	0	876	7020	43	30	-1	
4	1	1262	1	1	0	876	7020	43	30	-1	
5	1	1262	1	1	1	876	7020	43	30	51.498356	a?
2	1	1263	0	0	0	1227	7029	93	18	-1	
3	1	1263	1	0	0	1227	7029	93	18	-1	
4	1	1263	1	1	0	1227	7029	93	18	-1	
5	1	1263	1	1	1	1227	7029	52	18	44.080544	R434
5	1	1263	1	1	2	1289	7029	31	13	61.283012	33K
2	1	1264	0	0	0	1400	7030	30	12	-1	
3	1	1264	1	0	0	1400	7030	30	12	-1	
4	1	1264	1	1	0	1400	7030	30	12	-1	
5	1	1264	1	1	1	1400	7030	30	12	63.685364	Po
2	1	1265	0	0	0	1729	7021	70	32	-1	
3	1	1265	1	0	0	1729	7021	70	32	-1	
4	1	1265	1	1	0	1729	7021	70	32	-1	
5	1	1265	1	1	1	1729	7023	31	30	68.286377	Be
5	1	1265	1	1	2	1790	7021	9	13	94.277527	2
2	1	1266	0	0	0	1801	7021	52	13	-1	
3	1	1266	1	0	0	1801	7021	52	13	-1	
4	1	1266	1	1	0	1801	7021	52	13	-1	
5	1	1266	1	1	1	1801	7021	52	13	40.305859	5V470
2	1	1267	0	0	0	1884	7019	30	15	-1	
3	1	1267	1	0	0	1884	7019	30	15	-1	
4	1	1267	1	1	0	1884	7019	30	15	-1	
5	1	1267	1	1	1	1884	7019	30	15	55.990074	a7
2	1	1268	0	0	0	3036	7027	66	25	-1	
3	1	1268	1	0	0	3036	7027	66	25	-1	
4	1	1268	1	1	0	3036	7027	66	25	-1	
5	1	1268	1	1	1	3036	7027	66	25	79.197144	He
5	1	1268	1	1	2	3084	7023	20	39	51.081345	™
2	1	1269	0	0	0	876	7046	42	20	-1	
3	1	1269	1	0	0	876	7046	42	20	-1	
4	1	1269	1	1	0	876	7046	42	20	-1	
5	1	1269	1	1	1	876	7046	42	20	92.013954	Os
2	1	1270	0	0	0	1399	7044	30	10	-1	
3	1	1270	1	0	0	1399	7044	30	10	-1	
4	1	1270	1	1	0	1399	7044	30	10	-1	
5	1	1270	1	1	1	1399	7044	30	10	74.347763	@<
2	1	1271	0	0	0	2958	7062	80	2	-1	
3	1	1271	1	0	0	2958	7062	80	2	-1	
4	1	1271	1	1	0	2958	7062	80	2	-1	
5	1	1271	1	1	1	2958	7062	39	2	18.498810	a
5	1	1271	1	1	2	3015	7062	23	2	8.120583	Oe
2	1	1272	0	0	0	720	7058	43	17	-1	
3	1	1272	1	0	0	720	7058	43	17	-1	
4	1	1272	1	1	0	720	7058	43	17	-1	
5	1	1272	1	1	1	720	7058	43	17	44.855724	O=
2	1	1273	0	0	0	1831	7077	30	9	-1	
3	1	1273	1	0	0	1831	7077	30	9	-1	
4	1	1273	1	1	0	1831	7077	30	9	-1	
5	1	1273	1	1	1	1831	7077	30	9	13.983727	=P
2	1	1274	0	0	0	2363	7058	43	17	-1	
3	1	1274	1	0	0	2363	7058	43	17	-1	
4	1	1274	1	1	0	2363	7058	43	17	-1	
5	1	1274	1	1	1	2363	7058	43	17	42.707062	p-
2	1	1275	0	0	0	720	7075	43	19	-1	
3	1	1275	1	0	0	720	7075	43	19	-1	
4	1	1275	1	1	0	720	7075	43	19	-1	
5	1	1275	1	1	1	720	7075	43	19	66.854065	oe
2	1	1276	0	0	0	1353	7092	30	12	-1	
3	1	1276	1	0	0	1353	7092	30	12	-1	
4	1	1276	1	1	0	1353	7092	30	12	-1	
5	1	1276	1	1	1	1353	7092	30	12	66.063873	ay
2	1	1277	0	0	0	1491	7085	40	13	-1	
3	1	1277	1	0	0	1491	7085	40	13	-1	
4	1	1277	1	1	0	1491	7085	40	13	-1	
5	1	1277	1	1	1	1491	7085	40	13	95.709442	0408
2	1	1278	0	0	0	1632	7077	54	21	-1	
3	1	1278	1	0	0	1632	7077	54	21	-1	
4	1	1278	1	1	0	1632	7077	54	21	-1	
5	1	1278	1	1	1	1632	7077	54	21	45.579720	Aczz
2	1	1279	0	0	0	1739	7075	74	22	-1	
3	1	1279	1	0	0	1739	7075	74	22	-1	
4	1	1279	1	1	0	1739	7075	74	22	-1	
5	1	1279	1	1	1	1739	7075	74	22	91.691727	=
5	1	1279	1	1	2	1791	7070	27	34	87.628426	0
2	1	1280	0	0	0	1831	7086	31	12	-1	
3	1	1280	1	0	0	1831	7086	31	12	-1	
4	1	1280	1	1	0	1831	7086	31	12	-1	
5	1	1280	1	1	1	1831	7086	31	12	54.169479	ra
2	1	1281	0	0	0	2258	7076	44	18	-1	
3	1	1281	1	0	0	2258	7076	44	18	-1	
4	1	1281	1	1	0	2258	7076	44	18	-1	
5	1	1281	1	1	1	2258	7076	44	18	93.039558	zo
2	1	1282	0	0	0	2362	7096	44	16	-1	
3	1	1282	1	0	0	2362	7096	44	16	-1	
4	1	1282	1	1	0	2362	7096	44	16	-1	
5	1	1282	1	1	1	2362	7096	44	16	67.836212	No
2	1	1283	0	0	0	2362	7075	44	19	-1	
3	1	1283	1	0	0	2362	7075	44	19	-1	
4	1	1283	1	1	0	2362	7075	44	19	-1	
5	1	1283	1	1	1	2362	7075	44	19	25.527817	2°
2	1	1284	0	0	0	2572	7097	39	15	-1	
3	1	1284	1	0	0	2572	7097	39	15	-1	
4	1	1284	1	1	0	2572	7097	39	15	-1	
5	1	1284	1	1	1	2572	7097	39	15	72.328339	no
2	1	1285	0	0	0	2675	7095	41	15	-1	
3	1	1285	1	0	0	2675	7095	41	15	-1	
4	1	1285	1	1	0	2675	7095	41	15	-1	
5	1	1285	1	1	1	2675	7095	41	15	81.184349	no
2	1	1286	0	0	0	2779	7096	40	14	-1	
3	1	1286	1	0	0	2779	7096	40	14	-1	
4	1	1286	1	1	0	2779	7096	40	14	-1	
5	1	1286	1	1	1	2779	7096	40	14	69.726860	No
2	1	1287	0	0	0	1354	7103	29	12	-1	
3	1	1287	1	0	0	1354	7103	29	12	-1	
4	1	1287	1	1	0	1354	7103	29	12	-1	
5	1	1287	1	1	1	1354	7103	29	12	51.293175	<4
2	1	1288	0	0	0	1484	7102	51	13	-1	
3	1	1288	1	0	0	1484	7102	51	13	-1	
4	1	1288	1	1	0	1484	7102	51	13	-1	
5	1	1288	1	1	1	1484	7102	51	13	71.135025	MAI65
2	1	1289	0	0	0	1657	7100	32	14	-1	
3	1	1289	1	0	0	1657	7100	32	14	-1	
4	1	1289	1	1	0	1657	7100	32	14	-1	
5	1	1289	1	1	1	1657	7100	32	14	91.018456	0.01
2	1	1290	0	0	0	2258	7098	44	16	-1	
3	1	1290	1	0	0	2258	7098	44	16	-1	
4	1	1290	1	1	0	2258	7098	44	16	-1	
5	1	1290	1	1	1	2258	7098	44	16	58.909801	NS
2	1	1291	0	0	0	2675	7112	41	20	-1	
3	1	1291	1	0	0	2675	7112	41	20	-1	
4	1	1291	1	1	0	2675	7112	41	20	-1	
5	1	1291	1	1	1	2675	7112	41	20	62.243423	Ys
2	1	1292	0	0	0	2780	7113	41	15	-1	
3	1	1292	1	0	0	2780	7113	41	15	-1	
4	1	1292	1	1	0	2780	7113	41	15	-1	
5	1	1292	1	1	1	2780	7113	41	15	42.439140	Ox
2	1	1293	0	0	0	1195	7062	152	76	-1	
3	1	1293	1	0	0	1195	7062	152	76	-1	
4	1	1293	1	1	0	1195	7062	152	76	-1	
5	1	1293	1	1	1	1195	7062	152	76	19.380478	ae
2	1	1294	0	0	0	2428	7127	79	7	-1	
3	1	1294	1	0	0	2428	7127	79	7	-1	
4	1	1294	1	1	0	2428	7127	79	7	-1	
5	1	1294	1	1	1	2428	7127	31	7	52.696346	——
2	1	1295	0	0	0	2571	7115	40	21	-1	
3	1	1295	1	0	0	2571	7115	40	21	-1	
4	1	1295	1	1	0	2571	7115	40	21	-1	
5	1	1295	1	1	1	2571	7115	40	21	65.870834	Qa
2	1	1296	0	0	0	1264	7142	68	14	-1	
3	1	1296	1	0	0	1264	7142	68	14	-1	
4	1	1296	1	1	0	1264	7142	68	14	-1	
5	1	1296	1	1	1	1264	7143	13	10	88.255730	@
5	1	1296	1	1	2	1290	7142	42	14	93.630852	R436
2	1	1297	0	0	0	1295	7160	24	13	-1	
3	1	1297	1	0	0	1295	7160	24	13	-1	
4	1	1297	1	1	0	1295	7160	24	13	-1	
5	1	1297	1	1	1	1295	7160	24	13	83.169121	100
2	1	1298	0	0	0	1785	7155	28	6	-1	
3	1	1298	1	0	0	1785	7155	28	6	-1	
4	1	1298	1	1	0	1785	7155	28	6	-1	
5	1	1298	1	1	1	1785	7155	28	6	95.780731	=
2	1	1299	0	0	0	1552	7185	60	19	-1	
3	1	1299	1	0	0	1552	7185	60	19	-1	
4	1	1299	1	1	0	1552	7185	60	19	-1	
5	1	1299	1	1	1	1552	7185	60	19	23.700745	L{
5	1	1299	1	1	2	1599	7181	17	34	71.663353	|
2	1	1300	0	0	0	625	7254	50	17	-1	
3	1	1300	1	0	0	625	7254	50	17	-1	
4	1	1300	1	1	0	625	7254	50	17	-1	
5	1	1300	1	1	1	625	7254	50	17	48.572521	aa
2	1	1301	0	0	0	2286	7313	16	11	-1	
3	1	1301	1	0	0	2286	7313	16	11	-1	
4	1	1301	1	1	0	2286	7313	16	11	-1	
5	1	1301	1	1	1	2286	7313	16	11	95.749069	a
2	1	1302	0	0	0	2339	7313	13	9	-1	
3	1	1302	1	0	0	2339	7313	13	9	-1	
4	1	1302	1	1	0	2339	7313	13	9	-1	
5	1	1302	1	1	1	2339	7313	13	9	79.717445	°
2	1	1303	0	0	0	2388	7311	38	13	-1	
3	1	1303	1	0	0	2388	7311	38	13	-1	
4	1	1303	1	1	0	2388	7311	38	13	-1	
5	1	1303	1	1	1	2388	7311	38	13	59.112679	oa
2	1	1304	0	0	0	1837	7338	157	14	-1	
3	1	1304	1	0	0	1837	7338	157	14	-1	
4	1	1304	1	1	0	1837	7338	157	14	-1	
5	1	1304	1	1	1	1837	7338	91	14	39.254631	aoga
5	1	1304	1	1	2	1951	7339	43	13	78.939796	C420
2	1	1305	0	0	0	1944	7355	56	13	-1	
3	1	1305	1	0	0	1944	7355	56	13	-1	
4	1	1305	1	1	0	1944	7355	56	13	-1	
5	1	1305	1	1	1	1944	7355	56	13	67.475845	6.3V22
2	1	1306	0	0	0	2070	7335	67	22	-1	
3	1	1306	1	0	0	2070	7335	67	22	-1	
4	1	1306	1	1	0	2070	7335	67	22	-1	
5	1	1306	1	1	1	2070	7335	67	22	45.318867	ore
2	1	1307	0	0	0	1512	7294	304	92	-1	
3	1	1307	1	0	0	1512	7294	304	92	-1	
4	1	1307	1	1	0	1512	7294	304	92	-1	
5	1	1307	1	1	1	1512	7294	304	92	62.189449	|
2	1	1308	0	0	0	2292	7362	51	27	-1	
3	1	1308	1	0	0	2292	7362	51	27	-1	
4	1	1308	1	1	0	2292	7362	51	27	-1	
5	1	1308	1	1	1	2288	7358	11	44	0.000000	L
5	1	1308	1	1	2	2324	7362	19	27	44.037971	|
2	1	1309	0	0	0	1096	7422	15	8	-1	
3	1	1309	1	0	0	1096	7422	15	8	-1	
4	1	1309	1	1	0	1096	7422	15	8	-1	
5	1	1309	1	1	1	1096	7422	15	8	35.925720	a
2	1	1310	0	0	0	1574	7387	242	44	-1	
3	1	1310	1	0	0	1574	7387	242	44	-1	
4	1	1310	1	1	0	1574	7387	242	44	-1	
5	1	1310	1	1	1	1574	7387	242	44	24.611092	en
2	1	1311	0	0	0	1899	7419	20	8	-1	
3	1	1311	1	0	0	1899	7419	20	8	-1	
4	1	1311	1	1	0	1899	7419	20	8	-1	
5	1	1311	1	1	1	1899	7419	20	8	46.780746	wa
2	1	1312	0	0	0	1923	7386	103	44	-1	
3	1	1312	1	0	0	1923	7386	103	44	-1	
4	1	1312	1	1	0	1923	7386	103	44	-1	
5	1	1312	1	1	1	1923	7386	103	44	0.000000	hd
2	1	1313	0	0	0	2423	7361	410	66	-1	
3	1	1313	1	0	0	2423	7361	410	66	-1	
4	1	1313	1	1	0	2423	7361	410	66	-1	
5	1	1313	1	1	1	2423	7361	410	66	0.000000	(_
2	1	1314	0	0	0	974	7426	23	22	-1	
3	1	1314	1	0	0	974	7426	23	22	-1	
4	1	1314	1	1	0	974	7426	23	22	-1	
5	1	1314	1	1	1	974	7426	23	22	0.000000	>)
2	1	1315	0	0	0	988	7444	148	9	-1	
3	1	1315	1	0	0	988	7444	148	9	-1	
4	1	1315	1	1	0	988	7444	148	9	-1	
5	1	1315	1	1	1	988	7444	148	9	22.833878	MAAAAA
2	1	1316	0	0	0	1000	7422	101	27	-1	
3	1	1316	1	0	0	1000	7422	101	27	-1	
4	1	1316	1	1	0	1000	7422	101	27	-1	
5	1	1316	1	1	1	1000	7422	101	27	0.000000	PYNOE
2	1	1317	0	0	0	1491	7422	32	30	-1	
3	1	1317	1	0	0	1491	7422	32	30	-1	
4	1	1317	1	1	0	1491	7422	32	30	-1	
5	1	1317	1	1	1	1491	7422	32	30	55.137016	[O
2	1	1318	0	0	0	1807	7419	101	27	-1	
3	1	1318	1	0	0	1807	7419	101	27	-1	
4	1	1318	1	1	0	1807	7419	101	27	-1	
5	1	1318	1	1	1	1807	7419	101	27	20.087524	OOOO)
2	1	1319	0	0	0	1820	7442	97	10	-1	
3	1	1319	1	0	0	1820	7442	97	10	-1	
4	1	1319	1	1	0	1820	7442	97	10	-1	
5	1	1319	1	1	1	1820	7442	97	10	44.676910	CAAA
2	1	1320	0	0	0	1911	7423	23	23	-1	
3	1	1320	1	0	0	1911	7423	23	23	-1	
4	1	1320	1	1	0	1911	7423	23	23	-1	
5	1	1320	1	1	1	1911	7423	23	23	33.734024	©)
2	1	1321	0	0	0	1924	7419	18	32	-1	
3	1	1321	1	0	0	1924	7419	18	32	-1	
4	1	1321	1	1	0	1924	7419	18	32	-1	
5	1	1321	1	1	1	1924	7419	18	32	27.745750	>)
2	1	1322	0	0	0	2005	7420	20	31	-1	
3	1	1322	1	0	0	2005	7420	20	31	-1	
4	1	1322	1	1	0	2005	7420	20	31	-1	
5	1	1322	1	1	1	2005	7420	20	31	28.658432	[c
2	1	1323	0	0	0	2016	7423	23	22	-1	
3	1	1323	1	0	0	2016	7423	23	22	-1	
4	1	1323	1	1	0	2016	7423	23	22	-1	
5	1	1323	1	1	1	2016	7423	23	22	67.140656	S
2	1	1324	0	0	0	2028	7441	98	10	-1	
3	1	1324	1	0	0	2028	7441	98	10	-1	
4	1	1324	1	1	0	2028	7441	98	10	-1	
5	1	1324	1	1	1	2028	7441	98	10	7.464752	aA
2	1	1325	0	0	0	2041	7420	56	25	-1	
3	1	1325	1	0	0	2041	7420	56	25	-1	
4	1	1325	1	1	0	2041	7420	56	25	-1	
5	1	1325	1	1	1	2041	7420	56	25	51.293594	Oo
2	1	1326	0	0	0	2093	7420	30	24	-1	
3	1	1326	1	0	0	2093	7420	30	24	-1	
4	1	1326	1	1	0	2093	7420	30	24	-1	
5	1	1326	1	1	1	2093	7420	30	24	63.332706	Or
2	1	1327	0	0	0	2119	7390	57	60	-1	
3	1	1327	1	0	0	2119	7390	57	60	-1	
4	1	1327	1	1	0	2119	7390	57	60	-1	
5	1	1327	1	1	1	2119	7390	57	60	41.902054	ce)
2	1	1328	0	0	0	2273	7418	147	32	-1	
3	1	1328	1	0	0	2273	7418	147	32	-1	
4	1	1328	1	1	0	2273	7418	147	32	-1	
5	1	1328	1	1	1	2273	7418	147	32	0.000000	Bocas.
2	1	1329	0	0	0	2411	7422	23	23	-1	
3	1	1329	1	0	0	2411	7422	23	23	-1	
4	1	1329	1	1	0	2411	7422	23	23	-1	
5	1	1329	1	1	1	2411	7422	23	23	61.132454	S)
2	1	1330	0	0	0	614	7423	108	32	-1	
3	1	1330	1	0	0	614	7423	108	32	-1	
4	1	1330	1	1	0	614	7423	108	32	-1	
5	1	1330	1	1	1	614	7423	108	32	11.462776	(SOO)
2	1	1331	0	0	0	939	7423	44	31	-1	
3	1	1331	1	0	0	939	7423	44	31	-1	
4	1	1331	1	1	0	939	7423	44	31	-1	
5	1	1331	1	1	1	939	7423	44	31	34.250893	loc
2	1	1332	0	0	0	1104	7422	77	42	-1	
3	1	1332	1	0	0	1104	7422	77	42	-1	
4	1	1332	1	1	0	1104	7422	77	42	-1	
5	1	1332	1	1	1	1104	7422	77	42	42.802345	OO
2	1	1333	0	0	0	2425	7419	42	49	-1	
3	1	1333	1	0	0	2425	7419	42	49	-1	
4	1	1333	1	1	0	2425	7419	42	49	-1	
5	1	1333	1	1	1	2425	7419	42	49	33.182045	oF
2	1	1334	0	0	0	2788	7414	242	44	-1	
3	1	1334	1	0	0	2788	7414	242	44	-1	
4	1	1334	1	1	0	2788	7414	242	44	-1	
5	1	1334	1	1	1	2788	7414	242	44	8.136711	[OQOQOOOO
5	1	1334	1	1	2	3009	7410	22	52	72.265175	=
2	1	1335	0	0	0	2855	7463	12	9	-1	
3	1	1335	1	0	0	2855	7463	12	9	-1	
4	1	1335	1	1	0	2855	7463	12	9	-1	
5	1	1335	1	1	1	2855	7463	12	9	95.676041	>
2	1	1336	0	0	0	2906	7462	64	10	-1	
3	1	1336	1	0	0	2906	7462	64	10	-1	
4	1	1336	1	1	0	2906	7462	64	10	-1	
5	1	1336	1	1	1	2906	7462	64	10	0.000000	bPEroa
2	1	1337	0	0	0	3017	7461	12	10	-1	
3	1	1337	1	0	0	3017	7461	12	10	-1	
4	1	1337	1	1	0	3017	7461	12	10	-1	
5	1	1337	1	1	1	3017	7461	12	10	88.168198	z
2	1	1338	0	0	0	2455	7480	11	3	-1	
3	1	1338	1	0	0	2455	7480	11	3	-1	
4	1	1338	1	1	0	2455	7480	11	3	-1	
5	1	1338	1	1	1	2455	7480	11	3	85.531693	=
2	1	1339	0	0	0	2455	7472	11	3	-1	
3	1	1339	1	0	0	2455	7472	11	3	-1	
4	1	1339	1	1	0	2455	7472	11	3	-1	
5	1	1339	1	1	1	2455	7472	11	3	83.124092	2
2	1	1340	0	0	0	2801	7474	39	9	-1	
3	1	1340	1	0	0	2801	7474	39	9	-1	
4	1	1340	1	1	0	2801	7474	39	9	-1	
5	1	1340	1	1	1	2801	7474	39	9	37.133579	a0
2	1	1341	0	0	0	3017	7475	12	3	-1	
3	1	1341	1	0	0	3017	7475	12	3	-1	
4	1	1341	1	1	0	3017	7475	12	3	-1	
5	1	1341	1	1	1	3017	7475	12	3	72.336380	<
2	1	1342	0	0	0	1610	7498	13	9	-1	
3	1	1342	1	0	0	1610	7498	13	9	-1	
4	1	1342	1	1	0	1610	7498	13	9	-1	
5	1	1342	1	1	1	1610	7498	13	9	42.433392	o
2	1	1343	0	0	0	2802	7486	115	10	-1	
3	1	1343	1	0	0	2802	7486	115	10	-1	
4	1	1343	1	1	0	2802	7486	115	10	-1	
5	1	1343	1	1	1	2802	7486	115	10	0.000000	zene
2	1	1344	0	0	0	2957	7488	39	8	-1	
3	1	1344	1	0	0	2957	7488	39	8	-1	
4	1	1344	1	1	0	2957	7488	39	8	-1	
5	1	1344	1	1	1	2957	7488	39	8	90.977882	os
2	1	1345	0	0	0	1844	7488	2	28	-1	
3	1	1345	1	0	0	1844	7488	2	28	-1	
4	1	1345	1	1	0	1844	7488	2	28	-1	
5	1	1345	1	1	1	1844	7488	2	28	65.066193	|
2	1	1346	0	0	0	2372	7526	23	9	-1	
3	1	1346	1	0	0	2372	7526	23	9	-1	
4	1	1346	1	1	0	2372	7526	23	9	-1	
5	1	1346	1	1	1	2372	7526	23	9	61.619553	KA
2	1	1347	0	0	0	2530	7522	43	16	-1	
3	1	1347	1	0	0	2530	7522	43	16	-1	
4	1	1347	1	1	0	2530	7522	43	16	-1	
5	1	1347	1	1	1	2530	7522	43	16	0.000000	bp
2	1	1348	0	0	0	1094	7551	14	7	-1	
3	1	1348	1	0	0	1094	7551	14	7	-1	
4	1	1348	1	1	0	1094	7551	14	7	-1	
5	1	1348	1	1	1	1094	7551	14	7	0.000000	"7
2	1	1349	0	0	0	2275	7527	16	31	-1	
3	1	1349	1	0	0	2275	7527	16	31	-1	
4	1	1349	1	1	0	2275	7527	16	31	-1	
5	1	1349	1	1	1	2275	7527	16	31	25.645119	(¢
2	1	1350	0	0	0	2295	7526	73	29	-1	
3	1	1350	1	0	0	2295	7526	73	29	-1	
4	1	1350	1	1	0	2295	7526	73	29	-1	
5	1	1350	1	1	1	2295	7526	73	29	32.220840	O04
2	1	1351	0	0	0	2296	7550	95	9	-1	
3	1	1351	1	0	0	2296	7550	95	9	-1	
4	1	1351	1	1	0	2296	7550	95	9	-1	
5	1	1351	1	1	1	2296	7550	95	9	81.663765	AAAA
2	1	1352	0	0	0	2385	7526	59	33	-1	
3	1	1352	1	0	0	2385	7526	59	33	-1	
4	1	1352	1	1	0	2385	7526	59	33	-1	
5	1	1352	1	1	1	2385	7526	59	33	70.305939	WO)
2	1	1353	0	0	0	2530	7537	44	21	-1	
3	1	1353	1	0	0	2530	7537	44	21	-1	
4	1	1353	1	1	0	2530	7537	44	21	-1	
5	1	1353	1	1	1	2530	7537	44	21	61.398338	2°
2	1	1354	0	0	0	628	7575	73	9	-1	
3	1	1354	1	0	0	628	7575	73	9	-1	
4	1	1354	1	1	0	628	7575	73	9	-1	
5	1	1354	1	1	1	628	7575	73	9	38.783157	AAA
2	1	1355	0	0	0	667	7556	49	23	-1	
3	1	1355	1	0	0	667	7556	49	23	-1	
4	1	1355	1	1	0	667	7556	49	23	-1	
5	1	1355	1	1	1	667	7556	49	23	57.432266	OS
2	1	1356	0	0	0	939	7552	18	30	-1	
3	1	1356	1	0	0	939	7552	18	30	-1	
4	1	1356	1	1	0	939	7552	18	30	-1	
5	1	1356	1	1	1	939	7552	18	30	72.852570	Ic
2	1	1357	0	0	0	949	7551	152	27	-1	
3	1	1357	1	0	0	949	7551	152	27	-1	
4	1	1357	1	1	0	949	7551	152	27	-1	
5	1	1357	1	1	1	949	7551	152	27	0.000000	COOCOO
2	1	1358	0	0	0	962	7573	177	9	-1	
3	1	1358	1	0	0	962	7573	177	9	-1	
4	1	1358	1	1	0	962	7573	177	9	-1	
5	1	1358	1	1	1	962	7573	177	9	0.000000	MNAAAAASA
2	1	1359	0	0	0	1104	7551	58	31	-1	
3	1	1359	1	0	0	1104	7551	58	31	-1	
4	1	1359	1	1	0	1104	7551	58	31	-1	
5	1	1359	1	1	1	1104	7551	58	31	70.272957	WO)
2	1	1360	0	0	0	2530	7562	44	14	-1	
3	1	1360	1	0	0	2530	7562	44	14	-1	
4	1	1360	1	1	0	2530	7562	44	14	-1	
5	1	1360	1	1	1	2530	7562	44	14	79.562607	N=
2	1	1361	0	0	0	1088	7618	31	3	-1	
3	1	1361	1	0	0	1088	7618	31	3	-1	
4	1	1361	1	1	0	1088	7618	31	3	-1	
5	1	1361	1	1	1	1088	7618	31	3	37.220291	to
2	1	1362	0	0	0	1278	7619	28	8	-1	
3	1	1362	1	0	0	1278	7619	28	8	-1	
4	1	1362	1	1	0	1278	7619	28	8	-1	
5	1	1362	1	1	1	1278	7619	28	8	78.306305	er
2	1	1363	0	0	0	1278	7607	29	13	-1	
3	1	1363	1	0	0	1278	7607	29	13	-1	
4	1	1363	1	1	0	1278	7607	29	13	-1	
5	1	1363	1	1	1	1278	7607	29	13	50.885387	60
2	1	1364	0	0	0	1364	7605	28	9	-1	
3	1	1364	1	0	0	1364	7605	28	9	-1	
4	1	1364	1	1	0	1364	7605	28	9	-1	
5	1	1364	1	1	1	1364	7605	28	9	61.382835	oun
2	1	1365	0	0	0	774	7630	62	16	-1	
3	1	1365	1	0	0	774	7630	62	16	-1	
4	1	1365	1	1	0	774	7630	62	16	-1	
5	1	1365	1	1	1	774	7630	62	16	12.271088	Fe)
2	1	1366	0	0	0	1279	7628	28	12	-1	
3	1	1366	1	0	0	1279	7628	28	12	-1	
4	1	1366	1	1	0	1279	7628	28	12	-1	
5	1	1366	1	1	1	1279	7628	28	12	0.000000	rs)
2	1	1367	0	0	0	1365	7626	28	11	-1	
3	1	1367	1	0	0	1365	7626	28	11	-1	
4	1	1367	1	1	0	1365	7626	28	11	-1	
5	1	1367	1	1	1	1365	7626	28	11	74.272469	x@
2	1	1368	0	0	0	402	7565	146	91	-1	
3	1	1368	1	0	0	402	7565	146	91	-1	
4	1	1368	1	1	0	402	7565	146	91	-1	
5	1	1368	1	1	1	402	7565	146	91	43.696297	ni
5	1	1368	1	1	2	521	7561	26	99	55.735374	E
2	1	1369	0	0	0	533	7659	31	9	-1	
3	1	1369	1	0	0	533	7659	31	9	-1	
4	1	1369	1	1	0	533	7659	31	9	-1	
5	1	1369	1	1	1	533	7659	31	9	69.162537	eo
2	1	1370	0	0	0	774	7650	62	11	-1	
3	1	1370	1	0	0	774	7650	62	11	-1	
4	1	1370	1	1	0	774	7650	62	11	-1	
5	1	1370	1	1	1	774	7650	14	3	0.000000	5
5	1	1370	1	1	2	801	7650	35	11	0.000000	eh
2	1	1371	0	0	0	774	7657	63	14	-1	
3	1	1371	1	0	0	774	7657	63	14	-1	
4	1	1371	1	1	0	774	7657	63	14	-1	
5	1	1371	1	1	1	774	7657	63	14	0.022324	Vex
2	1	1372	0	0	0	995	7654	13	6	-1	
3	1	1372	1	0	0	995	7654	13	6	-1	
4	1	1372	1	1	0	995	7654	13	6	-1	
5	1	1372	1	1	1	995	7654	13	6	22.552612	20
2	1	1373	0	0	0	1280	7643	26	15	-1	
3	1	1373	1	0	0	1280	7643	26	15	-1	
4	1	1373	1	1	0	1280	7643	26	15	-1	
5	1	1373	1	1	1	1280	7643	26	15	66.137283	BR
2	1	1374	0	0	0	2300	7661	49	21	-1	
3	1	1374	1	0	0	2300	7661	49	21	-1	
4	1	1374	1	1	0	2300	7661	49	21	-1	
5	1	1374	1	1	1	2300	7675	11	3	79.285324	~
5	1	1374	1	1	2	2321	7661	28	21	75.414871	|>
2	1	1375	0	0	0	2266	7683	46	13	-1	
3	1	1375	1	0	0	2266	7683	46	13	-1	
4	1	1375	1	1	0	2266	7683	46	13	-1	
5	1	1375	1	1	1	2266	7683	46	13	47.091507	nO
2	1	1376	0	0	0	2372	7686	82	20	-1	
3	1	1376	1	0	0	2372	7686	82	20	-1	
4	1	1376	1	1	0	2372	7686	82	20	-1	
5	1	1376	1	1	1	2372	7692	11	3	3.566505	—
5	1	1376	1	1	2	2403	7686	51	20	25.609947	|
2	1	1377	0	0	0	1001	7708	75	21	-1	
3	1	1377	1	0	0	1001	7708	75	21	-1	
4	1	1377	1	1	0	1001	7708	75	21	-1	
5	1	1377	1	1	1	1001	7708	75	21	15.516357	@O“@
2	1	1378	0	0	0	2531	7731	43	18	-1	
3	1	1378	1	0	0	2531	7731	43	18	-1	
4	1	1378	1	1	0	2531	7731	43	18	-1	
5	1	1378	1	1	1	2531	7731	43	18	81.674515	20
2	1	1379	0	0	0	988	7741	60	19	-1	
3	1	1379	1	0	0	988	7741	60	19	-1	
4	1	1379	1	1	0	988	7741	60	19	-1	
5	1	1379	1	1	1	988	7741	60	19	79.170105	©)
5	1	1379	1	1	2	1032	7737	20	34	95.299576	©
2	1	1380	0	0	0	2531	7752	44	15	-1	
3	1	1380	1	0	0	2531	7752	44	15	-1	
4	1	1380	1	1	0	2531	7752	44	15	-1	
5	1	1380	1	1	1	2531	7752	44	15	27.823959	vn
2	1	1381	0	0	0	1228	7665	175	112	-1	
3	1	1381	1	0	0	1228	7665	175	112	-1	
4	1	1381	1	1	0	1228	7665	175	112	-1	
5	1	1381	1	1	1	1228	7665	175	112	31.775864	{i
2	1	1382	0	0	0	1314	7775	43	12	-1	
3	1	1382	1	0	0	1314	7775	43	12	-1	
4	1	1382	1	1	0	1314	7775	43	12	-1	
5	1	1382	1	1	1	1314	7775	43	12	53.892891	eo
2	1	1383	0	0	0	2585	7738	66	36	-1	
3	1	1383	1	0	0	2585	7738	66	36	-1	
4	1	1383	1	1	0	2585	7738	66	36	-1	
5	1	1383	1	1	1	2585	7738	66	36	81.778450	ve
2	1	1384	0	0	0	2347	7799	28	13	-1	
3	1	1384	1	0	0	2347	7799	28	13	-1	
4	1	1384	1	1	0	2347	7799	28	13	-1	
5	1	1384	1	1	1	2347	7799	28	13	31.211761	cir
2	1	1385	0	0	0	2584	7772	60	25	-1	
3	1	1385	1	0	0	2584	7772	60	25	-1	
4	1	1385	1	1	0	2584	7772	60	25	-1	
5	1	1385	1	1	1	2584	7772	60	25	9.432526	Oo
2	1	1386	0	0	0	914	7782	124	50	-1	
3	1	1386	1	0	0	914	7782	124	50	-1	
4	1	1386	1	1	0	914	7782	124	50	-1	
5	1	1386	1	1	1	914	7778	46	74	47.799156	[|
5	1	1386	1	1	2	990	7778	50	74	63.484207	SS
2	1	1387	0	0	0	2328	7816	69	13	-1	
3	1	1387	1	0	0	2328	7816	69	13	-1	
4	1	1387	1	1	0	2328	7816	69	13	-1	
5	1	1387	1	1	1	2328	7816	69	13	11.281799	6.3V¥220
2	1	1388	0	0	0	2585	7809	117	40	-1	
3	1	1388	1	0	0	2585	7809	117	40	-1	
4	1	1388	1	1	0	2585	7809	117	40	-1	
5	1	1388	1	1	1	2585	7811	59	23	4.056641	D>
5	1	1388	1	1	2	2658	7809	44	40	4.056641	$t
2	1	1389	0	0	0	2220	7832	70	29	-1	
3	1	1389	1	0	0	2220	7832	70	29	-1	
4	1	1389	1	1	0	2220	7832	70	29	-1	
5	1	1389	1	1	1	2220	7832	70	29	14.483124	63v220
2	1	1390	0	0	0	2664	7886	73	10	-1	
3	1	1390	1	0	0	2664	7886	73	10	-1	
4	1	1390	1	1	0	2664	7886	73	10	-1	
5	1	1390	1	1	1	2664	7886	73	10	53.090054	ry
2	1	1391	0	0	0	2664	7909	46	10	-1	
3	1	1391	1	0	0	2664	7909	46	10	-1	
4	1	1391	1	1	0	2664	7909	46	10	-1	
5	1	1391	1	1	1	2664	7909	46	10	93.081650	AA
2	1	1392	0	0	0	2717	7886	42	32	-1	
3	1	1392	1	0	0	2717	7886	42	32	-1	
4	1	1392	1	1	0	2717	7886	42	32	-1	
5	1	1392	1	1	1	2717	7886	42	32	22.187439	39)
2	1	1393	0	0	0	2749	7944	36	9	-1	
3	1	1393	1	0	0	2749	7944	36	9	-1	
4	1	1393	1	1	0	2749	7944	36	9	-1	
5	1	1393	1	1	1	2749	7944	36	9	45.364494	<<s
2	1	1394	0	0	0	2750	7951	35	12	-1	
3	1	1394	1	0	0	2750	7951	35	12	-1	
4	1	1394	1	1	0	2750	7951	35	12	-1	
5	1	1394	1	1	1	2750	7951	35	12	60.903648	a3
2	1	1395	0	0	0	1793	7528	390	502	-1	
3	1	1395	1	0	0	1793	7528	390	502	-1	
4	1	1395	1	1	0	1793	7528	390	502	-1	
5	1	1395	1	1	1	1793	7528	390	502	47.065880	[|
2	1	1396	0	0	0	2818	8004	92	29	-1	
3	1	1396	1	0	0	2818	8004	92	29	-1	
4	1	1396	1	1	0	2818	8004	92	29	-1	
5	1	1396	1	1	1	2818	8004	92	29	35.427063	u0U
2	1	1397	0	0	0	2817	8051	92	34	-1	
3	1	1397	1	0	0	2817	8051	92	34	-1	
4	1	1397	1	1	0	2817	8051	92	34	-1	
5	1	1397	1	1	1	2817	8051	92	34	63.291351	Oa
