level	page_num	block_num	par_num	line_num	word_num	left	top	width	height	conf	text
1	1	0	0	0	0	0	0	9052	3528	-1	
2	1	1	0	0	0	92	227	52	37	-1	
3	1	1	1	0	0	92	227	52	37	-1	
4	1	1	1	1	0	92	227	52	37	-1	
5	1	1	1	1	1	92	227	52	37	96.972740	35
2	1	2	0	0	0	540	231	53	38	-1	
3	1	2	1	0	0	540	231	53	38	-1	
4	1	2	1	1	0	540	231	53	38	-1	
5	1	2	1	1	1	540	231	53	38	96.997993	36
2	1	3	0	0	0	1001	231	52	38	-1	
3	1	3	1	0	0	1001	231	52	38	-1	
4	1	3	1	1	0	1001	231	52	38	-1	
5	1	3	1	1	1	1001	231	52	38	96.444061	37
2	1	4	0	0	0	1476	230	52	38	-1	
3	1	4	1	0	0	1476	230	52	38	-1	
4	1	4	1	1	0	1476	230	52	38	-1	
5	1	4	1	1	1	1476	230	52	38	96.992470	38
2	1	5	0	0	0	1959	231	53	38	-1	
3	1	5	1	0	0	1959	231	53	38	-1	
4	1	5	1	1	0	1959	231	53	38	-1	
5	1	5	1	1	1	1959	231	53	38	96.866966	39
2	1	6	0	0	0	2439	233	52	37	-1	
3	1	6	1	0	0	2439	233	52	37	-1	
4	1	6	1	1	0	2439	233	52	37	-1	
5	1	6	1	1	1	2439	233	52	37	97.012695	40
2	1	7	0	0	0	2900	230	47	37	-1	
3	1	7	1	0	0	2900	230	47	37	-1	
4	1	7	1	1	0	2900	230	47	37	-1	
5	1	7	1	1	1	2900	230	47	37	96.658997	41
2	1	8	0	0	0	3380	230	53	37	-1	
3	1	8	1	0	0	3380	230	53	37	-1	
4	1	8	1	1	0	3380	230	53	37	-1	
5	1	8	1	1	1	3380	230	53	37	97.016426	42
2	1	9	0	0	0	3857	232	52	37	-1	
3	1	9	1	0	0	3857	232	52	37	-1	
4	1	9	1	1	0	3857	232	52	37	-1	
5	1	9	1	1	1	3857	232	52	37	97.003365	43
2	1	10	0	0	0	4320	232	53	37	-1	
3	1	10	1	0	0	4320	232	53	37	-1	
4	1	10	1	1	0	4320	232	53	37	-1	
5	1	10	1	1	1	4320	232	53	37	96.519638	44
2	1	11	0	0	0	4790	234	52	37	-1	
3	1	11	1	0	0	4790	234	52	37	-1	
4	1	11	1	1	0	4790	234	52	37	-1	
5	1	11	1	1	1	4790	234	52	37	97.016937	45
2	1	12	0	0	0	5276	234	53	38	-1	
3	1	12	1	0	0	5276	234	53	38	-1	
4	1	12	1	1	0	5276	234	53	38	-1	
5	1	12	1	1	1	5276	234	53	38	97.010536	46
2	1	13	0	0	0	5752	234	53	37	-1	
3	1	13	1	0	0	5752	234	53	37	-1	
4	1	13	1	1	0	5752	234	53	37	-1	
5	1	13	1	1	1	5752	234	53	37	96.487907	47
2	1	14	0	0	0	6217	234	52	37	-1	
3	1	14	1	0	0	6217	234	52	37	-1	
4	1	14	1	1	0	6217	234	52	37	-1	
5	1	14	1	1	1	6217	234	52	37	96.895294	48
2	1	15	0	0	0	6699	234	53	37	-1	
3	1	15	1	0	0	6699	234	53	37	-1	
4	1	15	1	1	0	6699	234	53	37	-1	
5	1	15	1	1	1	6699	234	53	37	96.989113	49
2	1	16	0	0	0	7175	233	52	38	-1	
3	1	16	1	0	0	7175	233	52	38	-1	
4	1	16	1	1	0	7175	233	52	38	-1	
5	1	16	1	1	1	7175	233	52	38	96.983772	50
2	1	17	0	0	0	7654	233	47	38	-1	
3	1	17	1	0	0	7654	233	47	38	-1	
4	1	17	1	1	0	7654	233	47	38	-1	
5	1	17	1	1	1	7654	233	47	38	96.082390	51
2	1	18	0	0	0	8117	231	53	37	-1	
3	1	18	1	0	0	8117	231	53	37	-1	
4	1	18	1	1	0	8117	231	53	37	-1	
5	1	18	1	1	1	8117	231	53	37	96.863800	52
2	1	19	0	0	0	8584	230	52	38	-1	
3	1	19	1	0	0	8584	230	52	38	-1	
4	1	19	1	1	0	8584	230	52	38	-1	
5	1	19	1	1	1	8584	230	52	38	96.962830	53
2	1	20	0	0	0	6641	314	47	22	-1	
3	1	20	1	0	0	6641	314	47	22	-1	
4	1	20	1	1	0	6641	314	47	22	-1	
5	1	20	1	1	1	6641	314	47	22	57.950699	Are
2	1	21	0	0	0	6825	318	35	14	-1	
3	1	21	1	0	0	6825	318	35	14	-1	
4	1	21	1	1	0	6825	318	35	14	-1	
5	1	21	1	1	1	6825	318	35	14	75.049454	CN3
2	1	22	0	0	0	7226	320	444	31	-1	
3	1	22	1	0	0	7226	320	444	31	-1	
4	1	22	1	1	0	7226	320	444	31	-1	
5	1	22	1	1	1	7226	325	17	17	8.179794	@
5	1	22	1	1	2	7272	320	57	29	95.360962	For
5	1	22	1	1	3	7342	320	107	29	95.360962	U.S.A.
5	1	22	1	1	4	7462	321	63	29	95.639854	and
5	1	22	1	1	5	7537	321	133	30	95.639854	Canada
2	1	23	0	0	0	6396	371	42	15	-1	
3	1	23	1	0	0	6396	371	42	15	-1	
4	1	23	1	1	0	6396	371	42	15	-1	
5	1	23	1	1	1	6396	371	42	15	48.148430	cNII
2	1	24	0	0	0	5597	404	68	16	-1	
3	1	24	1	0	0	5597	404	68	16	-1	
4	1	24	1	1	0	5597	404	68	16	-1	
5	1	24	1	1	1	5597	404	68	16	58.357399	(C805
2	1	25	0	0	0	5935	393	112	20	-1	
3	1	25	1	0	0	5935	393	112	20	-1	
4	1	25	1	1	0	5935	393	112	20	-1	
5	1	25	1	1	1	5935	393	112	20	83.819443	D803,804
2	1	26	0	0	0	6463	333	87	83	-1	
3	1	26	1	0	0	6463	333	87	83	-1	
4	1	26	1	1	0	6463	333	87	83	-1	
5	1	26	1	1	1	6463	333	87	83	72.336777	=
2	1	27	0	0	0	6593	398	19	14	-1	
3	1	27	1	0	0	6593	398	19	14	-1	
4	1	27	1	1	0	6593	398	19	14	-1	
5	1	27	1	1	1	6593	398	19	14	58.572105	$i
2	1	28	0	0	0	4422	406	115	20	-1	
3	1	28	1	0	0	4422	406	115	20	-1	
4	1	28	1	1	0	4422	406	115	20	-1	
5	1	28	1	1	1	4422	406	115	20	58.533638	1C801,803
2	1	29	0	0	0	4699	406	121	20	-1	
3	1	29	1	0	0	4699	406	121	20	-1	
4	1	29	1	1	0	4699	406	121	20	-1	
5	1	29	1	1	1	4699	406	121	20	6.894905	1€802,804
2	1	30	0	0	0	4901	398	171	35	-1	
3	1	30	1	0	0	4901	398	171	35	-1	
4	1	30	1	1	0	4901	398	171	35	-1	
5	1	30	1	1	1	4901	398	171	35	96.642288	Regulator
2	1	31	0	0	0	5932	420	230	23	-1	
3	1	31	1	0	0	5932	420	230	23	-1	
4	1	31	1	1	0	5932	420	230	23	-1	
5	1	31	1	1	1	5932	420	230	23	89.116104	SVDISR35200V
2	1	32	0	0	0	6367	412	50	14	-1	
3	1	32	1	0	0	6367	412	50	14	-1	
4	1	32	1	1	0	6367	412	50	14	-1	
5	1	32	1	1	1	6367	412	21	14	83.201820	AC
5	1	32	1	1	2	6399	413	18	13	83.201820	10
2	1	33	0	0	0	4414	435	140	23	-1	
3	1	33	1	0	0	4414	435	140	23	-1	
4	1	33	1	1	0	4414	435	140	23	-1	
5	1	33	1	1	1	4414	435	140	23	23.831993	AN78M15
2	1	34	0	0	0	4689	436	136	22	-1	
3	1	34	1	0	0	4689	436	136	22	-1	
4	1	34	1	1	0	4689	436	136	22	-1	
5	1	34	1	1	1	4689	436	136	22	17.684944	AN7ONI5
2	1	35	0	0	0	4951	446	83	23	-1	
3	1	35	1	0	0	4951	446	83	23	-1	
4	1	35	1	1	0	4951	446	83	23	-1	
5	1	35	1	1	1	4951	446	83	23	45.610664	Aiceo!
2	1	36	0	0	0	5212	433	66	23	-1	
3	1	36	1	0	0	5212	433	66	23	-1	
4	1	36	1	1	0	5212	433	66	23	-1	
5	1	36	1	1	1	5212	433	66	23	46.233597	Aoso:
2	1	37	0	0	0	5589	435	139	23	-1	
3	1	37	1	0	0	5589	435	139	23	-1	
4	1	37	1	1	0	5589	435	139	23	-1	
5	1	37	1	1	1	5589	435	139	23	1.660309	AN78M/2
2	1	38	0	0	0	5795	452	67	17	-1	
3	1	38	1	0	0	5795	452	67	17	-1	
4	1	38	1	1	0	5795	452	67	17	-1	
5	1	38	1	1	1	5795	452	67	17	71.468506	1c805
2	1	39	0	0	0	6367	439	38	15	-1	
3	1	39	1	0	0	6367	439	38	15	-1	
4	1	39	1	1	0	6367	439	38	15	-1	
5	1	39	1	1	1	6367	439	38	15	77.431572	GNO
2	1	40	0	0	0	1890	453	92	30	-1	
3	1	40	1	0	0	1890	453	92	30	-1	
4	1	40	1	1	0	1890	453	92	30	-1	
5	1	40	1	1	1	1890	453	92	30	87.145103	CN11
2	1	41	0	0	0	5088	490	16	14	-1	
3	1	41	1	0	0	5088	490	16	14	-1	
4	1	41	1	1	0	5088	490	16	14	-1	
5	1	41	1	1	1	5088	490	16	14	0.000000	2
2	1	42	0	0	0	5212	476	96	4	-1	
3	1	42	1	0	0	5212	476	96	4	-1	
4	1	42	1	1	0	5212	476	96	4	-1	
5	1	42	1	1	1	5212	476	96	4	27.352791	ed
2	1	43	0	0	0	5707	487	25	14	-1	
3	1	43	1	0	0	5707	487	25	14	-1	
4	1	43	1	1	0	5707	487	25	14	-1	
5	1	43	1	1	1	5707	487	25	14	5.887077	lav
2	1	44	0	0	0	6367	466	47	14	-1	
3	1	44	1	0	0	6367	466	47	14	-1	
4	1	44	1	1	0	6367	466	47	14	-1	
5	1	44	1	1	1	6367	466	21	14	21.386292	AC
5	1	44	1	1	2	6397	466	17	14	21.386292	IO
2	1	45	0	0	0	8114	439	480	45	-1	
3	1	45	1	0	0	8114	439	480	45	-1	
4	1	45	1	1	0	8114	439	480	45	-1	
5	1	45	1	1	1	8114	446	21	21	3.571304	e
5	1	45	1	1	2	8160	440	167	35	96.645821	Product
5	1	45	1	1	3	8342	440	59	35	96.092575	for
5	1	45	1	1	4	8417	439	71	36	95.146484	MC
5	1	45	1	1	5	8503	440	91	44	96.768272	only
2	1	46	0	0	0	2583	437	440	88	-1	
3	1	46	1	0	0	2583	437	440	88	-1	
4	1	46	1	1	0	2583	437	440	88	-1	
5	1	46	1	1	1	2583	437	89	88	30.601540	i
5	1	46	1	1	2	2695	438	167	40	93.262062	AUDIO
5	1	46	1	1	3	2882	439	141	39	92.080826	P.C.B.
2	1	47	0	0	0	4364	502	137	14	-1	
3	1	47	1	0	0	4364	502	137	14	-1	
4	1	47	1	1	0	4364	502	137	14	-1	
5	1	47	1	1	1	4364	498	46	25	10.125610	—~
5	1	47	1	1	2	4426	502	31	14	22.374901	15V
2	1	48	0	0	0	5916	459	252	60	-1	
3	1	48	1	0	0	5916	459	252	60	-1	
4	1	48	1	1	0	5916	459	252	60	-1	
5	1	48	1	1	1	5916	464	85	55	30.596413	Ae
5	1	48	1	1	2	6022	459	146	46	96.216110	Rectifier
2	1	49	0	0	0	6368	496	48	15	-1	
3	1	49	1	0	0	6368	496	48	15	-1	
4	1	49	1	1	0	6368	496	48	15	-1	
5	1	49	1	1	1	6368	496	21	14	57.809010	AC
5	1	49	1	1	2	6396	497	20	14	57.809010	35
2	1	50	0	0	0	7347	441	576	41	-1	
3	1	50	1	0	0	7235	440	688	89	-1	
4	1	50	1	1	0	7347	441	576	41	-1	
5	1	50	1	1	1	7347	441	183	39	95.506416	POWER
5	1	50	1	1	2	7549	443	213	39	93.210838	SOURCE
5	1	50	1	1	3	7781	443	142	39	89.628792	P.C.B.
2	1	51	0	0	0	665	455	761	98	-1	
3	1	51	1	0	0	665	455	761	98	-1	
4	1	51	1	1	0	665	455	761	98	-1	
5	1	51	1	1	1	665	455	98	98	73.180176	fej
5	1	51	1	1	2	777	476	218	40	96.240181	SPINDLE
5	1	51	1	1	3	1013	477	253	40	92.968903	CONTROL
5	1	51	1	1	4	1284	479	142	39	89.573341	P.C.B.
2	1	52	0	0	0	1893	498	229	37	-1	
3	1	52	1	0	0	1893	498	229	37	-1	
4	1	52	1	1	0	1893	498	229	37	-1	
5	1	52	1	1	1	1893	499	94	36	92.633011	(Main
5	1	52	1	1	2	2003	498	119	35	92.633011	P.C.B.)
2	1	53	0	0	0	4798	528	40	14	-1	
3	1	53	1	0	0	4798	528	40	14	-1	
4	1	53	1	1	0	4798	528	40	14	-1	
5	1	53	1	1	1	4798	528	40	14	81.786858	R80!
2	1	54	0	0	0	4804	544	38	14	-1	
3	1	54	1	0	0	4804	544	38	14	-1	
4	1	54	1	1	0	4804	544	38	14	-1	
5	1	54	1	1	1	4804	544	38	14	92.114861	2.7K
2	1	55	0	0	0	5099	516	65	31	-1	
3	1	55	1	0	0	5099	516	65	31	-1	
4	1	55	1	1	0	5099	516	65	31	-1	
5	1	55	1	1	1	5099	516	65	31	65.575211	38
2	1	56	0	0	0	5222	514	53	41	-1	
3	1	56	1	0	0	5222	514	53	41	-1	
4	1	56	1	1	0	5222	514	53	41	-1	
5	1	56	1	1	1	5222	514	53	41	52.557850	ha
2	1	57	0	0	0	5356	538	39	16	-1	
3	1	57	1	0	0	5356	538	39	16	-1	
4	1	57	1	1	0	5356	538	39	16	-1	
5	1	57	1	1	1	5356	538	39	16	0.000000	m-]
2	1	58	0	0	0	5428	532	24	10	-1	
3	1	58	1	0	0	5428	532	24	10	-1	
4	1	58	1	1	0	5428	532	24	10	-1	
5	1	58	1	1	1	5428	532	24	10	47.018234	74
2	1	59	0	0	0	5651	539	31	18	-1	
3	1	59	1	0	0	5651	539	31	18	-1	
4	1	59	1	1	0	5651	539	31	18	-1	
5	1	59	1	1	1	5651	539	31	18	74.356491	2S
2	1	60	0	0	0	5896	530	48	13	-1	
3	1	60	1	0	0	5896	530	48	13	-1	
4	1	60	1	1	0	5896	530	48	13	-1	
5	1	60	1	1	1	5896	530	48	13	49.788952	mont!
2	1	61	0	0	0	6023	543	32	11	-1	
3	1	61	1	0	0	6023	543	32	11	-1	
4	1	61	1	1	0	6023	543	32	11	-1	
5	1	61	1	1	1	6023	543	32	11	66.524994	to
2	1	62	0	0	0	6023	535	32	10	-1	
3	1	62	1	0	0	6023	535	32	10	-1	
4	1	62	1	1	0	6023	535	32	10	-1	
5	1	62	1	1	1	6023	535	32	10	57.208710	ans
2	1	63	0	0	0	6367	525	36	15	-1	
3	1	63	1	0	0	6367	525	36	15	-1	
4	1	63	1	1	0	6367	525	36	15	-1	
5	1	63	1	1	1	6367	525	36	15	88.692894	ACS
2	1	64	0	0	0	6476	532	74	24	-1	
3	1	64	1	0	0	6476	532	74	24	-1	
4	1	64	1	1	0	6476	532	74	24	-1	
5	1	64	1	1	1	6476	532	74	24	14.037918	[TT
5	1	64	1	1	2	6533	528	21	41	82.134506	>
2	1	65	0	0	0	5011	554	22	14	-1	
3	1	65	1	0	0	5011	554	22	14	-1	
4	1	65	1	1	0	5011	554	22	14	-1	
5	1	65	1	1	1	5011	554	22	14	85.630104	ov
2	1	66	0	0	0	5356	569	40	19	-1	
3	1	66	1	0	0	5356	569	40	19	-1	
4	1	66	1	1	0	5356	569	40	19	-1	
5	1	66	1	1	1	5356	569	40	19	0.000000	oF
2	1	67	0	0	0	5374	551	22	19	-1	
3	1	67	1	0	0	5374	551	22	19	-1	
4	1	67	1	1	0	5374	551	22	19	-1	
5	1	67	1	1	1	5374	551	22	19	52.375900	bal
2	1	68	0	0	0	5831	559	21	14	-1	
3	1	68	1	0	0	5831	559	21	14	-1	
4	1	68	1	1	0	5831	559	21	14	-1	
5	1	68	1	1	1	5831	559	21	14	90.103729	ov
2	1	69	0	0	0	5896	566	33	10	-1	
3	1	69	1	0	0	5896	566	33	10	-1	
4	1	69	1	1	0	5896	566	33	10	-1	
5	1	69	1	1	1	5896	566	33	10	40.599689	vo
2	1	70	0	0	0	5896	554	33	10	-1	
3	1	70	1	0	0	5896	554	33	10	-1	
4	1	70	1	1	0	5896	554	33	10	-1	
5	1	70	1	1	1	5896	554	33	10	91.819122	o>
2	1	71	0	0	0	6023	559	32	11	-1	
3	1	71	1	0	0	6023	559	32	11	-1	
4	1	71	1	1	0	6023	559	32	11	-1	
5	1	71	1	1	1	6023	559	32	11	0.000000	Qo
2	1	72	0	0	0	6367	549	37	14	-1	
3	1	72	1	0	0	6367	549	37	14	-1	
4	1	72	1	1	0	6367	549	37	14	-1	
5	1	72	1	1	1	6367	549	37	14	94.927689	ACS
2	1	73	0	0	0	6445	547	28	36	-1	
3	1	73	1	0	0	6445	547	28	36	-1	
4	1	73	1	1	0	6445	547	28	36	-1	
5	1	73	1	1	1	6445	547	28	36	51.309387	9)
2	1	74	0	0	0	6475	559	37	26	-1	
3	1	74	1	0	0	6475	559	37	26	-1	
4	1	74	1	1	0	6475	559	37	26	-1	
5	1	74	1	1	1	6475	559	37	26	46.619778	aa
2	1	75	0	0	0	6546	531	104	40	-1	
3	1	75	1	0	0	6546	531	104	40	-1	
4	1	75	1	1	0	6546	531	104	40	-1	
5	1	75	1	1	1	6546	531	104	40	23.609566	C354]
2	1	76	0	0	0	6621	569	93	7	-1	
3	1	76	1	0	0	6621	569	93	7	-1	
4	1	76	1	1	0	6621	569	93	7	-1	
5	1	76	1	1	1	6621	569	93	7	37.410450	a
2	1	77	0	0	0	8238	548	487	35	-1	
3	1	77	1	0	0	8238	548	487	35	-1	
4	1	77	1	1	0	8238	548	487	35	-1	
5	1	77	1	1	1	8238	548	118	35	96.325211	FUSE
5	1	77	1	1	2	8374	548	351	35	96.060890	REPLACEMENT
2	1	78	0	0	0	4432	554	417	51	-1	
3	1	78	1	0	0	4432	554	417	51	-1	
4	1	78	1	1	0	4432	554	417	51	-1	
5	1	78	1	1	1	4432	554	307	51	35.490944	eet
5	1	78	1	1	2	4759	554	90	51	38.785534	ol
2	1	79	0	0	0	4669	598	32	15	-1	
3	1	79	1	0	0	4669	598	32	15	-1	
4	1	79	1	1	0	4669	598	32	15	-1	
5	1	79	1	1	1	4669	598	32	15	0.000000	g>
2	1	80	0	0	0	5359	583	37	22	-1	
3	1	80	1	0	0	5359	583	37	22	-1	
4	1	80	1	1	0	5359	583	37	22	-1	
5	1	80	1	1	1	5359	583	37	22	50.883949	<i
2	1	81	0	0	0	6367	578	46	14	-1	
3	1	81	1	0	0	6367	578	46	14	-1	
4	1	81	1	1	0	6367	578	46	14	-1	
5	1	81	1	1	1	6367	578	21	14	82.436768	AC
5	1	81	1	1	2	6397	579	16	12	61.578297	14
2	1	82	0	0	0	2820	613	133	16	-1	
3	1	82	1	0	0	2820	613	133	16	-1	
4	1	82	1	1	0	2820	613	133	16	-1	
5	1	82	1	1	1	2820	613	55	16	29.640770	Q821
5	1	82	1	1	2	2888	619	13	6	29.640770	~
5	1	82	1	1	3	2914	613	39	16	96.572090	822
2	1	83	0	0	0	4669	611	30	22	-1	
3	1	83	1	0	0	4669	611	30	22	-1	
4	1	83	1	1	0	4669	611	30	22	-1	
5	1	83	1	1	1	4669	611	30	22	69.103172	se
2	1	84	0	0	0	4949	614	90	24	-1	
3	1	84	1	0	0	4949	614	90	24	-1	
4	1	84	1	1	0	4949	614	90	24	-1	
5	1	84	1	1	1	4949	614	90	24	47.713795	Aicsoz
2	1	85	0	0	0	5357	622	39	16	-1	
3	1	85	1	0	0	5357	622	39	16	-1	
4	1	85	1	1	0	5357	622	39	16	-1	
5	1	85	1	1	1	5357	622	39	16	34.558189	oc.
2	1	86	0	0	0	5357	609	39	14	-1	
3	1	86	1	0	0	5357	609	39	14	-1	
4	1	86	1	1	0	5357	609	39	14	-1	
5	1	86	1	1	1	5357	609	39	14	32.967384	en!
2	1	87	0	0	0	5794	618	68	17	-1	
3	1	87	1	0	0	5794	618	68	17	-1	
4	1	87	1	1	0	5794	618	68	17	-1	
5	1	87	1	1	1	5794	618	68	17	50.112877	1C806
2	1	88	0	0	0	6369	606	43	14	-1	
3	1	88	1	0	0	6369	606	43	14	-1	
4	1	88	1	1	0	6369	606	43	14	-1	
5	1	88	1	1	1	6369	606	43	14	32.820786	ACI4
2	1	89	0	0	0	6444	588	50	38	-1	
3	1	89	1	0	0	6444	588	50	38	-1	
4	1	89	1	1	0	6444	588	50	38	-1	
5	1	89	1	1	1	6444	588	50	38	30.903564	ow!
2	1	90	0	0	0	7384	609	72	16	-1	
3	1	90	1	0	0	7384	609	72	16	-1	
4	1	90	1	1	0	7384	609	72	16	-1	
5	1	90	1	1	1	7384	609	72	16	47.635159	ACI20V
2	1	91	0	0	0	8109	611	744	32	-1	
3	1	91	1	0	0	8109	611	744	32	-1	
4	1	91	1	1	0	8109	611	744	32	-1	
5	1	91	1	1	1	8109	612	108	28	12.440704	+——3
5	1	91	1	1	2	8240	611	117	32	96.019630	Symbol
5	1	91	1	1	3	8372	612	112	25	96.957397	located
5	1	91	1	1	4	8498	617	68	20	96.273666	near
5	1	91	1	1	5	8576	612	49	25	95.825150	the
5	1	91	1	1	6	8636	611	65	26	96.852356	fuse
5	1	91	1	1	7	8714	611	139	26	96.168533	indicates
2	1	92	0	0	0	806	609	118	47	-1	
3	1	92	1	0	0	806	609	118	47	-1	
4	1	92	1	1	0	806	609	118	47	-1	
5	1	92	1	1	1	806	625	26	31	72.837524	t
5	1	92	1	1	2	872	609	19	13	14.096924	SV
5	1	92	1	1	3	914	645	10	4	0.000000	.
2	1	93	0	0	0	927	638	74	16	-1	
3	1	93	1	0	0	927	638	74	16	-1	
4	1	93	1	1	0	927	638	74	16	-1	
5	1	93	1	1	1	927	638	35	16	64.604004	Play
5	1	93	1	1	2	986	639	15	13	64.604004	13
2	1	94	0	0	0	1002	639	150	33	-1	
3	1	94	1	0	0	1002	639	150	33	-1	
4	1	94	1	1	0	1002	639	150	33	-1	
5	1	94	1	1	1	1002	639	46	26	28.983185	Busy
5	1	94	1	1	2	1123	648	29	24	44.846378	at
2	1	95	0	0	0	1159	626	72	38	-1	
3	1	95	1	0	0	1159	626	72	38	-1	
4	1	95	1	1	0	1159	626	72	38	-1	
5	1	95	1	1	1	1159	626	72	38	24.527596	Ie.
2	1	96	0	0	0	1234	627	20	39	-1	
3	1	96	1	0	0	1234	627	20	39	-1	
4	1	96	1	1	0	1234	627	20	39	-1	
5	1	96	1	1	1	1234	627	20	39	48.778656	I
2	1	97	0	0	0	2818	642	113	22	-1	
3	1	97	1	0	0	2818	642	113	22	-1	
4	1	97	1	1	0	2818	642	113	22	-1	
5	1	97	1	1	1	2818	642	113	22	69.490463	UN4114
2	1	98	0	0	0	4708	586	28	64	-1	
3	1	98	1	0	0	4708	586	28	64	-1	
4	1	98	1	1	0	4708	586	28	64	-1	
5	1	98	1	1	1	4708	586	28	64	83.283173	I
2	1	99	0	0	0	4758	585	45	65	-1	
3	1	99	1	0	0	4758	585	45	65	-1	
4	1	99	1	1	0	4758	585	45	65	-1	
5	1	99	1	1	1	4758	585	45	65	75.473923	i
2	1	100	0	0	0	5703	657	41	14	-1	
3	1	100	1	0	0	5703	657	41	14	-1	
4	1	100	1	1	0	5703	657	41	14	-1	
5	1	100	1	1	1	5703	657	41	14	32.289192	~12V
2	1	101	0	0	0	5900	657	41	14	-1	
3	1	101	1	0	0	5900	657	41	14	-1	
4	1	101	1	1	0	5900	657	41	14	-1	
5	1	101	1	1	1	5900	657	41	14	0.534172	~l9V
2	1	102	0	0	0	5934	631	68	22	-1	
3	1	102	1	0	0	5934	631	68	22	-1	
4	1	102	1	1	0	5934	631	68	22	-1	
5	1	102	1	1	1	5934	631	68	22	41.491436	Aoso4
2	1	103	0	0	0	6992	643	43	23	-1	
3	1	103	1	0	0	6992	643	43	23	-1	
4	1	103	1	1	0	6992	643	43	23	-1	
5	1	103	1	1	1	6992	643	43	23	72.197861	Ari
2	1	104	0	0	0	7379	630	73	18	-1	
3	1	104	1	0	0	7379	630	73	18	-1	
4	1	104	1	1	0	7379	630	73	18	-1	
5	1	104	1	1	1	7379	630	73	18	84.368919	(60Hz)
2	1	105	0	0	0	771	672	29	19	-1	
3	1	105	1	0	0	771	672	29	19	-1	
4	1	105	1	1	0	771	672	29	19	-1	
5	1	105	1	1	1	771	672	29	19	25.083046	BY
2	1	106	0	0	0	1026	671	126	15	-1	
3	1	106	1	0	0	1026	671	126	15	-1	
4	1	106	1	1	0	1026	671	126	15	-1	
5	1	106	1	1	1	1026	671	76	15	6.880981	24oex
5	1	106	1	1	2	1122	671	30	11	42.211323	2%
2	1	107	0	0	0	1202	667	29	20	-1	
3	1	107	1	0	0	1202	667	29	20	-1	
4	1	107	1	1	0	1202	667	29	20	-1	
5	1	107	1	1	1	1202	667	29	20	72.211639	no
2	1	108	0	0	0	1298	683	53	16	-1	
3	1	108	1	0	0	1298	683	53	16	-1	
4	1	108	1	1	0	1298	683	53	16	-1	
5	1	108	1	1	1	1298	683	53	16	39.322529	Q331
2	1	109	0	0	0	1389	670	36	29	-1	
3	1	109	1	0	0	1389	670	36	29	-1	
4	1	109	1	1	0	1389	670	36	29	-1	
5	1	109	1	1	1	1389	670	36	29	40.875553	(sv)
2	1	110	0	0	0	4385	672	104	14	-1	
3	1	110	1	0	0	4385	672	104	14	-1	
4	1	110	1	1	0	4385	672	104	14	-1	
5	1	110	1	1	1	4385	668	29	26	30.509201	—{
5	1	110	1	1	2	4423	672	42	14	30.509201	-15V
2	1	111	0	0	0	5356	639	96	35	-1	
3	1	111	1	0	0	5356	639	96	35	-1	
4	1	111	1	1	0	5356	639	96	35	-1	
5	1	111	1	1	1	5356	639	50	35	54.497967	gt
5	1	111	1	1	2	5427	644	25	14	0.000000	4
2	1	112	0	0	0	6219	662	53	15	-1	
3	1	112	1	0	0	6219	662	53	15	-1	
4	1	112	1	1	0	6219	662	53	15	-1	
5	1	112	1	1	1	6219	662	53	15	50.863548	CNBOI
2	1	113	0	0	0	6383	662	55	15	-1	
3	1	113	1	0	0	6383	662	55	15	-1	
4	1	113	1	1	0	6383	662	55	15	-1	
5	1	113	1	1	1	6383	662	55	15	59.677357	CNBOI
2	1	114	0	0	0	6642	691	79	3	-1	
3	1	114	1	0	0	6642	691	79	3	-1	
4	1	114	1	1	0	6642	691	79	3	-1	
5	1	114	1	1	1	6642	691	79	3	11.944809	as
2	1	115	0	0	0	6643	662	42	23	-1	
3	1	115	1	0	0	6643	662	42	23	-1	
4	1	115	1	1	0	6643	662	42	23	-1	
5	1	115	1	1	1	6643	662	42	23	69.448990	Ari
2	1	116	0	0	0	6825	666	32	15	-1	
3	1	116	1	0	0	6825	666	32	15	-1	
4	1	116	1	1	0	6825	666	32	15	-1	
5	1	116	1	1	1	6825	666	32	15	27.305481	CN2
2	1	117	0	0	0	7021	672	70	15	-1	
3	1	117	1	0	0	7021	672	70	15	-1	
4	1	117	1	1	0	7021	672	70	15	-1	
5	1	117	1	1	1	7021	672	70	15	15.008202	V800mA
2	1	118	0	0	0	7131	561	67	139	-1	
3	1	118	1	0	0	7131	561	67	139	-1	
4	1	118	1	1	0	7131	561	67	139	-1	
5	1	118	1	1	1	7131	561	67	139	30.644867	|
2	1	119	0	0	0	8107	653	745	32	-1	
3	1	119	1	0	0	8107	653	745	32	-1	
4	1	119	1	1	0	8107	653	745	32	-1	
5	1	119	1	1	1	8107	653	57	26	96.814362	fast
5	1	119	1	1	2	8183	653	149	32	96.319450	operating
5	1	119	1	1	3	8352	655	74	30	95.572830	type.
5	1	119	1	1	4	8448	653	51	26	96.808029	For
5	1	119	1	1	5	8517	653	156	26	96.200951	continued
5	1	119	1	1	6	8694	653	158	31	96.204468	protection
2	1	120	0	0	0	902	625	63	97	-1	
3	1	120	1	0	0	902	625	63	97	-1	
4	1	120	1	1	0	902	625	63	97	-1	
5	1	120	1	1	1	902	625	63	97	29.503761	F
2	1	121	0	0	0	913	710	10	13	-1	
3	1	121	1	0	0	913	710	10	13	-1	
4	1	121	1	1	0	913	710	10	13	-1	
5	1	121	1	1	1	913	710	10	13	53.044693	8
2	1	122	0	0	0	984	709	42	13	-1	
3	1	122	1	0	0	984	709	42	13	-1	
4	1	122	1	1	0	984	709	42	13	-1	
5	1	122	1	1	1	984	709	42	13	73.545052	R333,
2	1	123	0	0	0	1035	682	117	21	-1	
3	1	123	1	0	0	1035	682	117	21	-1	
4	1	123	1	1	0	1035	682	117	21	-1	
5	1	123	1	1	1	1035	683	67	20	7.436569	o2er?e
5	1	123	1	1	2	1123	682	29	16	61.510460	Yo
2	1	124	0	0	0	1218	670	37	35	-1	
3	1	124	1	0	0	1218	670	37	35	-1	
4	1	124	1	1	0	1218	670	37	35	-1	
5	1	124	1	1	1	1218	670	37	35	89.711731	ol
2	1	125	0	0	0	4798	693	44	15	-1	
3	1	125	1	0	0	4798	693	44	15	-1	
4	1	125	1	1	0	4798	693	44	15	-1	
5	1	125	1	1	1	4798	693	44	15	46.760464	R802
2	1	126	0	0	0	4801	711	41	15	-1	
3	1	126	1	0	0	4801	711	41	15	-1	
4	1	126	1	1	0	4801	711	41	15	-1	
5	1	126	1	1	1	4801	711	41	15	96.668983	2.7K
2	1	127	0	0	0	5212	712	97	2	-1	
3	1	127	1	0	0	5212	712	97	2	-1	
4	1	127	1	1	0	5212	712	97	2	-1	
5	1	127	1	1	1	5212	712	97	2	0.573669	——
2	1	128	0	0	0	5651	713	30	10	-1	
3	1	128	1	0	0	5651	713	30	10	-1	
4	1	128	1	1	0	5651	713	30	10	-1	
5	1	128	1	1	1	5651	713	30	10	48.648876	—>
2	1	129	0	0	0	5652	703	29	10	-1	
3	1	129	1	0	0	5652	703	29	10	-1	
4	1	129	1	1	0	5652	703	29	10	-1	
5	1	129	1	1	1	5652	703	29	10	68.292694	o-
2	1	130	0	0	0	5896	710	32	11	-1	
3	1	130	1	0	0	5896	710	32	11	-1	
4	1	130	1	1	0	5896	710	32	11	-1	
5	1	130	1	1	1	5896	710	32	11	27.944725	ss
2	1	131	0	0	0	6444	699	23	22	-1	
3	1	131	1	0	0	6444	699	23	22	-1	
4	1	131	1	1	0	6444	699	23	22	-1	
5	1	131	1	1	1	6444	699	23	22	73.062286	(1)
2	1	132	0	0	0	6993	671	26	34	-1	
3	1	132	1	0	0	6993	671	26	34	-1	
4	1	132	1	1	0	6993	671	26	34	-1	
5	1	132	1	1	1	6993	671	26	34	64.711456	(28
2	1	133	0	0	0	8107	694	745	33	-1	
3	1	133	1	0	0	8107	694	745	33	-1	
4	1	133	1	1	0	8107	694	745	33	-1	
5	1	133	1	1	1	8107	695	114	32	96.380844	against
5	1	133	1	1	2	8231	694	50	26	96.444557	fire
5	1	133	1	1	3	8292	695	111	28	96.444557	hazard,
5	1	133	1	1	4	8416	695	114	31	96.166557	replace
5	1	133	1	1	5	8540	695	63	25	96.403076	with
5	1	133	1	1	6	8614	700	80	20	96.145821	same
5	1	133	1	1	7	8703	696	67	30	96.671783	type
5	1	133	1	1	8	8779	694	73	26	96.749649	fuse.
2	1	134	0	0	0	554	699	66	41	-1	
3	1	134	1	0	0	554	699	66	41	-1	
4	1	134	1	1	0	554	699	66	41	-1	
5	1	134	1	1	1	554	699	66	41	0.000000	(6)-£°
2	1	135	0	0	0	720	726	78	13	-1	
3	1	135	1	0	0	720	726	78	13	-1	
4	1	135	1	1	0	720	726	78	13	-1	
5	1	135	1	1	1	720	726	78	13	55.008968	OVv(2.4V)
2	1	136	0	0	0	960	725	57	21	-1	
3	1	136	1	0	0	960	725	57	21	-1	
4	1	136	1	1	0	960	725	57	21	-1	
5	1	136	1	1	1	960	734	9	12	90.473015	7
5	1	136	1	1	2	989	725	28	13	8.488068	'00
2	1	137	0	0	0	1068	731	50	17	-1	
3	1	137	1	0	0	1068	731	50	17	-1	
4	1	137	1	1	0	1068	731	50	17	-1	
5	1	137	1	1	1	1068	731	50	17	81.680435	ov
5	1	137	1	1	2	1103	719	18	34	81.680435	2
2	1	138	0	0	0	1166	720	58	17	-1	
3	1	138	1	0	0	1166	720	58	17	-1	
4	1	138	1	1	0	1166	720	58	17	-1	
5	1	138	1	1	1	1166	720	58	17	33.926224	1C331
2	1	139	0	0	0	4336	732	141	17	-1	
3	1	139	1	0	0	4336	732	141	17	-1	
4	1	139	1	1	0	4336	732	141	17	-1	
5	1	139	1	1	1	4336	732	56	16	91.325317	0805
5	1	139	1	1	2	4401	734	25	9	91.325317	~
5	1	139	1	1	3	4434	733	43	16	93.634277	808
2	1	140	0	0	0	5011	721	22	14	-1	
3	1	140	1	0	0	5011	721	22	14	-1	
4	1	140	1	1	0	5011	721	22	14	-1	
5	1	140	1	1	1	5011	721	22	14	86.000015	ov
2	1	141	0	0	0	5348	725	104	20	-1	
3	1	141	1	0	0	5348	725	104	20	-1	
4	1	141	1	1	0	5348	725	104	20	-1	
5	1	141	1	1	1	5348	725	104	20	80.440857	D801,802
2	1	142	0	0	0	5651	738	30	11	-1	
3	1	142	1	0	0	5651	738	30	11	-1	
4	1	142	1	1	0	5651	738	30	11	-1	
5	1	142	1	1	1	5651	738	30	11	49.371567	Ow
2	1	143	0	0	0	5651	726	46	13	-1	
3	1	143	1	0	0	5651	726	46	13	-1	
4	1	143	1	1	0	5651	726	46	13	-1	
5	1	143	1	1	1	5651	721	23	27	16.646660	BO
5	1	143	1	1	2	5683	721	18	27	89.420738	+]
2	1	144	0	0	0	5833	728	22	14	-1	
3	1	144	1	0	0	5833	728	22	14	-1	
4	1	144	1	1	0	5833	728	22	14	-1	
5	1	144	1	1	1	5833	728	22	14	86.752029	ov
2	1	145	0	0	0	5895	735	33	10	-1	
3	1	145	1	0	0	5895	735	33	10	-1	
4	1	145	1	1	0	5895	735	33	10	-1	
5	1	145	1	1	1	5895	735	33	10	45.538055	oD
2	1	146	0	0	0	5895	723	33	11	-1	
3	1	146	1	0	0	5895	723	33	11	-1	
4	1	146	1	1	0	5895	723	33	11	-1	
5	1	146	1	1	1	5895	723	33	11	62.930302	a>
2	1	147	0	0	0	6189	687	248	50	-1	
3	1	147	1	0	0	6189	687	248	50	-1	
4	1	147	1	1	0	6189	687	248	50	-1	
5	1	147	1	1	1	6189	687	248	50	13.930664	Qs
2	1	148	0	0	0	6194	726	23	22	-1	
3	1	148	1	0	0	6194	726	23	22	-1	
4	1	148	1	1	0	6194	726	23	22	-1	
5	1	148	1	1	1	6194	726	23	22	94.936012	(2)
2	1	149	0	0	0	6439	714	9	21	-1	
3	1	149	1	0	0	6439	714	9	21	-1	
4	1	149	1	1	0	6439	714	9	21	-1	
5	1	149	1	1	1	6439	714	9	21	0.000000	p
2	1	150	0	0	0	6444	727	23	23	-1	
3	1	150	1	0	0	6444	727	23	23	-1	
4	1	150	1	1	0	6444	727	23	23	-1	
5	1	150	1	1	1	6444	727	23	23	95.258911	(2)
2	1	151	0	0	0	6463	714	8	18	-1	
3	1	151	1	0	0	6463	714	8	18	-1	
4	1	151	1	1	0	6463	714	8	18	-1	
5	1	151	1	1	1	6463	714	8	18	37.653397	1
2	1	152	0	0	0	6474	688	177	48	-1	
3	1	152	1	0	0	6474	688	177	48	-1	
4	1	152	1	1	0	6474	688	177	48	-1	
5	1	152	1	1	1	6474	688	177	48	40.035858	meena
2	1	153	0	0	0	6546	725	26	24	-1	
3	1	153	1	0	0	6546	725	26	24	-1	
4	1	153	1	1	0	6546	725	26	24	-1	
5	1	153	1	1	1	6546	725	26	24	14.009132	(2
2	1	154	0	0	0	555	744	85	40	-1	
3	1	154	1	0	0	555	744	85	40	-1	
4	1	154	1	1	0	555	744	85	40	-1	
5	1	154	1	1	1	555	744	30	40	34.768532	€)
5	1	154	1	1	2	597	747	43	16	96.252068	GND
2	1	155	0	0	0	1016	775	29	9	-1	
3	1	155	1	0	0	1016	775	29	9	-1	
4	1	155	1	1	0	1016	775	29	9	-1	
5	1	155	1	1	1	1016	775	29	9	16.661499	=n
2	1	156	0	0	0	1064	756	31	13	-1	
3	1	156	1	0	0	1064	756	31	13	-1	
4	1	156	1	1	0	1064	756	31	13	-1	
5	1	156	1	1	1	1064	756	31	13	38.472218	tov)
2	1	157	0	0	0	1219	759	55	16	-1	
3	1	157	1	0	0	1219	759	55	16	-1	
4	1	157	1	1	0	1219	759	55	16	-1	
5	1	157	1	1	1	1219	764	2	11	70.231308	1
5	1	157	1	1	2	1232	759	42	12	56.009708	(47v)
2	1	158	0	0	0	4331	758	159	22	-1	
3	1	158	1	0	0	4331	758	159	22	-1	
4	1	158	1	1	0	4331	758	159	22	-1	
5	1	158	1	1	1	4331	758	159	22	37.149105	MA4OS5I-M
2	1	159	0	0	0	4668	759	32	15	-1	
3	1	159	1	0	0	4668	759	32	15	-1	
4	1	159	1	1	0	4668	759	32	15	-1	
5	1	159	1	1	1	4668	759	32	15	54.798012	es
2	1	160	0	0	0	5343	754	205	23	-1	
3	1	160	1	0	0	5343	754	205	23	-1	
4	1	160	1	1	0	5343	754	205	23	-1	
5	1	160	1	1	1	5343	754	205	23	86.319702	SVDSIWBAK20
2	1	161	0	0	0	6156	739	41	25	-1	
3	1	161	1	0	0	6156	739	41	25	-1	
4	1	161	1	1	0	6156	739	41	25	-1	
5	1	161	1	1	1	6152	735	15	36	71.906334	[
5	1	161	1	1	2	6182	739	15	25	65.715195	}
2	1	162	0	0	0	6213	745	7	13	-1	
3	1	162	1	0	0	6213	745	7	13	-1	
4	1	162	1	1	0	6213	745	7	13	-1	
5	1	162	1	1	1	6213	745	7	13	28.940231	4
2	1	163	0	0	0	6439	740	10	22	-1	
3	1	163	1	0	0	6439	740	10	22	-1	
4	1	163	1	1	0	6439	740	10	22	-1	
5	1	163	1	1	1	6439	740	10	22	0.000000	p
2	1	164	0	0	0	6445	755	23	22	-1	
3	1	164	1	0	0	6445	755	23	22	-1	
4	1	164	1	1	0	6445	755	23	22	-1	
5	1	164	1	1	1	6445	755	23	22	94.126366	(3)
2	1	165	0	0	0	6464	744	8	16	-1	
3	1	165	1	0	0	6464	744	8	16	-1	
4	1	165	1	1	0	6464	744	8	16	-1	
5	1	165	1	1	1	6464	744	8	16	74.964325	|
2	1	166	0	0	0	6547	753	25	24	-1	
3	1	166	1	0	0	6547	753	25	24	-1	
4	1	166	1	1	0	6547	753	25	24	-1	
5	1	166	1	1	1	6547	753	25	24	0.000000	~™
2	1	167	0	0	0	6593	734	34	35	-1	
3	1	167	1	0	0	6593	734	34	35	-1	
4	1	167	1	1	0	6593	734	34	35	-1	
5	1	167	1	1	1	6593	734	34	35	40.448769	sig
2	1	168	0	0	0	8109	736	540	32	-1	
3	1	168	1	0	0	8109	736	540	32	-1	
4	1	168	1	1	0	8109	736	540	32	-1	
5	1	168	1	1	1	8109	736	82	26	96.375351	Refer
5	1	168	1	1	2	8201	738	29	24	96.522041	to
5	1	168	1	1	3	8241	736	49	25	96.580383	the
5	1	168	1	1	4	8301	736	110	32	96.519005	symbol
5	1	168	1	1	5	8423	736	43	25	96.967628	for
5	1	168	1	1	6	8477	736	64	26	96.563217	fuse
5	1	168	1	1	7	8554	736	95	32	96.220421	rating.
2	1	169	0	0	0	156	731	307	56	-1	
3	1	169	1	0	0	156	731	307	56	-1	
4	1	169	1	1	0	156	731	307	56	-1	
5	1	169	1	1	1	156	731	59	56	17.224922	By
5	1	169	1	1	2	233	748	94	35	92.062859	(main
5	1	169	1	1	3	344	748	119	36	37.430626	P.c.B.)
2	1	170	0	0	0	823	782	41	30	-1	
3	1	170	1	0	0	823	782	41	30	-1	
4	1	170	1	1	0	823	782	41	30	-1	
5	1	170	1	1	1	823	782	41	30	73.456421	Bev
2	1	171	0	0	0	871	711	74	79	-1	
3	1	171	1	0	0	871	711	74	79	-1	
4	1	171	1	1	0	871	711	74	79	-1	
5	1	171	1	1	1	871	711	74	79	13.138573	>.
2	1	172	0	0	0	942	773	36	12	-1	
3	1	172	1	0	0	942	773	36	12	-1	
4	1	172	1	1	0	942	773	36	12	-1	
5	1	172	1	1	1	942	773	36	12	80.000168	(Ov)
2	1	173	0	0	0	1281	718	101	67	-1	
3	1	173	1	0	0	1281	718	101	67	-1	
4	1	173	1	1	0	1281	718	101	67	-1	
5	1	173	1	1	1	1281	718	101	67	53.700527	Ge
2	1	174	0	0	0	4667	797	32	9	-1	
3	1	174	1	0	0	4667	797	32	9	-1	
4	1	174	1	1	0	4667	797	32	9	-1	
5	1	174	1	1	1	4667	797	32	9	73.956490	of
2	1	175	0	0	0	4668	784	32	15	-1	
3	1	175	1	0	0	4668	784	32	15	-1	
4	1	175	1	1	0	4668	784	32	15	-1	
5	1	175	1	1	1	4668	784	32	15	15.117020	So
2	1	176	0	0	0	4668	772	32	13	-1	
3	1	176	1	0	0	4668	772	32	13	-1	
4	1	176	1	1	0	4668	772	32	13	-1	
5	1	176	1	1	1	4668	772	32	13	54.203224	oS
2	1	177	0	0	0	4972	791	65	17	-1	
3	1	177	1	0	0	4972	791	65	17	-1	
4	1	177	1	1	0	4972	791	65	17	-1	
5	1	177	1	1	1	4972	791	65	17	27.347343	1c803
2	1	178	0	0	0	5207	766	71	23	-1	
3	1	178	1	0	0	5207	766	71	23	-1	
4	1	178	1	1	0	5207	766	71	23	-1	
5	1	178	1	1	1	5207	766	71	23	40.166569	Avgsoz
2	1	179	0	0	0	6156	767	30	25	-1	
3	1	179	1	0	0	6156	767	30	25	-1	
4	1	179	1	1	0	6156	767	30	25	-1	
5	1	179	1	1	1	6152	762	11	43	0.000000	L
2	1	180	0	0	0	6223	766	226	26	-1	
3	1	180	1	0	0	6223	766	226	26	-1	
4	1	180	1	1	0	6223	766	226	26	-1	
5	1	180	1	1	1	6219	750	71	53	28.388527	Ly
5	1	180	1	1	2	6302	750	76	53	3.665970	acre
5	1	180	1	1	3	6413	750	36	53	12.290642	fs
2	1	181	0	0	0	6446	782	23	22	-1	
3	1	181	1	0	0	6446	782	23	22	-1	
4	1	181	1	1	0	6446	782	23	22	-1	
5	1	181	1	1	1	6446	782	23	22	96.352783	(4)
2	1	182	0	0	0	6465	766	86	26	-1	
3	1	182	1	0	0	6465	766	86	26	-1	
4	1	182	1	1	0	6465	766	86	26	-1	
5	1	182	1	1	1	6465	771	7	14	19.810608	J
5	1	182	1	1	2	6475	766	76	26	28.608925	yeu?
2	1	183	0	0	0	6547	781	24	24	-1	
3	1	183	1	0	0	6547	781	24	24	-1	
4	1	183	1	1	0	6547	781	24	24	-1	
5	1	183	1	1	1	6547	781	24	24	0.000000	,
2	1	184	0	0	0	7197	794	32	14	-1	
3	1	184	1	0	0	7197	794	32	14	-1	
4	1	184	1	1	0	7197	794	32	14	-1	
5	1	184	1	1	1	7197	794	32	14	41.195488	cNI
2	1	185	0	0	0	555	788	71	41	-1	
3	1	185	1	0	0	555	788	71	41	-1	
4	1	185	1	1	0	555	788	71	41	-1	
5	1	185	1	1	1	555	788	71	41	22.378082	(5)-PS
2	1	186	0	0	0	771	821	29	11	-1	
3	1	186	1	0	0	771	821	29	11	-1	
4	1	186	1	1	0	771	821	29	11	-1	
5	1	186	1	1	1	771	821	29	11	29.020348	Pate)
2	1	187	0	0	0	771	809	29	10	-1	
3	1	187	1	0	0	771	809	29	10	-1	
4	1	187	1	1	0	771	809	29	10	-1	
5	1	187	1	1	1	771	809	29	10	52.029499	mo
2	1	188	0	0	0	867	799	86	16	-1	
3	1	188	1	0	0	867	799	86	16	-1	
4	1	188	1	1	0	867	799	86	16	-1	
5	1	188	1	1	1	867	800	4	12	6.331177	y
5	1	188	1	1	2	895	799	58	16	6.068283	C331
2	1	189	0	0	0	1033	793	37	40	-1	
3	1	189	1	0	0	1033	793	37	40	-1	
4	1	189	1	1	0	1033	793	37	40	-1	
5	1	189	1	1	1	1033	793	37	40	54.991459	“I
2	1	190	0	0	0	2689	780	193	36	-1	
3	1	190	1	0	0	2689	780	193	36	-1	
4	1	190	1	1	0	2689	780	193	36	-1	
5	1	190	1	1	1	2689	781	96	35	96.406845	Relay
5	1	190	1	1	2	2797	780	85	29	96.718651	drive
2	1	191	0	0	0	4777	765	77	73	-1	
3	1	191	1	0	0	4777	765	77	73	-1	
4	1	191	1	1	0	4777	765	77	73	-1	
5	1	191	1	1	1	4777	765	77	73	41.947407	Lng
2	1	192	0	0	0	5211	812	107	3	-1	
3	1	192	1	0	0	5211	812	107	3	-1	
4	1	192	1	1	0	5211	812	107	3	-1	
5	1	192	1	1	1	5211	812	107	3	0.000000	aassan
2	1	193	0	0	0	6156	795	30	23	-1	
3	1	193	1	0	0	6156	795	30	23	-1	
4	1	193	1	1	0	6156	795	30	23	-1	
5	1	193	1	1	1	6156	795	30	23	64.120575	a
2	1	194	0	0	0	6189	771	31	44	-1	
3	1	194	1	0	0	6189	771	31	44	-1	
4	1	194	1	1	0	6189	771	31	44	-1	
5	1	194	1	1	1	6189	771	31	44	57.816624	2
2	1	195	0	0	0	6193	809	23	23	-1	
3	1	195	1	0	0	6193	809	23	23	-1	
4	1	195	1	1	0	6193	809	23	23	-1	
5	1	195	1	1	1	6193	809	23	23	48.455395	(5)
2	1	196	0	0	0	6440	795	32	23	-1	
3	1	196	1	0	0	6440	795	32	23	-1	
4	1	196	1	1	0	6440	795	32	23	-1	
5	1	196	1	1	1	6440	795	32	23	27.820999	=
2	1	197	0	0	0	6444	810	23	23	-1	
3	1	197	1	0	0	6444	810	23	23	-1	
4	1	197	1	1	0	6444	810	23	23	-1	
5	1	197	1	1	1	6444	810	23	23	88.700317	(5)
2	1	198	0	0	0	6547	808	24	24	-1	
3	1	198	1	0	0	6547	808	24	24	-1	
4	1	198	1	1	0	6547	808	24	24	-1	
5	1	198	1	1	1	6547	808	24	24	47.492332	3,
2	1	199	0	0	0	6567	789	83	35	-1	
3	1	199	1	0	0	6567	789	83	35	-1	
4	1	199	1	1	0	6567	789	83	35	-1	
5	1	199	1	1	1	6563	785	12	47	26.526962	5
5	1	199	1	1	2	6567	789	83	35	15.829407	520
2	1	200	0	0	0	603	835	25	16	-1	
3	1	200	1	0	0	603	835	25	16	-1	
4	1	200	1	1	0	603	835	25	16	-1	
5	1	200	1	1	1	603	835	25	16	94.998535	PC
2	1	201	0	0	0	771	832	28	10	-1	
3	1	201	1	0	0	771	832	28	10	-1	
4	1	201	1	1	0	771	832	28	10	-1	
5	1	201	1	1	1	771	832	28	10	61.799698	ee
2	1	202	0	0	0	1095	847	52	13	-1	
3	1	202	1	0	0	1095	847	52	13	-1	
4	1	202	1	1	0	1095	847	52	13	-1	
5	1	202	1	1	1	1095	847	52	13	66.374535	(3.5V)
2	1	203	0	0	0	1388	836	46	12	-1	
3	1	203	1	0	0	1388	836	46	12	-1	
4	1	203	1	1	0	1388	836	46	12	-1	
5	1	203	1	1	1	1388	836	46	12	38.044491	(OV)
2	1	204	0	0	0	2867	825	55	31	-1	
3	1	204	1	0	0	2867	825	55	31	-1	
4	1	204	1	1	0	2867	825	55	31	-1	
5	1	204	1	1	1	2867	825	55	31	48.366360	(48v)
2	1	205	0	0	0	2956	831	73	15	-1	
3	1	205	1	0	0	2956	831	73	15	-1	
4	1	205	1	1	0	2956	831	73	15	-1	
5	1	205	1	1	1	2956	831	73	15	57.869743	RLY802
2	1	206	0	0	0	4430	839	23	14	-1	
3	1	206	1	0	0	4430	839	23	14	-1	
4	1	206	1	1	0	4430	839	23	14	-1	
5	1	206	1	1	1	4430	839	23	14	66.725845	SV
2	1	207	0	0	0	4889	827	30	14	-1	
3	1	207	1	0	0	4889	827	30	14	-1	
4	1	207	1	1	0	4889	827	30	14	-1	
5	1	207	1	1	1	4889	827	30	14	11.885193	15V
2	1	208	0	0	0	5080	827	28	14	-1	
3	1	208	1	0	0	5080	827	28	14	-1	
4	1	208	1	1	0	5080	827	28	14	-1	
5	1	208	1	1	1	5080	827	28	14	78.645828	2iv
2	1	209	0	0	0	6156	821	30	26	-1	
3	1	209	1	0	0	6156	821	30	26	-1	
4	1	209	1	1	0	6156	821	30	26	-1	
5	1	209	1	1	1	6156	821	30	26	43.107342	=
2	1	210	0	0	0	6188	826	11	19	-1	
3	1	210	1	0	0	6188	826	11	19	-1	
4	1	210	1	1	0	6188	826	11	19	-1	
5	1	210	1	1	1	6188	826	11	19	0.000000	Y
2	1	211	0	0	0	6195	837	23	23	-1	
3	1	211	1	0	0	6195	837	23	23	-1	
4	1	211	1	1	0	6195	837	23	23	-1	
5	1	211	1	1	1	6195	837	23	23	79.600578	(5)
2	1	212	0	0	0	6212	821	339	26	-1	
3	1	212	1	0	0	6212	821	339	26	-1	
4	1	212	1	1	0	6212	821	339	26	-1	
5	1	212	1	1	1	6208	817	12	34	58.422653	<<
5	1	212	1	1	2	6223	821	226	26	33.252014	en
5	1	212	1	1	3	6440	817	6	34	28.566864	)
5	1	212	1	1	4	6464	821	87	26	3.423454	<8
2	1	213	0	0	0	6546	836	25	24	-1	
3	1	213	1	0	0	6546	836	25	24	-1	
4	1	213	1	1	0	6546	836	25	24	-1	
5	1	213	1	1	1	6546	836	25	24	23.437737	3.
2	1	214	0	0	0	6593	830	22	15	-1	
3	1	214	1	0	0	6593	830	22	15	-1	
4	1	214	1	1	0	6593	830	22	15	-1	
5	1	214	1	1	1	6593	830	22	15	67.291519	$3,
2	1	215	0	0	0	8180	810	603	35	-1	
3	1	215	1	0	0	8180	810	603	35	-1	
4	1	215	1	1	0	8180	810	603	35	-1	
5	1	215	1	1	1	8180	810	194	35	89.467979	FUSIBLE
5	1	215	1	1	2	8392	810	391	35	89.467979	REMPLACEMENT
2	1	216	0	0	0	769	878	28	14	-1	
3	1	216	1	0	0	769	878	28	14	-1	
4	1	216	1	1	0	769	878	28	14	-1	
5	1	216	1	1	1	769	878	28	14	67.279053	Sx
2	1	217	0	0	0	868	868	60	16	-1	
3	1	217	1	0	0	868	868	60	16	-1	
4	1	217	1	1	0	868	868	60	16	-1	
5	1	217	1	1	1	868	868	60	16	14.174049	IC331
2	1	218	0	0	0	1129	870	52	16	-1	
3	1	218	1	0	0	1129	870	52	16	-1	
4	1	218	1	1	0	1129	870	52	16	-1	
5	1	218	1	1	1	1129	870	52	16	81.669556	Q33!
2	1	219	0	0	0	2766	867	57	17	-1	
3	1	219	1	0	0	2766	867	57	17	-1	
4	1	219	1	1	0	2766	867	57	17	-1	
5	1	219	1	1	1	2766	867	57	17	88.001534	Q822
2	1	220	0	0	0	3117	876	34	15	-1	
3	1	220	1	0	0	3117	876	34	15	-1	
4	1	220	1	1	0	3117	876	34	15	-1	
5	1	220	1	1	1	3117	876	34	15	33.331551	as
2	1	221	0	0	0	4668	866	50	18	-1	
3	1	221	1	0	0	4668	866	50	18	-1	
4	1	221	1	1	0	4668	866	50	18	-1	
5	1	221	1	1	1	4668	866	50	18	0.000000	-St
2	1	222	0	0	0	4784	880	13	8	-1	
3	1	222	1	0	0	4784	880	13	8	-1	
4	1	222	1	1	0	4784	880	13	8	-1	
5	1	222	1	1	1	4784	880	13	8	32.383003	AK
2	1	223	0	0	0	5131	854	35	23	-1	
3	1	223	1	0	0	5131	854	35	23	-1	
4	1	223	1	1	0	5131	854	35	23	-1	
5	1	223	1	1	1	5131	854	35	23	58.034245	n8
2	1	224	0	0	0	5223	850	53	42	-1	
3	1	224	1	0	0	5223	850	53	42	-1	
4	1	224	1	1	0	5223	850	53	42	-1	
5	1	224	1	1	1	5223	850	53	42	48.490349	Le]
2	1	225	0	0	0	5358	881	38	12	-1	
3	1	225	1	0	0	5358	881	38	12	-1	
4	1	225	1	1	0	5358	881	38	12	-1	
5	1	225	1	1	1	5358	881	38	12	80.154953	as!
2	1	226	0	0	0	5428	869	25	18	-1	
3	1	226	1	0	0	5428	869	25	18	-1	
4	1	226	1	1	0	5428	869	25	18	-1	
5	1	226	1	1	1	5428	869	25	18	45.175556	“7
2	1	227	0	0	0	6156	850	30	25	-1	
3	1	227	1	0	0	6156	850	30	25	-1	
4	1	227	1	1	0	6156	850	30	25	-1	
5	1	227	1	1	1	6156	850	30	25	46.542694	a
2	1	228	0	0	0	6189	851	9	21	-1	
3	1	228	1	0	0	6189	851	9	21	-1	
4	1	228	1	1	0	6189	851	9	21	-1	
5	1	228	1	1	1	6189	851	9	21	57.968136	iS
2	1	229	0	0	0	6193	865	23	23	-1	
3	1	229	1	0	0	6193	865	23	23	-1	
4	1	229	1	1	0	6193	865	23	23	-1	
5	1	229	1	1	1	6193	865	23	23	79.413132	(7)
2	1	230	0	0	0	6212	849	225	27	-1	
3	1	230	1	0	0	6212	849	225	27	-1	
4	1	230	1	1	0	6212	849	225	27	-1	
5	1	230	1	1	1	6212	856	8	15	21.628372	a
5	1	230	1	1	2	6223	849	214	27	27.026352	re
2	1	231	0	0	0	6439	851	10	23	-1	
3	1	231	1	0	0	6439	851	10	23	-1	
4	1	231	1	1	0	6439	851	10	23	-1	
5	1	231	1	1	1	6439	851	10	23	0.000000	b
2	1	232	0	0	0	6444	866	23	23	-1	
3	1	232	1	0	0	6444	866	23	23	-1	
4	1	232	1	1	0	6444	866	23	23	-1	
5	1	232	1	1	1	6444	866	23	23	92.763779	(7)
2	1	233	0	0	0	6463	849	188	31	-1	
3	1	233	1	0	0	6463	849	188	31	-1	
4	1	233	1	1	0	6463	849	188	31	-1	
5	1	233	1	1	1	6463	832	72	57	24.865471	wir
5	1	233	1	1	2	6563	832	91	57	2.640747	scot]
2	1	234	0	0	0	7360	864	32	29	-1	
3	1	234	1	0	0	7360	864	32	29	-1	
4	1	234	1	1	0	7360	864	32	29	-1	
5	1	234	1	1	1	7360	864	32	29	57.754421	83
2	1	235	0	0	0	7515	873	35	15	-1	
3	1	235	1	0	0	7515	873	35	15	-1	
4	1	235	1	1	0	7515	873	35	15	-1	
5	1	235	1	1	1	7515	873	35	15	38.281189	ago
2	1	236	0	0	0	7516	858	34	15	-1	
3	1	236	1	0	0	7516	858	34	15	-1	
4	1	236	1	1	0	7516	858	34	15	-1	
5	1	236	1	1	1	7516	858	34	15	0.000000	-2
2	1	237	0	0	0	769	891	28	13	-1	
3	1	237	1	0	0	769	891	28	13	-1	
4	1	237	1	1	0	769	891	28	13	-1	
5	1	237	1	1	1	769	891	28	13	27.641098	PR
2	1	238	0	0	0	866	897	109	22	-1	
3	1	238	1	0	0	866	897	109	22	-1	
4	1	238	1	1	0	866	897	109	22	-1	
5	1	238	1	1	1	866	897	109	22	89.647346	AN6914
2	1	239	0	0	0	1129	898	103	22	-1	
3	1	239	1	0	0	1129	898	103	22	-1	
4	1	239	1	1	0	1129	898	103	22	-1	
5	1	239	1	1	1	1129	898	103	22	76.972763	UN4112
2	1	240	0	0	0	2670	904	56	14	-1	
3	1	240	1	0	0	2670	904	56	14	-1	
4	1	240	1	1	0	2670	904	56	14	-1	
5	1	240	1	1	1	2670	904	56	14	51.832256	(0.3V)
2	1	241	0	0	0	3092	889	59	14	-1	
3	1	241	1	0	0	3092	889	59	14	-1	
4	1	241	1	1	0	3092	889	59	14	-1	
5	1	241	1	1	1	3092	889	59	14	26.819244	=n8
2	1	242	0	0	0	3116	909	35	14	-1	
3	1	242	1	0	0	3116	909	35	14	-1	
4	1	242	1	1	0	3116	909	35	14	-1	
5	1	242	1	1	1	3116	909	35	14	35.855286	So
2	1	243	0	0	0	4668	899	32	14	-1	
3	1	243	1	0	0	4668	899	32	14	-1	
4	1	243	1	1	0	4668	899	32	14	-1	
5	1	243	1	1	1	4668	899	32	14	68.854469	oo
2	1	244	0	0	0	4668	886	32	14	-1	
3	1	244	1	0	0	4668	886	32	14	-1	
4	1	244	1	1	0	4668	886	32	14	-1	
5	1	244	1	1	1	4668	886	32	14	75.148384	a>
2	1	245	0	0	0	5010	891	23	14	-1	
3	1	245	1	0	0	5010	891	23	14	-1	
4	1	245	1	1	0	5010	891	23	14	-1	
5	1	245	1	1	1	5010	891	23	14	87.827744	ov
2	1	246	0	0	0	5131	899	34	13	-1	
3	1	246	1	0	0	5131	899	34	13	-1	
4	1	246	1	1	0	5131	899	34	13	-1	
5	1	246	1	1	1	5131	899	34	13	85.197037	o>
2	1	247	0	0	0	6440	880	8	20	-1	
3	1	247	1	0	0	6440	880	8	20	-1	
4	1	247	1	1	0	6440	880	8	20	-1	
5	1	247	1	1	1	6440	880	8	20	55.344536	is
2	1	248	0	0	0	6444	893	23	23	-1	
3	1	248	1	0	0	6444	893	23	23	-1	
4	1	248	1	1	0	6444	893	23	23	-1	
5	1	248	1	1	1	6444	893	23	23	92.496719	(8)
2	1	249	0	0	0	6464	880	8	23	-1	
3	1	249	1	0	0	6464	880	8	23	-1	
4	1	249	1	1	0	6464	880	8	23	-1	
5	1	249	1	1	1	6464	880	8	23	0.000000	‘
2	1	250	0	0	0	6567	878	84	26	-1	
3	1	250	1	0	0	6567	878	84	26	-1	
4	1	250	1	1	0	6567	878	84	26	-1	
5	1	250	1	1	1	6563	874	15	43	39.800842	1
5	1	250	1	1	2	6567	878	84	26	23.055222	544
5	1	250	1	1	3	6641	874	12	43	48.708946	|
2	1	251	0	0	0	6671	708	184	197	-1	
3	1	251	1	0	0	6671	708	184	197	-1	
4	1	251	1	1	0	6671	708	184	197	-1	
5	1	251	1	1	1	6671	708	184	197	0.000000	i
2	1	252	0	0	0	7304	825	33	78	-1	
3	1	252	1	0	0	7304	825	33	78	-1	
4	1	252	1	1	0	7304	825	33	78	-1	
5	1	252	1	1	1	7304	825	33	78	29.154205	A
2	1	253	0	0	0	7504	888	46	30	-1	
3	1	253	1	0	0	7504	888	46	30	-1	
4	1	253	1	1	0	7504	888	46	30	-1	
5	1	253	1	1	1	7504	888	27	30	8.709656	<q
5	1	253	1	1	2	7541	901	9	3	8.709656	-
2	1	254	0	0	0	8110	867	743	38	-1	
3	1	254	1	0	0	8110	867	743	38	-1	
4	1	254	1	1	0	8110	867	743	38	-1	
5	1	254	1	1	1	8110	867	108	27	0.000000	+£—4
5	1	254	1	1	2	8241	873	176	32	57.915184	Lesymbole
5	1	254	1	1	3	8426	873	89	31	86.106049	quise
5	1	254	1	1	4	8523	875	98	24	86.106049	trouve
5	1	254	1	1	5	8630	873	65	32	90.692490	prés
5	1	254	1	1	6	8703	873	37	25	96.977028	du
5	1	254	1	1	7	8749	873	104	25	96.960922	fusible
2	1	255	0	0	0	769	912	28	13	-1	
3	1	255	1	0	0	769	912	28	13	-1	
4	1	255	1	1	0	769	912	28	13	-1	
5	1	255	1	1	1	769	912	28	13	75.548615	aN
2	1	256	0	0	0	2677	919	41	14	-1	
3	1	256	1	0	0	2677	919	41	14	-1	
4	1	256	1	1	0	2677	919	41	14	-1	
5	1	256	1	1	1	2677	919	41	14	67.063782	4.8V
2	1	257	0	0	0	5358	907	38	19	-1	
3	1	257	1	0	0	5358	907	38	19	-1	
4	1	257	1	1	0	5358	907	38	19	-1	
5	1	257	1	1	1	5358	907	38	19	57.235336	25;
2	1	258	0	0	0	6156	877	281	48	-1	
3	1	258	1	0	0	6156	877	281	48	-1	
4	1	258	1	1	0	6156	877	281	48	-1	
5	1	258	1	1	1	6156	862	75	67	11.478661	hy
5	1	258	1	1	2	6280	862	96	67	25.935844	sere
2	1	259	0	0	0	6547	865	25	82	-1	
3	1	259	1	0	0	6547	865	25	82	-1	
4	1	259	1	1	0	6547	865	25	82	-1	
5	1	259	1	1	1	6547	865	25	82	6.454659	°
2	1	260	0	0	0	6642	921	76	4	-1	
3	1	260	1	0	0	6642	921	76	4	-1	
4	1	260	1	1	0	6642	921	76	4	-1	
5	1	260	1	1	1	6642	921	76	4	23.574226	—----
2	1	261	0	0	0	6881	698	294	251	-1	
3	1	261	1	0	0	6881	698	294	251	-1	
4	1	261	1	1	0	6881	698	294	251	-1	
5	1	261	1	1	1	6881	698	294	251	38.295807	Jf
2	1	262	0	0	0	8108	914	745	33	-1	
3	1	262	1	0	0	8108	914	745	33	-1	
4	1	262	1	1	0	8108	914	745	33	-1	
5	1	262	1	1	1	8108	915	113	32	92.548553	signifie
5	1	262	1	1	2	8242	921	36	19	96.797340	un
5	1	262	1	1	3	8300	914	103	26	96.549110	fusible
5	1	262	1	1	4	8424	914	16	25	48.705856	a
5	1	262	1	1	5	8461	915	94	25	96.143684	action
5	1	262	1	1	6	8579	915	102	31	96.670761	rapide.
5	1	262	1	1	7	8704	914	73	26	96.970558	Pour
5	1	262	1	1	8	8798	920	55	20	96.464203	une
2	1	263	0	0	0	4973	960	67	16	-1	
3	1	263	1	0	0	4973	960	67	16	-1	
4	1	263	1	1	0	4973	960	67	16	-1	
5	1	263	1	1	1	4973	960	67	16	0.000000	C804
2	1	264	0	0	0	5358	948	39	17	-1	
3	1	264	1	0	0	5358	948	39	17	-1	
4	1	264	1	1	0	5358	948	39	17	-1	
5	1	264	1	1	1	5358	948	39	17	48.536510	25!
2	1	265	0	0	0	5411	905	92	55	-1	
3	1	265	1	0	0	5411	905	92	55	-1	
4	1	265	1	1	0	5411	905	92	55	-1	
5	1	265	1	1	1	5411	905	92	55	54.254379	tr
2	1	266	0	0	0	2744	903	239	97	-1	
3	1	266	1	0	0	2744	903	239	97	-1	
4	1	266	1	1	0	2744	903	239	97	-1	
5	1	266	1	1	1	2744	903	142	97	1.964119	fork)
2	1	267	0	0	0	3058	986	46	10	-1	
3	1	267	1	0	0	3058	986	46	10	-1	
4	1	267	1	1	0	3058	986	46	10	-1	
5	1	267	1	1	1	3058	986	46	10	28.766228	“1
2	1	268	0	0	0	4340	982	118	19	-1	
3	1	268	1	0	0	4340	982	118	19	-1	
4	1	268	1	1	0	4340	982	118	19	-1	
5	1	268	1	1	1	4340	982	72	19	18.284340	1C824,
5	1	268	1	1	2	4418	982	40	16	18.284340	825
2	1	269	0	0	0	4803	969	43	15	-1	
3	1	269	1	0	0	4803	969	43	15	-1	
4	1	269	1	1	0	4803	969	43	15	-1	
5	1	269	1	1	1	4803	969	43	15	52.466282	R804
2	1	270	0	0	0	4805	989	38	15	-1	
3	1	270	1	0	0	4805	989	38	15	-1	
4	1	270	1	1	0	4805	989	38	15	-1	
5	1	270	1	1	1	4805	989	38	15	96.562187	2.7K
2	1	271	0	0	0	4883	993	41	14	-1	
3	1	271	1	0	0	4883	993	41	14	-1	
4	1	271	1	1	0	4883	993	41	14	-1	
5	1	271	1	1	1	4883	993	41	14	72.537773	~15V
2	1	272	0	0	0	5069	993	43	14	-1	
3	1	272	1	0	0	5069	993	43	14	-1	
4	1	272	1	1	0	5069	993	43	14	-1	
5	1	272	1	1	1	5069	993	43	14	47.187923	-21V
2	1	273	0	0	0	5358	964	38	18	-1	
3	1	273	1	0	0	5358	964	38	18	-1	
4	1	273	1	1	0	5358	964	38	18	-1	
5	1	273	1	1	1	5358	964	38	18	77.580734	aol
2	1	274	0	0	0	5358	980	95	27	-1	
3	1	274	1	0	0	5358	980	95	27	-1	
4	1	274	1	1	0	5358	980	95	27	-1	
5	1	274	1	1	1	5358	981	49	26	4.536118	qb
5	1	274	1	1	2	5428	980	25	15	0.000000	-4
2	1	275	0	0	0	8109	956	744	32	-1	
3	1	275	1	0	0	8109	956	744	32	-1	
4	1	275	1	1	0	8109	956	744	32	-1	
5	1	275	1	1	1	8109	956	159	32	96.141602	protection
5	1	275	1	1	2	8283	956	137	26	96.613403	continue
5	1	275	1	1	3	8433	958	100	24	96.697197	contre
5	1	275	1	1	4	8548	956	41	26	96.273155	les
5	1	275	1	1	5	8605	956	109	32	92.520981	risques
5	1	275	1	1	6	8728	956	125	26	89.340607	d’incen-
2	1	276	0	0	0	1177	997	92	14	-1	
3	1	276	1	0	0	1177	997	92	14	-1	
4	1	276	1	1	0	1177	997	92	14	-1	
5	1	276	1	1	1	1177	997	42	14	68.197220	R335
5	1	276	1	1	2	1227	998	42	13	68.197220	4.7K
2	1	277	0	0	0	4332	1011	233	24	-1	
3	1	277	1	0	0	4332	1011	233	24	-1	
4	1	277	1	1	0	4332	1011	233	24	-1	
5	1	277	1	1	1	4332	1011	233	24	79.298264	SVIUPD4053BC
2	1	278	0	0	0	8108	999	17	24	-1	
3	1	278	1	0	0	8108	999	17	24	-1	
4	1	278	1	1	0	8108	999	17	24	-1	
5	1	278	1	1	1	8108	999	17	24	93.284653	d
2	1	279	0	0	0	8130	997	723	32	-1	
3	1	279	1	0	0	8130	997	723	32	-1	
4	1	279	1	1	0	8130	997	723	32	-1	
5	1	279	1	1	1	8130	998	32	29	93.198586	ie,
5	1	279	1	1	2	8175	998	134	25	71.783234	n’utiliser
5	1	279	1	1	3	8318	1004	57	25	96.769295	que
5	1	279	1	1	4	8385	998	53	25	93.294113	des
5	1	279	1	1	5	8447	997	121	27	91.056747	fusibles
5	1	279	1	1	6	8578	998	37	25	92.300911	du
5	1	279	1	1	7	8628	997	92	26	92.300911	méme
5	1	279	1	1	8	8729	999	75	30	96.336845	type.
5	1	279	1	1	9	8815	997	38	26	96.960228	Se
2	1	280	0	0	0	2771	1038	73	15	-1	
3	1	280	1	0	0	2771	1038	73	15	-1	
4	1	280	1	1	0	2771	1038	73	15	-1	
5	1	280	1	1	1	2771	1038	42	14	50.182377	($V)
5	1	280	1	1	2	2821	1039	23	14	51.829475	5V
2	1	281	0	0	0	5214	1049	98	2	-1	
3	1	281	1	0	0	5214	1049	98	2	-1	
4	1	281	1	1	0	5214	1049	98	2	-1	
5	1	281	1	1	1	5214	1049	98	2	10.727066	——
2	1	282	0	0	0	2952	1050	66	15	-1	
3	1	282	1	0	0	2952	1050	66	15	-1	
4	1	282	1	1	0	2952	1050	66	15	-1	
5	1	282	1	1	1	2952	1050	66	15	61.453133	RLYB8OI
2	1	283	0	0	0	5099	1039	27	42	-1	
3	1	283	1	0	0	5099	1039	27	42	-1	
4	1	283	1	1	0	5099	1039	27	42	-1	
5	1	283	1	1	1	5099	1039	27	42	30.639175	f
2	1	284	0	0	0	2776	1099	53	17	-1	
3	1	284	1	0	0	2776	1099	53	17	-1	
4	1	284	1	1	0	2776	1099	53	17	-1	
5	1	284	1	1	1	2776	1099	53	17	54.367363	Q82!
2	1	285	0	0	0	5472	1091	44	13	-1	
3	1	285	1	0	0	5472	1091	44	13	-1	
4	1	285	1	1	0	5472	1091	44	13	-1	
5	1	285	1	1	1	5472	1091	44	13	8.950806	“15V
2	1	286	0	0	0	5621	794	533	304	-1	
3	1	286	1	0	0	5621	794	533	304	-1	
4	1	286	1	1	0	5621	794	533	304	-1	
5	1	286	1	1	1	5621	794	533	304	17.006691	[=
2	1	287	0	0	0	8110	1038	741	33	-1	
3	1	287	1	0	0	8110	1038	741	33	-1	
4	1	287	1	1	0	8110	1038	741	33	-1	
5	1	287	1	1	1	8110	1041	145	30	91.803177	rapporter
5	1	287	1	1	2	8263	1045	35	20	96.229073	au
5	1	287	1	1	3	8308	1039	131	32	96.229073	symbole
5	1	287	1	1	4	8448	1045	72	25	96.174789	pour
5	1	287	1	1	5	8528	1039	25	26	94.924629	la
5	1	287	1	1	6	8560	1039	95	26	96.054459	valeur
5	1	287	1	1	7	8663	1039	52	26	93.157684	des
5	1	287	1	1	8	8723	1038	128	26	91.522919	fusibles.
2	1	288	0	0	0	5337	1119	29	13	-1	
3	1	288	1	0	0	5337	1119	29	13	-1	
4	1	288	1	1	0	5337	1119	29	13	-1	
5	1	288	1	1	1	5337	1119	29	13	0.000000	\S5V
2	1	289	0	0	0	2676	1150	43	13	-1	
3	1	289	1	0	0	2676	1150	43	13	-1	
4	1	289	1	1	0	2676	1150	43	13	-1	
5	1	289	1	1	1	2676	1150	43	13	85.035995	4.9V
2	1	290	0	0	0	6640	1150	47	22	-1	
3	1	290	1	0	0	6640	1150	47	22	-1	
4	1	290	1	1	0	6640	1150	47	22	-1	
5	1	290	1	1	1	6640	1150	47	22	63.301399	Are
2	1	291	0	0	0	6823	1153	34	15	-1	
3	1	291	1	0	0	6823	1153	34	15	-1	
4	1	291	1	1	0	6823	1153	34	15	-1	
5	1	291	1	1	1	6823	1153	34	15	58.861092	CN3
2	1	292	0	0	0	7221	1143	225	30	-1	
3	1	292	1	0	0	7221	1143	225	30	-1	
4	1	292	1	1	0	7221	1143	225	30	-1	
5	1	292	1	1	1	7221	1147	17	18	24.929970	@
5	1	292	1	1	2	7267	1143	58	29	95.528503	For
5	1	292	1	1	3	7336	1144	110	29	95.528503	others
2	1	293	0	0	0	2935	1144	41	52	-1	
3	1	293	1	0	0	2935	1144	41	52	-1	
4	1	293	1	1	0	2935	1144	41	52	-1	
5	1	293	1	1	1	2935	1172	20	15	77.886047	08
5	1	293	1	1	2	2955	1144	21	52	34.749977	ai
2	1	294	0	0	0	6639	1179	129	4	-1	
3	1	294	1	0	0	6639	1179	129	4	-1	
4	1	294	1	1	0	6639	1179	129	4	-1	
5	1	294	1	1	1	6639	1179	129	4	18.509514	=
2	1	295	0	0	0	7035	1161	94	18	-1	
3	1	295	1	0	0	7035	1161	94	18	-1	
4	1	295	1	1	0	7035	1161	94	18	-1	
5	1	295	1	1	1	7035	1161	94	18	95.472893	(VOLTAGE
2	1	296	0	0	0	7044	1182	105	18	-1	
3	1	296	1	0	0	7044	1182	105	18	-1	
4	1	296	1	1	0	7044	1182	105	18	-1	
5	1	296	1	1	1	7044	1182	105	18	95.924103	SELECTOR)
2	1	297	0	0	0	2746	1169	119	60	-1	
3	1	297	1	0	0	2746	1169	119	60	-1	
4	1	297	1	1	0	2746	1169	119	60	-1	
5	1	297	1	1	1	2746	1169	119	60	62.956951	ES
2	1	298	0	0	0	2838	1148	44	58	-1	
3	1	298	1	0	0	2838	1148	44	58	-1	
4	1	298	1	1	0	2838	1148	44	58	-1	
5	1	298	1	1	1	2838	1148	44	58	41.496559	4
2	1	299	0	0	0	2916	1192	60	14	-1	
3	1	299	1	0	0	2916	1192	60	14	-1	
4	1	299	1	1	0	2916	1192	60	14	-1	
5	1	299	1	1	1	2916	1192	60	14	20.233749	MAI6S
2	1	300	0	0	0	6396	1207	42	14	-1	
3	1	300	1	0	0	6396	1207	42	14	-1	
4	1	300	1	1	0	6396	1207	42	14	-1	
5	1	300	1	1	1	6396	1207	42	14	0.000000	CNIl
2	1	301	0	0	0	7039	1206	25	16	-1	
3	1	301	1	0	0	7039	1206	25	16	-1	
4	1	301	1	1	0	7039	1206	25	16	-1	
5	1	301	1	1	1	7039	1206	25	16	47.154709	$2
2	1	302	0	0	0	4280	1219	193	30	-1	
3	1	302	1	0	0	4280	1219	193	30	-1	
4	1	302	1	1	0	4280	1219	193	30	-1	
5	1	302	1	1	1	4280	1219	193	30	90.471733	CLASS-AA
2	1	303	0	0	0	6462	1169	88	83	-1	
3	1	303	1	0	0	6462	1169	88	83	-1	
4	1	303	1	1	0	6462	1169	88	83	-1	
5	1	303	1	1	1	6462	1169	88	83	83.046127	=
2	1	304	0	0	0	6592	1234	19	15	-1	
3	1	304	1	0	0	6592	1234	19	15	-1	
4	1	304	1	1	0	6592	1234	19	15	-1	
5	1	304	1	1	1	6592	1234	19	15	82.976562	si
2	1	305	0	0	0	2617	1171	250	114	-1	
3	1	305	1	0	0	2617	1171	250	114	-1	
4	1	305	1	1	0	2617	1171	250	114	-1	
5	1	305	1	1	1	2617	1171	250	114	51.314922	i
2	1	306	0	0	0	3102	1247	41	14	-1	
3	1	306	1	0	0	3102	1247	41	14	-1	
4	1	306	1	1	0	3102	1247	41	14	-1	
5	1	306	1	1	1	3102	1247	41	14	0.000000	—
2	1	307	0	0	0	3192	1259	205	3	-1	
3	1	307	1	0	0	3192	1259	205	3	-1	
4	1	307	1	1	0	3192	1259	205	3	-1	
5	1	307	1	1	1	3192	1259	78	3	16.573929	=a
5	1	307	1	1	2	3297	1259	16	2	27.762650	eee
2	1	308	0	0	0	3428	1260	79	2	-1	
3	1	308	1	0	0	3428	1260	79	2	-1	
4	1	308	1	1	0	3428	1260	79	2	-1	
5	1	308	1	1	1	3428	1260	79	2	21.260582	——
2	1	309	0	0	0	3558	1260	280	3	-1	
3	1	309	1	0	0	3558	1260	280	3	-1	
4	1	309	1	1	0	3558	1260	280	3	-1	
5	1	309	1	1	1	3558	1260	123	3	0.000000	SSee
5	1	309	1	1	2	3640	1244	17	28	16.131371	et
5	1	309	1	1	3	3666	1244	38	28	11.622116	ei
5	1	309	1	1	4	3706	1260	87	3	0.000000	me
5	1	309	1	1	5	3820	1260	18	3	0.000000	.
2	1	310	0	0	0	3867	1260	121	13	-1	
3	1	310	1	0	0	3867	1260	121	13	-1	
4	1	310	1	1	0	3867	1260	121	13	-1	
5	1	310	1	1	1	3867	1261	55	2	30.713814	oe
5	1	310	1	1	2	3947	1260	41	13	19.314484	im
2	1	311	0	0	0	7053	1254	37	17	-1	
3	1	311	1	0	0	7053	1254	37	17	-1	
4	1	311	1	1	0	7053	1254	37	17	-1	
5	1	311	1	1	1	7053	1254	37	17	60.014481	49
2	1	312	0	0	0	2443	1298	55	15	-1	
3	1	312	1	0	0	2443	1298	55	15	-1	
4	1	312	1	1	0	2443	1298	55	15	-1	
5	1	312	1	1	1	2443	1298	55	15	63.577187	BT80I
2	1	313	0	0	0	2995	1276	39	13	-1	
3	1	313	1	0	0	2995	1276	39	13	-1	
4	1	313	1	1	0	2995	1276	39	13	-1	
5	1	313	1	1	1	2995	1276	39	13	45.752228	Le
2	1	314	0	0	0	3158	1287	79	3	-1	
3	1	314	1	0	0	3158	1287	79	3	-1	
4	1	314	1	1	0	3158	1287	79	3	-1	
5	1	314	1	1	1	3158	1287	79	3	21.999672	a
2	1	315	0	0	0	3340	1287	195	3	-1	
3	1	315	1	0	0	3340	1287	195	3	-1	
4	1	315	1	1	0	3340	1287	195	3	-1	
5	1	315	1	1	1	3340	1287	62	3	44.664360	awe
5	1	315	1	1	2	3415	1287	120	3	35.330719	eee
2	1	316	0	0	0	3610	1288	59	2	-1	
3	1	316	1	0	0	3610	1288	59	2	-1	
4	1	316	1	1	0	3610	1288	59	2	-1	
5	1	316	1	1	1	3610	1288	59	2	4.221252	a
2	1	317	0	0	0	4280	1265	346	36	-1	
3	1	317	1	0	0	4280	1265	346	36	-1	
4	1	317	1	1	0	4280	1265	346	36	-1	
5	1	317	1	1	1	4280	1265	129	36	94.890671	Sample
5	1	317	1	1	2	4422	1266	75	29	94.890671	hold
5	1	317	1	1	3	4618	1266	8	12	67.173164	.
2	1	318	0	0	0	6704	1250	149	51	-1	
3	1	318	1	0	0	6704	1250	149	51	-1	
4	1	318	1	1	0	6704	1250	149	51	-1	
5	1	318	1	1	1	6704	1250	149	51	37.603642	Lf,
5	1	318	1	1	2	6828	1246	30	70	43.138233	|
2	1	319	0	0	0	2499	1323	33	19	-1	
3	1	319	1	0	0	2499	1323	33	19	-1	
4	1	319	1	1	0	2499	1323	33	19	-1	
5	1	319	1	1	1	2499	1323	33	19	69.405045	lan
2	1	320	0	0	0	3388	1326	36	14	-1	
3	1	320	1	0	0	3388	1326	36	14	-1	
4	1	320	1	1	0	3388	1326	36	14	-1	
5	1	320	1	1	1	3388	1326	36	14	64.900238	3.7V
2	1	321	0	0	0	4368	1311	66	16	-1	
3	1	321	1	0	0	4368	1311	66	16	-1	
4	1	321	1	1	0	4368	1311	66	16	-1	
5	1	321	1	1	1	4368	1311	66	16	9.545280	1c825
2	1	322	0	0	0	4494	1313	94	22	-1	
3	1	322	1	0	0	4494	1313	94	22	-1	
4	1	322	1	1	0	4494	1313	94	22	-1	
5	1	322	1	1	1	4494	1313	23	22	0.000000	J
5	1	322	1	1	2	4528	1315	60	18	0.000000	\:35ps
2	1	323	0	0	0	2443	1338	22	15	-1	
3	1	323	1	0	0	2443	1338	22	15	-1	
4	1	323	1	1	0	2443	1338	22	15	-1	
5	1	323	1	1	1	2443	1338	22	15	41.948772	RDI
2	1	324	0	0	0	2503	1333	24	24	-1	
3	1	324	1	0	0	2503	1333	24	24	-1	
4	1	324	1	1	0	2503	1333	24	24	-1	
5	1	324	1	1	1	2503	1333	24	24	63.898930	()
2	1	325	0	0	0	2524	1345	149	26	-1	
3	1	325	1	0	0	2524	1345	149	26	-1	
4	1	325	1	1	0	2524	1345	149	26	-1	
5	1	325	1	1	1	2520	1341	8	43	11.037674	5
5	1	325	1	1	2	2524	1345	149	26	15.483894	ee
2	1	326	0	0	0	4775	1319	88	28	-1	
3	1	326	1	0	0	4775	1319	88	28	-1	
4	1	326	1	1	0	4775	1319	88	28	-1	
5	1	326	1	1	1	4775	1319	88	28	96.397621	Filter
2	1	327	0	0	0	4944	1336	61	16	-1	
3	1	327	1	0	0	4944	1336	61	16	-1	
4	1	327	1	1	0	4944	1336	61	16	-1	
5	1	327	1	1	1	4944	1336	61	16	29.878456	(ca3!
2	1	328	0	0	0	5295	1334	194	31	-1	
3	1	328	1	0	0	5295	1334	194	31	-1	
4	1	328	1	1	0	5295	1334	194	31	-1	
5	1	328	1	1	1	5295	1334	194	31	91.435692	CLASS-AA
2	1	329	0	0	0	6592	1347	22	15	-1	
3	1	329	1	0	0	6592	1347	22	15	-1	
4	1	329	1	1	0	6592	1347	22	15	-1	
5	1	329	1	1	1	6592	1347	22	15	74.884781	$4,
2	1	330	0	0	0	6856	1284	79	71	-1	
3	1	330	1	0	0	6856	1284	79	71	-1	
4	1	330	1	1	0	6856	1284	79	71	-1	
5	1	330	1	1	1	6856	1284	79	71	2.610329	Des
2	1	331	0	0	0	7333	1283	582	41	-1	
3	1	331	1	0	0	7216	1283	699	89	-1	
4	1	331	1	1	0	7333	1283	582	41	-1	
5	1	331	1	1	1	7333	1283	183	39	96.408386	POWER
5	1	331	1	1	2	7537	1284	214	39	92.786125	SOURCE
5	1	331	1	1	3	7773	1285	142	39	89.132767	P.C.B.
2	1	332	0	0	0	2374	1364	92	19	-1	
3	1	332	1	0	0	2374	1364	92	19	-1	
4	1	332	1	1	0	2374	1364	92	19	-1	
5	1	332	1	1	1	2374	1364	92	19	3.205490	SSEEOSR
5	1	332	1	1	2	2444	1360	27	28	49.825912	DA’
2	1	333	0	0	0	2467	1338	21	41	-1	
3	1	333	1	0	0	2467	1338	21	41	-1	
4	1	333	1	1	0	2467	1338	21	41	-1	
5	1	333	1	1	1	2467	1338	21	41	57.128716	TA
2	1	334	0	0	0	2504	1360	24	25	-1	
3	1	334	1	0	0	2504	1360	24	25	-1	
4	1	334	1	1	0	2504	1360	24	25	-1	
5	1	334	1	1	1	2504	1360	24	25	96.225395	(2)
2	1	335	0	0	0	2524	1376	8	18	-1	
3	1	335	1	0	0	2524	1376	8	18	-1	
4	1	335	1	1	0	2524	1376	8	18	-1	
5	1	335	1	1	1	2524	1376	8	18	0.000000	(
2	1	336	0	0	0	2536	1374	137	25	-1	
3	1	336	1	0	0	2536	1374	137	25	-1	
4	1	336	1	1	0	2536	1374	137	25	-1	
5	1	336	1	1	1	2536	1374	137	25	43.713913	Pt
2	1	337	0	0	0	3363	1381	37	14	-1	
3	1	337	1	0	0	3363	1381	37	14	-1	
4	1	337	1	1	0	3363	1381	37	14	-1	
5	1	337	1	1	1	3363	1381	37	14	83.590996	2.3V
2	1	338	0	0	0	3656	1373	8	12	-1	
3	1	338	1	0	0	3656	1373	8	12	-1	
4	1	338	1	1	0	3656	1373	8	12	-1	
5	1	338	1	1	1	3656	1373	8	12	90.823540	5
2	1	339	0	0	0	4214	1379	22	14	-1	
3	1	339	1	0	0	4214	1379	22	14	-1	
4	1	339	1	1	0	4214	1379	22	14	-1	
5	1	339	1	1	1	4214	1379	22	14	69.089760	SV
2	1	340	0	0	0	6729	1293	125	101	-1	
3	1	340	1	0	0	6729	1293	125	101	-1	
4	1	340	1	1	0	6729	1293	125	101	-1	
5	1	340	1	1	1	6729	1293	125	101	2.396561	LL
2	1	341	0	0	0	6986	1296	104	95	-1	
3	1	341	1	0	0	6986	1296	104	95	-1	
4	1	341	1	1	0	6986	1296	104	95	-1	
5	1	341	1	1	1	6986	1296	104	95	29.929016	I
2	1	342	0	0	0	2441	1395	44	15	-1	
3	1	342	1	0	0	2441	1395	44	15	-1	
4	1	342	1	1	0	2441	1395	44	15	-1	
5	1	342	1	1	1	2441	1395	44	15	36.071354	‘SRCK
2	1	343	0	0	0	2506	1389	24	24	-1	
3	1	343	1	0	0	2506	1389	24	24	-1	
4	1	343	1	1	0	2506	1389	24	24	-1	
5	1	343	1	1	1	2506	1389	24	24	81.038696	(3)
2	1	344	0	0	0	2525	1408	7	17	-1	
3	1	344	1	0	0	2525	1408	7	17	-1	
4	1	344	1	1	0	2525	1408	7	17	-1	
5	1	344	1	1	1	2525	1408	7	17	54.751335	1
2	1	345	0	0	0	2535	1402	138	25	-1	
3	1	345	1	0	0	2535	1402	138	25	-1	
4	1	345	1	1	0	2535	1402	138	25	-1	
5	1	345	1	1	1	2531	1398	25	42	19.176498	p
5	1	345	1	1	2	2535	1402	138	25	25.679482	ttt
2	1	346	0	0	0	3355	1404	73	24	-1	
3	1	346	1	0	0	3355	1404	73	24	-1	
4	1	346	1	1	0	3355	1404	73	24	-1	
5	1	346	1	1	1	3351	1400	11	33	0.000000	E
5	1	346	1	1	2	3375	1404	5	24	68.949478	|
5	1	346	1	1	3	3392	1410	36	13	47.941582	24v
2	1	347	0	0	0	4246	1342	308	65	-1	
3	1	347	1	0	0	4246	1342	308	65	-1	
4	1	347	1	1	0	4246	1342	308	65	-1	
5	1	347	1	1	1	4246	1342	308	65	0.000000	Seeesece
2	1	348	0	0	0	5296	1381	202	35	-1	
3	1	348	1	0	0	5296	1381	202	35	-1	
4	1	348	1	1	0	5296	1381	202	35	-1	
5	1	348	1	1	1	5296	1381	107	29	96.800087	Buffer
5	1	348	1	1	2	5414	1387	84	29	96.366257	amp.
2	1	349	0	0	0	6446	1381	124	39	-1	
3	1	349	1	0	0	6446	1381	124	39	-1	
4	1	349	1	1	0	6446	1381	124	39	-1	
5	1	349	1	1	1	6446	1381	124	39	13.634506	one
2	1	350	0	0	0	6643	1407	127	3	-1	
3	1	350	1	0	0	6643	1407	127	3	-1	
4	1	350	1	1	0	6643	1407	127	3	-1	
5	1	350	1	1	1	6643	1407	127	3	41.276253	as
2	1	351	0	0	0	2010	1404	117	29	-1	
3	1	351	1	0	0	2010	1404	117	29	-1	
4	1	351	1	1	0	2010	1404	117	29	-1	
5	1	351	1	1	1	2010	1404	117	29	92.756020	CN304
2	1	352	0	0	0	2440	1422	46	15	-1	
3	1	352	1	0	0	2440	1422	46	15	-1	
4	1	352	1	1	0	2440	1422	46	15	-1	
5	1	352	1	1	1	2440	1422	46	15	84.469482	LRCK
2	1	353	0	0	0	2504	1417	24	24	-1	
3	1	353	1	0	0	2504	1417	24	24	-1	
4	1	353	1	1	0	2504	1417	24	24	-1	
5	1	353	1	1	1	2504	1417	24	24	92.973595	(4)
2	1	354	0	0	0	2525	1433	7	18	-1	
3	1	354	1	0	0	2525	1433	7	18	-1	
4	1	354	1	1	0	2525	1433	7	18	-1	
5	1	354	1	1	1	2525	1433	7	18	0.000000	Y
2	1	355	0	0	0	3556	1427	62	20	-1	
3	1	355	1	0	0	3556	1427	62	20	-1	
4	1	355	1	1	0	3556	1427	62	20	-1	
5	1	355	1	1	1	3556	1427	9	11	50.406807	35
5	1	355	1	1	2	3601	1427	17	20	88.323441	ps
2	1	356	0	0	0	4760	1437	45	3	-1	
3	1	356	1	0	0	4760	1437	45	3	-1	
4	1	356	1	1	0	4760	1437	45	3	-1	
5	1	356	1	1	1	4760	1437	45	3	16.460205	aad
2	1	357	0	0	0	1126	1402	507	60	-1	
3	1	357	1	0	0	1126	1402	507	60	-1	
4	1	357	1	1	0	1126	1402	507	60	-1	
5	1	357	1	1	1	1126	1402	57	55	19.173088	BP]
5	1	357	1	1	2	1200	1417	94	35	71.374420	(Main
5	1	357	1	1	3	1311	1417	118	35	47.663937	P.c.B.)
5	1	357	1	1	4	1447	1433	186	29	36.492493	-—__
2	1	358	0	0	0	2453	1450	35	14	-1	
3	1	358	1	0	0	2453	1450	35	14	-1	
4	1	358	1	1	0	2453	1450	35	14	-1	
5	1	358	1	1	1	2453	1450	35	14	95.923683	GND
2	1	359	0	0	0	2535	1429	138	53	-1	
3	1	359	1	0	0	2535	1429	138	53	-1	
4	1	359	1	1	0	2535	1429	138	53	-1	
5	1	359	1	1	1	2535	1429	138	53	17.549965	{||
2	1	360	0	0	0	0	0	9052	3528	-1	
3	1	360	1	0	0	3235	1436	63	47	-1	
4	1	360	1	1	0	0	0	9052	3528	-1	
5	1	360	1	1	1	3235	1436	63	47	31.538574	<hr
2	1	361	0	0	0	5312	1470	79	13	-1	
3	1	361	1	0	0	5312	1470	79	13	-1	
4	1	361	1	1	0	5312	1470	79	13	-1	
5	1	361	1	1	1	5312	1471	36	12	0.000000	tkHz
5	1	361	1	1	2	5356	1470	35	13	30.153549	O08
2	1	362	0	0	0	5473	1431	84	27	-1	
3	1	362	1	0	0	5473	1431	84	27	-1	
4	1	362	1	1	0	5473	1431	84	27	-1	
5	1	362	1	1	1	5473	1431	36	14	92.879890	Ploy
5	1	362	1	1	2	5523	1431	34	27	0.000000	tkiz
2	1	363	0	0	0	5621	1128	130	355	-1	
3	1	363	1	0	0	5621	1128	130	355	-1	
4	1	363	1	1	0	5621	1128	130	355	-1	
5	1	363	1	1	1	5621	1128	130	355	18.868439	]
2	1	364	0	0	0	2012	1449	231	36	-1	
3	1	364	1	0	0	2012	1449	231	36	-1	
4	1	364	1	1	0	2012	1449	231	36	-1	
5	1	364	1	1	1	2012	1450	95	35	93.047394	(Main
5	1	364	1	1	2	2123	1449	120	35	91.830719	P.C.B.)
2	1	365	0	0	0	2455	1478	32	15	-1	
3	1	365	1	0	0	2455	1478	32	15	-1	
4	1	365	1	1	0	2455	1478	32	15	-1	
5	1	365	1	1	1	2455	1478	32	15	26.282814	+V
2	1	366	0	0	0	2499	1445	34	59	-1	
3	1	366	1	0	0	2499	1445	34	59	-1	
4	1	366	1	1	0	2499	1445	34	59	-1	
5	1	366	1	1	1	2499	1445	34	59	0.000000	o
2	1	367	0	0	0	5083	1435	50	57	-1	
3	1	367	1	0	0	5083	1435	50	57	-1	
4	1	367	1	1	0	5083	1435	50	57	-1	
5	1	367	1	1	1	5083	1435	50	57	46.460030	i
2	1	368	0	0	0	6384	1497	54	14	-1	
3	1	368	1	0	0	6384	1497	54	14	-1	
4	1	368	1	1	0	6384	1497	54	14	-1	
5	1	368	1	1	1	6384	1497	54	14	12.017059	cCN8OI
2	1	369	0	0	0	3219	1510	85	15	-1	
3	1	369	1	0	0	3219	1510	85	15	-1	
4	1	369	1	1	0	3219	1510	85	15	-1	
5	1	369	1	1	1	3219	1510	43	15	82.095673	C822
5	1	369	1	1	2	3273	1511	31	14	90.562790	0.01
2	1	370	0	0	0	3530	1514	64	18	-1	
3	1	370	1	0	0	3530	1514	64	18	-1	
4	1	370	1	1	0	3530	1514	64	18	-1	
5	1	370	1	1	1	3530	1514	64	18	0.000000	W.35ps
2	1	371	0	0	0	4202	1412	85	128	-1	
3	1	371	1	0	0	4202	1412	85	128	-1	
4	1	371	1	1	0	4202	1412	85	128	-1	
5	1	371	1	1	1	4202	1412	85	128	36.951721	i
2	1	372	0	0	0	5308	1492	94	42	-1	
3	1	372	1	0	0	5308	1492	94	42	-1	
4	1	372	1	1	0	5308	1492	94	42	-1	
5	1	372	1	1	1	5308	1492	94	42	46.159634	NS
5	1	372	1	1	2	5375	1488	31	61	46.159634	\
2	1	373	0	0	0	5470	1468	113	53	-1	
3	1	373	1	0	0	5470	1468	113	53	-1	
4	1	373	1	1	0	5470	1468	113	53	-1	
5	1	373	1	1	1	5470	1468	113	53	57.994614	Vi:
2	1	374	0	0	0	6593	1522	20	15	-1	
3	1	374	1	0	0	6593	1522	20	15	-1	
4	1	374	1	1	0	6593	1522	20	15	-1	
5	1	374	1	1	1	6593	1522	20	15	33.834320	$5
2	1	375	0	0	0	6644	1496	42	23	-1	
3	1	375	1	0	0	6644	1496	42	23	-1	
4	1	375	1	1	0	6644	1496	42	23	-1	
5	1	375	1	1	1	6644	1496	42	23	62.336632	Ari
2	1	376	0	0	0	6825	1499	31	15	-1	
3	1	376	1	0	0	6825	1499	31	15	-1	
4	1	376	1	1	0	6825	1499	31	15	-1	
5	1	376	1	1	1	6825	1499	31	15	26.927132	cN2
2	1	377	0	0	0	7279	1500	196	18	-1	
3	1	377	1	0	0	7279	1500	196	18	-1	
4	1	377	1	1	0	7279	1500	196	18	-1	
5	1	377	1	1	1	7279	1500	20	15	0.000000	AC
5	1	377	1	1	2	7307	1501	23	16	0.000000	110
5	1	377	1	1	3	7336	1501	139	17	47.735947	-127V/220-240V
2	1	378	0	0	0	7281	1522	93	18	-1	
3	1	378	1	0	0	7281	1522	93	18	-1	
4	1	378	1	1	0	7281	1522	93	18	-1	
5	1	378	1	1	1	7281	1522	93	18	49.857651	(S0/60Hz
2	1	379	0	0	0	2442	1552	56	15	-1	
3	1	379	1	0	0	2442	1552	56	15	-1	
4	1	379	1	1	0	2442	1552	56	15	-1	
5	1	379	1	1	1	2442	1552	56	15	77.943649	BT802
2	1	380	0	0	0	3355	1431	54	135	-1	
3	1	380	1	0	0	3355	1431	54	135	-1	
4	1	380	1	1	0	3355	1431	54	135	-1	
5	1	380	1	1	1	3355	1431	54	135	37.264706	L
2	1	381	0	0	0	4268	1412	331	129	-1	
3	1	381	1	0	0	4268	1412	331	129	-1	
4	1	381	1	1	0	4268	1412	331	129	-1	
5	1	381	1	1	1	4264	1408	30	180	28.724640	s
5	1	381	1	1	2	4268	1412	331	129	0.000000	sooeds
2	1	382	0	0	0	973	1572	28	10	-1	
3	1	382	1	0	0	973	1572	28	10	-1	
4	1	382	1	1	0	973	1572	28	10	-1	
5	1	382	1	1	1	973	1572	28	10	56.474388	On
2	1	383	0	0	0	973	1560	28	11	-1	
3	1	383	1	0	0	973	1560	28	11	-1	
4	1	383	1	1	0	973	1560	28	11	-1	
5	1	383	1	1	1	973	1560	28	11	66.801147	wx
2	1	384	0	0	0	5873	1564	41	14	-1	
3	1	384	1	0	0	5873	1564	41	14	-1	
4	1	384	1	1	0	5873	1564	41	14	-1	
5	1	384	1	1	1	5873	1564	41	14	17.177193	ce4
2	1	385	0	0	0	5874	1581	52	14	-1	
3	1	385	1	0	0	5874	1581	52	14	-1	
4	1	385	1	1	0	5874	1581	52	14	-1	
5	1	385	1	1	1	5874	1581	52	14	79.646637	16V22
2	1	386	0	0	0	6594	1580	16	14	-1	
3	1	386	1	0	0	6594	1580	16	14	-1	
4	1	386	1	1	0	6594	1580	16	14	-1	
5	1	386	1	1	1	6594	1580	16	14	83.551125	St
2	1	387	0	0	0	6891	1543	76	43	-1	
3	1	387	1	0	0	6891	1543	76	43	-1	
4	1	387	1	1	0	6891	1543	76	43	-1	
5	1	387	1	1	1	6891	1543	76	43	60.551144	Pall
2	1	388	0	0	0	973	1585	28	15	-1	
3	1	388	1	0	0	973	1585	28	15	-1	
4	1	388	1	1	0	973	1585	28	15	-1	
5	1	388	1	1	1	973	1585	28	15	17.051941	is
2	1	389	0	0	0	2375	1590	113	15	-1	
3	1	389	1	0	0	2375	1590	113	15	-1	
4	1	389	1	1	0	2375	1590	113	15	-1	
5	1	389	1	1	1	2375	1594	46	4	67.718559	——
5	1	389	1	1	2	2427	1590	61	15	89.265358	DEMPH
2	1	390	0	0	0	4470	1547	84	62	-1	
3	1	390	1	0	0	4470	1547	84	62	-1	
4	1	390	1	1	0	4470	1547	84	62	-1	
5	1	390	1	1	1	4470	1547	84	62	57.654690	as
2	1	391	0	0	0	4802	1546	99	62	-1	
3	1	391	1	0	0	4802	1546	99	62	-1	
4	1	391	1	1	0	4802	1546	99	62	-1	
5	1	391	1	1	1	4802	1546	99	62	51.742210	Es
2	1	392	0	0	0	5071	1547	98	63	-1	
3	1	392	1	0	0	5071	1547	98	63	-1	
4	1	392	1	1	0	5071	1547	98	63	-1	
5	1	392	1	1	1	5071	1547	98	63	45.863667	a:
2	1	393	0	0	0	5731	1590	42	20	-1	
3	1	393	1	0	0	5731	1590	42	20	-1	
4	1	393	1	1	0	5731	1590	42	20	-1	
5	1	393	1	1	1	5727	1586	21	35	16.999115	198
5	1	393	1	1	2	5756	1586	17	35	13.018082	Be
2	1	394	0	0	0	6857	1549	31	52	-1	
3	1	394	1	0	0	6857	1549	31	52	-1	
4	1	394	1	1	0	6857	1549	31	52	-1	
5	1	394	1	1	1	6857	1549	31	52	20.044540	fe
2	1	395	0	0	0	1022	1623	37	12	-1	
3	1	395	1	0	0	1022	1623	37	12	-1	
4	1	395	1	1	0	1022	1623	37	12	-1	
5	1	395	1	1	1	1022	1623	37	12	49.830498	49v
2	1	396	0	0	0	2369	1594	167	49	-1	
3	1	396	1	0	0	2369	1594	167	49	-1	
4	1	396	1	1	0	2369	1594	167	49	-1	
5	1	396	1	1	1	2369	1606	118	36	52.216805	——cueot
5	1	396	1	1	2	2495	1594	41	49	22.212883	Ka)
2	1	397	0	0	0	2524	1625	66	26	-1	
3	1	397	1	0	0	2524	1625	66	26	-1	
4	1	397	1	1	0	2524	1625	66	26	-1	
5	1	397	1	1	1	2524	1625	66	26	0.000000	J]
2	1	398	0	0	0	5593	1630	30	15	-1	
3	1	398	1	0	0	5593	1630	30	15	-1	
4	1	398	1	1	0	5593	1630	30	15	-1	
5	1	398	1	1	1	5593	1630	30	15	59.777431	ex
2	1	399	0	0	0	6733	1626	56	16	-1	
3	1	399	1	0	0	6733	1626	56	16	-1	
4	1	399	1	1	0	6733	1626	56	16	-1	
5	1	399	1	1	1	6733	1626	26	12	57.166477	om
5	1	399	1	1	2	6781	1634	8	8	0.000000	&,.
2	1	400	0	0	0	7196	1624	31	14	-1	
3	1	400	1	0	0	7196	1624	31	14	-1	
4	1	400	1	1	0	7196	1624	31	14	-1	
5	1	400	1	1	1	7196	1624	31	14	42.426849	cNI
2	1	401	0	0	0	865	1654	22	16	-1	
3	1	401	1	0	0	865	1654	22	16	-1	
4	1	401	1	1	0	865	1654	22	16	-1	
5	1	401	1	1	1	865	1654	22	16	80.912460	ov
2	1	402	0	0	0	1106	1657	29	14	-1	
3	1	402	1	0	0	1106	1657	29	14	-1	
4	1	402	1	1	0	1106	1657	29	14	-1	
5	1	402	1	1	1	1106	1657	29	14	91.044487	go
2	1	403	0	0	0	1106	1645	29	11	-1	
3	1	403	1	0	0	1106	1645	29	11	-1	
4	1	403	1	1	0	1106	1645	29	11	-1	
5	1	403	1	1	1	1106	1645	29	11	18.252167	Peo}
2	1	404	0	0	0	1943	1623	189	56	-1	
3	1	404	1	0	0	1943	1623	189	56	-1	
4	1	404	1	1	0	1943	1623	189	56	-1	
5	1	404	1	1	1	1943	1623	57	56	37.939987	Eq
5	1	404	1	1	2	2015	1639	117	30	35.306274	cnz0s5
2	1	405	0	0	0	2375	1640	152	24	-1	
3	1	405	1	0	0	2375	1640	152	24	-1	
4	1	405	1	1	0	2375	1640	152	24	-1	
5	1	405	1	1	1	2375	1646	110	15	0.000000	——w.rty
5	1	405	1	1	2	2503	1640	24	24	13.889999	{(3)
2	1	406	0	0	0	3216	1568	519	85	-1	
3	1	406	1	0	0	2731	1568	1004	85	-1	
4	1	406	1	1	0	3216	1568	519	85	-1	
5	1	406	1	1	1	3212	1564	72	122	41.551079	—
2	1	407	0	0	0	2852	1659	24	13	-1	
3	1	407	1	0	0	2852	1659	24	13	-1	
4	1	407	1	1	0	2852	1659	24	13	-1	
5	1	407	1	1	1	2852	1659	24	13	90.049950	e4
2	1	408	0	0	0	4327	1645	113	22	-1	
3	1	408	1	0	0	4327	1645	113	22	-1	
4	1	408	1	1	0	4327	1645	113	22	-1	
5	1	408	1	1	1	4327	1645	63	17	29.174171	1C827_
5	1	408	1	1	2	4410	1653	30	14	5.522957	sy
2	1	409	0	0	0	4584	1649	44	15	-1	
3	1	409	1	0	0	4584	1649	44	15	-1	
4	1	409	1	1	0	4584	1649	44	15	-1	
5	1	409	1	1	1	4584	1649	44	15	21.477783	C828
2	1	410	0	0	0	5276	1659	80	13	-1	
3	1	410	1	0	0	5276	1659	80	13	-1	
4	1	410	1	1	0	5276	1659	80	13	-1	
5	1	410	1	1	1	5276	1659	39	12	3.641975	tkHz
5	1	410	1	1	2	5322	1659	34	13	74.200989	O68
2	1	411	0	0	0	5592	1668	30	10	-1	
3	1	411	1	0	0	5592	1668	30	10	-1	
4	1	411	1	1	0	5592	1668	30	10	-1	
5	1	411	1	1	1	5592	1668	30	10	35.899818	«2
2	1	412	0	0	0	5592	1654	31	16	-1	
3	1	412	1	0	0	5592	1654	31	16	-1	
4	1	412	1	1	0	5592	1654	31	16	-1	
5	1	412	1	1	1	5592	1654	31	16	35.863564	26
2	1	413	0	0	0	5593	1643	30	15	-1	
3	1	413	1	0	0	5593	1643	30	15	-1	
4	1	413	1	1	0	5593	1643	30	15	-1	
5	1	413	1	1	1	5593	1643	30	15	41.137486	32
2	1	414	0	0	0	6446	1635	27	41	-1	
3	1	414	1	0	0	6446	1635	27	41	-1	
4	1	414	1	1	0	6446	1635	27	41	-1	
5	1	414	1	1	1	6446	1635	27	41	0.000000	o
2	1	415	0	0	0	631	1695	41	13	-1	
3	1	415	1	0	0	631	1695	41	13	-1	
4	1	415	1	1	0	631	1695	41	13	-1	
5	1	415	1	1	1	631	1695	41	13	74.601784	0451
2	1	416	0	0	0	2373	1669	154	24	-1	
3	1	416	1	0	0	2373	1669	154	24	-1	
4	1	416	1	1	0	2373	1669	154	24	-1	
5	1	416	1	1	1	2373	1675	113	14	29.525581	——Frst
5	1	416	1	1	2	2503	1669	24	24	68.131462	|@)
2	1	417	0	0	0	2524	1685	8	20	-1	
3	1	417	1	0	0	2524	1685	8	20	-1	
4	1	417	1	1	0	2524	1685	8	20	-1	
5	1	417	1	1	1	2524	1685	8	20	15.325378	J
2	1	418	0	0	0	2535	1484	163	197	-1	
3	1	418	1	0	0	2535	1484	163	197	-1	
4	1	418	1	1	0	2535	1484	163	197	-1	
5	1	418	1	1	1	2535	1484	163	197	30.012726	ai
2	1	419	0	0	0	2853	1685	22	15	-1	
3	1	419	1	0	0	2853	1685	22	15	-1	
4	1	419	1	1	0	2853	1685	22	15	-1	
5	1	419	1	1	1	2853	1685	22	15	89.023415	e3
2	1	420	0	0	0	4586	1668	44	14	-1	
3	1	420	1	0	0	4586	1668	44	14	-1	
4	1	420	1	1	0	4586	1668	44	14	-1	
5	1	420	1	1	1	4586	1668	44	14	92.904823	390P
2	1	421	0	0	0	5125	1687	92	17	-1	
3	1	421	1	0	0	5125	1687	92	17	-1	
4	1	421	1	1	0	5125	1687	92	17	-1	
5	1	421	1	1	1	5125	1692	10	12	79.040710	4|
5	1	421	1	1	2	5157	1687	60	17	45.424950	IC829
2	1	422	0	0	0	5374	1676	45	15	-1	
3	1	422	1	0	0	5374	1676	45	15	-1	
4	1	422	1	1	0	5374	1676	45	15	-1	
5	1	422	1	1	1	5374	1676	45	15	88.464470	R832
2	1	423	0	0	0	5465	1674	90	21	-1	
3	1	423	1	0	0	5465	1674	90	21	-1	
4	1	423	1	1	0	5465	1674	90	21	-1	
5	1	423	1	1	1	5465	1676	42	15	19.593719	Rex
5	1	423	1	1	2	5524	1674	31	21	32.266571	$9
2	1	424	0	0	0	6476	1655	96	38	-1	
3	1	424	1	0	0	6476	1655	96	38	-1	
4	1	424	1	1	0	6476	1655	96	38	-1	
5	1	424	1	1	1	6472	1651	12	46	53.695137	|
5	1	424	1	1	2	6495	1651	31	46	30.265419	Buu
5	1	424	1	1	3	6541	1651	35	46	5.558502	ey)
2	1	425	0	0	0	6857	1627	32	58	-1	
3	1	425	1	0	0	6857	1627	32	58	-1	
4	1	425	1	1	0	6857	1627	32	58	-1	
5	1	425	1	1	1	6857	1627	32	58	29.947479	M
2	1	426	0	0	0	6892	1639	57	47	-1	
3	1	426	1	0	0	6892	1639	57	47	-1	
4	1	426	1	1	0	6892	1639	57	47	-1	
5	1	426	1	1	1	6892	1639	57	47	68.495895	ra]
2	1	427	0	0	0	6985	1394	46	292	-1	
3	1	427	1	0	0	6985	1394	46	292	-1	
4	1	427	1	1	0	6985	1394	46	292	-1	
5	1	427	1	1	1	6985	1394	46	292	89.635788	|
2	1	428	0	0	0	7513	1688	34	14	-1	
3	1	428	1	0	0	7513	1688	34	14	-1	
4	1	428	1	1	0	7513	1688	34	14	-1	
5	1	428	1	1	1	7513	1688	34	14	13.668625	-=
2	1	429	0	0	0	263	1719	56	14	-1	
3	1	429	1	0	0	263	1719	56	14	-1	
4	1	429	1	1	0	263	1719	56	14	-1	
5	1	429	1	1	1	263	1719	56	14	22.989456	CN45!
2	1	430	0	0	0	526	1721	46	13	-1	
3	1	430	1	0	0	526	1721	46	13	-1	
4	1	430	1	1	0	526	1721	46	13	-1	
5	1	430	1	1	1	526	1721	46	13	58.128887	(3.5V)|
2	1	431	0	0	0	623	1714	56	13	-1	
3	1	431	1	0	0	623	1714	56	13	-1	
4	1	431	1	1	0	623	1714	56	13	-1	
5	1	431	1	1	1	623	1714	56	13	69.717186	MAI6S
2	1	432	0	0	0	1101	1700	60	17	-1	
3	1	432	1	0	0	1101	1700	60	17	-1	
4	1	432	1	1	0	1101	1700	60	17	-1	
5	1	432	1	1	1	1101	1700	60	17	89.738358	Q453
2	1	433	0	0	0	1474	1723	57	13	-1	
3	1	433	1	0	0	1474	1723	57	13	-1	
4	1	433	1	1	0	1474	1723	57	13	-1	
5	1	433	1	1	1	1474	1723	57	13	74.413757	CN452
2	1	434	0	0	0	2017	1685	231	36	-1	
3	1	434	1	0	0	2017	1685	231	36	-1	
4	1	434	1	1	0	2017	1685	231	36	-1	
5	1	434	1	1	1	2017	1686	95	35	93.281174	(Main
5	1	434	1	1	2	2128	1685	120	36	91.308174	P.C.B.)
2	1	435	0	0	0	2376	1701	99	15	-1	
3	1	435	1	0	0	2376	1701	99	15	-1	
4	1	435	1	1	0	2376	1701	99	15	-1	
5	1	435	1	1	1	2376	1697	50	29	31.942284	——
5	1	435	1	1	2	2439	1701	36	15	31.942284	-8v
2	1	436	0	0	0	2504	1697	24	24	-1	
3	1	436	1	0	0	2504	1697	24	24	-1	
4	1	436	1	1	0	2504	1697	24	24	-1	
5	1	436	1	1	1	2504	1697	24	24	54.377140	G)
2	1	437	0	0	0	3103	1655	334	75	-1	
3	1	437	1	0	0	3103	1655	334	75	-1	
4	1	437	1	1	0	3103	1655	334	75	-1	
5	1	437	1	1	1	3103	1655	334	75	0.000000	eubbeetese
2	1	438	0	0	0	4698	1676	44	35	-1	
3	1	438	1	0	0	4698	1676	44	35	-1	
4	1	438	1	1	0	4698	1676	44	35	-1	
5	1	438	1	1	1	4698	1676	44	35	26.600838	—
2	1	439	0	0	0	4798	1675	44	34	-1	
3	1	439	1	0	0	4798	1675	44	34	-1	
4	1	439	1	1	0	4798	1675	44	34	-1	
5	1	439	1	1	1	4798	1675	44	34	66.603149	R826
2	1	440	0	0	0	5268	1681	97	30	-1	
3	1	440	1	0	0	5268	1681	97	30	-1	
4	1	440	1	1	0	5268	1681	97	30	-1	
5	1	440	1	1	1	5268	1681	97	30	69.450607	AS
5	1	440	1	1	2	5342	1677	24	47	23.179131	'
2	1	441	0	0	0	5479	1695	16	14	-1	
3	1	441	1	0	0	5479	1695	16	14	-1	
4	1	441	1	1	0	5479	1695	16	14	-1	
5	1	441	1	1	1	5479	1695	16	14	65.321754	IK
2	1	442	0	0	0	7163	1656	137	78	-1	
3	1	442	1	0	0	7163	1656	137	78	-1	
4	1	442	1	1	0	7163	1656	137	78	-1	
5	1	442	1	1	1	7163	1656	33	78	1.455246	a
2	1	443	0	0	0	7302	1655	34	77	-1	
3	1	443	1	0	0	7302	1655	34	77	-1	
4	1	443	1	1	0	7302	1655	34	77	-1	
5	1	443	1	1	1	7302	1655	34	77	51.008076	i
2	1	444	0	0	0	7358	1695	32	28	-1	
3	1	444	1	0	0	7358	1695	32	28	-1	
4	1	444	1	1	0	7358	1695	32	28	-1	
5	1	444	1	1	1	7358	1695	32	28	49.825344	38
2	1	445	0	0	0	7513	1703	35	14	-1	
3	1	445	1	0	0	7513	1703	35	14	-1	
4	1	445	1	1	0	7513	1703	35	14	-1	
5	1	445	1	1	1	7513	1703	35	14	60.226906	ad
2	1	446	0	0	0	137	1726	39	14	-1	
3	1	446	1	0	0	137	1726	39	14	-1	
4	1	446	1	1	0	137	1726	39	14	-1	
5	1	446	1	1	1	137	1726	39	14	19.489220	sto!
2	1	447	0	0	0	911	1676	101	66	-1	
3	1	447	1	0	0	911	1676	101	66	-1	
4	1	447	1	1	0	911	1676	101	66	-1	
5	1	447	1	1	1	911	1676	101	66	63.091019	be
2	1	448	0	0	0	1102	1726	105	21	-1	
3	1	448	1	0	0	1102	1726	105	21	-1	
4	1	448	1	1	0	1102	1726	105	21	-1	
5	1	448	1	1	1	1102	1726	105	21	74.037964	UN4112
2	1	449	0	0	0	3006	1725	108	25	-1	
3	1	449	1	0	0	3006	1725	108	25	-1	
4	1	449	1	1	0	3006	1725	108	25	-1	
5	1	449	1	1	1	3006	1725	108	25	41.261993	OOD
2	1	450	0	0	0	3177	1725	105	25	-1	
3	1	450	1	0	0	3177	1725	105	25	-1	
4	1	450	1	1	0	3177	1725	105	25	-1	
5	1	450	1	1	1	3177	1725	105	25	36.600719	DEBD
2	1	451	0	0	0	3768	1724	81	15	-1	
3	1	451	1	0	0	3768	1724	81	15	-1	
4	1	451	1	1	0	3768	1724	81	15	-1	
5	1	451	1	1	1	3768	1724	37	15	93.126068	Play
5	1	451	1	1	2	3821	1725	28	11	60.893215	ims
2	1	452	0	0	0	5191	1716	181	21	-1	
3	1	452	1	0	0	5191	1716	181	21	-1	
4	1	452	1	1	0	5191	1716	181	21	-1	
5	1	452	1	1	1	5191	1722	62	15	0.000000	Troscshes
5	1	452	1	1	2	5252	1716	23	20	87.488373	ON
5	1	452	1	1	3	5278	1730	94	7	0.000000	hesccsssii
2	1	453	0	0	0	6476	1711	175	38	-1	
3	1	453	1	0	0	6476	1711	175	38	-1	
4	1	453	1	1	0	6476	1711	175	38	-1	
5	1	453	1	1	1	6472	1707	12	46	33.578255	[|
5	1	453	1	1	2	6495	1707	35	46	32.271484	ory
5	1	453	1	1	3	6552	1707	24	46	17.505020	4)
5	1	453	1	1	4	6590	1707	32	46	26.732361	$4
2	1	454	0	0	0	6643	1753	118	3	-1	
3	1	454	1	0	0	6643	1753	118	3	-1	
4	1	454	1	1	0	6643	1753	118	3	-1	
5	1	454	1	1	1	6643	1753	52	3	5.681122	===
5	1	454	1	1	2	6706	1753	55	3	24.751038	oe
2	1	455	0	0	0	6857	1726	32	31	-1	
3	1	455	1	0	0	6857	1726	32	31	-1	
4	1	455	1	1	0	6857	1726	32	31	-1	
5	1	455	1	1	1	6857	1726	32	31	57.551369	O
2	1	456	0	0	0	7506	1718	41	30	-1	
3	1	456	1	0	0	7506	1718	41	30	-1	
4	1	456	1	1	0	7506	1718	41	30	-1	
5	1	456	1	1	1	7506	1718	41	30	50.891762	<q-
2	1	457	0	0	0	475	1751	62	18	-1	
3	1	457	1	0	0	475	1751	62	18	-1	
4	1	457	1	1	0	475	1751	62	18	-1	
5	1	457	1	1	1	475	1751	62	18	82.112602	Q454
2	1	458	0	0	0	1088	1767	20	13	-1	
3	1	458	1	0	0	1088	1767	20	13	-1	
4	1	458	1	1	0	1088	1767	20	13	-1	
5	1	458	1	1	1	1088	1767	20	13	47.754585	SV
2	1	459	0	0	0	1436	1748	42	34	-1	
3	1	459	1	0	0	1436	1748	42	34	-1	
4	1	459	1	1	0	1436	1748	42	34	-1	
5	1	459	1	1	1	1436	1748	42	34	62.695618	‘OF
2	1	460	0	0	0	1490	1759	90	21	-1	
3	1	460	1	0	0	1490	1759	90	21	-1	
4	1	460	1	1	0	1490	1759	90	21	-1	
5	1	460	1	1	1	1490	1759	90	21	87.377541	GND
5	1	460	1	1	2	1561	1755	21	36	87.377541	—
2	1	461	0	0	0	3012	1771	124	14	-1	
3	1	461	1	0	0	3012	1771	124	14	-1	
4	1	461	1	1	0	3012	1771	124	14	-1	
5	1	461	1	1	1	3012	1771	124	14	38.207878	zwowd
2	1	462	0	0	0	3012	1759	124	13	-1	
3	1	462	1	0	0	3012	1759	124	13	-1	
4	1	462	1	1	0	3012	1759	124	13	-1	
5	1	462	1	1	1	3012	1759	124	13	0.000000	Seaeok
2	1	463	0	0	0	3150	1771	184	13	-1	
3	1	463	1	0	0	3150	1771	184	13	-1	
4	1	463	1	1	0	3150	1771	184	13	-1	
5	1	463	1	1	1	3150	1763	24	28	72.536423	In
5	1	463	1	1	2	3180	1771	154	13	0.000000	Z2ounnzzZz
2	1	464	0	0	0	3264	1761	96	11	-1	
3	1	464	1	0	0	3264	1761	96	11	-1	
4	1	464	1	1	0	3264	1761	96	11	-1	
5	1	464	1	1	1	3264	1761	96	11	91.032936	wood
2	1	465	0	0	0	3378	1772	67	12	-1	
3	1	465	1	0	0	3378	1772	67	12	-1	
4	1	465	1	1	0	3378	1772	67	12	-1	
5	1	465	1	1	1	3378	1772	67	12	54.593872	3oa
2	1	466	0	0	0	3404	1760	41	11	-1	
3	1	466	1	0	0	3404	1760	41	11	-1	
4	1	466	1	1	0	3404	1760	41	11	-1	
5	1	466	1	1	1	3404	1760	41	11	93.069794	xo
2	1	467	0	0	0	4258	1771	23	13	-1	
3	1	467	1	0	0	4258	1771	23	13	-1	
4	1	467	1	1	0	4258	1771	23	13	-1	
5	1	467	1	1	1	4258	1771	23	13	89.598473	ov
2	1	468	0	0	0	5552	1776	66	15	-1	
3	1	468	1	0	0	5552	1776	66	15	-1	
4	1	468	1	1	0	5552	1776	66	15	-1	
5	1	468	1	1	1	5552	1776	66	15	67.586220	16V100
2	1	469	0	0	0	5567	1758	45	14	-1	
3	1	469	1	0	0	5567	1758	45	14	-1	
4	1	469	1	1	0	5567	1758	45	14	-1	
5	1	469	1	1	1	5567	1758	45	14	94.055000	C836
2	1	470	0	0	0	894	1782	62	17	-1	
3	1	470	1	0	0	894	1782	62	17	-1	
4	1	470	1	1	0	894	1782	62	17	-1	
5	1	470	1	1	1	894	1782	62	17	0.000000	0452
2	1	471	0	0	0	3039	1797	44	10	-1	
3	1	471	1	0	0	3039	1797	44	10	-1	
4	1	471	1	1	0	3039	1797	44	10	-1	
5	1	471	1	1	1	3039	1797	44	10	76.088257	oo
2	1	472	0	0	0	3236	1794	42	13	-1	
3	1	472	1	0	0	3236	1794	42	13	-1	
4	1	472	1	1	0	3236	1794	42	13	-1	
5	1	472	1	1	1	3236	1794	42	13	37.793587	7x
2	1	473	0	0	0	3347	1795	71	14	-1	
3	1	473	1	0	0	3347	1795	71	14	-1	
4	1	473	1	1	0	3347	1795	71	14	-1	
5	1	473	1	1	1	3347	1795	71	14	7.390640	Gai
2	1	474	0	0	0	3623	1803	96	17	-1	
3	1	474	1	0	0	3623	1803	96	17	-1	
4	1	474	1	1	0	3623	1803	96	17	-1	
5	1	474	1	1	1	3623	1803	35	17	50.154739	SQV
5	1	474	1	1	2	3664	1804	55	16	19.078171	N25).
2	1	475	0	0	0	4780	1794	40	15	-1	
3	1	475	1	0	0	4780	1794	40	15	-1	
4	1	475	1	1	0	4780	1794	40	15	-1	
5	1	475	1	1	1	4780	1794	40	15	83.412613	R828
2	1	476	0	0	0	4917	1787	71	12	-1	
3	1	476	1	0	0	4917	1787	71	12	-1	
4	1	476	1	1	0	4917	1787	71	12	-1	
5	1	476	1	1	1	4913	1779	17	28	19.205002	eo
5	1	476	1	1	2	4941	1779	10	28	85.551605	|
5	1	476	1	1	3	4959	1787	29	12	42.076698	mo)
2	1	477	0	0	0	5449	1792	43	15	-1	
3	1	477	1	0	0	5449	1792	43	15	-1	
4	1	477	1	1	0	5449	1792	43	15	-1	
5	1	477	1	1	1	5449	1792	43	15	63.159874	R838
2	1	478	0	0	0	410	1836	45	12	-1	
3	1	478	1	0	0	410	1836	45	12	-1	
4	1	478	1	1	0	410	1836	45	12	-1	
5	1	478	1	1	1	410	1836	45	12	78.725700	(-5v)
2	1	479	0	0	0	413	1817	23	13	-1	
3	1	479	1	0	0	413	1817	23	13	-1	
4	1	479	1	1	0	413	1817	23	13	-1	
5	1	479	1	1	1	413	1817	23	13	0.000000	-5'
2	1	480	0	0	0	894	1808	109	22	-1	
3	1	480	1	0	0	894	1808	109	22	-1	
4	1	480	1	1	0	894	1808	109	22	-1	
5	1	480	1	1	1	894	1808	109	22	89.022148	UN4212
2	1	481	0	0	0	1492	1801	88	22	-1	
3	1	481	1	0	0	1492	1801	88	22	-1	
4	1	481	1	1	0	1492	1801	88	22	-1	
5	1	481	1	1	1	1492	1801	88	22	89.051369	RST—
2	1	482	0	0	0	2851	1814	22	14	-1	
3	1	482	1	0	0	2851	1814	22	14	-1	
4	1	482	1	1	0	2851	1814	22	14	-1	
5	1	482	1	1	1	2851	1814	22	14	90.394043	e2
2	1	483	0	0	0	2922	1810	81	24	-1	
3	1	483	1	0	0	2922	1810	81	24	-1	
4	1	483	1	1	0	2922	1810	81	24	-1	
5	1	483	1	1	1	2922	1810	25	24	76.609772	G8)
5	1	483	1	1	2	2959	1816	44	14	45.086945	BIR
2	1	484	0	0	0	3463	1809	71	24	-1	
3	1	484	1	0	0	3463	1809	71	24	-1	
4	1	484	1	1	0	3463	1809	71	24	-1	
5	1	484	1	1	1	3463	1813	33	15	59.256588	Bit
5	1	484	1	1	2	3510	1809	24	24	31.204514	C1)
2	1	485	0	0	0	3579	1816	19	13	-1	
3	1	485	1	0	0	3579	1816	19	13	-1	
4	1	485	1	1	0	3579	1816	19	13	-1	
5	1	485	1	1	1	3579	1816	19	13	82.910660	al
2	1	486	0	0	0	3631	1829	26	13	-1	
3	1	486	1	0	0	3631	1829	26	13	-1	
4	1	486	1	1	0	3631	1829	26	13	-1	
5	1	486	1	1	1	3631	1829	26	13	74.438034	OV
2	1	487	0	0	0	4786	1814	26	15	-1	
3	1	487	1	0	0	4786	1814	26	15	-1	
4	1	487	1	1	0	4786	1814	26	15	-1	
5	1	487	1	1	1	4786	1814	26	15	92.758171	3.3
2	1	488	0	0	0	5004	1654	83	168	-1	
3	1	488	1	0	0	5004	1654	83	168	-1	
4	1	488	1	1	0	5004	1654	83	168	-1	
5	1	488	1	1	1	5004	1654	83	168	34.427864	t
2	1	489	0	0	0	5105	1814	25	13	-1	
3	1	489	1	0	0	5105	1814	25	13	-1	
4	1	489	1	1	0	5105	1814	25	13	-1	
5	1	489	1	1	1	5105	1814	25	13	11.591682	15V
2	1	490	0	0	0	5456	1812	36	15	-1	
3	1	490	1	0	0	5456	1812	36	15	-1	
4	1	490	1	1	0	5456	1812	36	15	-1	
5	1	490	1	1	1	5456	1812	36	15	94.291550	3.3K
2	1	491	0	0	0	235	1796	80	57	-1	
3	1	491	1	0	0	235	1796	80	57	-1	
4	1	491	1	1	0	235	1796	80	57	-1	
5	1	491	1	1	1	235	1796	26	27	0.000000	<
5	1	491	1	1	2	296	1812	19	41	21.837349	|
2	1	492	0	0	0	1068	1794	116	82	-1	
3	1	492	1	0	0	1068	1794	116	82	-1	
4	1	492	1	1	0	1068	1794	116	82	-1	
5	1	492	1	1	1	1068	1794	116	82	33.047630	a
2	1	493	0	0	0	1207	1837	37	12	-1	
3	1	493	1	0	0	1207	1837	37	12	-1	
4	1	493	1	1	0	1207	1837	37	12	-1	
5	1	493	1	1	1	1207	1837	37	12	22.022202	49v
2	1	494	0	0	0	1302	1802	175	71	-1	
3	1	494	1	0	0	1302	1802	175	71	-1	
4	1	494	1	1	0	1302	1802	175	71	-1	
5	1	494	1	1	1	1302	1802	175	71	32.942719	PT
2	1	495	0	0	0	1491	1847	86	21	-1	
3	1	495	1	0	0	1491	1847	86	21	-1	
4	1	495	1	1	0	1491	1847	86	21	-1	
5	1	495	1	1	1	1491	1847	86	21	91.414764	RST—
2	1	496	0	0	0	2853	1842	18	14	-1	
3	1	496	1	0	0	2853	1842	18	14	-1	
4	1	496	1	1	0	2853	1842	18	14	-1	
5	1	496	1	1	1	2853	1842	18	14	90.907738	el
2	1	497	0	0	0	2959	1841	45	14	-1	
3	1	497	1	0	0	2959	1841	45	14	-1	
4	1	497	1	1	0	2959	1841	45	14	-1	
5	1	497	1	1	1	2959	1841	45	14	89.547714	BI3R
2	1	498	0	0	0	3120	1846	38	16	-1	
3	1	498	1	0	0	3120	1846	38	16	-1	
4	1	498	1	1	0	3120	1846	38	16	-1	
5	1	498	1	1	1	3120	1846	38	16	93.995949	Ploy
2	1	499	0	0	0	3240	1838	119	36	-1	
3	1	499	1	0	0	3240	1838	119	36	-1	
4	1	499	1	1	0	3240	1838	119	36	-1	
5	1	499	1	1	1	3240	1838	29	24	46.171474	ims.
5	1	499	1	1	2	3282	1851	26	12	0.000000	1v/
5	1	499	1	1	3	3315	1851	25	12	0.000000	iv
5	1	499	1	1	4	3350	1862	9	12	41.997711	5
2	1	500	0	0	0	3462	1837	71	24	-1	
3	1	500	1	0	0	3462	1837	71	24	-1	
4	1	500	1	1	0	3462	1837	71	24	-1	
5	1	500	1	1	1	3462	1842	35	14	46.366047	Bat
5	1	500	1	1	2	3508	1837	25	24	95.553810	(2)
2	1	501	0	0	0	3631	1858	24	13	-1	
3	1	501	1	0	0	3631	1858	24	13	-1	
4	1	501	1	1	0	3631	1858	24	13	-1	
5	1	501	1	1	1	3631	1858	24	13	74.647324	ov
2	1	502	0	0	0	4201	1859	73	13	-1	
3	1	502	1	0	0	4201	1859	73	13	-1	
4	1	502	1	1	0	4201	1859	73	13	-1	
5	1	502	1	1	1	4201	1859	73	13	34.161835	Pini~3
2	1	503	0	0	0	4203	1840	53	22	-1	
3	1	503	1	0	0	4203	1840	53	22	-1	
4	1	503	1	1	0	4203	1840	53	22	-1	
5	1	503	1	1	1	4203	1840	53	22	45.719639	'C827
2	1	504	0	0	0	4328	1849	39	14	-1	
3	1	504	1	0	0	4328	1849	39	14	-1	
4	1	504	1	1	0	4328	1849	39	14	-1	
5	1	504	1	1	1	4328	1849	39	14	19.557388	-ISV
2	1	505	0	0	0	5180	1858	46	12	-1	
3	1	505	1	0	0	5180	1858	46	12	-1	
4	1	505	1	1	0	5180	1858	46	12	-1	
5	1	505	1	1	1	5180	1858	46	12	22.083824	rut
2	1	506	0	0	0	5430	1850	19	13	-1	
3	1	506	1	0	0	5430	1850	19	13	-1	
4	1	506	1	1	0	5430	1850	19	13	-1	
5	1	506	1	1	1	5430	1850	19	13	85.895836	OV
2	1	507	0	0	0	436	1888	87	12	-1	
3	1	507	1	0	0	436	1888	87	12	-1	
4	1	507	1	1	0	436	1888	87	12	-1	
5	1	507	1	1	1	436	1888	87	12	64.612564	~5v(-5v)
2	1	508	0	0	0	472	1794	116	83	-1	
3	1	508	1	0	0	472	1794	116	83	-1	
4	1	508	1	1	0	472	1794	116	83	-1	
5	1	508	1	1	1	472	1794	116	83	45.659790	CTS
2	1	509	0	0	0	719	1866	60	16	-1	
3	1	509	1	0	0	719	1866	60	16	-1	
4	1	509	1	1	0	719	1866	60	16	-1	
5	1	509	1	1	1	719	1866	60	16	82.913986	Q458
2	1	510	0	0	0	969	1889	28	12	-1	
3	1	510	1	0	0	969	1889	28	12	-1	
4	1	510	1	1	0	969	1889	28	12	-1	
5	1	510	1	1	1	969	1889	28	12	94.287514	42
2	1	511	0	0	0	2921	1865	58	24	-1	
3	1	511	1	0	0	2921	1865	58	24	-1	
4	1	511	1	1	0	2921	1865	58	24	-1	
5	1	511	1	1	1	2921	1865	58	24	61.116734	G6)
5	1	511	1	1	2	2957	1861	24	32	74.716721	Nc
2	1	512	0	0	0	3463	1866	70	24	-1	
3	1	512	1	0	0	3463	1866	70	24	-1	
4	1	512	1	1	0	3463	1866	70	24	-1	
5	1	512	1	1	1	3463	1872	34	14	17.267456	83.
5	1	512	1	1	2	3509	1866	24	24	79.613754	G)
2	1	513	0	0	0	3632	1886	23	13	-1	
3	1	513	1	0	0	3632	1886	23	13	-1	
4	1	513	1	1	0	3632	1886	23	13	-1	
5	1	513	1	1	1	3632	1886	23	13	84.686440	ov
2	1	514	0	0	0	4202	1875	124	15	-1	
3	1	514	1	0	0	4202	1875	124	15	-1	
4	1	514	1	1	0	4202	1875	124	15	-1	
5	1	514	1	1	1	4202	1875	39	15	92.968277	Ploy
5	1	514	1	1	2	4251	1876	35	12	50.186672	IkHz
5	1	514	1	1	3	4293	1876	33	12	77.118637	048
2	1	515	0	0	0	4485	1741	281	140	-1	
3	1	515	1	0	0	4485	1741	281	140	-1	
4	1	515	1	1	0	4485	1741	281	140	-1	
5	1	515	1	1	1	4485	1741	281	140	52.688950	reais
2	1	516	0	0	0	4959	1884	30	10	-1	
3	1	516	1	0	0	4959	1884	30	10	-1	
4	1	516	1	1	0	4959	1884	30	10	-1	
5	1	516	1	1	1	4959	1884	30	10	25.322250	or
2	1	517	0	0	0	4959	1871	31	13	-1	
3	1	517	1	0	0	4959	1871	31	13	-1	
4	1	517	1	1	0	4959	1871	31	13	-1	
5	1	517	1	1	1	4959	1871	31	13	69.327736	mz
2	1	518	0	0	0	5179	1882	32	12	-1	
3	1	518	1	0	0	5179	1882	32	12	-1	
4	1	518	1	1	0	5179	1882	32	12	-1	
5	1	518	1	1	1	5179	1882	32	12	71.381462	Q>
2	1	519	0	0	0	718	1893	108	22	-1	
3	1	519	1	0	0	718	1893	108	22	-1	
4	1	519	1	1	0	718	1893	108	22	-1	
5	1	519	1	1	1	718	1893	108	22	62.909916	UN4212
2	1	520	0	0	0	1492	1896	85	22	-1	
3	1	520	1	0	0	1492	1896	85	22	-1	
4	1	520	1	1	0	1492	1896	85	22	-1	
5	1	520	1	1	1	1492	1896	37	22	71.790451	DO
5	1	520	1	1	2	1544	1903	33	3	69.647369	—
2	1	521	0	0	0	2922	1893	59	24	-1	
3	1	521	1	0	0	2922	1893	59	24	-1	
4	1	521	1	1	0	2922	1893	59	24	-1	
5	1	521	1	1	1	2922	1893	59	24	96.474396	(45)
5	1	521	1	1	2	2960	1889	25	32	94.628464	NC
2	1	522	0	0	0	3115	1911	32	12	-1	
3	1	522	1	0	0	3115	1911	32	12	-1	
4	1	522	1	1	0	3115	1911	32	12	-1	
5	1	522	1	1	1	3115	1911	32	12	45.946815	ims
2	1	523	0	0	0	3350	1897	10	12	-1	
3	1	523	1	0	0	3350	1897	10	12	-1	
4	1	523	1	1	0	3350	1897	10	12	-1	
5	1	523	1	1	1	3350	1897	10	12	37.876869	°
2	1	524	0	0	0	3463	1894	70	24	-1	
3	1	524	1	0	0	3463	1894	70	24	-1	
4	1	524	1	1	0	3463	1894	70	24	-1	
5	1	524	1	1	1	3463	1899	34	15	2.212433	B4t
5	1	524	1	1	2	3509	1894	24	24	95.912079	(4)
2	1	525	0	0	0	3633	1913	22	14	-1	
3	1	525	1	0	0	3633	1913	22	14	-1	
4	1	525	1	1	0	3633	1913	22	14	-1	
5	1	525	1	1	1	3633	1913	22	14	89.087158	ov
2	1	526	0	0	0	5179	1893	32	13	-1	
3	1	526	1	0	0	5179	1893	32	13	-1	
4	1	526	1	1	0	5179	1893	32	13	-1	
5	1	526	1	1	1	5179	1893	32	13	59.306664	ee
2	1	527	0	0	0	5343	1891	60	17	-1	
3	1	527	1	0	0	5343	1891	60	17	-1	
4	1	527	1	1	0	5343	1891	60	17	-1	
5	1	527	1	1	1	5343	1891	60	17	41.133682	1c829
2	1	528	0	0	0	137	1930	111	14	-1	
3	1	528	1	0	0	137	1930	111	14	-1	
4	1	528	1	1	0	137	1930	111	14	-1	
5	1	528	1	1	1	137	1930	44	13	67.503349	‘OPEN
5	1	528	1	1	2	193	1930	55	14	76.372543	CLOSE’
2	1	529	0	0	0	876	1936	91	16	-1	
3	1	529	1	0	0	876	1936	91	16	-1	
4	1	529	1	1	0	876	1936	91	16	-1	
5	1	529	1	1	1	876	1936	34	16	92.369507	Play
5	1	529	1	1	2	918	1936	49	13	90.443047	3.9ms
2	1	530	0	0	0	1086	1926	40	12	-1	
3	1	530	1	0	0	1086	1926	40	12	-1	
4	1	530	1	1	0	1086	1926	40	12	-1	
5	1	530	1	1	1	1086	1926	40	12	25.990784	0.2V
2	1	531	0	0	0	1494	1938	83	22	-1	
3	1	531	1	0	0	1494	1938	83	22	-1	
4	1	531	1	1	0	1494	1938	83	22	-1	
5	1	531	1	1	1	1494	1938	83	22	89.860878	P50—
2	1	532	0	0	0	2921	1922	60	24	-1	
3	1	532	1	0	0	2921	1922	60	24	-1	
4	1	532	1	1	0	2921	1922	60	24	-1	
5	1	532	1	1	1	2921	1922	60	24	74.063469	(44)
5	1	532	1	1	2	2959	1918	25	32	95.752075	NC
2	1	533	0	0	0	3463	1922	70	24	-1	
3	1	533	1	0	0	3463	1922	70	24	-1	
4	1	533	1	1	0	3463	1922	70	24	-1	
5	1	533	1	1	1	3463	1927	34	14	11.462677	B5t
5	1	533	1	1	2	3509	1922	24	24	94.068764	(5)
2	1	534	0	0	0	3633	1940	24	14	-1	
3	1	534	1	0	0	3633	1940	24	14	-1	
4	1	534	1	1	0	3633	1940	24	14	-1	
5	1	534	1	1	1	3633	1940	24	14	85.746513	ov
2	1	535	0	0	0	129	1928	8	36	-1	
3	1	535	1	0	0	129	1928	8	36	-1	
4	1	535	1	1	0	129	1928	8	36	-1	
5	1	535	1	1	1	129	1928	8	36	92.215515	(
2	1	536	0	0	0	138	1947	99	15	-1	
3	1	536	1	0	0	138	1947	99	15	-1	
4	1	536	1	1	0	138	1947	99	15	-1	
5	1	536	1	1	1	138	1947	99	15	95.532425	DETECTION
2	1	537	0	0	0	249	1927	9	40	-1	
3	1	537	1	0	0	249	1927	9	40	-1	
4	1	537	1	1	0	249	1927	9	40	-1	
5	1	537	1	1	1	249	1927	9	40	93.224472	)
2	1	538	0	0	0	441	1949	62	17	-1	
3	1	538	1	0	0	441	1949	62	17	-1	
4	1	538	1	1	0	441	1949	62	17	-1	
5	1	538	1	1	1	441	1949	62	17	77.913788	Q454
2	1	539	0	0	0	688	1967	21	12	-1	
3	1	539	1	0	0	688	1967	21	12	-1	
4	1	539	1	1	0	688	1967	21	12	-1	
5	1	539	1	1	1	688	1967	21	12	60.646931	3v
2	1	540	0	0	0	834	1961	22	12	-1	
3	1	540	1	0	0	834	1961	22	12	-1	
4	1	540	1	1	0	834	1961	22	12	-1	
5	1	540	1	1	1	834	1961	22	12	80.650352	ov
2	1	541	0	0	0	1117	1955	60	16	-1	
3	1	541	1	0	0	1117	1955	60	16	-1	
4	1	541	1	1	0	1117	1955	60	16	-1	
5	1	541	1	1	1	1117	1955	60	16	88.585281	Q459
2	1	542	0	0	0	1255	1892	222	70	-1	
3	1	542	1	0	0	1255	1892	222	70	-1	
4	1	542	1	1	0	1255	1892	222	70	-1	
5	1	542	1	1	1	1255	1892	222	70	16.069275	CT)
2	1	543	0	0	0	2852	1954	22	16	-1	
3	1	543	1	0	0	2852	1954	22	16	-1	
4	1	543	1	1	0	2852	1954	22	16	-1	
5	1	543	1	1	1	2852	1954	22	16	71.951462	dé
2	1	544	0	0	0	2921	1950	82	24	-1	
3	1	544	1	0	0	2921	1950	82	24	-1	
4	1	544	1	1	0	2921	1950	82	24	-1	
5	1	544	1	1	1	2921	1950	24	24	88.369698	G3)
5	1	544	1	1	2	2959	1956	44	14	62.273895	BI2R
2	1	545	0	0	0	3095	1970	61	16	-1	
3	1	545	1	0	0	3095	1970	61	16	-1	
4	1	545	1	1	0	3095	1970	61	16	-1	
5	1	545	1	1	1	3095	1970	61	16	6.923798	1c82i
2	1	546	0	0	0	3463	1950	70	24	-1	
3	1	546	1	0	0	3463	1950	70	24	-1	
4	1	546	1	1	0	3463	1950	70	24	-1	
5	1	546	1	1	1	3463	1955	35	15	40.835606	Bex
5	1	546	1	1	2	3509	1950	24	24	95.891357	(6)
2	1	547	0	0	0	3576	1956	24	14	-1	
3	1	547	1	0	0	3576	1956	24	14	-1	
4	1	547	1	1	0	3576	1956	24	14	-1	
5	1	547	1	1	1	3576	1956	24	14	84.879837	06
2	1	548	0	0	0	4166	1962	204	3	-1	
3	1	548	1	0	0	4166	1962	204	3	-1	
4	1	548	1	1	0	4166	1962	204	3	-1	
5	1	548	1	1	1	4166	1962	36	2	29.607071	eS
5	1	548	1	1	2	4212	1962	158	3	25.188080	ee
2	1	549	0	0	0	4672	1963	186	2	-1	
3	1	549	1	0	0	4672	1963	186	2	-1	
4	1	549	1	1	0	4672	1963	186	2	-1	
5	1	549	1	1	1	4672	1963	186	2	8.208275	a
2	1	550	0	0	0	4907	1953	109	12	-1	
3	1	550	1	0	0	4907	1953	109	12	-1	
4	1	550	1	1	0	4907	1953	109	12	-1	
5	1	550	1	1	1	4907	1953	109	12	5.973328	a
2	1	551	0	0	0	441	1973	111	23	-1	
3	1	551	1	0	0	441	1973	111	23	-1	
4	1	551	1	1	0	441	1973	111	23	-1	
5	1	551	1	1	1	441	1973	111	23	82.872452	UN4214
2	1	552	0	0	0	1117	1981	104	22	-1	
3	1	552	1	0	0	1117	1981	104	22	-1	
4	1	552	1	1	0	1117	1981	104	22	-1	
5	1	552	1	1	1	1117	1981	104	22	56.870522	UN4112
2	1	553	0	0	0	1496	1984	81	21	-1	
3	1	553	1	0	0	1496	1984	81	21	-1	
4	1	553	1	1	0	1496	1984	81	21	-1	
5	1	553	1	1	1	1496	1984	81	21	76.031769	SEEK-
2	1	554	0	0	0	2922	1978	59	24	-1	
3	1	554	1	0	0	2922	1978	59	24	-1	
4	1	554	1	1	0	2922	1978	59	24	-1	
5	1	554	1	1	1	2922	1978	59	24	91.933716	(42)
5	1	554	1	1	2	2960	1974	25	32	94.998665	NC
2	1	555	0	0	0	3476	1978	57	24	-1	
3	1	555	1	0	0	3476	1978	57	24	-1	
4	1	555	1	1	0	3476	1978	57	24	-1	
5	1	555	1	1	1	3476	1984	18	14	91.892761	nc
5	1	555	1	1	2	3504	1978	29	24	92.401077	(7)
2	1	556	0	0	0	3984	1980	39	18	-1	
3	1	556	1	0	0	3984	1980	39	18	-1	
4	1	556	1	1	0	3984	1980	39	18	-1	
5	1	556	1	1	1	3984	1980	39	18	75.230453	b+
2	1	557	0	0	0	4161	1990	203	3	-1	
3	1	557	1	0	0	4161	1990	203	3	-1	
4	1	557	1	1	0	4161	1990	203	3	-1	
5	1	557	1	1	1	4161	1990	203	3	19.853119	ye
5	1	557	1	1	2	4301	1974	17	28	23.639359	ee
5	1	557	1	1	3	4329	1974	38	28	35.560806	sw.
2	1	558	0	0	0	4662	1990	193	3	-1	
3	1	558	1	0	0	4662	1990	193	3	-1	
4	1	558	1	1	0	4662	1990	193	3	-1	
5	1	558	1	1	1	4658	1974	20	28	23.814804	pe
5	1	558	1	1	2	4707	1990	10	3	22.388336	a
5	1	558	1	1	3	4742	1991	26	2	24.073074	as
5	1	558	1	1	4	4786	1974	24	28	44.026909	es
2	1	559	0	0	0	4907	1990	522	3	-1	
3	1	559	1	0	0	4907	1990	522	3	-1	
4	1	559	1	1	0	4907	1990	522	3	-1	
5	1	559	1	1	1	4907	1990	225	3	16.761414	eee
5	1	559	1	1	2	5159	1974	24	28	33.032547	eh
5	1	559	1	1	3	5186	1990	243	3	18.844879	ene
2	1	560	0	0	0	1112	2016	37	12	-1	
3	1	560	1	0	0	1112	2016	37	12	-1	
4	1	560	1	1	0	1112	2016	37	12	-1	
5	1	560	1	1	1	1112	2016	37	12	44.976295	0.3Vv
2	1	561	0	0	0	2922	2006	60	24	-1	
3	1	561	1	0	0	2922	2006	60	24	-1	
4	1	561	1	1	0	2922	2006	60	24	-1	
5	1	561	1	1	1	2922	2006	60	24	64.408928	41)
5	1	561	1	1	2	2960	2002	25	32	90.266518	NC
2	1	562	0	0	0	3083	1994	201	24	-1	
3	1	562	1	0	0	3083	1994	201	24	-1	
4	1	562	1	1	0	3083	1994	201	24	-1	
5	1	562	1	1	1	3083	1994	201	24	88.120262	MNSIOOSPDM
2	1	563	0	0	0	3413	2011	9	12	-1	
3	1	563	1	0	0	3413	2011	9	12	-1	
4	1	563	1	1	0	3413	2011	9	12	-1	
5	1	563	1	1	1	3413	2011	9	12	90.156960	5
2	1	564	0	0	0	3456	2011	69	15	-1	
3	1	564	1	0	0	3456	2011	69	15	-1	
4	1	564	1	1	0	3456	2011	69	15	-1	
5	1	564	1	1	1	3456	2011	41	15	76.495972	Voo3
5	1	564	1	1	2	3515	2012	10	14	92.311890	(8
2	1	565	0	0	0	4703	2017	129	14	-1	
3	1	565	1	0	0	4703	2017	129	14	-1	
4	1	565	1	1	0	4703	2017	129	14	-1	
5	1	565	1	1	1	4703	2018	54	12	10.035774	——H
5	1	565	1	1	2	4780	2017	52	14	26.607399	-I5Vb
2	1	566	0	0	0	718	2000	102	66	-1	
3	1	566	1	0	0	718	2000	102	66	-1	
4	1	566	1	1	0	718	2000	102	66	-1	
5	1	566	1	1	1	718	2000	102	66	1.568008	b3
2	1	567	0	0	0	977	1962	119	83	-1	
3	1	567	1	0	0	977	1962	119	83	-1	
4	1	567	1	1	0	977	1962	119	83	-1	
5	1	567	1	1	1	977	1962	119	83	26.782158	>)
2	1	568	0	0	0	1302	1981	175	71	-1	
3	1	568	1	0	0	1302	1981	175	71	-1	
4	1	568	1	1	0	1302	1981	175	71	-1	
5	1	568	1	1	1	1302	1981	175	71	35.154770	aa)
2	1	569	0	0	0	1490	2027	88	21	-1	
3	1	569	1	0	0	1490	2027	88	21	-1	
4	1	569	1	1	0	1490	2027	88	21	-1	
5	1	569	1	1	1	1490	2027	58	21	58.898270	+5V
5	1	569	1	1	2	1557	2033	21	3	58.898270	—
2	1	570	0	0	0	2920	2034	25	24	-1	
3	1	570	1	0	0	2920	2034	25	24	-1	
4	1	570	1	1	0	2920	2034	25	24	-1	
5	1	570	1	1	1	2920	2034	25	24	0.000000	0)
2	1	571	0	0	0	2959	2039	42	14	-1	
3	1	571	1	0	0	2959	2039	42	14	-1	
4	1	571	1	1	0	2959	2039	42	14	-1	
5	1	571	1	1	1	2959	2039	42	14	81.461670	Vss3
2	1	572	0	0	0	3040	2036	242	36	-1	
3	1	572	1	0	0	3040	2036	242	36	-1	
4	1	572	1	1	0	3040	2036	242	36	-1	
5	1	572	1	1	1	3040	2036	242	36	88.847786	Serial/parallel
2	1	573	0	0	0	3338	2048	59	21	-1	
3	1	573	1	0	0	3338	2048	59	21	-1	
4	1	573	1	1	0	3338	2048	59	21	-1	
5	1	573	1	1	1	3338	2048	35	12	70.800430	0.23
5	1	573	1	1	2	3379	2051	18	18	70.800430	ps
2	1	574	0	0	0	3455	2034	78	23	-1	
3	1	574	1	0	0	3455	2034	78	23	-1	
4	1	574	1	1	0	3455	2034	78	23	-1	
5	1	574	1	1	1	3455	2039	41	14	59.743439	Vss4
5	1	574	1	1	2	3509	2034	24	23	96.561897	(9)
2	1	575	0	0	0	5010	2040	32	14	-1	
3	1	575	1	0	0	5010	2040	32	14	-1	
4	1	575	1	1	0	5010	2040	32	14	-1	
5	1	575	1	1	1	5010	2040	32	14	45.167549	15Vv
2	1	576	0	0	0	657	2073	33	13	-1	
3	1	576	1	0	0	657	2073	33	13	-1	
4	1	576	1	1	0	657	2073	33	13	-1	
5	1	576	1	1	1	657	2073	33	13	73.822998	C45.
2	1	577	0	0	0	1073	2071	148	17	-1	
3	1	577	1	0	0	1073	2071	148	17	-1	
4	1	577	1	1	0	1073	2071	148	17	-1	
5	1	577	1	1	1	1073	2076	35	12	6.405243	cosy
5	1	577	1	1	2	1132	2071	46	13	87.224960	R457
5	1	577	1	1	3	1187	2072	34	13	90.378006	22k
2	1	578	0	0	0	1490	2071	90	20	-1	
3	1	578	1	0	0	1490	2071	90	20	-1	
4	1	578	1	1	0	1490	2071	90	20	-1	
5	1	578	1	1	1	1490	2071	90	20	77.568207	-5V—
2	1	579	0	0	0	2921	2061	70	24	-1	
3	1	579	1	0	0	2921	2061	70	24	-1	
4	1	579	1	1	0	2921	2061	70	24	-1	
5	1	579	1	1	1	2921	2061	24	24	76.447128	39)
5	1	579	1	1	2	2959	2066	32	15	60.818909	Voo
2	1	580	0	0	0	3475	2062	58	24	-1	
3	1	580	1	0	0	3475	2062	58	24	-1	
4	1	580	1	1	0	3475	2062	58	24	-1	
5	1	580	1	1	1	3475	2068	18	15	92.315102	nc
5	1	580	1	1	2	3500	2062	33	24	53.500385	(io)
2	1	581	0	0	0	4067	1657	64	433	-1	
3	1	581	1	0	0	4067	1657	64	433	-1	
4	1	581	1	1	0	4067	1657	64	433	-1	
5	1	581	1	1	1	4067	1657	64	433	88.826370	|
2	1	582	0	0	0	5280	2070	39	14	-1	
3	1	582	1	0	0	5280	2070	39	14	-1	
4	1	582	1	1	0	5280	2070	39	14	-1	
5	1	582	1	1	1	5280	2070	39	14	93.047066	Ploy
2	1	583	0	0	0	5282	2087	85	13	-1	
3	1	583	1	0	0	5282	2087	85	13	-1	
4	1	583	1	1	0	5282	2087	85	13	-1	
5	1	583	1	1	1	5282	2088	38	11	0.000000	IkHz
5	1	583	1	1	2	5334	2087	33	13	43.551239	O48
2	1	584	0	0	0	5538	2087	82	12	-1	
3	1	584	1	0	0	5538	2087	82	12	-1	
4	1	584	1	1	0	5538	2087	82	12	-1	
5	1	584	1	1	1	5538	2088	37	11	0.000000	IkHz
5	1	584	1	1	2	5585	2087	35	12	35.089111	OdB
2	1	585	0	0	0	5551	2070	27	14	-1	
3	1	585	1	0	0	5551	2070	27	14	-1	
4	1	585	1	1	0	5551	2070	27	14	-1	
5	1	585	1	1	1	5551	2070	27	14	48.362396	toy
2	1	586	0	0	0	649	2092	72	13	-1	
3	1	586	1	0	0	649	2092	72	13	-1	
4	1	586	1	1	0	649	2092	72	13	-1	
5	1	586	1	1	1	649	2092	72	13	84.738182	50V0.33
2	1	587	0	0	0	926	2096	38	13	-1	
3	1	587	1	0	0	926	2096	38	13	-1	
4	1	587	1	1	0	926	2096	38	13	-1	
5	1	587	1	1	1	926	2096	38	13	49.604855	48V
2	1	588	0	0	0	1345	2070	131	57	-1	
3	1	588	1	0	0	1345	2070	131	57	-1	
4	1	588	1	1	0	1345	2070	131	57	-1	
5	1	588	1	1	1	1345	2070	131	57	27.164444	i
2	1	589	0	0	0	2921	2090	59	24	-1	
3	1	589	1	0	0	2921	2090	59	24	-1	
4	1	589	1	1	0	2921	2090	59	24	-1	
5	1	589	1	1	1	2921	2090	59	24	71.173904	G3)
5	1	589	1	1	2	2959	2086	25	32	84.980019	NC
2	1	590	0	0	0	3040	2083	253	29	-1	
3	1	590	1	0	0	3040	2083	253	29	-1	
4	1	590	1	1	0	3040	2083	253	29	-1	
5	1	590	1	1	1	3040	2083	74	29	96.523209	data
5	1	590	1	1	2	3126	2083	167	28	96.523209	converter
2	1	591	0	0	0	3475	2090	58	24	-1	
3	1	591	1	0	0	3475	2090	58	24	-1	
4	1	591	1	1	0	3475	2090	58	24	-1	
5	1	591	1	1	1	3471	2086	24	38	84.118019	ne
5	1	591	1	1	2	3505	2090	28	24	6.092873	(i)
2	1	592	0	0	0	3632	2110	22	13	-1	
3	1	592	1	0	0	3632	2110	22	13	-1	
4	1	592	1	1	0	3632	2110	22	13	-1	
5	1	592	1	1	1	3632	2110	22	13	64.858109	ov
2	1	593	0	0	0	4370	2111	64	17	-1	
3	1	593	1	0	0	4370	2111	64	17	-1	
4	1	593	1	1	0	4370	2111	64	17	-1	
5	1	593	1	1	1	4370	2111	64	17	28.718483	(c824
2	1	594	0	0	0	1126	2121	58	16	-1	
3	1	594	1	0	0	1126	2121	58	16	-1	
4	1	594	1	1	0	1126	2121	58	16	-1	
5	1	594	1	1	1	1126	2121	58	16	89.964272	Q457
2	1	595	0	0	0	1493	2121	85	21	-1	
3	1	595	1	0	0	1493	2121	85	21	-1	
4	1	595	1	1	0	1493	2121	85	21	-1	
5	1	595	1	1	1	1493	2121	85	21	86.055130	TRV—
2	1	596	0	0	0	2850	2120	23	18	-1	
3	1	596	1	0	0	2850	2120	23	18	-1	
4	1	596	1	1	0	2850	2120	23	18	-1	
5	1	596	1	1	1	2850	2120	23	18	35.770370	ds
2	1	597	0	0	0	2921	2117	79	24	-1	
3	1	597	1	0	0	2921	2117	79	24	-1	
4	1	597	1	1	0	2921	2117	79	24	-1	
5	1	597	1	1	1	2917	2113	33	33	92.783730	G7)
5	1	597	1	1	2	2958	2123	42	15	91.193275	BIIR
2	1	598	0	0	0	3462	2118	71	25	-1	
3	1	598	1	0	0	3462	2118	71	25	-1	
4	1	598	1	1	0	3462	2118	71	25	-1	
5	1	598	1	1	1	3462	2125	35	14	85.990143	B7L
5	1	598	1	1	2	3509	2118	24	25	46.771069	(2)
2	1	599	0	0	0	3581	2122	16	17	-1	
3	1	599	1	0	0	3581	2122	16	17	-1	
4	1	599	1	1	0	3581	2122	16	17	-1	
5	1	599	1	1	1	3581	2122	16	17	72.380409	bi
2	1	600	0	0	0	3633	2138	23	13	-1	
3	1	600	1	0	0	3633	2138	23	13	-1	
4	1	600	1	1	0	3633	2138	23	13	-1	
5	1	600	1	1	1	3633	2138	23	13	69.560814	Ov
2	1	601	0	0	0	4772	2110	89	29	-1	
3	1	601	1	0	0	4772	2110	89	29	-1	
4	1	601	1	1	0	4772	2110	89	29	-1	
5	1	601	1	1	1	4772	2110	89	29	96.432976	Filter
2	1	602	0	0	0	4939	2117	74	17	-1	
3	1	602	1	0	0	4939	2117	74	17	-1	
4	1	602	1	1	0	4939	2117	74	17	-1	
5	1	602	1	1	1	4939	2117	74	17	50.794052	(C830
2	1	603	0	0	0	5278	2109	92	37	-1	
3	1	603	1	0	0	5278	2109	92	37	-1	
4	1	603	1	1	0	5278	2109	92	37	-1	
5	1	603	1	1	1	5278	2109	92	37	51.847275	Ms
2	1	604	0	0	0	5529	2113	99	42	-1	
3	1	604	1	0	0	5529	2113	99	42	-1	
4	1	604	1	1	0	5529	2113	99	42	-1	
5	1	604	1	1	1	5529	2113	99	42	2.098305	Ns
2	1	605	0	0	0	6449	2044	746	97	-1	
3	1	605	1	0	0	6449	2044	746	97	-1	
4	1	605	1	1	0	6449	2044	746	97	-1	
5	1	605	1	1	1	6449	2044	94	97	0.000000	MI
5	1	605	1	1	2	6567	2048	321	39	95.465271	HEADPHONE
5	1	605	1	1	3	6908	2047	122	37	93.273239	AMP.
5	1	605	1	1	4	7053	2047	142	38	89.929474	P.C.B.
2	1	606	0	0	0	1128	2146	111	22	-1	
3	1	606	1	0	0	1128	2146	111	22	-1	
4	1	606	1	1	0	1128	2146	111	22	-1	
5	1	606	1	1	1	1128	2146	111	22	88.945168	UN4212
2	1	607	0	0	0	2850	2149	24	17	-1	
3	1	607	1	0	0	2850	2149	24	17	-1	
4	1	607	1	1	0	2850	2149	24	17	-1	
5	1	607	1	1	1	2850	2149	24	17	88.564453	d4
2	1	608	0	0	0	2921	2146	81	24	-1	
3	1	608	1	0	0	2921	2146	81	24	-1	
4	1	608	1	1	0	2921	2146	81	24	-1	
5	1	608	1	1	1	2921	2146	24	24	59.000530	G6)
5	1	608	1	1	2	2958	2151	44	14	92.560379	BIOR
2	1	609	0	0	0	3065	2137	99	40	-1	
3	1	609	1	0	0	3065	2137	99	40	-1	
4	1	609	1	1	0	3065	2137	99	40	-1	
5	1	609	1	1	1	3065	2137	30	40	27.802811	Time
5	1	609	1	1	2	3104	2143	60	26	29.299606	1V/O1V
2	1	610	0	0	0	3461	2147	72	24	-1	
3	1	610	1	0	0	3461	2147	72	24	-1	
4	1	610	1	1	0	3461	2147	72	24	-1	
5	1	610	1	1	1	3461	2153	36	15	20.738152	B8L
5	1	610	1	1	2	3509	2147	24	24	58.149994	(13)
2	1	611	0	0	0	3580	2152	21	16	-1	
3	1	611	1	0	0	3580	2152	21	16	-1	
4	1	611	1	1	0	3580	2152	21	16	-1	
5	1	611	1	1	1	3580	2152	21	16	87.522873	b2
2	1	612	0	0	0	3633	2166	23	13	-1	
3	1	612	1	0	0	3633	2166	23	13	-1	
4	1	612	1	1	0	3633	2166	23	13	-1	
5	1	612	1	1	1	3633	2166	23	13	58.102093	ov
2	1	613	0	0	0	3729	2145	95	30	-1	
3	1	613	1	0	0	3729	2145	95	30	-1	
4	1	613	1	1	0	3729	2145	95	30	-1	
5	1	613	1	1	1	3729	2145	30	29	39.419140	ie
5	1	613	1	1	2	3769	2162	55	13	0.000000	1W/01V
2	1	614	0	0	0	4217	2161	22	14	-1	
3	1	614	1	0	0	4217	2161	22	14	-1	
4	1	614	1	1	0	4217	2161	22	14	-1	
5	1	614	1	1	1	4217	2161	22	14	26.256912	SV)
2	1	615	0	0	0	977	2102	116	83	-1	
3	1	615	1	0	0	977	2102	116	83	-1	
4	1	615	1	1	0	977	2102	116	83	-1	
5	1	615	1	1	1	977	2102	116	83	10.756073	Se)
2	1	616	0	0	0	1092	2193	33	13	-1	
3	1	616	1	0	0	1092	2193	33	13	-1	
4	1	616	1	1	0	1092	2193	33	13	-1	
5	1	616	1	1	1	1092	2193	33	13	46.193085	-5v
2	1	617	0	0	0	1493	2165	85	21	-1	
3	1	617	1	0	0	1493	2165	85	21	-1	
4	1	617	1	1	0	1493	2165	85	21	-1	
5	1	617	1	1	1	1493	2165	85	21	90.960289	TRV—
2	1	618	0	0	0	2850	2177	24	17	-1	
3	1	618	1	0	0	2850	2177	24	17	-1	
4	1	618	1	1	0	2850	2177	24	17	-1	
5	1	618	1	1	1	2850	2177	24	17	75.987679	d3
2	1	619	0	0	0	2920	2174	71	20	-1	
3	1	619	1	0	0	2920	2174	71	20	-1	
4	1	619	1	1	0	2920	2174	71	20	-1	
5	1	619	1	1	1	2920	2174	25	18	75.965790	G5)
5	1	619	1	1	2	2957	2179	34	15	93.397682	BOR
2	1	620	0	0	0	3462	2174	71	24	-1	
3	1	620	1	0	0	3462	2174	71	24	-1	
4	1	620	1	1	0	3462	2174	71	24	-1	
5	1	620	1	1	1	3462	2181	34	14	49.952446	Bot
5	1	620	1	1	2	3509	2174	24	24	29.944504	(4)
2	1	621	0	0	0	3633	2192	23	14	-1	
3	1	621	1	0	0	3633	2192	23	14	-1	
4	1	621	1	1	0	3633	2192	23	14	-1	
5	1	621	1	1	1	3633	2192	23	14	83.037704	ov
2	1	622	0	0	0	4424	2151	86	40	-1	
3	1	622	1	0	0	4424	2151	86	40	-1	
4	1	622	1	1	0	4424	2151	86	40	-1	
5	1	622	1	1	1	4424	2151	86	40	17.695839	LA
2	1	623	0	0	0	5367	2180	111	19	-1	
3	1	623	1	0	0	5367	2180	111	19	-1	
4	1	623	1	1	0	5367	2180	111	19	-1	
5	1	623	1	1	1	5367	2180	111	19	63.383663	1C830,831
2	1	624	0	0	0	1488	2207	89	21	-1	
3	1	624	1	0	0	1488	2207	89	21	-1	
4	1	624	1	1	0	1488	2207	89	21	-1	
5	1	624	1	1	1	1488	2207	89	21	4.776726	-l2v—-
2	1	625	0	0	0	2850	2206	23	17	-1	
3	1	625	1	0	0	2850	2206	23	17	-1	
4	1	625	1	1	0	2850	2206	23	17	-1	
5	1	625	1	1	1	2850	2206	23	17	91.384224	d2
2	1	626	0	0	0	2921	2202	72	24	-1	
3	1	626	1	0	0	2921	2202	72	24	-1	
4	1	626	1	1	0	2921	2202	72	24	-1	
5	1	626	1	1	1	2921	2202	24	24	89.237289	G4)
5	1	626	1	1	2	2958	2208	35	15	0.000000	B8R
2	1	627	0	0	0	3069	2222	87	14	-1	
3	1	627	1	0	0	3069	2222	87	14	-1	
4	1	627	1	1	0	3069	2222	87	14	-1	
5	1	627	1	1	1	3069	2222	87	14	68.587349	Ov(2.5v)
2	1	628	0	0	0	3454	2202	79	24	-1	
3	1	628	1	0	0	3454	2202	79	24	-1	
4	1	628	1	1	0	3454	2202	79	24	-1	
5	1	628	1	1	1	3454	2207	42	15	41.604000	Biot
5	1	628	1	1	2	3509	2202	24	24	50.826088	(is)
2	1	629	0	0	0	3580	2206	23	17	-1	
3	1	629	1	0	0	3580	2206	23	17	-1	
4	1	629	1	1	0	3580	2206	23	17	-1	
5	1	629	1	1	1	3580	2206	23	17	73.128014	b4
2	1	630	0	0	0	3632	2222	23	14	-1	
3	1	630	1	0	0	3632	2222	23	14	-1	
4	1	630	1	1	0	3632	2222	23	14	-1	
5	1	630	1	1	1	3632	2222	23	14	90.989182	ov
2	1	631	0	0	0	3810	2205	11	12	-1	
3	1	631	1	0	0	3810	2205	11	12	-1	
4	1	631	1	1	0	3810	2205	11	12	-1	
5	1	631	1	1	1	3810	2205	11	12	52.083286	°
2	1	632	0	0	0	908	2230	59	16	-1	
3	1	632	1	0	0	908	2230	59	16	-1	
4	1	632	1	1	0	908	2230	59	16	-1	
5	1	632	1	1	1	908	2230	59	16	91.455521	Q455
2	1	633	0	0	0	993	2245	276	16	-1	
3	1	633	1	0	0	993	2245	276	16	-1	
4	1	633	1	1	0	993	2245	276	16	-1	
5	1	633	1	1	1	993	2249	45	12	52.117546	-05v
5	1	633	1	1	2	1053	2245	46	13	92.918854	R455
5	1	633	1	1	3	1110	2246	44	13	91.110260	220K
5	1	633	1	1	4	1182	2246	47	13	83.412560	R456
5	1	633	1	1	5	1241	2246	28	13	95.147995	100
2	1	634	0	0	0	1367	2172	64	85	-1	
3	1	634	1	0	0	1367	2172	64	85	-1	
4	1	634	1	1	0	1367	2172	64	85	-1	
5	1	634	1	1	1	1367	2172	64	85	24.639107	ff
2	1	635	0	0	0	2851	2232	20	18	-1	
3	1	635	1	0	0	2851	2232	20	18	-1	
4	1	635	1	1	0	2851	2232	20	18	-1	
5	1	635	1	1	1	2851	2232	20	18	56.409496	dl
2	1	636	0	0	0	2921	2230	72	23	-1	
3	1	636	1	0	0	2921	2230	72	23	-1	
4	1	636	1	1	0	2921	2230	72	23	-1	
5	1	636	1	1	1	2921	2230	22	23	83.901794	33
5	1	636	1	1	2	2959	2234	34	14	39.673100	B7R
2	1	637	0	0	0	3207	2256	42	10	-1	
3	1	637	1	0	0	3207	2256	42	10	-1	
4	1	637	1	1	0	3207	2256	42	10	-1	
5	1	637	1	1	1	3207	2256	42	10	8.419281	a=
2	1	638	0	0	0	3292	2255	67	10	-1	
3	1	638	1	0	0	3292	2255	67	10	-1	
4	1	638	1	1	0	3292	2255	67	10	-1	
5	1	638	1	1	1	3292	2255	67	10	0.000000	aoa4
2	1	639	0	0	0	3377	2256	13	9	-1	
3	1	639	1	0	0	3377	2256	13	9	-1	
4	1	639	1	1	0	3377	2256	13	9	-1	
5	1	639	1	1	1	3377	2256	13	9	23.550095	=i
2	1	640	0	0	0	3454	2230	78	24	-1	
3	1	640	1	0	0	3454	2230	78	24	-1	
4	1	640	1	1	0	3454	2230	78	24	-1	
5	1	640	1	1	1	3454	2236	40	14	0.000000	Bit
5	1	640	1	1	2	3505	2226	31	33	92.514793	(6)
2	1	641	0	0	0	3579	2234	22	17	-1	
3	1	641	1	0	0	3579	2234	22	17	-1	
4	1	641	1	1	0	3579	2234	22	17	-1	
5	1	641	1	1	1	3579	2234	22	17	49.965939	bs
2	1	642	0	0	0	5343	2208	207	37	-1	
3	1	642	1	0	0	5343	2208	207	37	-1	
4	1	642	1	1	0	5343	2208	207	37	-1	
5	1	642	1	1	1	5343	2208	166	37	43.896427	»SVIALO79
5	1	642	1	1	2	5521	2230	6	11	18.171265	,
2	1	643	0	0	0	5345	2246	82	13	-1	
3	1	643	1	0	0	5345	2246	82	13	-1	
4	1	643	1	1	0	5345	2246	82	13	-1	
5	1	643	1	1	1	5345	2247	39	12	0.841354	tkHz
5	1	643	1	1	2	5393	2246	34	13	19.569794	O6B
2	1	644	0	0	0	5522	2246	84	13	-1	
3	1	644	1	0	0	5522	2246	84	13	-1	
4	1	644	1	1	0	5522	2246	84	13	-1	
5	1	644	1	1	1	5522	2247	39	12	19.936707	JkHz
5	1	644	1	1	2	5569	2246	37	13	54.818398	OdB
2	1	645	0	0	0	6522	2228	63	16	-1	
3	1	645	1	0	0	6522	2228	63	16	-1	
4	1	645	1	1	0	6522	2228	63	16	-1	
5	1	645	1	1	1	6522	2228	63	16	0.482864	I1c8si
2	1	646	0	0	0	439	2271	181	17	-1	
3	1	646	1	0	0	439	2271	181	17	-1	
4	1	646	1	1	0	439	2271	181	17	-1	
5	1	646	1	1	1	439	2275	49	13	73.976585	(35v)
5	1	646	1	1	2	497	2271	59	17	85.094574	Q460
5	1	646	1	1	3	570	2275	50	13	75.878609	(3.5v)
2	1	647	0	0	0	675	2253	50	17	-1	
3	1	647	1	0	0	675	2253	50	17	-1	
4	1	647	1	1	0	675	2253	50	17	-1	
5	1	647	1	1	1	675	2253	50	17	85.479210	Q46!
2	1	648	0	0	0	753	2270	92	12	-1	
3	1	648	1	0	0	753	2270	92	12	-1	
4	1	648	1	1	0	753	2270	92	12	-1	
5	1	648	1	1	1	753	2270	92	12	12.916702	~12vi-l2v)
2	1	649	0	0	0	1153	2281	45	12	-1	
3	1	649	1	0	0	1153	2281	45	12	-1	
4	1	649	1	1	0	1153	2281	45	12	-1	
5	1	649	1	1	1	1153	2281	45	12	4.809837	~O.1V
2	1	650	0	0	0	1495	2252	81	21	-1	
3	1	650	1	0	0	1495	2252	81	21	-1	
4	1	650	1	1	0	1495	2252	81	21	-1	
5	1	650	1	1	1	1495	2252	81	21	41.641609	5V—
2	1	651	0	0	0	3011	2278	43	11	-1	
3	1	651	1	0	0	3011	2278	43	11	-1	
4	1	651	1	1	0	3011	2278	43	11	-1	
5	1	651	1	1	1	3011	2278	43	11	59.178123	oo
2	1	652	0	0	0	3011	2264	239	21	-1	
3	1	652	1	0	0	3011	2264	239	21	-1	
4	1	652	1	1	0	3011	2264	239	21	-1	
5	1	652	1	1	1	3011	2264	239	21	0.000000	eeeeeeros
5	1	652	1	1	2	3235	2256	17	33	72.685440	w
2	1	653	0	0	0	3067	2278	14	10	-1	
3	1	653	1	0	0	3067	2278	14	10	-1	
4	1	653	1	1	0	3067	2278	14	10	-1	
5	1	653	1	1	1	3067	2278	14	10	55.029453	+
2	1	654	0	0	0	3096	2278	14	10	-1	
3	1	654	1	0	0	3096	2278	14	10	-1	
4	1	654	1	1	0	3096	2278	14	10	-1	
5	1	654	1	1	1	3096	2278	14	10	0.589333	rm
2	1	655	0	0	0	3210	2279	12	9	-1	
3	1	655	1	0	0	3210	2279	12	9	-1	
4	1	655	1	1	0	3210	2279	12	9	-1	
5	1	655	1	1	1	3210	2279	12	9	26.772667	°
2	1	656	0	0	0	3239	2280	10	7	-1	
3	1	656	1	0	0	3239	2280	10	7	-1	
4	1	656	1	1	0	3239	2280	10	7	-1	
5	1	656	1	1	1	3239	2280	10	7	38.864040	ry
2	1	657	0	0	0	3291	2267	99	12	-1	
3	1	657	1	0	0	3291	2267	99	12	-1	
4	1	657	1	1	0	3291	2267	99	12	-1	
5	1	657	1	1	1	3291	2267	99	12	13.498909	ornan
2	1	658	0	0	0	3346	2278	99	10	-1	
3	1	658	1	0	0	3346	2278	99	10	-1	
4	1	658	1	1	0	3346	2278	99	10	-1	
5	1	658	1	1	1	3346	2278	99	10	24.954109	Sov
2	1	659	0	0	0	5086	2219	51	67	-1	
3	1	659	1	0	0	5086	2219	51	67	-1	
4	1	659	1	1	0	5086	2219	51	67	-1	
5	1	659	1	1	1	5086	2219	51	67	36.880569	id
2	1	660	0	0	0	6515	2254	226	22	-1	
3	1	660	1	0	0	6515	2254	226	22	-1	
4	1	660	1	1	0	6515	2254	226	22	-1	
5	1	660	1	1	1	6515	2254	226	22	89.723694	SVINJM4556SA
2	1	661	0	0	0	1189	2304	58	16	-1	
3	1	661	1	0	0	1189	2304	58	16	-1	
4	1	661	1	1	0	1189	2304	58	16	-1	
5	1	661	1	1	1	1189	2304	58	16	87.221191	Q456
2	1	662	0	0	0	3011	2283	434	18	-1	
3	1	662	1	0	0	3011	2283	434	18	-1	
4	1	662	1	1	0	3011	2283	434	18	-1	
5	1	662	1	1	1	3011	2283	434	18	14.240311	Qnanoana>
5	1	662	1	1	2	3237	2279	18	30	35.474533	Ss
5	1	662	1	1	3	3267	2283	178	18	2.586357	zmnananzZ
2	1	663	0	0	0	3708	2230	42	69	-1	
3	1	663	1	0	0	3708	2230	42	69	-1	
4	1	663	1	1	0	3708	2230	42	69	-1	
5	1	663	1	1	1	3708	2230	42	69	83.139137	/
2	1	664	0	0	0	825	2329	30	13	-1	
3	1	664	1	0	0	825	2329	30	13	-1	
4	1	664	1	1	0	825	2329	30	13	-1	
5	1	664	1	1	1	825	2329	30	13	72.360153	on
2	1	665	0	0	0	825	2316	30	15	-1	
3	1	665	1	0	0	825	2316	30	15	-1	
4	1	665	1	1	0	825	2316	30	15	-1	
5	1	665	1	1	1	825	2316	30	15	65.205536	ex
2	1	666	0	0	0	3006	2314	134	25	-1	
3	1	666	1	0	0	3006	2314	134	25	-1	
4	1	666	1	1	0	3006	2314	134	25	-1	
5	1	666	1	1	1	3006	2314	134	25	7.103996	C2ENLIEIES
2	1	667	0	0	0	3177	2314	134	25	-1	
3	1	667	1	0	0	3177	2314	134	25	-1	
4	1	667	1	1	0	3177	2314	134	25	-1	
5	1	667	1	1	1	3177	2314	134	25	16.633003	RIMS)
2	1	668	0	0	0	3314	2314	136	25	-1	
3	1	668	1	0	0	3314	2314	136	25	-1	
4	1	668	1	1	0	3314	2314	136	25	-1	
5	1	668	1	1	1	3314	2314	136	25	38.451530	DIOOG
2	1	669	0	0	0	4201	2195	86	130	-1	
3	1	669	1	0	0	4201	2195	86	130	-1	
4	1	669	1	1	0	4201	2195	86	130	-1	
5	1	669	1	1	1	4201	2195	86	130	12.395340	ss
2	1	670	0	0	0	4267	2196	331	130	-1	
3	1	670	1	0	0	4267	2196	331	130	-1	
4	1	670	1	1	0	4267	2196	331	130	-1	
5	1	670	1	1	1	4267	2196	331	130	0.000000	 cseoe
2	1	671	0	0	0	4888	2316	58	24	-1	
3	1	671	1	0	0	4888	2316	58	24	-1	
4	1	671	1	1	0	4888	2316	58	24	-1	
5	1	671	1	1	1	4888	2316	58	24	67.420471	(76)
2	1	672	0	0	0	7360	2322	44	15	-1	
3	1	672	1	0	0	7360	2322	44	15	-1	
4	1	672	1	1	0	7360	2322	44	15	-1	
5	1	672	1	1	1	7360	2322	44	15	53.069225	LkHz
2	1	673	0	0	0	650	2296	118	84	-1	
3	1	673	1	0	0	650	2296	118	84	-1	
4	1	673	1	1	0	650	2296	118	84	-1	
5	1	673	1	1	1	650	2296	118	84	40.611729	CTs)
2	1	674	0	0	0	825	2350	30	13	-1	
3	1	674	1	0	0	825	2350	30	13	-1	
4	1	674	1	1	0	825	2350	30	13	-1	
5	1	674	1	1	1	825	2350	30	13	66.203087	at
2	1	675	0	0	0	891	2292	101	66	-1	
3	1	675	1	0	0	891	2292	101	66	-1	
4	1	675	1	1	0	891	2292	101	66	-1	
5	1	675	1	1	1	891	2292	101	66	50.711510	8
2	1	676	0	0	0	1107	2321	191	47	-1	
3	1	676	1	0	0	1107	2321	191	47	-1	
4	1	676	1	1	0	1107	2321	191	47	-1	
5	1	676	1	1	1	1107	2321	46	47	0.000000	f-)
5	1	676	1	1	2	1187	2331	111	23	44.291855	2sk301
2	1	677	0	0	0	3019	2333	194	34	-1	
3	1	677	1	0	0	3019	2333	194	34	-1	
4	1	677	1	1	0	3019	2333	194	34	-1	
5	1	677	1	1	1	3019	2333	194	34	12.353577	e28202880
2	1	678	0	0	0	3390	2350	135	18	-1	
3	1	678	1	0	0	3390	2350	135	18	-1	
4	1	678	1	1	0	3390	2350	135	18	-1	
5	1	678	1	1	1	3390	2364	46	4	33.497726	se
5	1	678	1	1	2	3439	2350	48	18	0.000000	QY.
5	1	678	1	1	3	3507	2353	18	15	0.000000	(2,5).
2	1	679	0	0	0	4218	2347	21	13	-1	
3	1	679	1	0	0	4218	2347	21	13	-1	
4	1	679	1	1	0	4218	2347	21	13	-1	
5	1	679	1	1	1	4218	2347	21	13	77.599991	ov
2	1	680	0	0	0	5859	2351	49	15	-1	
3	1	680	1	0	0	5859	2351	49	15	-1	
4	1	680	1	1	0	5859	2351	49	15	-1	
5	1	680	1	1	1	5859	2351	49	15	83.435036	C840
2	1	681	0	0	0	6614	2355	55	15	-1	
3	1	681	1	0	0	6614	2355	55	15	-1	
4	1	681	1	1	0	6614	2355	55	15	-1	
5	1	681	1	1	1	6614	2355	55	15	26.237785	VRB51
2	1	682	0	0	0	6809	2253	274	120	-1	
3	1	682	1	0	0	6809	2253	277	120	-1	
4	1	682	1	1	0	6809	2253	274	120	-1	
5	1	682	1	1	1	6809	2253	274	120	44.403973	Cae
2	1	683	0	0	0	7146	2254	109	119	-1	
3	1	683	1	0	0	7146	2254	109	119	-1	
4	1	683	1	1	0	7146	2254	109	119	-1	
5	1	683	1	1	1	7146	2254	109	119	42.129410	al
2	1	684	0	0	0	7356	2317	86	61	-1	
3	1	684	1	0	0	7356	2317	86	61	-1	
4	1	684	1	1	0	7356	2317	86	61	-1	
5	1	684	1	1	1	7356	2317	86	61	28.477310	Wile
2	1	685	0	0	0	1158	2380	50	13	-1	
3	1	685	1	0	0	1158	2380	50	13	-1	
4	1	685	1	1	0	1158	2380	50	13	-1	
5	1	685	1	1	1	1158	2380	50	13	28.921547	~0.4V
2	1	686	0	0	0	5856	2368	18	14	-1	
3	1	686	1	0	0	5856	2368	18	14	-1	
4	1	686	1	1	0	5856	2368	18	14	-1	
5	1	686	1	1	1	5856	2368	18	14	86.668205	16
2	1	687	0	0	0	6221	2378	60	15	-1	
3	1	687	1	0	0	6221	2378	60	15	-1	
4	1	687	1	1	0	6221	2378	60	15	-1	
5	1	687	1	1	1	6221	2378	60	15	62.906879	CNB04
2	1	688	0	0	0	6383	2377	56	15	-1	
3	1	688	1	0	0	6383	2377	56	15	-1	
4	1	688	1	1	0	6383	2377	56	15	-1	
5	1	688	1	1	1	6383	2377	56	15	66.292084	BT85!
2	1	689	0	0	0	6586	2379	110	14	-1	
3	1	689	1	0	0	6586	2379	110	14	-1	
4	1	689	1	1	0	6586	2379	110	14	-1	
5	1	689	1	1	1	6586	2379	40	14	82.458893	tOOK
5	1	689	1	1	2	6633	2379	28	14	85.313675	(A)
5	1	689	1	1	3	6670	2379	26	14	85.313675	x2
2	1	690	0	0	0	481	2302	95	116	-1	
3	1	690	1	0	0	481	2302	95	116	-1	
4	1	690	1	1	0	481	2302	95	116	-1	
5	1	690	1	1	1	481	2302	95	116	59.449558	Gj
2	1	691	0	0	0	764	2400	94	13	-1	
3	1	691	1	0	0	764	2400	94	13	-1	
4	1	691	1	1	0	764	2400	94	13	-1	
5	1	691	1	1	1	764	2400	94	13	6.713753	~lavi-t2v)
2	1	692	0	0	0	2845	2419	85	14	-1	
3	1	692	1	0	0	2845	2419	85	14	-1	
4	1	692	1	1	0	2845	2419	85	14	-1	
5	1	692	1	1	1	2845	2419	25	13	2.460083	Ov
5	1	692	1	1	2	2877	2419	53	14	2.460083	(2.5v)
2	1	693	0	0	0	3291	2402	70	24	-1	
3	1	693	1	0	0	3291	2402	70	24	-1	
4	1	693	1	1	0	3291	2402	70	24	-1	
5	1	693	1	1	1	3291	2402	70	24	34.788048	SSs
2	1	694	0	0	0	3408	2395	37	16	-1	
3	1	694	1	0	0	3408	2395	37	16	-1	
4	1	694	1	1	0	3408	2395	37	16	-1	
5	1	694	1	1	1	3408	2395	37	16	96.934624	Ploy
2	1	695	0	0	0	3488	2419	9	12	-1	
3	1	695	1	0	0	3488	2419	9	12	-1	
4	1	695	1	1	0	3488	2419	9	12	-1	
5	1	695	1	1	1	3488	2419	9	12	71.903694	5
2	1	696	0	0	0	6309	2400	46	14	-1	
3	1	696	1	0	0	6309	2400	46	14	-1	
4	1	696	1	1	0	6309	2400	46	14	-1	
5	1	696	1	1	1	6309	2400	46	14	0.000000	=l2v
2	1	697	0	0	0	6606	2404	52	13	-1	
3	1	697	1	0	0	6606	2404	52	13	-1	
4	1	697	1	1	0	6606	2404	52	13	-1	
5	1	697	1	1	1	6606	2404	52	13	65.979431	—
2	1	698	0	0	0	6921	2379	109	41	-1	
3	1	698	1	0	0	6921	2379	109	41	-1	
4	1	698	1	1	0	6921	2379	109	41	-1	
5	1	698	1	1	1	6921	2379	109	41	41.119823	ME
2	1	699	0	0	0	7285	2400	46	14	-1	
3	1	699	1	0	0	7285	2400	46	14	-1	
4	1	699	1	1	0	7285	2400	46	14	-1	
5	1	699	1	1	1	7285	2400	46	14	77.756691	R855
2	1	700	0	0	0	7295	2417	28	14	-1	
3	1	700	1	0	0	7295	2417	28	14	-1	
4	1	700	1	1	0	7295	2417	28	14	-1	
5	1	700	1	1	1	7295	2417	28	14	93.086342	120
2	1	701	0	0	0	7400	2416	32	14	-1	
3	1	701	1	0	0	7400	2416	32	14	-1	
4	1	701	1	1	0	7400	2416	32	14	-1	
5	1	701	1	1	1	7400	2416	32	14	73.416672	Lest
2	1	702	0	0	0	7538	2407	120	15	-1	
3	1	702	1	0	0	7538	2407	120	15	-1	
4	1	702	1	1	0	7538	2407	120	15	-1	
5	1	702	1	1	1	7538	2407	120	15	4.294067	HEADPHONES
2	1	703	0	0	0	447	2441	91	12	-1	
3	1	703	1	0	0	447	2441	91	12	-1	
4	1	703	1	1	0	447	2441	91	12	-1	
5	1	703	1	1	1	447	2441	91	12	56.888165	-5v(-5v)
2	1	704	0	0	0	580	2435	57	16	-1	
3	1	704	1	0	0	580	2435	57	16	-1	
4	1	704	1	1	0	580	2435	57	16	-1	
5	1	704	1	1	1	580	2435	57	16	91.515045	Q460
2	1	705	0	0	0	801	2435	54	17	-1	
3	1	705	1	0	0	801	2435	54	17	-1	
4	1	705	1	1	0	801	2435	54	17	-1	
5	1	705	1	1	1	801	2435	54	17	83.486923	Q46!
2	1	706	0	0	0	1025	2436	60	17	-1	
3	1	706	1	0	0	1025	2436	60	17	-1	
4	1	706	1	1	0	1025	2436	60	17	-1	
5	1	706	1	1	1	1025	2436	60	17	86.339439	Q455
2	1	707	0	0	0	2654	2426	93	42	-1	
3	1	707	1	0	0	2654	2426	93	42	-1	
4	1	707	1	1	0	2654	2426	93	42	-1	
5	1	707	1	1	1	2654	2430	31	29	78.875847	ims
5	1	707	1	1	2	2695	2426	52	42	0.000000	v/o1y
2	1	708	0	0	0	3583	2424	81	14	-1	
3	1	708	1	0	0	3583	2424	81	14	-1	
4	1	708	1	1	0	3583	2424	81	14	-1	
5	1	708	1	1	1	3583	2424	81	14	59.482803	ovi2s5v)
2	1	709	0	0	0	3730	2424	87	15	-1	
3	1	709	1	0	0	3730	2424	87	15	-1	
4	1	709	1	1	0	3730	2424	87	15	-1	
5	1	709	1	1	1	3730	2424	23	14	86.742493	OV
5	1	709	1	1	2	3763	2424	54	15	47.472019	(2.5V)
2	1	710	0	0	0	4306	2430	63	16	-1	
3	1	710	1	0	0	4306	2430	63	16	-1	
4	1	710	1	1	0	4306	2430	63	16	-1	
5	1	710	1	1	1	4306	2430	63	16	0.000000	(c826
2	1	711	0	0	0	4472	2450	28	14	-1	
3	1	711	1	0	0	4472	2450	28	14	-1	
4	1	711	1	1	0	4472	2450	28	14	-1	
5	1	711	1	1	1	4472	2450	28	14	4.386063	I5V
2	1	712	0	0	0	4597	2432	34	15	-1	
3	1	712	1	0	0	4597	2432	34	15	-1	
4	1	712	1	1	0	4597	2432	34	15	-1	
5	1	712	1	1	1	4597	2432	34	15	78.184532	827
2	1	713	0	0	0	5037	2331	133	106	-1	
3	1	713	1	0	0	5037	2331	133	106	-1	
4	1	713	1	1	0	5037	2331	133	106	-1	
5	1	713	1	1	1	5037	2331	133	106	43.588314	(=:
2	1	714	0	0	0	5258	2437	78	13	-1	
3	1	714	1	0	0	5258	2437	78	13	-1	
4	1	714	1	1	0	5258	2437	78	13	-1	
5	1	714	1	1	1	5258	2438	37	12	0.000000	tkHz
5	1	714	1	1	2	5305	2437	31	12	24.329132	O68
2	1	715	0	0	0	5591	2433	30	12	-1	
3	1	715	1	0	0	5591	2433	30	12	-1	
4	1	715	1	1	0	5591	2433	30	12	-1	
5	1	715	1	1	1	5591	2433	30	12	63.920788	wx.
2	1	716	0	0	0	5591	2446	31	14	-1	
3	1	716	1	0	0	5591	2446	31	14	-1	
4	1	716	1	1	0	5591	2446	31	14	-1	
5	1	716	1	1	1	5591	2446	31	14	59.139481	seo
2	1	717	0	0	0	5945	2421	241	28	-1	
3	1	717	1	0	0	5945	2421	241	28	-1	
4	1	717	1	1	0	5945	2421	241	28	-1	
5	1	717	1	1	1	5945	2417	111	46	31.974167	ae
5	1	717	1	1	2	6094	2417	97	46	38.694580	eee
2	1	718	0	0	0	6211	2421	226	28	-1	
3	1	718	1	0	0	6211	2421	226	28	-1	
4	1	718	1	1	0	6211	2421	226	28	-1	
5	1	718	1	1	1	6222	2421	215	28	15.545204	ee
5	1	718	1	1	2	6383	2417	57	45	32.510490	ee
2	1	719	0	0	0	6440	2410	77	38	-1	
3	1	719	1	0	0	6440	2410	77	38	-1	
4	1	719	1	1	0	6440	2410	77	38	-1	
5	1	719	1	1	1	6440	2410	77	38	37.172668	mn
2	1	720	0	0	0	6528	2442	68	4	-1	
3	1	720	1	0	0	6528	2442	68	4	-1	
4	1	720	1	1	0	6528	2442	68	4	-1	
5	1	720	1	1	1	6528	2442	68	4	0.000000	cacacaa
2	1	721	0	0	0	6865	2423	109	19	-1	
3	1	721	1	0	0	6865	2423	109	19	-1	
4	1	721	1	1	0	6865	2423	109	19	-1	
5	1	721	1	1	1	6861	2419	51	34	26.887161	eee
5	1	721	1	1	2	6929	2419	49	34	45.952408	ee
2	1	722	0	0	0	7459	2423	30	33	-1	
3	1	722	1	0	0	7459	2423	30	33	-1	
4	1	722	1	1	0	7459	2423	30	33	-1	
5	1	722	1	1	1	7459	2423	30	33	36.473145	O}
2	1	723	0	0	0	580	2464	107	22	-1	
3	1	723	1	0	0	580	2464	107	22	-1	
4	1	723	1	1	0	580	2464	107	22	-1	
5	1	723	1	1	1	580	2464	107	22	81.415260	UN4112
2	1	724	0	0	0	802	2464	112	22	-1	
3	1	724	1	0	0	802	2464	112	22	-1	
4	1	724	1	1	0	802	2464	112	22	-1	
5	1	724	1	1	1	802	2464	112	22	88.968399	UN4212
2	1	725	0	0	0	1026	2465	110	22	-1	
3	1	725	1	0	0	1026	2465	110	22	-1	
4	1	725	1	1	0	1026	2465	110	22	-1	
5	1	725	1	1	1	1026	2465	110	22	90.322968	UN4212
2	1	726	0	0	0	1131	2420	228	50	-1	
3	1	726	1	0	0	1131	2420	228	50	-1	
4	1	726	1	1	0	1131	2420	228	50	-1	
5	1	726	1	1	1	1131	2420	43	43	44.671814	NY
5	1	726	1	1	2	1180	2428	34	15	91.416016	Play
5	1	726	1	1	3	1229	2428	47	13	72.949104	20ms
5	1	726	1	1	4	1298	2423	61	47	48.417183	won
2	1	727	0	0	0	3408	2452	94	26	-1	
3	1	727	1	0	0	3408	2452	94	26	-1	
4	1	727	1	1	0	3408	2452	94	26	-1	
5	1	727	1	1	1	3408	2466	28	12	40.014442	ims
5	1	727	1	1	2	3446	2452	56	26	7.543480	W/W
2	1	728	0	0	0	4588	2451	46	15	-1	
3	1	728	1	0	0	4588	2451	46	15	-1	
4	1	728	1	1	0	4588	2451	46	15	-1	
5	1	728	1	1	1	4588	2451	46	15	84.565140	390P
2	1	729	0	0	0	4697	2459	41	15	-1	
3	1	729	1	0	0	4697	2459	41	15	-1	
4	1	729	1	1	0	4697	2459	41	15	-1	
5	1	729	1	1	1	4697	2459	41	15	78.472687	R821
2	1	730	0	0	0	4795	2459	43	15	-1	
3	1	730	1	0	0	4795	2459	43	15	-1	
4	1	730	1	1	0	4795	2459	43	15	-1	
5	1	730	1	1	1	4795	2459	43	15	77.783493	R825
2	1	731	0	0	0	5150	2466	66	17	-1	
3	1	731	1	0	0	5150	2466	66	17	-1	
4	1	731	1	1	0	5150	2466	66	17	-1	
5	1	731	1	1	1	5150	2466	66	17	46.034882	1C828
2	1	732	0	0	0	5258	2455	121	35	-1	
3	1	732	1	0	0	5258	2455	121	35	-1	
4	1	732	1	1	0	5258	2455	121	35	-1	
5	1	732	1	1	1	5258	2456	68	34	35.259911	NS
5	1	732	1	1	2	5341	2455	38	35	21.835335	tee
2	1	733	0	0	0	5379	2467	30	15	-1	
3	1	733	1	0	0	5379	2467	30	15	-1	
4	1	733	1	1	0	5379	2467	30	15	-1	
5	1	733	1	1	1	5379	2467	30	15	81.772232	831
2	1	734	0	0	0	5466	2466	66	16	-1	
3	1	734	1	0	0	5466	2466	66	16	-1	
4	1	734	1	1	0	5466	2466	66	16	-1	
5	1	734	1	1	1	5466	2467	44	15	17.851799	RO35
5	1	734	1	1	2	5518	2466	14	10	4.920029	F
2	1	735	0	0	0	5591	2470	14	10	-1	
3	1	735	1	0	0	5591	2470	14	10	-1	
4	1	735	1	1	0	5591	2470	14	10	-1	
5	1	735	1	1	1	5591	2470	14	10	33.949661	Ca
2	1	736	0	0	0	5591	2457	31	15	-1	
3	1	736	1	0	0	5591	2457	31	15	-1	
4	1	736	1	1	0	5591	2457	31	15	-1	
5	1	736	1	1	1	5591	2457	31	15	35.302582	26
2	1	737	0	0	0	6189	2455	26	34	-1	
3	1	737	1	0	0	6189	2455	26	34	-1	
4	1	737	1	1	0	6189	2455	26	34	-1	
5	1	737	1	1	1	6189	2455	26	34	22.494995	K3)
2	1	738	0	0	0	6436	2450	36	43	-1	
3	1	738	1	0	0	6436	2450	36	43	-1	
4	1	738	1	1	0	6436	2450	36	43	-1	
5	1	738	1	1	1	6436	2450	36	43	43.746193	Ney!
2	1	739	0	0	0	6475	2451	131	26	-1	
3	1	739	1	0	0	6475	2451	131	26	-1	
4	1	739	1	1	0	6475	2451	131	26	-1	
5	1	739	1	1	1	6471	2447	18	42	39.490780	|
5	1	739	1	1	2	6509	2451	9	25	43.928875	|
2	1	740	0	0	0	6823	2461	30	15	-1	
3	1	740	1	0	0	6823	2461	30	15	-1	
4	1	740	1	1	0	6823	2461	30	15	-1	
5	1	740	1	1	1	6823	2461	30	15	77.482903	Bx
2	1	741	0	0	0	1180	2448	155	73	-1	
3	1	741	1	0	0	1180	2448	155	73	-1	
4	1	741	1	1	0	1180	2448	155	73	-1	
5	1	741	1	1	1	1180	2448	155	73	43.735882	Pf
2	1	742	0	0	0	1339	2482	11	12	-1	
3	1	742	1	0	0	1339	2482	11	12	-1	
4	1	742	1	1	0	1339	2482	11	12	-1	
5	1	742	1	1	1	1339	2482	11	12	25.070869	°
2	1	743	0	0	0	2654	2496	11	12	-1	
3	1	743	1	0	0	2654	2496	11	12	-1	
4	1	743	1	1	0	2654	2496	11	12	-1	
5	1	743	1	1	1	2654	2496	11	12	41.579559	°
2	1	744	0	0	0	2840	2498	156	12	-1	
3	1	744	1	0	0	2840	2498	156	12	-1	
4	1	744	1	1	0	2840	2498	156	12	-1	
5	1	744	1	1	1	2840	2498	156	12	0.000000	vsuvuUvUND
2	1	745	0	0	0	3196	2488	130	15	-1	
3	1	745	1	0	0	3196	2488	130	15	-1	
4	1	745	1	1	0	3196	2488	130	15	-1	
5	1	745	1	1	1	3196	2479	44	31	60.845055	4.9V)
5	1	745	1	1	2	3251	2488	35	15	88.858727	Play
5	1	745	1	1	3	3296	2489	30	12	52.232517	Ims.
2	1	746	0	0	0	3559	2486	99	25	-1	
3	1	746	1	0	0	3559	2486	99	25	-1	
4	1	746	1	1	0	3559	2486	99	25	-1	
5	1	746	1	1	1	3559	2486	99	25	53.375656	22838
2	1	747	0	0	0	3668	2500	128	13	-1	
3	1	747	1	0	0	3668	2500	128	13	-1	
4	1	747	1	1	0	3668	2500	128	13	-1	
5	1	747	1	1	1	3668	2500	128	13	24.768898	2oo000
2	1	748	0	0	0	3670	2488	43	11	-1	
3	1	748	1	0	0	3670	2488	43	11	-1	
4	1	748	1	1	0	3670	2488	43	11	-1	
5	1	748	1	1	1	3670	2488	43	11	62.798897	=o
2	1	749	0	0	0	3756	2488	40	11	-1	
3	1	749	1	0	0	3756	2488	40	11	-1	
4	1	749	1	1	0	3756	2488	40	11	-1	
5	1	749	1	1	1	3756	2488	40	11	37.586105	+t
2	1	750	0	0	0	3837	2488	44	9	-1	
3	1	750	1	0	0	3837	2488	44	9	-1	
4	1	750	1	1	0	3837	2488	44	9	-1	
5	1	750	1	1	1	3837	2478	20	28	16.951050	un
5	1	750	1	1	2	3868	2491	13	3	16.951050	-
2	1	751	0	0	0	3838	2502	42	10	-1	
3	1	751	1	0	0	3838	2502	42	10	-1	
4	1	751	1	1	0	3838	2502	42	10	-1	
5	1	751	1	1	1	3838	2502	42	10	30.774292	oo
2	1	752	0	0	0	5198	2500	173	28	-1	
3	1	752	1	0	0	5198	2500	173	28	-1	
4	1	752	1	1	0	5198	2500	173	28	-1	
5	1	752	1	1	1	5198	2516	31	3	0.000000	ceca
5	1	752	1	1	2	5250	2500	17	28	62.477325	ON
5	1	752	1	1	3	5287	2500	84	28	0.000000	mrcrrrrets
2	1	753	0	0	0	5246	2501	23	14	-1	
3	1	753	1	0	0	5246	2501	23	14	-1	
4	1	753	1	1	0	5246	2501	23	14	-1	
5	1	753	1	1	1	5246	2501	23	14	76.850990	ov.
2	1	754	0	0	0	5820	2387	123	32	-1	
3	1	754	1	0	0	5820	2387	123	32	-1	
4	1	754	1	1	0	5820	2387	123	32	-1	
5	1	754	1	1	1	5820	2387	123	32	27.698753	aE
2	1	755	0	0	0	5945	2452	118	53	-1	
3	1	755	1	0	0	5945	2452	118	53	-1	
4	1	755	1	1	0	5945	2452	118	53	-1	
5	1	755	1	1	1	5945	2452	118	53	24.091179	Lead
2	1	756	0	0	0	6345	2499	4	4	-1	
3	1	756	1	0	0	6345	2499	4	4	-1	
4	1	756	1	1	0	6345	2499	4	4	-1	
5	1	756	1	1	1	6345	2499	4	4	25.986778	Hl
2	1	757	0	0	0	6348	2484	72	28	-1	
3	1	757	1	0	0	6348	2484	72	28	-1	
4	1	757	1	1	0	6348	2484	72	28	-1	
5	1	757	1	1	1	6348	2484	5	28	23.301308	|
5	1	757	1	1	2	6371	2499	49	4	25.036514	ei
2	1	758	0	0	0	6440	2482	32	20	-1	
3	1	758	1	0	0	6440	2482	32	20	-1	
4	1	758	1	1	0	6440	2482	32	20	-1	
5	1	758	1	1	1	6440	2482	32	20	47.632214	|
2	1	759	0	0	0	6475	2479	131	25	-1	
3	1	759	1	0	0	6475	2479	131	25	-1	
4	1	759	1	1	0	6475	2479	131	25	-1	
5	1	759	1	1	1	6475	2479	131	25	0.000000	 eacedsscccsabaseg
2	1	760	0	0	0	6823	2480	31	14	-1	
3	1	760	1	0	0	6823	2480	31	14	-1	
4	1	760	1	1	0	6823	2480	31	14	-1	
5	1	760	1	1	1	6823	2480	31	14	10.582596	i)
2	1	761	0	0	0	7154	2484	32	15	-1	
3	1	761	1	0	0	7154	2484	32	15	-1	
4	1	761	1	1	0	7154	2484	32	15	-1	
5	1	761	1	1	1	7154	2484	32	15	22.899414	mx
2	1	762	0	0	0	7155	2496	31	14	-1	
3	1	762	1	0	0	7155	2496	31	14	-1	
4	1	762	1	1	0	7155	2496	31	14	-1	
5	1	762	1	1	1	7155	2496	31	14	59.549706	or
2	1	763	0	0	0	7264	2491	43	15	-1	
3	1	763	1	0	0	7264	2491	43	15	-1	
4	1	763	1	1	0	7264	2491	43	15	-1	
5	1	763	1	1	1	7264	2491	43	15	76.303391	R856
2	1	764	0	0	0	7400	2483	36	14	-1	
3	1	764	1	0	0	7400	2483	36	14	-1	
4	1	764	1	1	0	7400	2483	36	14	-1	
5	1	764	1	1	1	7400	2483	36	14	67.543396	Les2
2	1	765	0	0	0	7460	2466	30	40	-1	
3	1	765	1	0	0	7460	2466	30	40	-1	
4	1	765	1	1	0	7460	2466	30	40	-1	
5	1	765	1	1	1	7460	2466	30	40	33.951591	o
2	1	766	0	0	0	1329	2506	37	16	-1	
3	1	766	1	0	0	1329	2506	37	16	-1	
4	1	766	1	1	0	1329	2506	37	16	-1	
5	1	766	1	1	1	1329	2506	37	16	83.603577	-2.5
2	1	767	0	0	0	4272	2527	22	13	-1	
3	1	767	1	0	0	4272	2527	22	13	-1	
4	1	767	1	1	0	4272	2527	22	13	-1	
5	1	767	1	1	1	4272	2527	22	13	84.813148	ov
2	1	768	0	0	0	4433	2518	103	3	-1	
3	1	768	1	0	0	4433	2518	103	3	-1	
4	1	768	1	1	0	4433	2518	103	3	-1	
5	1	768	1	1	1	4433	2518	103	3	0.000000	sesh
2	1	769	0	0	0	5797	2508	389	24	-1	
3	1	769	1	0	0	5797	2508	389	24	-1	
4	1	769	1	1	0	5797	2508	389	24	-1	
5	1	769	1	1	1	5797	2508	389	24	12.504044	a:
5	1	769	1	1	2	5960	2504	32	41	0.000000	a
5	1	769	1	1	3	6025	2504	35	41	23.426094	ee
2	1	770	0	0	0	6308	2514	49	14	-1	
3	1	770	1	0	0	6308	2514	49	14	-1	
4	1	770	1	1	0	6308	2514	49	14	-1	
5	1	770	1	1	1	6308	2514	49	14	68.478432	+12v
2	1	771	0	0	0	7155	2508	32	13	-1	
3	1	771	1	0	0	7155	2508	32	13	-1	
4	1	771	1	1	0	7155	2508	32	13	-1	
5	1	771	1	1	1	7155	2508	32	13	75.273178	On
2	1	772	0	0	0	7269	2511	29	15	-1	
3	1	772	1	0	0	7269	2511	29	15	-1	
4	1	772	1	1	0	7269	2511	29	15	-1	
5	1	772	1	1	1	7269	2511	29	15	93.587029	120
2	1	773	0	0	0	4954	2555	31	11	-1	
3	1	773	1	0	0	4954	2555	31	11	-1	
4	1	773	1	1	0	4954	2555	31	11	-1	
5	1	773	1	1	1	4954	2555	31	11	76.872482	o-
2	1	774	0	0	0	5513	2560	31	9	-1	
3	1	774	1	0	0	5513	2560	31	9	-1	
4	1	774	1	1	0	5513	2560	31	9	-1	
5	1	774	1	1	1	5513	2560	31	9	64.940811	me
2	1	775	0	0	0	5513	2549	32	13	-1	
3	1	775	1	0	0	5513	2549	32	13	-1	
4	1	775	1	1	0	5513	2549	32	13	-1	
5	1	775	1	1	1	5513	2549	32	13	80.511497	Bo
2	1	776	0	0	0	6605	2540	55	12	-1	
3	1	776	1	0	0	6605	2540	55	12	-1	
4	1	776	1	1	0	6605	2540	55	12	-1	
5	1	776	1	1	1	6605	2540	55	12	0.000000	L--
2	1	777	0	0	0	6823	2541	30	11	-1	
3	1	777	1	0	0	6823	2541	30	11	-1	
4	1	777	1	1	0	6823	2541	30	11	-1	
5	1	777	1	1	1	6823	2541	30	11	0.000000	—™
2	1	778	0	0	0	6823	2553	31	13	-1	
3	1	778	1	0	0	6823	2553	31	13	-1	
4	1	778	1	1	0	6823	2553	31	13	-1	
5	1	778	1	1	1	6823	2553	31	13	11.730080	Pra)
2	1	779	0	0	0	7155	2555	31	11	-1	
3	1	779	1	0	0	7155	2555	31	11	-1	
4	1	779	1	1	0	7155	2555	31	11	-1	
5	1	779	1	1	1	7155	2555	31	11	39.126858	Oa
2	1	780	0	0	0	7155	2543	31	10	-1	
3	1	780	1	0	0	7155	2543	31	10	-1	
4	1	780	1	1	0	7155	2543	31	10	-1	
5	1	780	1	1	1	7155	2543	31	10	35.380539	ox
2	1	781	0	0	0	2837	2554	389	26	-1	
3	1	781	1	0	0	2837	2554	389	26	-1	
4	1	781	1	1	0	2837	2554	389	26	-1	
5	1	781	1	1	1	2837	2554	389	26	0.000000	MXLMOXNOVODOOOO@O
2	1	782	0	0	0	3150	2592	42	9	-1	
3	1	782	1	0	0	3150	2592	42	9	-1	
4	1	782	1	1	0	3150	2592	42	9	-1	
5	1	782	1	1	1	3150	2592	42	9	10.241943	(eed
2	1	783	0	0	0	3525	2555	388	26	-1	
3	1	783	1	0	0	3525	2555	388	26	-1	
4	1	783	1	1	0	3525	2555	388	26	-1	
5	1	783	1	1	1	3525	2555	388	26	0.000000	MNAXMOODOOOOIDO
2	1	784	0	0	0	3839	2593	43	9	-1	
3	1	784	1	0	0	3839	2593	43	9	-1	
4	1	784	1	1	0	3839	2593	43	9	-1	
5	1	784	1	1	1	3839	2593	43	9	27.375351	a
2	1	785	0	0	0	4574	2563	61	17	-1	
3	1	785	1	0	0	4574	2563	61	17	-1	
4	1	785	1	1	0	4574	2563	61	17	-1	
5	1	785	1	1	1	4574	2563	61	17	16.451065	1c826
2	1	786	0	0	0	4782	2573	40	15	-1	
3	1	786	1	0	0	4782	2573	40	15	-1	
4	1	786	1	1	0	4782	2573	40	15	-1	
5	1	786	1	1	1	4782	2573	40	15	56.334732	R627|
2	1	787	0	0	0	4954	2581	32	12	-1	
3	1	787	1	0	0	4954	2581	32	12	-1	
4	1	787	1	1	0	4954	2581	32	12	-1	
5	1	787	1	1	1	4954	2581	32	12	51.131393	Qo
2	1	788	0	0	0	4954	2566	32	13	-1	
3	1	788	1	0	0	4954	2566	32	13	-1	
4	1	788	1	1	0	4954	2566	32	13	-1	
5	1	788	1	1	1	4954	2566	32	13	43.893700	ao
2	1	789	0	0	0	5449	2578	42	14	-1	
3	1	789	1	0	0	5449	2578	42	14	-1	
4	1	789	1	1	0	5449	2578	42	14	-1	
5	1	789	1	1	1	5449	2578	42	14	73.365067	R837
2	1	790	0	0	0	5512	2573	33	10	-1	
3	1	790	1	0	0	5512	2573	33	10	-1	
4	1	790	1	1	0	5512	2573	33	10	-1	
5	1	790	1	1	1	5512	2573	33	10	68.981339	a>
2	1	791	0	0	0	5512	2585	34	12	-1	
3	1	791	1	0	0	5512	2585	34	12	-1	
4	1	791	1	1	0	5512	2585	34	12	-1	
5	1	791	1	1	1	5512	2585	34	12	74.152893	veo
2	1	792	0	0	0	6568	2585	127	14	-1	
3	1	792	1	0	0	6568	2585	127	14	-1	
4	1	792	1	1	0	6568	2585	127	14	-1	
5	1	792	1	1	1	6568	2585	44	14	52.291954	R857
5	1	792	1	1	2	6626	2585	32	14	8.302422	B2(
5	1	792	1	1	3	6665	2585	30	14	8.302422	Iw)
2	1	793	0	0	0	6823	2568	31	20	-1	
3	1	793	1	0	0	6823	2568	31	20	-1	
4	1	793	1	1	0	6823	2568	31	20	-1	
5	1	793	1	1	1	6823	2568	31	20	67.466011	gn
2	1	794	0	0	0	7155	2568	31	13	-1	
3	1	794	1	0	0	7155	2568	31	13	-1	
4	1	794	1	1	0	7155	2568	31	13	-1	
5	1	794	1	1	1	7155	2568	31	13	6.527069	Dee
2	1	795	0	0	0	2844	2610	68	11	-1	
3	1	795	1	0	0	2844	2610	68	11	-1	
4	1	795	1	1	0	2844	2610	68	11	-1	
5	1	795	1	1	1	2844	2610	68	11	63.855732	oom
2	1	796	0	0	0	2844	2588	265	18	-1	
3	1	796	1	0	0	2844	2588	265	18	-1	
4	1	796	1	1	0	2844	2588	265	18	-1	
5	1	796	1	1	1	2844	2581	178	29	29.071030	N-OM*MRO
5	1	796	1	1	2	3040	2591	69	11	49.978977	HTM
2	1	797	0	0	0	2899	2602	210	12	-1	
3	1	797	1	0	0	2899	2602	210	12	-1	
4	1	797	1	1	0	2899	2602	210	12	-1	
5	1	797	1	1	1	2899	2595	129	28	0.000000	pP72nODO
5	1	797	1	1	2	3044	2595	65	28	69.348946	DOOD
2	1	798	0	0	0	3150	2604	43	11	-1	
3	1	798	1	0	0	3150	2604	43	11	-1	
4	1	798	1	1	0	3150	2604	43	11	-1	
5	1	798	1	1	1	3150	2604	43	11	74.325478	oo
2	1	799	0	0	0	3530	2614	72	11	-1	
3	1	799	1	0	0	3530	2614	72	11	-1	
4	1	799	1	1	0	3530	2614	72	11	-1	
5	1	799	1	1	1	3530	2614	72	11	30.941063	ooo
2	1	800	0	0	0	3530	2591	239	18	-1	
3	1	800	1	0	0	3530	2591	239	18	-1	
4	1	800	1	1	0	3530	2591	239	18	-1	
5	1	800	1	1	1	3530	2592	43	17	0.000000	Nr
5	1	800	1	1	2	3592	2591	91	12	0.000000	OFmr
5	1	800	1	1	3	3699	2592	70	10	0.000000	wns
2	1	801	0	0	0	3614	2605	183	11	-1	
3	1	801	1	0	0	3614	2605	183	11	-1	
4	1	801	1	1	0	3614	2605	183	11	-1	
5	1	801	1	1	1	3614	2605	99	11	0.000000	anno
5	1	801	1	1	2	3731	2597	66	28	0.000000	oawm
2	1	802	0	0	0	3838	2605	44	11	-1	
3	1	802	1	0	0	3838	2605	44	11	-1	
4	1	802	1	1	0	3838	2605	44	11	-1	
5	1	802	1	1	1	3838	2605	44	11	75.504715	oo
2	1	803	0	0	0	4184	2618	55	13	-1	
3	1	803	1	0	0	4184	2618	55	13	-1	
4	1	803	1	1	0	4184	2618	55	13	-1	
5	1	803	1	1	1	4184	2618	55	13	61.889923	1c826
2	1	804	0	0	0	4787	2591	34	15	-1	
3	1	804	1	0	0	4787	2591	34	15	-1	
4	1	804	1	1	0	4787	2591	34	15	-1	
5	1	804	1	1	1	4787	2591	34	15	0.000000	3.2K
2	1	805	0	0	0	5144	2525	294	104	-1	
3	1	805	1	0	0	5144	2525	294	104	-1	
4	1	805	1	1	0	5144	2525	294	104	-1	
5	1	805	1	1	1	5144	2525	294	104	0.000000	ai;
2	1	806	0	0	0	5454	2597	37	14	-1	
3	1	806	1	0	0	5454	2597	37	14	-1	
4	1	806	1	1	0	5454	2597	37	14	-1	
5	1	806	1	1	1	5454	2597	37	14	95.175835	3.3K
2	1	807	0	0	0	6770	2592	29	16	-1	
3	1	807	1	0	0	6770	2592	29	16	-1	
4	1	807	1	1	0	6770	2592	29	16	-1	
5	1	807	1	1	1	6770	2592	29	16	30.389984	12V.
2	1	808	0	0	0	2674	2625	64	17	-1	
3	1	808	1	0	0	2674	2625	64	17	-1	
4	1	808	1	1	0	2674	2625	64	17	-1	
5	1	808	1	1	1	2674	2625	64	17	19.081032	(C823
2	1	809	0	0	0	3418	2628	68	16	-1	
3	1	809	1	0	0	3418	2628	68	16	-1	
4	1	809	1	1	0	3418	2628	68	16	-1	
5	1	809	1	1	1	3418	2628	68	16	16.861618	1c822
2	1	810	0	0	0	4183	2635	10	12	-1	
3	1	810	1	0	0	4183	2635	10	12	-1	
4	1	810	1	1	0	4183	2635	10	12	-1	
5	1	810	1	1	1	4183	2635	10	12	73.335022	P
2	1	811	0	0	0	4328	2622	39	14	-1	
3	1	811	1	0	0	4328	2622	39	14	-1	
4	1	811	1	1	0	4328	2622	39	14	-1	
5	1	811	1	1	1	4328	2622	39	14	17.701202	-I5V
2	1	812	0	0	0	5180	2639	32	12	-1	
3	1	812	1	0	0	5180	2639	32	12	-1	
4	1	812	1	1	0	5180	2639	32	12	-1	
5	1	812	1	1	1	5180	2639	32	12	23.994507	ay
2	1	813	0	0	0	5408	2635	22	14	-1	
3	1	813	1	0	0	5408	2635	22	14	-1	
4	1	813	1	1	0	5408	2635	22	14	-1	
5	1	813	1	1	1	5408	2635	22	14	56.344753	Ovi
2	1	814	0	0	0	6709	2612	380	30	-1	
3	1	814	1	0	0	6709	2612	380	30	-1	
4	1	814	1	1	0	6709	2612	380	30	-1	
5	1	814	1	1	1	6709	2612	70	30	4.583176	a
5	1	814	1	1	2	6811	2612	220	30	26.620560	ee
5	1	814	1	1	3	7042	2621	47	15	28.516228	or
2	1	815	0	0	0	334	2577	954	97	-1	
3	1	815	1	0	0	334	2577	954	97	-1	
4	1	815	1	1	0	334	2577	954	97	-1	
5	1	815	1	1	1	334	2577	57	97	0.000000	/H
5	1	815	1	1	2	414	2577	18	97	95.068047	|
5	1	815	1	1	3	475	2591	162	39	96.434647	LASER
5	1	815	1	1	4	654	2591	200	39	96.163261	SWITCH
5	1	815	1	1	5	873	2591	254	41	92.308754	CONTROL
5	1	815	1	1	6	1146	2594	142	39	89.400253	P.C.B.
2	1	816	0	0	0	2846	2647	371	37	-1	
3	1	816	1	0	0	2846	2647	371	37	-1	
4	1	816	1	1	0	2846	2647	371	37	-1	
5	1	816	1	1	1	2846	2648	68	29	96.386436	D/A
5	1	816	1	1	2	2926	2647	175	30	93.296768	Converter
5	1	816	1	1	3	3113	2648	104	36	83.247620	(Rch.)
2	1	817	0	0	0	3534	2647	365	36	-1	
3	1	817	1	0	0	3534	2647	365	36	-1	
4	1	817	1	1	0	3534	2647	365	36	-1	
5	1	817	1	1	1	3534	2648	67	29	96.800591	D/A
5	1	817	1	1	2	3614	2647	173	30	91.496521	Converter
5	1	817	1	1	3	3800	2647	99	36	91.496521	(Lch.)
2	1	818	0	0	0	4184	2651	17	13	-1	
3	1	818	1	0	0	4184	2651	17	13	-1	
4	1	818	1	1	0	4184	2651	17	13	-1	
5	1	818	1	1	1	4184	2651	17	13	76.510498	Pi
2	1	819	0	0	0	4203	2636	109	31	-1	
3	1	819	1	0	0	4203	2636	109	31	-1	
4	1	819	1	1	0	4203	2636	109	31	-1	
5	1	819	1	1	1	4203	2636	22	31	48.352455	oy
5	1	819	1	1	2	4232	2640	37	24	0.000000	Tez
5	1	819	1	1	3	4277	2651	35	13	61.682735	048
2	1	820	0	0	0	4956	2664	33	12	-1	
3	1	820	1	0	0	4956	2664	33	12	-1	
4	1	820	1	1	0	4956	2664	33	12	-1	
5	1	820	1	1	1	4956	2664	33	12	31.401657	al
2	1	821	0	0	0	4956	2652	33	13	-1	
3	1	821	1	0	0	4956	2652	33	13	-1	
4	1	821	1	1	0	4956	2652	33	13	-1	
5	1	821	1	1	1	4956	2652	33	13	44.006771	Ng
2	1	822	0	0	0	5179	2675	33	12	-1	
3	1	822	1	0	0	5179	2675	33	12	-1	
4	1	822	1	1	0	5179	2675	33	12	-1	
5	1	822	1	1	1	5179	2675	33	12	52.319622	oe
2	1	823	0	0	0	5179	2645	49	17	-1	
3	1	823	1	0	0	5179	2645	49	17	-1	
4	1	823	1	1	0	5179	2645	49	17	-1	
5	1	823	1	1	1	5179	2645	49	17	19.530647	SNt
2	1	824	0	0	0	6551	2660	124	15	-1	
3	1	824	1	0	0	6551	2660	124	15	-1	
4	1	824	1	1	0	6551	2660	124	15	-1	
5	1	824	1	1	1	6551	2660	41	15	38.471756	REE!
5	1	824	1	1	2	6608	2660	30	15	0.000000	B21
5	1	824	1	1	3	6646	2660	29	14	0.000000	IW)
2	1	825	0	0	0	6690	2648	66	19	-1	
3	1	825	1	0	0	6690	2648	66	19	-1	
4	1	825	1	1	0	6690	2648	66	19	-1	
5	1	825	1	1	1	6690	2648	66	19	33.019707	+138
2	1	826	0	0	0	6977	2668	34	12	-1	
3	1	826	1	0	0	6977	2668	34	12	-1	
4	1	826	1	1	0	6977	2668	34	12	-1	
5	1	826	1	1	1	6977	2668	34	12	47.786919	or
2	1	827	0	0	0	6978	2656	33	14	-1	
3	1	827	1	0	0	6978	2656	33	14	-1	
4	1	827	1	1	0	6978	2656	33	14	-1	
5	1	827	1	1	1	6978	2656	33	14	60.479198	on
2	1	828	0	0	0	5278	2698	22	14	-1	
3	1	828	1	0	0	5278	2698	22	14	-1	
4	1	828	1	1	0	5278	2698	22	14	-1	
5	1	828	1	1	1	5278	2698	22	14	88.580276	ov
2	1	829	0	0	0	5339	2681	64	16	-1	
3	1	829	1	0	0	5339	2681	64	16	-1	
4	1	829	1	1	0	5339	2681	64	16	-1	
5	1	829	1	1	1	5339	2681	64	16	5.880203	1c828
2	1	830	0	0	0	6722	2679	34	12	-1	
3	1	830	1	0	0	6722	2679	34	12	-1	
4	1	830	1	1	0	6722	2679	34	12	-1	
5	1	830	1	1	1	6722	2679	34	12	89.352852	o>
2	1	831	0	0	0	6822	2676	33	15	-1	
3	1	831	1	0	0	6822	2676	33	15	-1	
4	1	831	1	1	0	6822	2676	33	15	-1	
5	1	831	1	1	1	6822	2676	33	15	93.529198	Bo
2	1	832	0	0	0	6977	2691	34	14	-1	
3	1	832	1	0	0	6977	2691	34	14	-1	
4	1	832	1	1	0	6977	2691	34	14	-1	
5	1	832	1	1	1	6977	2691	34	14	54.331684	eo
2	1	833	0	0	0	6977	2680	34	12	-1	
3	1	833	1	0	0	6977	2680	34	12	-1	
4	1	833	1	1	0	6977	2680	34	12	-1	
5	1	833	1	1	1	6977	2680	34	12	41.867409	o>
2	1	834	0	0	0	7097	2672	61	32	-1	
3	1	834	1	0	0	7097	2672	61	32	-1	
4	1	834	1	1	0	7097	2672	61	32	-1	
5	1	834	1	1	1	7097	2672	61	32	34.477432	2°]
2	1	835	0	0	0	2844	2710	96	19	-1	
3	1	835	1	0	0	2844	2710	96	19	-1	
4	1	835	1	1	0	2844	2710	96	19	-1	
5	1	835	1	1	1	2844	2710	40	19	0.000000	ns
5	1	835	1	1	2	2901	2710	39	11	0.000000	no
2	1	836	0	0	0	2900	2727	12	3	-1	
3	1	836	1	0	0	2900	2727	12	3	-1	
4	1	836	1	1	0	2900	2727	12	3	-1	
5	1	836	1	1	1	2900	2727	12	3	65.611855	=
2	1	837	0	0	0	3040	2712	41	23	-1	
3	1	837	1	0	0	3040	2712	41	23	-1	
4	1	837	1	1	0	3040	2712	41	23	-1	
5	1	837	1	1	1	3040	2712	41	23	30.777649	Zio
2	1	838	0	0	0	3530	2713	42	12	-1	
3	1	838	1	0	0	3530	2713	42	12	-1	
4	1	838	1	1	0	3530	2713	42	12	-1	
5	1	838	1	1	1	3530	2713	42	12	79.396652	oF
2	1	839	0	0	0	3530	2727	71	6	-1	
3	1	839	1	0	0	3530	2727	71	6	-1	
4	1	839	1	1	0	3530	2727	71	6	-1	
5	1	839	1	1	1	3530	2727	71	6	21.395309	cl
2	1	840	0	0	0	3699	2726	70	12	-1	
3	1	840	1	0	0	3699	2726	70	12	-1	
4	1	840	1	1	0	3699	2726	70	12	-1	
5	1	840	1	1	1	3699	2726	70	12	17.118996	2Z0o
2	1	841	0	0	0	3810	2724	42	12	-1	
3	1	841	1	0	0	3810	2724	42	12	-1	
4	1	841	1	1	0	3810	2724	42	12	-1	
5	1	841	1	1	1	3810	2724	42	12	90.206276	a>
2	1	842	0	0	0	2843	2725	179	21	-1	
3	1	842	1	0	0	2843	2725	179	21	-1	
4	1	842	1	1	0	2843	2725	179	21	-1	
5	1	842	1	1	1	2843	2725	179	21	35.397018	aoaonr>ta
2	1	843	0	0	0	3039	2737	41	10	-1	
3	1	843	1	0	0	3039	2737	41	10	-1	
4	1	843	1	1	0	3039	2737	41	10	-1	
5	1	843	1	1	1	3039	2737	41	10	34.854248	oF
2	1	844	0	0	0	3530	2734	211	15	-1	
3	1	844	1	0	0	3530	2734	211	15	-1	
4	1	844	1	1	0	3530	2734	211	15	-1	
5	1	844	1	1	1	3530	2734	211	15	0.000000	Onamaneensd
2	1	845	0	0	0	4174	2747	178	3	-1	
3	1	845	1	0	0	4174	2747	178	3	-1	
4	1	845	1	1	0	4174	2747	178	3	-1	
5	1	845	1	1	1	4174	2747	178	3	21.547310	see
5	1	845	1	1	2	4326	2731	29	28	15.944763	=
2	1	846	0	0	0	4469	2747	395	4	-1	
3	1	846	1	0	0	4469	2747	395	4	-1	
4	1	846	1	1	0	4469	2747	395	4	-1	
5	1	846	1	1	1	4469	2747	15	3	0.000000	-
5	1	846	1	1	2	4493	2747	33	3	21.528053	a
2	1	847	0	0	0	4915	2747	62	3	-1	
3	1	847	1	0	0	4915	2747	62	3	-1	
4	1	847	1	1	0	4915	2747	62	3	-1	
5	1	847	1	1	1	4915	2747	62	3	35.756935	a
2	1	848	0	0	0	2836	2756	192	25	-1	
3	1	848	1	0	0	2836	2756	192	25	-1	
4	1	848	1	1	0	2836	2756	192	25	-1	
5	1	848	1	1	1	2836	2756	192	25	20.953278	DORBOODD
2	1	849	0	0	0	3033	2757	136	25	-1	
3	1	849	1	0	0	3033	2757	136	25	-1	
4	1	849	1	1	0	3033	2757	136	25	-1	
5	1	849	1	1	1	3033	2757	136	25	0.000000	OID
2	1	850	0	0	0	3174	2758	51	24	-1	
3	1	850	1	0	0	3174	2758	51	24	-1	
4	1	850	1	1	0	3174	2758	51	24	-1	
5	1	850	1	1	1	3174	2758	51	24	0.000000	ee)
2	1	851	0	0	0	3524	2757	193	25	-1	
3	1	851	1	0	0	3524	2757	193	25	-1	
4	1	851	1	1	0	3524	2757	193	25	-1	
5	1	851	1	1	1	3524	2757	193	25	13.930786	DORODODA
2	1	852	0	0	0	3721	2758	80	24	-1	
3	1	852	1	0	0	3721	2758	80	24	-1	
4	1	852	1	1	0	3721	2758	80	24	-1	
5	1	852	1	1	1	3721	2758	80	24	36.978111	2E@
2	1	853	0	0	0	3805	2758	24	24	-1	
3	1	853	1	0	0	3805	2758	24	24	-1	
4	1	853	1	1	0	3805	2758	24	24	-1	
5	1	853	1	1	1	3805	2758	24	24	32.271248	2)
2	1	854	0	0	0	3861	2758	51	24	-1	
3	1	854	1	0	0	3861	2758	51	24	-1	
4	1	854	1	1	0	3861	2758	51	24	-1	
5	1	854	1	1	1	3861	2758	51	24	22.159340	e9
2	1	855	0	0	0	3983	2761	37	17	-1	
3	1	855	1	0	0	3983	2761	37	17	-1	
4	1	855	1	1	0	3983	2761	37	17	-1	
5	1	855	1	1	1	3983	2761	37	17	21.995934	Le]
2	1	856	0	0	0	4179	2775	172	3	-1	
3	1	856	1	0	0	4179	2775	172	3	-1	
4	1	856	1	1	0	4179	2775	172	3	-1	
5	1	856	1	1	1	4179	2775	172	3	1.959038	sea
2	1	857	0	0	0	4464	2775	394	4	-1	
3	1	857	1	0	0	4464	2775	394	4	-1	
4	1	857	1	1	0	4464	2775	394	4	-1	
5	1	857	1	1	1	4464	2776	15	2	8.551926	J
2	1	858	0	0	0	4924	2775	642	4	-1	
3	1	858	1	0	0	4924	2775	642	4	-1	
4	1	858	1	1	0	4924	2775	642	4	-1	
5	1	858	1	1	1	4924	2776	34	3	8.925995	--
5	1	858	1	1	2	4965	2775	601	4	0.000000	ee
2	1	859	0	0	0	3165	2794	94	13	-1	
3	1	859	1	0	0	3165	2794	94	13	-1	
4	1	859	1	1	0	3165	2794	94	13	-1	
5	1	859	1	1	1	3165	2794	30	13	40.863327	ISV
5	1	859	1	1	2	3219	2794	40	13	40.863327	]-I5V
2	1	860	0	0	0	3913	2794	41	14	-1	
3	1	860	1	0	0	3913	2794	41	14	-1	
4	1	860	1	1	0	3913	2794	41	14	-1	
5	1	860	1	1	1	3913	2794	41	14	38.012444	-15V
2	1	861	0	0	0	4043	2092	67	721	-1	
3	1	861	1	0	0	4043	2092	67	721	-1	
4	1	861	1	1	0	4043	2092	67	721	-1	
5	1	861	1	1	1	4043	2092	67	721	94.930336	|
2	1	862	0	0	0	4546	2807	83	14	-1	
3	1	862	1	0	0	4546	2807	83	14	-1	
4	1	862	1	1	0	4546	2807	83	14	-1	
5	1	862	1	1	1	4546	2807	13	14	61.093018	4
5	1	862	1	1	2	4570	2807	59	14	12.844284	-I5Vb
2	1	863	0	0	0	6911	2810	39	3	-1	
3	1	863	1	0	0	6911	2810	39	3	-1	
4	1	863	1	1	0	6911	2810	39	3	-1	
5	1	863	1	1	1	6911	2810	39	3	0.000000	SN
2	1	864	0	0	0	7094	2799	53	21	-1	
3	1	864	1	0	0	7036	2788	111	37	-1	
4	1	864	1	1	0	7094	2799	53	21	-1	
5	1	864	1	1	1	7094	2799	53	21	30.703796	Rech
2	1	865	0	0	0	2843	2829	41	9	-1	
3	1	865	1	0	0	2843	2829	41	9	-1	
4	1	865	1	1	0	2843	2829	41	9	-1	
5	1	865	1	1	1	2843	2829	41	9	0.000000	-n
2	1	866	0	0	0	2843	2841	95	11	-1	
3	1	866	1	0	0	2843	2841	95	11	-1	
4	1	866	1	1	0	2843	2841	95	11	-1	
5	1	866	1	1	1	2843	2841	95	11	72.581123	oo
5	1	866	1	1	2	2897	2833	12	28	54.989326	®
5	1	866	1	1	3	2925	2833	17	28	60.083782	@
2	1	867	0	0	0	2955	2817	24	14	-1	
3	1	867	1	0	0	2955	2817	24	14	-1	
4	1	867	1	1	0	2955	2817	24	14	-1	
5	1	867	1	1	1	2955	2817	24	14	71.729843	ov
2	1	868	0	0	0	3087	2817	24	14	-1	
3	1	868	1	0	0	3087	2817	24	14	-1	
4	1	868	1	1	0	3087	2817	24	14	-1	
5	1	868	1	1	1	3087	2817	24	14	77.049332	OV
2	1	869	0	0	0	3529	2842	99	12	-1	
3	1	869	1	0	0	3529	2842	99	12	-1	
4	1	869	1	1	0	3529	2842	99	12	-1	
5	1	869	1	1	1	3529	2834	22	28	0.000000	ve
5	1	869	1	1	2	3558	2842	70	12	0.000000	ouK0
2	1	870	0	0	0	3530	2831	98	12	-1	
3	1	870	1	0	0	3530	2831	98	12	-1	
4	1	870	1	1	0	3530	2831	98	12	-1	
5	1	870	1	1	1	3530	2831	98	12	15.723404	sume
2	1	871	0	0	0	3771	2817	112	14	-1	
3	1	871	1	0	0	3771	2817	112	14	-1	
4	1	871	1	1	0	3771	2817	112	14	-1	
5	1	871	1	1	1	3771	2817	62	14	47.710266	OV(OV)
5	1	871	1	1	2	3856	2818	27	13	0.000000	Lisv
2	1	872	0	0	0	3904	2815	248	20	-1	
3	1	872	1	0	0	3904	2815	248	20	-1	
4	1	872	1	1	0	3904	2815	248	20	-1	
5	1	872	1	1	1	3904	2815	248	20	47.521515	po
2	1	873	0	0	0	4519	2830	108	14	-1	
3	1	873	1	0	0	4519	2830	108	14	-1	
4	1	873	1	1	0	4519	2830	108	14	-1	
5	1	873	1	1	1	4519	2830	39	13	0.000000	—H
5	1	873	1	1	2	4581	2830	46	14	0.000000	15Vb
2	1	874	0	0	0	5151	2822	27	14	-1	
3	1	874	1	0	0	5151	2822	27	14	-1	
4	1	874	1	1	0	5151	2822	27	14	-1	
5	1	874	1	1	1	5151	2822	27	14	42.125946	15V
2	1	875	0	0	0	5554	2808	192	30	-1	
3	1	875	1	0	0	5554	2808	192	30	-1	
4	1	875	1	1	0	5554	2808	192	30	-1	
5	1	875	1	1	1	5554	2808	192	30	90.271332	CLASS-AA
2	1	876	0	0	0	6273	2849	125	4	-1	
3	1	876	1	0	0	6273	2849	125	4	-1	
4	1	876	1	1	0	6273	2849	125	4	-1	
5	1	876	1	1	1	6273	2849	125	4	0.000000	cece
2	1	877	0	0	0	6402	2846	32	7	-1	
3	1	877	1	0	0	6402	2846	32	7	-1	
4	1	877	1	1	0	6402	2846	32	7	-1	
5	1	877	1	1	1	6402	2846	32	7	42.896687	ee
2	1	878	0	0	0	3794	2870	31	11	-1	
3	1	878	1	0	0	3794	2870	31	11	-1	
4	1	878	1	1	0	3794	2870	31	11	-1	
5	1	878	1	1	1	3794	2870	31	11	59.913910	o>
2	1	879	0	0	0	3794	2846	31	11	-1	
3	1	879	1	0	0	3794	2846	31	11	-1	
4	1	879	1	1	0	3794	2846	31	11	-1	
5	1	879	1	1	1	3794	2846	31	11	0.000000	Oa)
2	1	880	0	0	0	3794	2859	32	9	-1	
3	1	880	1	0	0	3794	2859	32	9	-1	
4	1	880	1	1	0	3794	2859	32	9	-1	
5	1	880	1	1	1	3794	2859	32	9	35.755493	um
2	1	881	0	0	0	3922	2851	35	13	-1	
3	1	881	1	0	0	3922	2851	35	13	-1	
4	1	881	1	1	0	3922	2851	35	13	-1	
5	1	881	1	1	1	3922	2851	35	13	30.691849	mn
2	1	882	0	0	0	4947	2871	29	12	-1	
3	1	882	1	0	0	4947	2871	29	12	-1	
4	1	882	1	1	0	4947	2871	29	12	-1	
5	1	882	1	1	1	4947	2871	29	12	33.625183	Pia
2	1	883	0	0	0	5154	2861	39	15	-1	
3	1	883	1	0	0	5154	2861	39	15	-1	
4	1	883	1	1	0	5154	2861	39	15	-1	
5	1	883	1	1	1	5154	2861	39	15	78.332336	Play
2	1	884	0	0	0	6739	2809	78	61	-1	
3	1	884	1	0	0	6739	2809	78	61	-1	
4	1	884	1	1	0	6739	2809	78	61	-1	
5	1	884	1	1	1	6739	2809	78	61	21.575325	Te
2	1	885	0	0	0	6916	2864	30	11	-1	
3	1	885	1	0	0	6916	2864	30	11	-1	
4	1	885	1	1	0	6916	2864	30	11	-1	
5	1	885	1	1	1	6916	2864	30	11	45.894913	vo
2	1	886	0	0	0	6975	2837	32	39	-1	
3	1	886	1	0	0	6975	2837	32	39	-1	
4	1	886	1	1	0	6975	2837	32	39	-1	
5	1	886	1	1	1	6975	2837	32	39	48.176163	Bs
2	1	887	0	0	0	7046	2829	208	55	-1	
3	1	887	1	0	0	7046	2829	208	55	-1	
4	1	887	1	1	0	7046	2829	208	55	-1	
5	1	887	1	1	1	7046	2829	14	55	60.197227	]
5	1	887	1	1	2	7107	2847	73	21	96.657196	LINE
5	1	887	1	1	3	7196	2847	58	21	95.762169	OUT
2	1	888	0	0	0	2808	2898	82	14	-1	
3	1	888	1	0	0	2808	2898	82	14	-1	
4	1	888	1	1	0	2808	2898	82	14	-1	
5	1	888	1	1	1	2808	2898	82	14	50.064613	ov(2.5V)
2	1	889	0	0	0	3410	2874	87	15	-1	
3	1	889	1	0	0	3410	2874	87	15	-1	
4	1	889	1	1	0	3410	2874	87	15	-1	
5	1	889	1	1	1	3410	2874	87	15	55.637749	Ovi25v)
2	1	890	0	0	0	3793	2882	33	11	-1	
3	1	890	1	0	0	3793	2882	33	11	-1	
4	1	890	1	1	0	3793	2882	33	11	-1	
5	1	890	1	1	1	3793	2882	33	11	53.616123	oe
2	1	891	0	0	0	3830	2863	88	47	-1	
3	1	891	1	0	0	3830	2863	88	47	-1	
4	1	891	1	1	0	3830	2863	88	47	-1	
5	1	891	1	1	1	3830	2863	88	47	74.720856	it
2	1	892	0	0	0	3922	2886	35	13	-1	
3	1	892	1	0	0	3922	2886	35	13	-1	
4	1	892	1	1	0	3922	2886	35	13	-1	
5	1	892	1	1	1	3922	2886	35	13	66.042496	ve
2	1	893	0	0	0	3923	2875	34	14	-1	
3	1	893	1	0	0	3923	2875	34	14	-1	
4	1	893	1	1	0	3923	2875	34	14	-1	
5	1	893	1	1	1	3923	2875	34	14	0.000000	Q>
2	1	894	0	0	0	4191	2855	193	30	-1	
3	1	894	1	0	0	4191	2855	193	30	-1	
4	1	894	1	1	0	4191	2855	193	30	-1	
5	1	894	1	1	1	4191	2855	193	30	90.538109	CLASS-AA
2	1	895	0	0	0	4950	2890	85	13	-1	
3	1	895	1	0	0	4950	2890	85	13	-1	
4	1	895	1	1	0	4950	2890	85	13	-1	
5	1	895	1	1	1	4950	2886	40	27	0.000000	ikH2
5	1	895	1	1	2	5002	2890	33	13	4.044098	OdB
2	1	896	0	0	0	5155	2877	84	13	-1	
3	1	896	1	0	0	5155	2877	84	13	-1	
4	1	896	1	1	0	5155	2877	84	13	-1	
5	1	896	1	1	1	5155	2878	41	12	0.000000	IkHz
5	1	896	1	1	2	5205	2877	34	13	19.081848	O68
2	1	897	0	0	0	5338	2878	125	16	-1	
3	1	897	1	0	0	5338	2878	125	16	-1	
4	1	897	1	1	0	5338	2878	125	16	-1	
5	1	897	1	1	1	5338	2878	36	16	92.156029	Play
5	1	897	1	1	2	5383	2879	37	12	30.462273	IkHz
5	1	897	1	1	3	5429	2878	34	13	49.807251	OdB
2	1	898	0	0	0	5554	2854	201	36	-1	
3	1	898	1	0	0	5554	2854	201	36	-1	
4	1	898	1	1	0	5554	2854	201	36	-1	
5	1	898	1	1	1	5554	2854	107	29	95.531525	Buffer
5	1	898	1	1	2	5672	2861	83	29	95.531525	amp.
2	1	899	0	0	0	6220	2878	62	15	-1	
3	1	899	1	0	0	6220	2878	62	15	-1	
4	1	899	1	1	0	6220	2878	62	15	-1	
5	1	899	1	1	1	6220	2878	62	15	28.490433	CNB0S
2	1	900	0	0	0	6383	2878	58	15	-1	
3	1	900	1	0	0	6383	2878	58	15	-1	
4	1	900	1	1	0	6383	2878	58	15	-1	
5	1	900	1	1	1	6383	2878	58	15	81.013344	BT805
2	1	901	0	0	0	6704	2870	148	30	-1	
3	1	901	1	0	0	6704	2870	148	30	-1	
4	1	901	1	1	0	6704	2870	148	30	-1	
5	1	901	1	1	1	6704	2870	148	30	20.454636	gee
2	1	902	0	0	0	4190	2901	218	36	-1	
3	1	902	1	0	0	4190	2901	218	36	-1	
4	1	902	1	1	0	4190	2901	218	36	-1	
5	1	902	1	1	1	4190	2901	130	36	94.937065	Sample
5	1	902	1	1	2	4333	2901	75	29	94.937065	hold
2	1	903	0	0	0	5146	2899	88	39	-1	
3	1	903	1	0	0	5146	2899	88	39	-1	
4	1	903	1	1	0	5146	2899	88	39	-1	
5	1	903	1	1	1	5146	2899	88	39	40.894699	Nts
2	1	904	0	0	0	6319	2906	36	14	-1	
3	1	904	1	0	0	6319	2906	36	14	-1	
4	1	904	1	1	0	6319	2906	36	14	-1	
5	1	904	1	1	1	6319	2906	36	14	95.661407	RCH
2	1	905	0	0	0	6440	2906	31	31	-1	
3	1	905	1	0	0	6440	2906	31	31	-1	
4	1	905	1	1	0	6440	2906	31	31	-1	
5	1	905	1	1	1	6440	2906	31	31	66.559959	0,
2	1	906	0	0	0	6537	2903	22	13	-1	
3	1	906	1	0	0	6537	2903	22	13	-1	
4	1	906	1	1	0	6537	2903	22	13	-1	
5	1	906	1	1	1	6537	2903	22	13	92.829384	47
2	1	907	0	0	0	7094	2899	54	21	-1	
3	1	907	1	0	0	7094	2899	54	21	-1	
4	1	907	1	1	0	7094	2899	54	21	-1	
5	1	907	1	1	1	7094	2899	54	21	79.044067	Lch
2	1	908	0	0	0	2983	2950	3	18	-1	
3	1	908	1	0	0	2983	2950	3	18	-1	
4	1	908	1	1	0	2983	2950	3	18	-1	
5	1	908	1	1	1	2983	2950	3	18	5.646667	j
2	1	909	0	0	0	4946	2910	129	51	-1	
3	1	909	1	0	0	4946	2910	129	51	-1	
4	1	909	1	1	0	4946	2910	129	51	-1	
5	1	909	1	1	1	4946	2910	129	51	20.490791	S|
2	1	910	0	0	0	5371	2901	93	42	-1	
3	1	910	1	0	0	5371	2901	93	42	-1	
4	1	910	1	1	0	5371	2901	93	42	-1	
5	1	910	1	1	1	5371	2901	93	42	43.826820	Wits
2	1	911	0	0	0	6797	2942	23	13	-1	
3	1	911	1	0	0	6797	2942	23	13	-1	
4	1	911	1	1	0	6797	2942	23	13	-1	
5	1	911	1	1	1	6797	2942	23	13	74.694962	47
2	1	912	0	0	0	6975	2936	32	30	-1	
3	1	912	1	0	0	6975	2936	32	30	-1	
4	1	912	1	1	0	6975	2936	32	30	-1	
5	1	912	1	1	1	6975	2936	32	30	52.152424	85
2	1	913	0	0	0	2722	2950	119	19	-1	
3	1	913	1	0	0	2722	2950	119	19	-1	
4	1	913	1	1	0	2722	2950	119	19	-1	
5	1	913	1	1	1	2722	2950	119	19	10.321617	1C822,823
2	1	914	0	0	0	3559	2962	43	14	-1	
3	1	914	1	0	0	3559	2962	43	14	-1	
4	1	914	1	1	0	3559	2962	43	14	-1	
5	1	914	1	1	1	3559	2962	43	14	59.077904	-15V
2	1	915	0	0	0	6211	2934	9	43	-1	
3	1	915	1	0	0	6211	2934	9	43	-1	
4	1	915	1	1	0	6211	2934	9	43	-1	
5	1	915	1	1	1	6211	2934	9	43	83.504105	J
2	1	916	0	0	0	6535	2972	40	15	-1	
3	1	916	1	0	0	6535	2972	40	15	-1	
4	1	916	1	1	0	6535	2972	40	15	-1	
5	1	916	1	1	1	6535	2972	40	15	58.770138	R892
2	1	917	0	0	0	6744	2979	128	17	-1	
3	1	917	1	0	0	6744	2979	128	17	-1	
4	1	917	1	1	0	6744	2979	128	17	-1	
5	1	917	1	1	1	6744	2979	39	17	0.000000	Ui,
5	1	917	1	1	2	6813	2983	59	13	0.000000	-4
2	1	918	0	0	0	6869	2961	77	17	-1	
3	1	918	1	0	0	6869	2961	77	17	-1	
4	1	918	1	1	0	6869	2961	77	17	-1	
5	1	918	1	1	1	6869	2961	3	14	18.580811	t
5	1	918	1	1	2	6916	2963	30	15	76.252403	Vo
2	1	919	0	0	0	3103	3014	33	10	-1	
3	1	919	1	0	0	3103	3014	33	10	-1	
4	1	919	1	1	0	3103	3014	33	10	-1	
5	1	919	1	1	1	3103	3014	33	10	21.900490	Ta
2	1	920	0	0	0	3103	3003	48	14	-1	
3	1	920	1	0	0	3103	3003	48	14	-1	
4	1	920	1	1	0	3103	3003	48	14	-1	
5	1	920	1	1	1	3103	3003	48	14	0.000000	wy
2	1	921	0	0	0	3228	3003	36	14	-1	
3	1	921	1	0	0	3228	3003	36	14	-1	
4	1	921	1	1	0	3228	3003	36	14	-1	
5	1	921	1	1	1	3228	3003	36	14	38.397083	og
2	1	922	0	0	0	3746	2987	30	14	-1	
3	1	922	1	0	0	3746	2987	30	14	-1	
4	1	922	1	1	0	3746	2987	30	14	-1	
5	1	922	1	1	1	3746	2987	30	14	6.354446	'SV
2	1	923	0	0	0	5983	2990	200	28	-1	
3	1	923	1	0	0	5983	2990	200	28	-1	
4	1	923	1	1	0	5983	2990	200	28	-1	
5	1	923	1	1	1	5983	3004	47	5	6.399834	caine
5	1	923	1	1	2	6039	2990	100	28	0.000000	acninnnsincee
5	1	923	1	1	3	6147	2990	36	28	0.000000	ety
2	1	924	0	0	0	6535	2988	22	14	-1	
3	1	924	1	0	0	6535	2988	22	14	-1	
4	1	924	1	1	0	6535	2988	22	14	-1	
5	1	924	1	1	1	6535	2988	22	14	94.540222	47
2	1	925	0	0	0	6766	3005	124	17	-1	
3	1	925	1	0	0	6766	3005	124	17	-1	
4	1	925	1	1	0	6766	3005	124	17	-1	
5	1	925	1	1	1	6766	3005	53	11	34.257576	SAF
5	1	925	1	1	2	6834	3008	56	14	50.039562	RLS
2	1	926	0	0	0	2714	2975	249	25	-1	
3	1	926	1	0	0	2714	2972	272	53	-1	
4	1	926	1	1	0	2714	2975	249	25	-1	
5	1	926	1	1	1	2714	2975	249	25	89.615387	SVIPCM54KP-M
2	1	927	0	0	0	3103	3037	32	11	-1	
3	1	927	1	0	0	3103	3037	32	11	-1	
4	1	927	1	1	0	3103	3037	32	11	-1	
5	1	927	1	1	1	3103	3037	32	11	70.346367	oo
2	1	928	0	0	0	3103	3026	32	10	-1	
3	1	928	1	0	0	3103	3026	32	10	-1	
4	1	928	1	1	0	3103	3026	32	10	-1	
5	1	928	1	1	1	3103	3026	32	10	82.877502	o>
2	1	929	0	0	0	3229	3021	35	20	-1	
3	1	929	1	0	0	3229	3021	35	20	-1	
4	1	929	1	1	0	3229	3021	35	20	-1	
5	1	929	1	1	1	3229	3021	35	20	71.220680	ge
2	1	930	0	0	0	4923	3012	125	20	-1	
3	1	930	1	0	0	4923	3012	125	20	-1	
4	1	930	1	1	0	4923	3012	125	20	-1	
5	1	930	1	1	1	4923	3013	21	16	46.575447	1C
5	1	930	1	1	2	4950	3012	98	20	96.393463	826,827
2	1	931	0	0	0	5274	3014	125	20	-1	
3	1	931	1	0	0	5274	3014	125	20	-1	
4	1	931	1	1	0	5274	3014	125	20	-1	
5	1	931	1	1	1	5274	3014	125	20	54.381710	1c828,829
2	1	932	0	0	0	6189	3000	31	33	-1	
3	1	932	1	0	0	6189	3000	31	33	-1	
4	1	932	1	1	0	6189	3000	31	33	-1	
5	1	932	1	1	1	6189	3000	31	33	12.370720	io
2	1	933	0	0	0	6441	3000	30	33	-1	
3	1	933	1	0	0	6441	3000	30	33	-1	
4	1	933	1	1	0	6441	3000	30	33	-1	
5	1	933	1	1	1	6441	3000	30	33	67.730865	&
2	1	934	0	0	0	6658	3013	54	33	-1	
3	1	934	1	0	0	6658	3013	54	33	-1	
4	1	934	1	1	0	6658	3013	54	33	-1	
5	1	934	1	1	1	6658	3013	54	33	34.566841	re
2	1	935	0	0	0	3144	3021	65	44	-1	
3	1	935	1	0	0	3144	3021	65	44	-1	
4	1	935	1	1	0	3144	3021	65	44	-1	
5	1	935	1	1	1	3144	3021	22	44	10.550987	T
5	1	935	1	1	2	3196	3035	13	12	8.437653	¥
2	1	936	0	0	0	5255	3039	176	25	-1	
3	1	936	1	0	0	5255	3039	176	25	-1	
4	1	936	1	1	0	5255	3039	176	25	-1	
5	1	936	1	1	1	5255	3039	176	25	15.725060	NJM55320D
2	1	937	0	0	0	2953	3082	23	14	-1	
3	1	937	1	0	0	2953	3082	23	14	-1	
4	1	937	1	1	0	2953	3082	23	14	-1	
5	1	937	1	1	1	2953	3082	23	14	88.439796	ov
2	1	938	0	0	0	4915	3037	181	49	-1	
3	1	938	1	0	0	4915	3037	181	49	-1	
4	1	938	1	1	0	4915	3037	181	49	-1	
5	1	938	1	1	1	4915	3037	181	49	1.225136	SVIMS258P
2	1	939	0	0	0	6537	3076	51	14	-1	
3	1	939	1	0	0	6537	3076	51	14	-1	
4	1	939	1	1	0	6537	3076	51	14	-1	
5	1	939	1	1	1	6537	3076	51	14	34.711349	(0.3)
2	1	940	0	0	0	6762	3089	56	15	-1	
3	1	940	1	0	0	6762	3089	56	15	-1	
4	1	940	1	1	0	6762	3089	56	15	-1	
5	1	940	1	1	1	6762	3089	56	15	61.897770	MAI6S
2	1	941	0	0	0	6885	3098	45	16	-1	
3	1	941	1	0	0	6885	3098	45	16	-1	
4	1	941	1	1	0	6885	3098	45	16	-1	
5	1	941	1	1	1	6885	3098	45	16	3.384560	aso
2	1	942	0	0	0	6599	3095	117	58	-1	
3	1	942	1	0	0	6599	3095	117	58	-1	
4	1	942	1	1	0	6599	3095	117	58	-1	
5	1	942	1	1	1	6599	3095	117	58	51.976009	Was
2	1	943	0	0	0	6754	3122	43	17	-1	
3	1	943	1	0	0	6754	3122	43	17	-1	
4	1	943	1	1	0	6754	3122	43	17	-1	
5	1	943	1	1	1	6754	3122	43	17	10.423805	69!
2	1	944	0	0	0	6881	3126	106	22	-1	
3	1	944	1	0	0	6881	3126	106	22	-1	
4	1	944	1	1	0	6881	3126	106	22	-1	
5	1	944	1	1	1	6881	3126	106	22	23.795044	UN4I14
2	1	945	0	0	0	6721	3175	37	14	-1	
3	1	945	1	0	0	6721	3175	37	14	-1	
4	1	945	1	1	0	6721	3175	37	14	-1	
5	1	945	1	1	1	6721	3175	37	14	60.300385	($v)
2	1	946	0	0	0	6724	3154	22	15	-1	
3	1	946	1	0	0	6724	3154	22	15	-1	
4	1	946	1	1	0	6724	3154	22	15	-1	
5	1	946	1	1	1	6724	3154	22	15	69.071617	SV
2	1	947	0	0	0	7079	3086	532	98	-1	
3	1	947	1	0	0	7079	3086	532	98	-1	
4	1	947	1	1	0	7079	3086	532	98	-1	
5	1	947	1	1	1	7079	3086	58	98	0.000000	/N
5	1	947	1	1	2	7152	3086	25	98	42.295536	|
5	1	947	1	1	3	7212	3094	113	38	95.362747	LINE
5	1	947	1	1	4	7343	3093	109	40	92.460777	OUT
5	1	947	1	1	5	7470	3093	141	39	89.946243	P.C.B.
2	1	948	0	0	0	6897	3166	120	36	-1	
3	1	948	1	0	0	6897	3166	120	36	-1	
4	1	948	1	1	0	6897	3166	120	36	-1	
5	1	948	1	1	1	6897	3166	120	36	92.288742	Muting
2	1	949	0	0	0	3424	3235	134	27	-1	
3	1	949	1	0	0	3424	3235	134	27	-1	
4	1	949	1	1	0	3424	3235	134	27	-1	
5	1	949	1	1	1	3424	3249	28	4	77.816971	—
5	1	949	1	1	2	3473	3235	85	27	84.473763	64
5	1	949	1	1	3	3533	3220	28	47	84.473763	—
2	1	950	0	0	0	7865	3235	134	26	-1	
3	1	950	1	0	0	7865	3235	134	26	-1	
4	1	950	1	1	0	7865	3235	134	26	-1	
5	1	950	1	1	1	7865	3248	29	4	90.472626	—
5	1	950	1	1	2	7914	3235	85	26	83.521233	66
5	1	950	1	1	3	7974	3222	27	44	83.521233	—
