level	page_num	block_num	par_num	line_num	word_num	left	top	width	height	conf	text
1	1	0	0	0	0	0	0	3528	9052	-1	
2	1	1	0	0	0	1568	137	49	10	-1	
3	1	1	1	0	0	1568	137	49	10	-1	
4	1	1	1	1	0	1568	137	49	10	-1	
5	1	1	1	1	1	1568	137	49	10	82.356346	oor
2	1	2	0	0	0	1567	160	31	10	-1	
3	1	2	1	0	0	1567	160	31	10	-1	
4	1	2	1	1	0	1567	160	31	10	-1	
5	1	2	1	1	1	1567	160	31	10	88.331528	am
2	1	3	0	0	0	1568	150	49	13	-1	
3	1	3	1	0	0	1568	150	49	13	-1	
4	1	3	1	1	0	1568	150	49	13	-1	
5	1	3	1	1	1	1568	150	49	13	4.102417	mUp
2	1	4	0	0	0	1567	165	51	17	-1	
3	1	4	1	0	0	1567	165	51	17	-1	
4	1	4	1	1	0	1567	165	51	17	-1	
5	1	4	1	1	1	1567	165	51	17	22.938591	mzP
2	1	5	0	0	0	1567	193	50	12	-1	
3	1	5	1	0	0	1567	193	50	12	-1	
4	1	5	1	1	0	1567	193	50	12	-1	
5	1	5	1	1	1	1567	193	50	12	81.820671	Son
2	1	6	0	0	0	1644	129	131	74	-1	
3	1	6	1	0	0	1644	129	131	74	-1	
4	1	6	1	1	0	1644	129	131	74	-1	
5	1	6	1	1	1	1644	129	131	74	35.931664	SEE
2	1	7	0	0	0	1566	214	31	11	-1	
3	1	7	1	0	0	1566	214	31	11	-1	
4	1	7	1	1	0	1566	214	31	11	-1	
5	1	7	1	1	1	1566	214	31	11	0.000000	foxey
2	1	8	0	0	0	1567	227	30	10	-1	
3	1	8	1	0	0	1567	227	30	10	-1	
4	1	8	1	1	0	1567	227	30	10	-1	
5	1	8	1	1	1	1567	227	30	10	60.569134	zo
2	1	9	0	0	0	1660	235	116	27	-1	
3	1	9	1	0	0	1660	235	116	27	-1	
4	1	9	1	1	0	1660	235	116	27	-1	
5	1	9	1	1	1	1660	235	116	27	3.675537	=O)
2	1	10	0	0	0	1651	318	133	44	-1	
3	1	10	1	0	0	1651	318	133	44	-1	
4	1	10	1	1	0	1651	318	133	44	-1	
5	1	10	1	1	1	1651	318	133	44	67.038857	OOO)
2	1	11	0	0	0	1680	426	31	10	-1	
3	1	11	1	0	0	1680	426	31	10	-1	
4	1	11	1	1	0	1680	426	31	10	-1	
5	1	11	1	1	1	1680	426	31	10	0.000000	Cxey
2	1	12	0	0	0	1684	413	21	9	-1	
3	1	12	1	0	0	1684	413	21	9	-1	
4	1	12	1	1	0	1684	413	21	9	-1	
5	1	12	1	1	1	1684	413	21	9	27.769508	TA
2	1	13	0	0	0	1820	410	83	14	-1	
3	1	13	1	0	0	1820	410	83	14	-1	
4	1	13	1	1	0	1820	410	83	14	-1	
5	1	13	1	1	1	1820	410	40	13	80.718895	R451
5	1	13	1	1	2	1876	411	27	13	91.434784	10K
2	1	14	0	0	0	1224	443	29	11	-1	
3	1	14	1	0	0	1224	443	29	11	-1	
4	1	14	1	1	0	1224	443	29	11	-1	
5	1	14	1	1	1	1224	443	29	11	34.032448	Pir
2	1	15	0	0	0	1533	441	46	16	-1	
3	1	15	1	0	0	1533	441	46	16	-1	
4	1	15	1	1	0	1533	441	46	16	-1	
5	1	15	1	1	1	1533	441	46	16	87.934471	co
2	1	16	0	0	0	1680	437	30	11	-1	
3	1	16	1	0	0	1680	437	30	11	-1	
4	1	16	1	1	0	1680	437	30	11	-1	
5	1	16	1	1	1	1680	437	30	11	89.080780	<<'
2	1	17	0	0	0	1224	469	28	11	-1	
3	1	17	1	0	0	1224	469	28	11	-1	
4	1	17	1	1	0	1224	469	28	11	-1	
5	1	17	1	1	1	1224	469	28	11	96.333603	<<
2	1	18	0	0	0	1224	457	29	12	-1	
3	1	18	1	0	0	1224	457	29	12	-1	
4	1	18	1	1	0	1224	457	29	12	-1	
5	1	18	1	1	1	1224	457	29	12	65.258957	vo
2	1	19	0	0	0	1533	457	46	20	-1	
3	1	19	1	0	0	1533	457	46	20	-1	
4	1	19	1	1	0	1533	457	46	20	-1	
5	1	19	1	1	1	1533	457	46	20	79.761978	ze
2	1	20	0	0	0	1533	474	46	29	-1	
3	1	20	1	0	0	1533	474	46	29	-1	
4	1	20	1	1	0	1533	474	46	29	-1	
5	1	20	1	1	1	1533	474	46	29	34.318176	rS4
2	1	21	0	0	0	1794	526	30	19	-1	
3	1	21	1	0	0	1794	526	30	19	-1	
4	1	21	1	1	0	1794	526	30	19	-1	
5	1	21	1	1	1	1794	526	30	19	48.100128	au
2	1	22	0	0	0	1110	481	116	83	-1	
3	1	22	1	0	0	1110	481	116	83	-1	
4	1	22	1	1	0	1110	481	116	83	-1	
5	1	22	1	1	1	1110	481	116	83	67.669067	a,
2	1	23	0	0	0	1794	546	131	19	-1	
3	1	23	1	0	0	1794	546	131	19	-1	
4	1	23	1	1	0	1794	546	131	19	-1	
5	1	23	1	1	1	1794	546	30	19	19.853317	Qe
5	1	23	1	1	2	1849	550	44	13	42.975044	R4as2
5	1	23	1	1	3	1908	550	17	12	77.207565	1K
2	1	24	0	0	0	1812	560	11	10	-1	
3	1	24	1	0	0	1812	560	11	10	-1	
4	1	24	1	1	0	1812	560	11	10	-1	
5	1	24	1	1	1	1812	560	11	10	93.220810	<
2	1	25	0	0	0	1223	577	29	9	-1	
3	1	25	1	0	0	1223	577	29	9	-1	
4	1	25	1	1	0	1223	577	29	9	-1	
5	1	25	1	1	1	1223	577	29	9	50.668076	err
2	1	26	0	0	0	1223	591	30	11	-1	
3	1	26	1	0	0	1223	591	30	11	-1	
4	1	26	1	1	0	1223	591	30	11	-1	
5	1	26	1	1	1	1223	591	30	11	48.885460	ea
2	1	27	0	0	0	1673	477	72	111	-1	
3	1	27	1	0	0	1673	477	72	111	-1	
4	1	27	1	1	0	1673	477	72	111	-1	
5	1	27	1	1	1	1673	477	72	111	49.569023	2
2	1	28	0	0	0	2660	558	158	27	-1	
3	1	28	1	0	0	2660	558	158	27	-1	
4	1	28	1	1	0	2660	558	158	27	-1	
5	1	28	1	1	1	2660	558	158	27	0.000000	™©O®@
2	1	29	0	0	0	1223	602	29	11	-1	
3	1	29	1	0	0	1223	602	29	11	-1	
4	1	29	1	1	0	1223	602	29	11	-1	
5	1	29	1	1	1	1223	602	29	11	96.047325	<<
2	1	30	0	0	0	2765	597	60	12	-1	
3	1	30	1	0	0	2765	597	60	12	-1	
4	1	30	1	1	0	2765	597	60	12	-1	
5	1	30	1	1	1	2765	593	18	24	56.956333	oO
5	1	30	1	1	2	2799	593	26	24	79.395706	jm
2	1	31	0	0	0	1802	631	31	15	-1	
3	1	31	1	0	0	1802	631	31	15	-1	
4	1	31	1	1	0	1802	631	31	15	-1	
5	1	31	1	1	1	1802	631	31	15	78.883232	Eo
2	1	32	0	0	0	1424	657	31	14	-1	
3	1	32	1	0	0	1424	657	31	14	-1	
4	1	32	1	1	0	1424	657	31	14	-1	
5	1	32	1	1	1	1424	657	31	14	50.106602	a]
2	1	33	0	0	0	1777	642	55	15	-1	
3	1	33	1	0	0	1777	642	55	15	-1	
4	1	33	1	1	0	1777	642	55	15	-1	
5	1	33	1	1	1	1777	642	55	15	61.312149	yrs
2	1	34	0	0	0	1801	655	32	12	-1	
3	1	34	1	0	0	1801	655	32	12	-1	
4	1	34	1	1	0	1801	655	32	12	-1	
5	1	34	1	1	1	1801	655	32	12	66.863922	aa
2	1	35	0	0	0	1424	668	30	15	-1	
3	1	35	1	0	0	1424	668	30	15	-1	
4	1	35	1	1	0	1424	668	30	15	-1	
5	1	35	1	1	1	1424	668	30	15	43.781219	Qa
2	1	36	0	0	0	1424	681	31	13	-1	
3	1	36	1	0	0	1424	681	31	13	-1	
4	1	36	1	1	0	1424	681	31	13	-1	
5	1	36	1	1	1	1424	681	31	13	64.447304	So
2	1	37	0	0	0	1801	668	31	11	-1	
3	1	37	1	0	0	1801	668	31	11	-1	
4	1	37	1	1	0	1801	668	31	11	-1	
5	1	37	1	1	1	1801	668	31	11	8.289650	ge
2	1	38	0	0	0	2651	650	222	45	-1	
3	1	38	1	0	0	2651	650	222	45	-1	
4	1	38	1	1	0	2651	650	222	45	-1	
5	1	38	1	1	1	2651	650	222	45	19.998238	Xcxoxexe)
2	1	39	0	0	0	2603	769	47	13	-1	
3	1	39	1	0	0	2603	769	47	13	-1	
4	1	39	1	1	0	2603	769	47	13	-1	
5	1	39	1	1	1	2603	769	47	13	94.384521	R336
2	1	40	0	0	0	2686	771	42	13	-1	
3	1	40	1	0	0	2686	771	42	13	-1	
4	1	40	1	1	0	2686	771	42	13	-1	
5	1	40	1	1	1	2686	771	42	13	96.059814	R332
2	1	41	0	0	0	2825	771	37	13	-1	
3	1	41	1	0	0	2825	771	37	13	-1	
4	1	41	1	1	0	2825	771	37	13	-1	
5	1	41	1	1	1	2825	771	37	13	84.670967	R33!
2	1	42	0	0	0	2607	785	39	12	-1	
3	1	42	1	0	0	2607	785	39	12	-1	
4	1	42	1	1	0	2607	785	39	12	-1	
5	1	42	1	1	1	2607	785	39	12	96.353294	2.7K
2	1	43	0	0	0	2691	788	28	12	-1	
3	1	43	1	0	0	2691	788	28	12	-1	
4	1	43	1	1	0	2691	788	28	12	-1	
5	1	43	1	1	1	2691	788	28	12	96.172409	100
2	1	44	0	0	0	2835	788	17	12	-1	
3	1	44	1	0	0	2835	788	17	12	-1	
4	1	44	1	1	0	2835	788	17	12	-1	
5	1	44	1	1	1	2835	788	17	12	56.356010	K
2	1	45	0	0	0	1165	825	47	13	-1	
3	1	45	1	0	0	1165	825	47	13	-1	
4	1	45	1	1	0	1165	825	47	13	-1	
5	1	45	1	1	1	1165	825	47	13	94.649612	R458
2	1	46	0	0	0	1484	722	73	113	-1	
3	1	46	1	0	0	1484	722	73	113	-1	
4	1	46	1	1	0	1484	722	73	113	-1	
5	1	46	1	1	1	1484	722	73	113	30.213715	wy
2	1	47	0	0	0	2716	828	30	10	-1	
3	1	47	1	0	0	2716	828	30	10	-1	
4	1	47	1	1	0	2716	828	30	10	-1	
5	1	47	1	1	1	2716	828	30	10	88.281013	Gol
2	1	48	0	0	0	1168	843	39	12	-1	
3	1	48	1	0	0	1168	843	39	12	-1	
4	1	48	1	1	0	1168	843	39	12	-1	
5	1	48	1	1	1	1168	843	39	12	93.291000	4.7K
2	1	49	0	0	0	2716	852	30	12	-1	
3	1	49	1	0	0	2716	852	30	12	-1	
4	1	49	1	1	0	2716	852	30	12	-1	
5	1	49	1	1	1	2716	852	30	12	81.084061	<<
2	1	50	0	0	0	2716	840	30	13	-1	
3	1	50	1	0	0	2716	840	30	13	-1	
4	1	50	1	1	0	2716	840	30	13	-1	
5	1	50	1	1	1	2716	843	8	10	68.098709	@
2	1	51	0	0	0	1698	894	48	16	-1	
3	1	51	1	0	0	1698	894	48	16	-1	
4	1	51	1	1	0	1698	894	48	16	-1	
5	1	51	1	1	1	1698	894	48	16	92.921967	co
2	1	52	0	0	0	1698	910	47	21	-1	
3	1	52	1	0	0	1698	910	47	21	-1	
4	1	52	1	1	0	1698	910	47	21	-1	
5	1	52	1	1	1	1698	910	47	21	78.891510	zt
2	1	53	0	0	0	1699	928	46	28	-1	
3	1	53	1	0	0	1699	928	46	28	-1	
4	1	53	1	1	0	1699	928	46	28	-1	
5	1	53	1	1	1	1699	928	46	28	66.020920	ag
2	1	54	0	0	0	2743	949	28	10	-1	
3	1	54	1	0	0	2743	949	28	10	-1	
4	1	54	1	1	0	2743	949	28	10	-1	
5	1	54	1	1	1	2743	949	28	10	65.627228	Sol
2	1	55	0	0	0	1595	969	44	16	-1	
3	1	55	1	0	0	1595	969	44	16	-1	
4	1	55	1	1	0	1595	969	44	16	-1	
5	1	55	1	1	1	1595	969	44	16	22.921646	o>
2	1	56	0	0	0	1922	972	46	13	-1	
3	1	56	1	0	0	1922	972	46	13	-1	
4	1	56	1	1	0	1922	972	46	13	-1	
5	1	56	1	1	1	1922	972	46	13	95.527161	R454
2	1	57	0	0	0	2743	960	51	12	-1	
3	1	57	1	0	0	2743	960	51	12	-1	
4	1	57	1	1	0	2743	960	51	12	-1	
5	1	57	1	1	1	2743	960	51	12	0.000000	<<|¥
2	1	58	0	0	0	1188	898	77	109	-1	
3	1	58	1	0	0	1188	898	77	109	-1	
4	1	58	1	1	0	1188	898	77	109	-1	
5	1	58	1	1	1	1188	898	77	109	44.865612	x)
2	1	59	0	0	0	1928	989	39	12	-1	
3	1	59	1	0	0	1928	989	39	12	-1	
4	1	59	1	1	0	1928	989	39	12	-1	
5	1	59	1	1	1	1928	989	39	12	94.887482	4.7K
2	1	60	0	0	0	2790	994	29	11	-1	
3	1	60	1	0	0	2790	994	29	11	-1	
4	1	60	1	1	0	2790	994	29	11	-1	
5	1	60	1	1	1	2790	994	29	11	78.123917	Su
2	1	61	0	0	0	2791	984	28	9	-1	
3	1	61	1	0	0	2791	984	28	9	-1	
4	1	61	1	1	0	2791	984	28	9	-1	
5	1	61	1	1	1	2791	984	28	9	32.705490	<2
2	1	62	0	0	0	1809	918	72	108	-1	
3	1	62	1	0	0	1809	918	72	108	-1	
4	1	62	1	1	0	1809	918	72	108	-1	
5	1	62	1	1	1	1809	918	72	108	49.389488	Ay
2	1	63	0	0	0	2711	1015	40	13	-1	
3	1	63	1	0	0	2711	1015	40	13	-1	
4	1	63	1	1	0	2711	1015	40	13	-1	
5	1	63	1	1	1	2711	1015	40	13	68.443871	C331
2	1	64	0	0	0	2790	1006	29	20	-1	
3	1	64	1	0	0	2790	1006	29	20	-1	
4	1	64	1	1	0	2790	1006	29	20	-1	
5	1	64	1	1	1	2790	1006	29	20	18.529892	8
2	1	65	0	0	0	2844	1025	42	10	-1	
3	1	65	1	0	0	2844	1025	42	10	-1	
4	1	65	1	1	0	2844	1025	42	10	-1	
5	1	65	1	1	1	2844	1025	42	10	70.257889	nee
2	1	66	0	0	0	2715	1033	38	12	-1	
3	1	66	1	0	0	2715	1033	38	12	-1	
4	1	66	1	1	0	2715	1033	38	12	-1	
5	1	66	1	1	1	2715	1033	38	12	93.363762	0.47
2	1	67	0	0	0	2825	1035	51	14	-1	
3	1	67	1	0	0	2825	1035	51	14	-1	
4	1	67	1	1	0	2825	1035	51	14	-1	
5	1	67	1	1	1	2825	1035	51	14	51.010963	On@
2	1	68	0	0	0	1359	986	79	107	-1	
3	1	68	1	0	0	1359	986	79	107	-1	
4	1	68	1	1	0	1359	986	79	107	-1	
5	1	68	1	1	1	1359	986	79	107	34.275101	a
2	1	69	0	0	0	1498	982	79	114	-1	
3	1	69	1	0	0	1498	982	79	114	-1	
4	1	69	1	1	0	1498	982	79	114	-1	
5	1	69	1	1	1	1498	982	79	114	43.162579	Hy
2	1	70	0	0	0	2759	1067	93	22	-1	
3	1	70	1	0	0	2759	1067	93	22	-1	
4	1	70	1	1	0	2759	1067	93	22	-1	
5	1	70	1	1	1	2759	1067	38	22	38.007923	OTe
5	1	70	1	1	2	2809	1070	43	13	62.078194	R334
2	1	71	0	0	0	2810	1089	45	13	-1	
3	1	71	1	0	0	2810	1089	45	13	-1	
4	1	71	1	1	0	2810	1089	45	13	-1	
5	1	71	1	1	1	2810	1089	45	13	74.750710	680K
2	1	72	0	0	0	1165	1107	36	9	-1	
3	1	72	1	0	0	1165	1107	36	9	-1	
4	1	72	1	1	0	1165	1107	36	9	-1	
5	1	72	1	1	1	1165	1107	36	9	40.937683	GD
2	1	73	0	0	0	1781	1101	107	18	-1	
3	1	73	1	0	0	1781	1101	107	18	-1	
4	1	73	1	1	0	1781	1101	107	18	-1	
5	1	73	1	1	1	1781	1101	47	17	41.696854	CoO
5	1	73	1	1	2	1851	1106	37	13	92.998665	casi
2	1	74	0	0	0	2668	1115	29	12	-1	
3	1	74	1	0	0	2668	1115	29	12	-1	
4	1	74	1	1	0	2668	1115	29	12	-1	
5	1	74	1	1	1	2668	1115	29	12	39.573296	aa
2	1	75	0	0	0	2668	1100	29	12	-1	
3	1	75	1	0	0	2668	1100	29	12	-1	
4	1	75	1	1	0	2668	1100	29	12	-1	
5	1	75	1	1	1	2668	1100	29	12	56.606178	aw
2	1	76	0	0	0	1160	1119	36	34	-1	
3	1	76	1	0	0	1160	1119	36	34	-1	
4	1	76	1	1	0	1160	1119	36	34	-1	
5	1	76	1	1	1	1160	1119	36	34	0.000000	‘gs
2	1	77	0	0	0	1186	1057	72	87	-1	
3	1	77	1	0	0	1186	1057	72	87	-1	
4	1	77	1	1	0	1186	1057	72	87	-1	
5	1	77	1	1	1	1186	1057	72	87	62.361290	=
2	1	78	0	0	0	1360	1126	47	18	-1	
3	1	78	1	0	0	1360	1126	47	18	-1	
4	1	78	1	1	0	1360	1126	47	18	-1	
5	1	78	1	1	1	1360	1126	47	18	93.735497	co
2	1	79	0	0	0	1500	1133	73	20	-1	
3	1	79	1	0	0	1500	1133	73	20	-1	
4	1	79	1	1	0	1500	1133	73	20	-1	
5	1	79	1	1	1	1500	1133	73	20	30.899246	<2
2	1	80	0	0	0	1500	1112	73	25	-1	
3	1	80	1	0	0	1500	1112	73	25	-1	
4	1	80	1	1	0	1500	1112	73	25	-1	
5	1	80	1	1	1	1500	1112	73	25	0.000000	$co
2	1	81	0	0	0	1781	1122	47	24	-1	
3	1	81	1	0	0	1781	1122	47	24	-1	
4	1	81	1	1	0	1781	1122	47	24	-1	
5	1	81	1	1	1	1781	1122	47	24	83.402008	Za
2	1	82	0	0	0	1857	1123	32	12	-1	
3	1	82	1	0	0	1857	1123	32	12	-1	
4	1	82	1	1	0	1857	1123	32	12	-1	
5	1	82	1	1	1	1857	1123	32	12	80.764320	0.01
2	1	83	0	0	0	2642	1126	54	15	-1	
3	1	83	1	0	0	2642	1126	54	15	-1	
4	1	83	1	1	0	2642	1126	54	15	-1	
5	1	83	1	1	1	2642	1126	54	15	67.655685	o<<
2	1	84	0	0	0	2643	1144	38	12	-1	
3	1	84	1	0	0	2643	1144	38	12	-1	
4	1	84	1	1	0	2643	1144	38	12	-1	
5	1	84	1	1	1	2639	1128	19	32	56.728745	Ol
5	1	84	1	1	2	2668	1128	13	32	59.056694	=.
2	1	85	0	0	0	2830	1140	57	12	-1	
3	1	85	1	0	0	2830	1140	57	12	-1	
4	1	85	1	1	0	2830	1140	57	12	-1	
5	1	85	1	1	1	2830	1140	57	12	86.240242	6.3V47
2	1	86	0	0	0	2837	1122	43	13	-1	
3	1	86	1	0	0	2837	1122	43	13	-1	
4	1	86	1	1	0	2837	1122	43	13	-1	
5	1	86	1	1	1	2837	1122	43	13	76.288010	C332
2	1	87	0	0	0	1360	1142	47	27	-1	
3	1	87	1	0	0	1360	1142	47	27	-1	
4	1	87	1	1	0	1360	1142	47	27	-1	
5	1	87	1	1	1	1360	1142	47	27	64.572250	25
2	1	88	0	0	0	1525	1150	48	27	-1	
3	1	88	1	0	0	1525	1150	48	27	-1	
4	1	88	1	1	0	1525	1150	48	27	-1	
5	1	88	1	1	1	1525	1150	48	27	0.000000	¥)
2	1	89	0	0	0	1639	1068	71	112	-1	
3	1	89	1	0	0	1639	1068	71	112	-1	
4	1	89	1	1	0	1639	1068	71	112	-1	
5	1	89	1	1	1	1639	1068	71	112	90.162834	G
2	1	90	0	0	0	1781	1141	46	20	-1	
3	1	90	1	0	0	1781	1141	46	20	-1	
4	1	90	1	1	0	1781	1141	46	20	-1	
5	1	90	1	1	1	1781	1141	46	20	61.051800	fu
2	1	91	0	0	0	1175	1187	71	17	-1	
3	1	91	1	0	0	1175	1187	71	17	-1	
4	1	91	1	1	0	1175	1187	71	17	-1	
5	1	91	1	1	1	1175	1187	71	17	52.045601	NoO<
2	1	92	0	0	0	1361	1167	46	18	-1	
3	1	92	1	0	0	1361	1167	46	18	-1	
4	1	92	1	1	0	1361	1167	46	18	-1	
5	1	92	1	1	1	1361	1167	46	18	52.803101	fn
2	1	93	0	0	0	1175	1205	49	19	-1	
3	1	93	1	0	0	1175	1205	49	19	-1	
4	1	93	1	1	0	1175	1205	49	19	-1	
5	1	93	1	1	1	1175	1205	49	19	54.518085	ns
2	1	94	0	0	0	2791	1201	82	15	-1	
3	1	94	1	0	0	2791	1201	82	15	-1	
4	1	94	1	1	0	2791	1201	82	15	-1	
5	1	94	1	1	1	2791	1204	17	12	56.691441	o
5	1	94	1	1	2	2828	1201	45	13	87.153580	C333
2	1	95	0	0	0	2864	1154	38	56	-1	
3	1	95	1	0	0	2864	1154	38	56	-1	
4	1	95	1	1	0	2864	1154	38	56	-1	
5	1	95	1	1	1	2864	1154	38	56	51.723766	ial
2	1	96	0	0	0	1175	1221	49	26	-1	
3	1	96	1	0	0	1175	1221	49	26	-1	
4	1	96	1	1	0	1175	1221	49	26	-1	
5	1	96	1	1	1	1175	1221	49	26	67.058517	KS
2	1	97	0	0	0	2758	1236	30	10	-1	
3	1	97	1	0	0	2758	1236	30	10	-1	
4	1	97	1	1	0	2758	1236	30	10	-1	
5	1	97	1	1	1	2758	1236	30	10	61.559105	Be
2	1	98	0	0	0	2831	1218	38	13	-1	
3	1	98	1	0	0	2831	1218	38	13	-1	
4	1	98	1	1	0	2831	1218	38	13	-1	
5	1	98	1	1	1	2831	1218	38	13	94.744751	0.01
2	1	99	0	0	0	2823	1234	78	21	-1	
3	1	99	1	0	0	2823	1234	78	21	-1	
4	1	99	1	1	0	2823	1234	78	21	-1	
5	1	99	1	1	1	2823	1234	78	21	53.677361	Hey
2	1	100	0	0	0	1009	1335	90	15	-1	
3	1	100	1	0	0	1009	1335	90	15	-1	
4	1	100	1	1	0	1009	1335	90	15	-1	
5	1	100	1	1	1	1009	1335	90	15	32.185143	nor’
2	1	101	0	0	0	1062	1346	37	13	-1	
3	1	101	1	0	0	1062	1346	37	13	-1	
4	1	101	1	1	0	1062	1346	37	13	-1	
5	1	101	1	1	1	1062	1346	37	13	26.435379	a
5	1	101	1	1	2	1086	1337	17	28	26.435379	<
2	1	102	0	0	0	2680	1394	29	11	-1	
3	1	102	1	0	0	2680	1394	29	11	-1	
4	1	102	1	1	0	2680	1394	29	11	-1	
5	1	102	1	1	1	2680	1394	29	11	75.139565	ow
2	1	103	0	0	0	2718	1287	71	110	-1	
3	1	103	1	0	0	2718	1287	71	110	-1	
4	1	103	1	1	0	2718	1287	71	110	-1	
5	1	103	1	1	1	2718	1287	71	110	0.000000	(-
2	1	104	0	0	0	2829	1407	28	12	-1	
3	1	104	1	0	0	2829	1407	28	12	-1	
4	1	104	1	1	0	2829	1407	28	12	-1	
5	1	104	1	1	1	2829	1407	28	12	96.606056	<<
2	1	105	0	0	0	2829	1396	29	9	-1	
3	1	105	1	0	0	2829	1396	29	9	-1	
4	1	105	1	1	0	2829	1396	29	9	-1	
5	1	105	1	1	1	2829	1396	29	9	68.316643	ao
2	1	106	0	0	0	1494	1302	218	131	-1	
3	1	106	1	0	0	1494	1302	218	131	-1	
4	1	106	1	1	0	1494	1302	218	131	-1	
5	1	106	1	1	1	1494	1302	218	131	48.702679	TT
2	1	107	0	0	0	1357	1434	145	43	-1	
3	1	107	1	0	0	1357	1434	145	43	-1	
4	1	107	1	1	0	1357	1434	145	43	-1	
5	1	107	1	1	1	1357	1434	145	43	49.825073	OOO
2	1	108	0	0	0	1492	1434	220	44	-1	
3	1	108	1	0	0	1492	1434	220	44	-1	
4	1	108	1	1	0	1492	1434	220	44	-1	
5	1	108	1	1	1	1492	1434	220	44	1.459732	IOOOOG
2	1	109	0	0	0	1715	1435	65	71	-1	
3	1	109	1	0	0	1715	1435	65	71	-1	
4	1	109	1	1	0	1715	1435	65	71	-1	
5	1	109	1	1	1	1715	1435	65	71	2.836166	9
2	1	110	0	0	0	1256	1514	20	13	-1	
3	1	110	1	0	0	1256	1514	20	13	-1	
4	1	110	1	1	0	1256	1514	20	13	-1	
5	1	110	1	1	1	1256	1514	20	13	92.830162	<
2	1	111	0	0	0	1343	1512	64	16	-1	
3	1	111	1	0	0	1343	1512	64	16	-1	
4	1	111	1	1	0	1343	1512	64	16	-1	
5	1	111	1	1	1	1343	1512	64	16	34.728622	DD
2	1	112	0	0	0	1568	1511	113	18	-1	
3	1	112	1	0	0	1568	1511	113	18	-1	
4	1	112	1	1	0	1568	1511	113	18	-1	
5	1	112	1	1	1	1568	1511	113	18	69.404175	noon
2	1	113	0	0	0	1342	1530	159	18	-1	
3	1	113	1	0	0	1342	1530	159	18	-1	
4	1	113	1	1	0	1342	1530	159	18	-1	
5	1	113	1	1	1	1342	1533	64	15	58.638081	<<
5	1	113	1	1	2	1437	1530	64	18	89.614738	<<
2	1	114	0	0	0	3002	1969	73	18	-1	
3	1	114	1	0	0	3002	1969	73	18	-1	
4	1	114	1	1	0	3002	1969	73	18	-1	
5	1	114	1	1	1	3002	1969	73	18	27.187889	a
2	1	115	0	0	0	1819	2434	34	13	-1	
3	1	115	1	0	0	1819	2434	34	13	-1	
4	1	115	1	1	0	1819	2434	34	13	-1	
5	1	115	1	1	1	1819	2434	34	13	49.159492	17
2	1	116	0	0	0	1821	2373	113	60	-1	
3	1	116	1	0	0	1821	2373	113	60	-1	
4	1	116	1	1	0	1821	2373	113	60	-1	
5	1	116	1	1	1	1821	2373	113	60	24.806099	dt!
2	1	117	0	0	0	1868	2427	70	17	-1	
3	1	117	1	0	0	1868	2427	70	17	-1	
4	1	117	1	1	0	1868	2427	70	17	-1	
5	1	117	1	1	1	1868	2427	70	17	0.000000	ZBOR
2	1	118	0	0	0	2091	2440	42	11	-1	
3	1	118	1	0	0	2091	2440	42	11	-1	
4	1	118	1	1	0	2091	2440	42	11	-1	
5	1	118	1	1	1	2091	2440	42	11	73.994019	Cw
2	1	119	0	0	0	1812	2450	126	15	-1	
3	1	119	1	0	0	1812	2450	126	15	-1	
4	1	119	1	1	0	1812	2450	126	15	-1	
5	1	119	1	1	1	1812	2450	126	15	0.000000	oarminm
5	1	119	1	1	2	1924	2446	17	28	88.629684	=
2	1	120	0	0	0	1813	2464	40	11	-1	
3	1	120	1	0	0	1813	2464	40	11	-1	
4	1	120	1	1	0	1813	2464	40	11	-1	
5	1	120	1	1	1	1813	2464	40	11	68.427338	<a
2	1	121	0	0	0	1897	2438	41	16	-1	
3	1	121	1	0	0	1897	2438	41	16	-1	
4	1	121	1	1	0	1897	2438	41	16	-1	
5	1	121	1	1	1	1897	2438	41	16	87.683388	en
2	1	122	0	0	0	2064	2452	68	11	-1	
3	1	122	1	0	0	2064	2452	68	11	-1	
4	1	122	1	1	0	2064	2452	68	11	-1	
5	1	122	1	1	1	2064	2452	68	11	2.936325	OonDZ
2	1	123	0	0	0	2149	2446	41	20	-1	
3	1	123	1	0	0	2149	2446	41	20	-1	
4	1	123	1	1	0	2149	2446	41	20	-1	
5	1	123	1	1	1	2149	2446	41	20	45.156242	2S
2	1	124	0	0	0	2036	2476	13	11	-1	
3	1	124	1	0	0	2036	2476	13	11	-1	
4	1	124	1	1	0	2036	2476	13	11	-1	
5	1	124	1	1	1	2036	2476	13	11	93.117332	<
2	1	125	0	0	0	2064	2476	68	12	-1	
3	1	125	1	0	0	2064	2476	68	12	-1	
4	1	125	1	1	0	2064	2476	68	12	-1	
5	1	125	1	1	1	2064	2476	68	12	42.277912	GRR
2	1	126	0	0	0	2064	2464	126	13	-1	
3	1	126	1	0	0	2064	2464	126	13	-1	
4	1	126	1	1	0	2064	2464	126	13	-1	
5	1	126	1	1	1	2064	2464	69	12	57.903130	Z29
5	1	126	1	1	2	2150	2467	40	10	75.016060	50
2	1	127	0	0	0	1807	2503	52	29	-1	
3	1	127	1	0	0	1807	2503	52	29	-1	
4	1	127	1	1	0	1807	2503	52	29	-1	
5	1	127	1	1	1	1807	2503	52	29	71.064743	CL
2	1	128	0	0	0	1851	2523	79	9	-1	
3	1	128	1	0	0	1851	2523	79	9	-1	
4	1	128	1	1	0	1851	2523	79	9	-1	
5	1	128	1	1	1	1851	2523	79	9	47.286945	AAA
2	1	129	0	0	0	1864	2503	51	24	-1	
3	1	129	1	0	0	1864	2503	51	24	-1	
4	1	129	1	1	0	1864	2503	51	24	-1	
5	1	129	1	1	1	1864	2503	51	24	29.535667	CX)
2	1	130	0	0	0	1919	2503	24	25	-1	
3	1	130	1	0	0	1919	2503	24	25	-1	
4	1	130	1	1	0	1919	2503	24	25	-1	
5	1	130	1	1	1	1919	2503	24	25	71.750168	O
2	1	131	0	0	0	2024	2499	43	33	-1	
3	1	131	1	0	0	2024	2499	43	33	-1	
4	1	131	1	1	0	2024	2499	43	33	-1	
5	1	131	1	1	1	2024	2499	43	33	63.012207	lox
2	1	132	0	0	0	2047	2524	19	9	-1	
3	1	132	1	0	0	2047	2524	19	9	-1	
4	1	132	1	1	0	2047	2524	19	9	-1	
5	1	132	1	1	1	2047	2524	19	9	88.122894	A
2	1	133	0	0	0	2060	2504	51	24	-1	
3	1	133	1	0	0	2060	2504	51	24	-1	
4	1	133	1	1	0	2060	2504	51	24	-1	
5	1	133	1	1	1	2060	2504	51	24	70.533401	OS.
2	1	134	0	0	0	2115	2506	24	24	-1	
3	1	134	1	0	0	2115	2506	24	24	-1	
4	1	134	1	1	0	2115	2506	24	24	-1	
5	1	134	1	1	1	2115	2506	24	24	13.028488	©,
2	1	135	0	0	0	2143	2499	59	33	-1	
3	1	135	1	0	0	2143	2499	59	33	-1	
4	1	135	1	1	0	2143	2499	59	33	-1	
5	1	135	1	1	1	2143	2499	59	33	70.086006	CO
2	1	136	0	0	0	1933	2592	309	23	-1	
3	1	136	1	0	0	1933	2592	309	23	-1	
4	1	136	1	1	0	1933	2592	309	23	-1	
5	1	136	1	1	1	1933	2592	166	22	0.158760	eS
5	1	136	1	1	2	2065	2588	29	38	16.197906	ee
5	1	136	1	1	3	2106	2588	17	38	7.368385	oe
5	1	136	1	1	4	2157	2592	19	22	31.162064	2
2	1	137	0	0	0	1877	2535	54	107	-1	
3	1	137	1	0	0	1877	2535	54	107	-1	
4	1	137	1	1	0	1877	2535	54	107	-1	
5	1	137	1	1	1	1877	2535	54	107	25.063560	4
2	1	138	0	0	0	2047	2617	310	26	-1	
3	1	138	1	0	0	2047	2617	310	26	-1	
4	1	138	1	1	0	2047	2617	310	26	-1	
5	1	138	1	1	1	2047	2617	22	26	37.219810	P
5	1	138	1	1	2	2093	2613	105	43	21.983406	[Tet
5	1	138	1	1	3	2232	2617	125	26	31.388031	yd
2	1	139	0	0	0	1020	2654	78	19	-1	
3	1	139	1	0	0	1020	2654	78	19	-1	
4	1	139	1	1	0	1020	2654	78	19	-1	
5	1	139	1	1	1	1020	2654	12	11	59.133499	Oo
5	1	139	1	1	2	1054	2654	44	19	29.925598	450
2	1	140	0	0	0	1069	2675	26	10	-1	
3	1	140	1	0	0	1069	2675	26	10	-1	
4	1	140	1	1	0	1069	2675	26	10	-1	
5	1	140	1	1	1	1069	2675	26	10	36.827602	eo
2	1	141	0	0	0	2596	2677	28	13	-1	
3	1	141	1	0	0	2596	2677	28	13	-1	
4	1	141	1	1	0	2596	2677	28	13	-1	
5	1	141	1	1	1	2596	2677	28	13	45.438553	BO
2	1	142	0	0	0	1070	2688	24	6	-1	
3	1	142	1	0	0	1070	2688	24	6	-1	
4	1	142	1	1	0	1070	2688	24	6	-1	
5	1	142	1	1	1	1070	2688	24	6	51.974113	ze
2	1	143	0	0	0	1823	2644	360	54	-1	
3	1	143	1	0	0	1823	2644	360	54	-1	
4	1	143	1	1	0	1823	2644	360	54	-1	
5	1	143	1	1	1	1823	2644	38	53	37.848099	Lf
5	1	143	1	1	2	1886	2645	297	53	39.917603	fT
2	1	144	0	0	0	2595	2694	29	13	-1	
3	1	144	1	0	0	2595	2694	29	13	-1	
4	1	144	1	1	0	2595	2694	29	13	-1	
5	1	144	1	1	1	2595	2694	29	13	37.703739	Ou
2	1	145	0	0	0	2595	2708	28	12	-1	
3	1	145	1	0	0	2595	2708	28	12	-1	
4	1	145	1	1	0	2595	2708	28	12	-1	
5	1	145	1	1	1	2595	2708	28	12	96.176392	<<
2	1	146	0	0	0	532	2732	46	17	-1	
3	1	146	1	0	0	532	2732	46	17	-1	
4	1	146	1	1	0	532	2732	46	17	-1	
5	1	146	1	1	1	532	2732	46	17	54.480484	<9
2	1	147	0	0	0	533	2748	45	13	-1	
3	1	147	1	0	0	533	2748	45	13	-1	
4	1	147	1	1	0	533	2748	45	13	-1	
5	1	147	1	1	1	533	2748	45	13	27.199669	—@®
2	1	148	0	0	0	531	2810	47	20	-1	
3	1	148	1	0	0	531	2810	47	20	-1	
4	1	148	1	1	0	531	2810	47	20	-1	
5	1	148	1	1	1	531	2810	47	20	74.537247	Zn
2	1	149	0	0	0	530	2829	47	23	-1	
3	1	149	1	0	0	530	2829	47	23	-1	
4	1	149	1	1	0	530	2829	47	23	-1	
5	1	149	1	1	1	530	2829	47	23	61.017834	a”
2	1	150	0	0	0	676	2843	19	13	-1	
3	1	150	1	0	0	676	2843	19	13	-1	
4	1	150	1	1	0	676	2843	19	13	-1	
5	1	150	1	1	1	676	2843	19	13	82.916183	el
2	1	151	0	0	0	748	2836	70	24	-1	
3	1	151	1	0	0	748	2836	70	24	-1	
4	1	151	1	1	0	748	2836	70	24	-1	
5	1	151	1	1	1	744	2832	30	35	15.286484	(G)
5	1	151	1	1	2	784	2843	34	15	86.986717	B13
2	1	152	0	0	0	1019	2840	23	17	-1	
3	1	152	1	0	0	1019	2840	23	17	-1	
4	1	152	1	1	0	1019	2840	23	17	-1	
5	1	152	1	1	1	1019	2840	23	17	65.390503	dé
2	1	153	0	0	0	2720	2835	28	7	-1	
3	1	153	1	0	0	2720	2835	28	7	-1	
4	1	153	1	1	0	2720	2835	28	7	-1	
5	1	153	1	1	1	2720	2835	28	7	30.546791	_
2	1	154	0	0	0	677	2868	22	16	-1	
3	1	154	1	0	0	677	2868	22	16	-1	
4	1	154	1	1	0	677	2868	22	16	-1	
5	1	154	1	1	1	677	2868	22	16	91.115952	e2
2	1	155	0	0	0	908	2837	65	24	-1	
3	1	155	1	0	0	908	2837	65	24	-1	
4	1	155	1	1	0	908	2837	65	24	-1	
5	1	155	1	1	1	908	2837	65	24	3.654945	B12)
2	1	156	0	0	0	1278	2850	130	11	-1	
3	1	156	1	0	0	1278	2850	130	11	-1	
4	1	156	1	1	0	1278	2850	130	11	-1	
5	1	156	1	1	1	1278	2850	130	11	42.176331	eaaaaa
2	1	157	0	0	0	1280	2863	125	11	-1	
3	1	157	1	0	0	1280	2863	125	11	-1	
4	1	157	1	1	0	1280	2863	125	11	-1	
5	1	157	1	1	1	1280	2863	125	11	19.599594	“NUS
2	1	158	0	0	0	1672	2851	41	12	-1	
3	1	158	1	0	0	1672	2851	41	12	-1	
4	1	158	1	1	0	1672	2851	41	12	-1	
5	1	158	1	1	1	1672	2851	41	12	41.374302	oe
2	1	159	0	0	0	1828	2865	41	11	-1	
3	1	159	1	0	0	1828	2865	41	11	-1	
4	1	159	1	1	0	1828	2865	41	11	-1	
5	1	159	1	1	1	1828	2865	41	11	53.345016	as
2	1	160	0	0	0	1829	2852	40	10	-1	
3	1	160	1	0	0	1829	2852	40	10	-1	
4	1	160	1	1	0	1829	2852	40	10	-1	
5	1	160	1	1	1	1829	2852	40	10	38.001286	eo
2	1	161	0	0	0	748	2865	69	24	-1	
3	1	161	1	0	0	748	2865	69	24	-1	
4	1	161	1	1	0	748	2865	69	24	-1	
5	1	161	1	1	1	744	2861	32	32	5.746124	(G)
5	1	161	1	1	2	784	2870	33	14	80.768410	B14
2	1	162	0	0	0	908	2865	66	25	-1	
3	1	162	1	0	0	908	2865	66	25	-1	
4	1	162	1	1	0	908	2865	66	25	-1	
5	1	162	1	1	1	908	2865	66	25	68.256577	B11
5	1	162	1	1	2	950	2861	29	33	51.308384	@G)
2	1	163	0	0	0	1019	2869	23	17	-1	
3	1	163	1	0	0	1019	2869	23	17	-1	
4	1	163	1	1	0	1019	2869	23	17	-1	
5	1	163	1	1	1	1019	2869	23	17	86.827042	d5
2	1	164	0	0	0	2543	2802	67	84	-1	
3	1	164	1	0	0	2543	2802	67	84	-1	
4	1	164	1	1	0	2543	2802	67	84	-1	
5	1	164	1	1	1	2543	2802	67	84	38.356354	75
2	1	165	0	0	0	2672	2889	31	14	-1	
3	1	165	1	0	0	2672	2889	31	14	-1	
4	1	165	1	1	0	2672	2889	31	14	-1	
5	1	165	1	1	1	2672	2889	31	14	71.462852	2a
2	1	166	0	0	0	2678	2875	25	12	-1	
3	1	166	1	0	0	2678	2875	25	12	-1	
4	1	166	1	1	0	2678	2875	25	12	-1	
5	1	166	1	1	1	2678	2875	25	12	68.003510	ip
2	1	167	0	0	0	677	2896	23	16	-1	
3	1	167	1	0	0	677	2896	23	16	-1	
4	1	167	1	1	0	677	2896	23	16	-1	
5	1	167	1	1	1	677	2896	23	16	90.664520	e3
2	1	168	0	0	0	747	2893	71	24	-1	
3	1	168	1	0	0	747	2893	71	24	-1	
4	1	168	1	1	0	747	2893	71	24	-1	
5	1	168	1	1	1	743	2889	32	32	54.283821	(5)
5	1	168	1	1	2	783	2898	35	15	73.579811	815
2	1	169	0	0	0	907	2894	66	23	-1	
3	1	169	1	0	0	907	2894	66	23	-1	
4	1	169	1	1	0	907	2894	66	23	-1	
5	1	169	1	1	1	907	2894	66	23	0.000000	810(«8)
2	1	170	0	0	0	1020	2896	22	17	-1	
3	1	170	1	0	0	1020	2896	22	17	-1	
4	1	170	1	1	0	1020	2896	22	17	-1	
5	1	170	1	1	1	1020	2896	22	17	86.922203	d4
2	1	171	0	0	0	2673	2902	29	13	-1	
3	1	171	1	0	0	2673	2902	29	13	-1	
4	1	171	1	1	0	2673	2902	29	13	-1	
5	1	171	1	1	1	2673	2902	29	13	96.566971	<<
2	1	172	0	0	0	676	2924	23	14	-1	
3	1	172	1	0	0	676	2924	23	14	-1	
4	1	172	1	1	0	676	2924	23	14	-1	
5	1	172	1	1	1	676	2924	23	14	89.338737	e4
2	1	173	0	0	0	747	2921	70	24	-1	
3	1	173	1	0	0	747	2921	70	24	-1	
4	1	173	1	1	0	747	2921	70	24	-1	
5	1	173	1	1	1	743	2917	32	32	70.631538	(&)
5	1	173	1	1	2	783	2925	34	15	16.953705	B16
2	1	174	0	0	0	916	2921	57	24	-1	
3	1	174	1	0	0	916	2921	57	24	-1	
4	1	174	1	1	0	916	2921	57	24	-1	
5	1	174	1	1	1	916	2921	57	24	0.000000	B9(5)
2	1	175	0	0	0	1019	2925	22	17	-1	
3	1	175	1	0	0	1019	2925	22	17	-1	
4	1	175	1	1	0	1019	2925	22	17	-1	
5	1	175	1	1	1	1019	2925	22	17	86.947235	d3
2	1	176	0	0	0	1302	2920	109	26	-1	
3	1	176	1	0	0	1302	2920	109	26	-1	
4	1	176	1	1	0	1302	2920	109	26	-1	
5	1	176	1	1	1	1302	2920	109	26	0.000000	VIOOO
2	1	177	0	0	0	1414	2921	24	24	-1	
3	1	177	1	0	0	1414	2921	24	24	-1	
4	1	177	1	1	0	1414	2921	24	24	-1	
5	1	177	1	1	1	1414	2921	24	24	91.116486	©)
2	1	178	0	0	0	1443	2921	24	24	-1	
3	1	178	1	0	0	1443	2921	24	24	-1	
4	1	178	1	1	0	1443	2921	24	24	-1	
5	1	178	1	1	1	1443	2921	24	24	25.406685	@
2	1	179	0	0	0	1470	2920	248	27	-1	
3	1	179	1	0	0	1470	2920	248	27	-1	
4	1	179	1	1	0	1470	2920	248	27	-1	
5	1	179	1	1	1	1470	2920	248	27	0.000000	SOQOOOOSSD
2	1	180	0	0	0	2323	2931	32	13	-1	
3	1	180	1	0	0	2323	2931	32	13	-1	
4	1	180	1	1	0	2323	2931	32	13	-1	
5	1	180	1	1	1	2323	2931	32	13	73.822807	Bo
2	1	181	0	0	0	2323	2945	33	10	-1	
3	1	181	1	0	0	2323	2945	33	10	-1	
4	1	181	1	1	0	2323	2945	33	10	-1	
5	1	181	1	1	1	2323	2945	33	10	68.055443	a2
2	1	182	0	0	0	747	2949	62	24	-1	
3	1	182	1	0	0	747	2949	62	24	-1	
4	1	182	1	1	0	747	2949	62	24	-1	
5	1	182	1	1	1	747	2949	62	24	0.000000	(G6)
5	1	182	1	1	2	785	2945	28	32	72.380829	VO
2	1	183	0	0	0	916	2950	57	23	-1	
3	1	183	1	0	0	916	2950	57	23	-1	
4	1	183	1	1	0	916	2950	57	23	-1	
5	1	183	1	1	1	916	2954	22	14	80.649666	88
5	1	183	1	1	2	945	2950	28	23	65.327881	()
2	1	184	0	0	0	1018	2954	23	17	-1	
3	1	184	1	0	0	1018	2954	23	17	-1	
4	1	184	1	1	0	1018	2954	23	17	-1	
5	1	184	1	1	1	1018	2954	23	17	92.586525	d2
2	1	185	0	0	0	1280	2957	182	13	-1	
3	1	185	1	0	0	1280	2957	182	13	-1	
4	1	185	1	1	0	1280	2957	182	13	-1	
5	1	185	1	1	1	1280	2957	182	13	0.000000	aonWDooz
5	1	185	1	1	2	1448	2949	17	28	29.308380	<
2	1	186	0	0	0	1558	2958	99	11	-1	
3	1	186	1	0	0	1558	2958	99	11	-1	
4	1	186	1	1	0	1558	2958	99	11	-1	
5	1	186	1	1	1	1558	2958	99	11	40.800575	ozzZz
2	1	187	0	0	0	1673	2973	39	3	-1	
3	1	187	1	0	0	1673	2973	39	3	-1	
4	1	187	1	1	0	1673	2973	39	3	-1	
5	1	187	1	1	1	1673	2973	39	3	8.346802	ied
2	1	188	0	0	0	1673	2959	39	9	-1	
3	1	188	1	0	0	1673	2959	39	9	-1	
4	1	188	1	1	0	1673	2959	39	9	-1	
5	1	188	1	1	1	1673	2959	39	9	60.832527	oo
2	1	189	0	0	0	2322	2952	58	24	-1	
3	1	189	1	0	0	2322	2952	58	24	-1	
4	1	189	1	1	0	2322	2952	58	24	-1	
5	1	189	1	1	1	2322	2952	58	24	0.000000	ar
2	1	190	0	0	0	432	2967	245	28	-1	
3	1	190	1	0	0	432	2967	245	28	-1	
4	1	190	1	1	0	432	2967	245	28	-1	
5	1	190	1	1	1	432	2982	10	3	32.411194	so
5	1	190	1	1	2	449	2967	157	28	0.000000	hipnneeeetin
5	1	190	1	1	3	612	2982	65	4	14.919525	eee
2	1	191	0	0	0	747	2977	24	23	-1	
3	1	191	1	0	0	747	2977	24	23	-1	
4	1	191	1	1	0	747	2977	24	23	-1	
5	1	191	1	1	1	747	2977	24	23	48.372803	(8)
2	1	192	0	0	0	782	2982	21	14	-1	
3	1	192	1	0	0	782	2982	21	14	-1	
4	1	192	1	1	0	782	2982	21	14	-1	
5	1	192	1	1	1	782	2982	21	14	90.000877	RF
2	1	193	0	0	0	915	2983	21	14	-1	
3	1	193	1	0	0	915	2983	21	14	-1	
4	1	193	1	1	0	915	2983	21	14	-1	
5	1	193	1	1	1	915	2983	21	14	91.968300	B7
2	1	194	0	0	0	1018	2979	21	17	-1	
3	1	194	1	0	0	1018	2979	21	17	-1	
4	1	194	1	1	0	1018	2979	21	17	-1	
5	1	194	1	1	1	1018	2979	21	17	64.451431	di
2	1	195	0	0	0	1280	2979	124	14	-1	
3	1	195	1	0	0	1280	2979	124	14	-1	
4	1	195	1	1	0	1280	2979	124	14	-1	
5	1	195	1	1	1	1280	2979	124	14	0.000000	wDDos
2	1	196	0	0	0	1447	2991	42	13	-1	
3	1	196	1	0	0	1447	2991	42	13	-1	
4	1	196	1	1	0	1447	2991	42	13	-1	
5	1	196	1	1	1	1447	2991	42	13	48.127602	au
2	1	197	0	0	0	1503	2959	42	23	-1	
3	1	197	1	0	0	1503	2959	42	23	-1	
4	1	197	1	1	0	1503	2959	42	23	-1	
5	1	197	1	1	1	1503	2959	42	23	52.823494	zz
2	1	198	0	0	0	1558	2992	14	11	-1	
3	1	198	1	0	0	1558	2992	14	11	-1	
4	1	198	1	1	0	1558	2992	14	11	-1	
5	1	198	1	1	1	1558	2992	14	11	17.541466	»
2	1	199	0	0	0	1559	2972	43	9	-1	
3	1	199	1	0	0	1559	2972	43	9	-1	
4	1	199	1	1	0	1559	2972	43	9	-1	
5	1	199	1	1	1	1559	2972	13	3	55.507172	~
5	1	199	1	1	2	1585	2962	17	28	39.452614	oa
2	1	200	0	0	0	1673	2993	39	11	-1	
3	1	200	1	0	0	1673	2993	39	11	-1	
4	1	200	1	1	0	1673	2993	39	11	-1	
5	1	200	1	1	1	1673	2993	39	11	87.891983	DD
2	1	201	0	0	0	2545	2940	59	43	-1	
3	1	201	1	0	0	2545	2940	59	43	-1	
4	1	201	1	1	0	2545	2940	59	43	-1	
5	1	201	1	1	1	2545	2940	34	43	73.383781	a8
5	1	201	1	1	2	2586	2961	18	21	6.257675	“iN
2	1	202	0	0	0	747	3004	56	24	-1	
3	1	202	1	0	0	747	3004	56	24	-1	
4	1	202	1	1	0	747	3004	56	24	-1	
5	1	202	1	1	1	747	3004	56	24	34.550316	(P)
5	1	202	1	1	2	783	3000	24	32	94.195282	su
2	1	203	0	0	0	2239	2994	203	17	-1	
3	1	203	1	0	0	2239	2994	203	17	-1	
4	1	203	1	1	0	2239	2994	203	17	-1	
5	1	203	1	1	1	2239	2995	122	16	0.000000	prcccn
5	1	203	1	1	2	2384	2994	58	3	18.897079	cont
2	1	204	0	0	0	2540	2995	119	14	-1	
3	1	204	1	0	0	2540	2995	119	14	-1	
4	1	204	1	1	0	2540	2995	119	14	-1	
5	1	204	1	1	1	2540	2995	119	14	47.621445	r--t---
2	1	205	0	0	0	915	3006	57	24	-1	
3	1	205	1	0	0	915	3006	57	24	-1	
4	1	205	1	1	0	915	3006	57	24	-1	
5	1	205	1	1	1	915	3008	19	14	87.096512	86
5	1	205	1	1	2	942	3006	30	24	0.000000	(>)
2	1	206	0	0	0	1190	3006	73	24	-1	
3	1	206	1	0	0	1190	3006	73	24	-1	
4	1	206	1	1	0	1190	3006	73	24	-1	
5	1	206	1	1	1	1190	3006	24	24	33.222389	GS)
5	1	206	1	1	2	1228	3011	35	14	65.990250	BER
2	1	207	0	0	0	1745	3006	58	24	-1	
3	1	207	1	0	0	1745	3006	58	24	-1	
4	1	207	1	1	0	1745	3006	58	24	-1	
5	1	207	1	1	1	1745	3012	21	14	90.642105	nc
5	1	207	1	1	2	1781	3002	22	32	61.168880	@)
2	1	208	0	0	0	747	3033	69	24	-1	
3	1	208	1	0	0	747	3033	69	24	-1	
4	1	208	1	1	0	747	3033	69	24	-1	
5	1	208	1	1	1	747	3033	24	24	74.631897	(8)
5	1	208	1	1	2	781	3039	35	14	76.210869	GNo
2	1	209	0	0	0	914	3034	59	24	-1	
3	1	209	1	0	0	914	3034	59	24	-1	
4	1	209	1	1	0	914	3034	59	24	-1	
5	1	209	1	1	1	914	3039	21	15	61.996262	85
5	1	209	1	1	2	950	3030	23	32	3.657700	G)
2	1	210	0	0	0	1228	3040	35	14	-1	
3	1	210	1	0	0	1228	3040	35	14	-1	
4	1	210	1	1	0	1228	3040	35	14	-1	
5	1	210	1	1	1	1228	3040	35	14	40.229126	BSR
2	1	211	0	0	0	1360	3063	28	10	-1	
3	1	211	1	0	0	1360	3063	28	10	-1	
4	1	211	1	1	0	1360	3063	28	10	-1	
5	1	211	1	1	1	1360	3063	28	10	80.371727	=2
2	1	212	0	0	0	1416	3040	75	22	-1	
3	1	212	1	0	0	1416	3040	75	22	-1	
4	1	212	1	1	0	1416	3040	75	22	-1	
5	1	212	1	1	1	1416	3040	75	22	88.805244	an
2	1	213	0	0	0	1721	3034	82	24	-1	
3	1	213	1	0	0	1721	3034	82	24	-1	
4	1	213	1	1	0	1721	3034	82	24	-1	
5	1	213	1	1	1	1721	3039	46	14	90.558685	BI5R
5	1	213	1	1	2	1779	3034	24	24	43.047356	(8)
2	1	214	0	0	0	747	3061	24	24	-1	
3	1	214	1	0	0	747	3061	24	24	-1	
4	1	214	1	1	0	747	3061	24	24	-1	
5	1	214	1	1	1	747	3061	24	24	13.338768	8)
2	1	215	0	0	0	783	3064	20	17	-1	
3	1	215	1	0	0	783	3064	20	17	-1	
4	1	215	1	1	0	783	3064	20	17	-1	
5	1	215	1	1	1	783	3064	20	17	32.951820	I5
2	1	216	0	0	0	914	3062	59	24	-1	
3	1	216	1	0	0	914	3062	59	24	-1	
4	1	216	1	1	0	914	3062	59	24	-1	
5	1	216	1	1	1	914	3068	22	14	86.082733	84
5	1	216	1	1	2	946	3058	30	34	42.687435	(@)
2	1	217	0	0	0	1191	3062	23	23	-1	
3	1	217	1	0	0	1191	3062	23	23	-1	
4	1	217	1	1	0	1191	3062	23	23	-1	
5	1	217	1	1	1	1191	3062	23	23	66.278030	3)
2	1	218	0	0	0	1228	3066	36	15	-1	
3	1	218	1	0	0	1228	3066	36	15	-1	
4	1	218	1	1	0	1228	3066	36	15	-1	
5	1	218	1	1	1	1228	3066	36	15	38.063477	B4R
2	1	219	0	0	0	1359	3083	26	12	-1	
3	1	219	1	0	0	1359	3083	26	12	-1	
4	1	219	1	1	0	1359	3083	26	12	-1	
5	1	219	1	1	1	1359	3083	26	12	54.570015	Ze
2	1	220	0	0	0	1360	3074	27	12	-1	
3	1	220	1	0	0	1360	3074	27	12	-1	
4	1	220	1	1	0	1360	3074	27	12	-1	
5	1	220	1	1	1	1360	3074	27	12	38.445229	32
2	1	221	0	0	0	1721	3062	127	24	-1	
3	1	221	1	0	0	1721	3062	127	24	-1	
4	1	221	1	1	0	1721	3062	127	24	-1	
5	1	221	1	1	1	1721	3069	46	14	48.807125	BIGR
5	1	221	1	1	2	1778	3062	70	24	0.000000	(Zee
2	1	222	0	0	0	481	3103	43	14	-1	
3	1	222	1	0	0	481	3103	43	14	-1	
4	1	222	1	1	0	481	3103	43	14	-1	
5	1	222	1	1	1	481	3103	43	14	82.040237	C826
2	1	223	0	0	0	747	3089	24	24	-1	
3	1	223	1	0	0	747	3089	24	24	-1	
4	1	223	1	1	0	747	3089	24	24	-1	
5	1	223	1	1	1	747	3089	24	24	76.358719	@)
2	1	224	0	0	0	915	3095	22	14	-1	
3	1	224	1	0	0	915	3095	22	14	-1	
4	1	224	1	1	0	915	3095	22	14	-1	
5	1	224	1	1	1	915	3095	22	14	87.320358	B3
2	1	225	0	0	0	1190	3091	24	23	-1	
3	1	225	1	0	0	1190	3091	24	23	-1	
4	1	225	1	1	0	1190	3091	24	23	-1	
5	1	225	1	1	1	1190	3091	24	23	83.901215	@)
2	1	226	0	0	0	1229	3096	35	14	-1	
3	1	226	1	0	0	1229	3096	35	14	-1	
4	1	226	1	1	0	1229	3096	35	14	-1	
5	1	226	1	1	1	1229	3096	35	14	92.540016	B3R
2	1	227	0	0	0	1463	3100	28	7	-1	
3	1	227	1	0	0	1463	3100	28	7	-1	
4	1	227	1	1	0	1463	3100	28	7	-1	
5	1	227	1	1	1	1463	3100	28	7	32.088287	_
2	1	228	0	0	0	1512	3083	45	20	-1	
3	1	228	1	0	0	1512	3083	45	20	-1	
4	1	228	1	1	0	1512	3083	45	20	-1	
5	1	228	1	1	1	1512	3083	45	20	30.972168	<a
2	1	229	0	0	0	1732	3090	70	24	-1	
3	1	229	1	0	0	1732	3090	70	24	-1	
4	1	229	1	1	0	1732	3090	70	24	-1	
5	1	229	1	1	1	1732	3094	34	15	43.895340	0€6
5	1	229	1	1	2	1778	3090	24	24	71.888290	(8)
2	1	230	0	0	0	2286	3101	240	3	-1	
3	1	230	1	0	0	2286	3101	240	3	-1	
4	1	230	1	1	0	2286	3101	240	3	-1	
5	1	230	1	1	1	2286	3101	240	3	0.000000	ra
2	1	231	0	0	0	473	3121	65	15	-1	
3	1	231	1	0	0	473	3121	65	15	-1	
4	1	231	1	1	0	473	3121	65	15	-1	
5	1	231	1	1	1	473	3121	65	15	84.089172	16V330
2	1	232	0	0	0	747	3118	24	24	-1	
3	1	232	1	0	0	747	3118	24	24	-1	
4	1	232	1	1	0	747	3118	24	24	-1	
5	1	232	1	1	1	747	3118	24	24	0.000000	)
2	1	233	0	0	0	782	3118	33	17	-1	
3	1	233	1	0	0	782	3118	33	17	-1	
4	1	233	1	1	0	782	3118	33	17	-1	
5	1	233	1	1	1	782	3118	33	17	76.212540	BPO
2	1	234	0	0	0	1195	3118	69	24	-1	
3	1	234	1	0	0	1195	3118	69	24	-1	
4	1	234	1	1	0	1195	3118	69	24	-1	
5	1	234	1	1	1	1195	3118	19	24	24.089897	&)
5	1	234	1	1	2	1229	3123	35	15	88.066177	B2R
2	1	235	0	0	0	1511	3132	46	16	-1	
3	1	235	1	0	0	1511	3132	46	16	-1	
4	1	235	1	1	0	1511	3132	46	16	-1	
5	1	235	1	1	1	1511	3132	46	16	48.591125	an
2	1	236	0	0	0	1670	3118	133	24	-1	
3	1	236	1	0	0	1670	3118	133	24	-1	
4	1	236	1	1	0	1670	3118	133	24	-1	
5	1	236	1	1	1	1670	3122	99	15	0.000000	2_~aaouT
5	1	236	1	1	2	1778	3118	25	24	26.404289	(8)
2	1	237	0	0	0	1799	3103	96	25	-1	
3	1	237	1	0	0	1799	3103	96	25	-1	
4	1	237	1	1	0	1799	3103	96	25	-1	
5	1	237	1	1	1	1799	3103	96	25	18.620392	{|<
2	1	238	0	0	0	2605	3116	47	15	-1	
3	1	238	1	0	0	2605	3116	47	15	-1	
4	1	238	1	1	0	2605	3116	47	15	-1	
5	1	238	1	1	1	2605	3116	47	15	68.819580	C839
2	1	239	0	0	0	463	3140	59	26	-1	
3	1	239	1	0	0	463	3140	59	26	-1	
4	1	239	1	1	0	463	3140	59	26	-1	
5	1	239	1	1	1	463	3140	59	26	62.882183	tat
2	1	240	0	0	0	746	3146	75	23	-1	
3	1	240	1	0	0	746	3146	75	23	-1	
4	1	240	1	1	0	746	3146	75	23	-1	
5	1	240	1	1	1	746	3146	24	23	5.909760	()
5	1	240	1	1	2	781	3151	40	13	41.290466	+Vee
2	1	241	0	0	0	913	3146	60	24	-1	
3	1	241	1	0	0	913	3146	60	24	-1	
4	1	241	1	1	0	913	3146	60	24	-1	
5	1	241	1	1	1	913	3150	20	14	92.131516	B2
5	1	241	1	1	2	943	3146	30	24	77.910072	(w)
2	1	242	0	0	0	1192	3146	70	23	-1	
3	1	242	1	0	0	1192	3146	70	23	-1	
4	1	242	1	1	0	1192	3146	70	23	-1	
5	1	242	1	1	1	1188	3141	26	37	44.666321	S)
5	1	242	1	1	2	1228	3152	34	15	57.908588	Bir
2	1	243	0	0	0	1512	3152	45	5	-1	
3	1	243	1	0	0	1512	3152	45	5	-1	
4	1	243	1	1	0	1512	3152	45	5	-1	
5	1	243	1	1	1	1512	3152	45	5	0.000000	=
2	1	244	0	0	0	1713	3146	89	24	-1	
3	1	244	1	0	0	1713	3146	89	24	-1	
4	1	244	1	1	0	1713	3146	89	24	-1	
5	1	244	1	1	1	1713	3150	56	15	32.624619	AQRST
5	1	244	1	1	2	1778	3146	24	24	31.928116	(Q)
2	1	245	0	0	0	2609	3138	44	13	-1	
3	1	245	1	0	0	2609	3138	44	13	-1	
4	1	245	1	1	0	2609	3138	44	13	-1	
5	1	245	1	1	1	2609	3138	44	13	91.079308	0.001
2	1	246	0	0	0	915	3179	18	14	-1	
3	1	246	1	0	0	915	3179	18	14	-1	
4	1	246	1	1	0	915	3179	18	14	-1	
5	1	246	1	1	1	915	3179	18	14	55.332726	BI
2	1	247	0	0	0	1102	3180	21	13	-1	
3	1	247	1	0	0	1102	3180	21	13	-1	
4	1	247	1	1	0	1102	3180	21	13	-1	
5	1	247	1	1	1	1102	3180	21	13	72.044701	c4
2	1	248	0	0	0	1620	3175	45	10	-1	
3	1	248	1	0	0	1620	3175	45	10	-1	
4	1	248	1	1	0	1620	3175	45	10	-1	
5	1	248	1	1	1	1620	3175	45	10	68.878494	ow
2	1	249	0	0	0	1026	3195	33	11	-1	
3	1	249	1	0	0	1026	3195	33	11	-1	
4	1	249	1	1	0	1026	3195	33	11	-1	
5	1	249	1	1	1	1026	3195	33	11	68.032997	aN
2	1	250	0	0	0	1190	3177	82	21	-1	
3	1	250	1	0	0	1190	3177	82	21	-1	
4	1	250	1	1	0	1190	3177	82	21	-1	
5	1	250	1	1	1	1190	3177	24	21	87.366638	G)
5	1	250	1	1	2	1228	3180	44	14	24.006569	Bie.
2	1	251	0	0	0	1744	3175	59	24	-1	
3	1	251	1	0	0	1744	3175	59	24	-1	
4	1	251	1	1	0	1744	3175	59	24	-1	
5	1	251	1	1	1	1744	3180	22	14	90.632355	nc
5	1	251	1	1	2	1780	3171	23	32	52.165520	@)
2	1	252	0	0	0	475	3228	45	15	-1	
3	1	252	1	0	0	475	3228	45	15	-1	
4	1	252	1	1	0	475	3228	45	15	-1	
5	1	252	1	1	1	475	3228	45	15	65.081100	c825
2	1	253	0	0	0	782	3208	41	14	-1	
3	1	253	1	0	0	782	3208	41	14	-1	
4	1	253	1	1	0	782	3208	41	14	-1	
5	1	253	1	1	1	782	3208	41	14	30.467484	Vee
2	1	254	0	0	0	1025	3223	34	10	-1	
3	1	254	1	0	0	1025	3223	34	10	-1	
4	1	254	1	1	0	1025	3223	34	10	-1	
5	1	254	1	1	1	1025	3223	34	10	13.023537	<<
2	1	255	0	0	0	1025	3211	34	10	-1	
3	1	255	1	0	0	1025	3211	34	10	-1	
4	1	255	1	1	0	1025	3211	34	10	-1	
5	1	255	1	1	1	1025	3211	34	10	88.221519	wal
2	1	256	0	0	0	1228	3206	44	16	-1	
3	1	256	1	0	0	1228	3206	44	16	-1	
4	1	256	1	1	0	1228	3206	44	16	-1	
5	1	256	1	1	1	1228	3206	44	16	91.190506	Voo2
2	1	257	0	0	0	1726	3203	76	24	-1	
3	1	257	1	0	0	1726	3203	76	24	-1	
4	1	257	1	1	0	1726	3203	76	24	-1	
5	1	257	1	1	1	1726	3207	40	14	34.942909	Voo!
5	1	257	1	1	2	1778	3203	24	24	46.796299	(&)
2	1	258	0	0	0	463	3249	62	15	-1	
3	1	258	1	0	0	463	3249	62	15	-1	
4	1	258	1	1	0	463	3249	62	15	-1	
5	1	258	1	1	1	463	3249	62	15	86.919617	16V330
2	1	259	0	0	0	1229	3236	39	14	-1	
3	1	259	1	0	0	1229	3236	39	14	-1	
4	1	259	1	1	0	1229	3236	39	14	-1	
5	1	259	1	1	1	1229	3236	39	14	49.486656	Vssi
2	1	260	0	0	0	1667	3248	26	13	-1	
3	1	260	1	0	0	1667	3248	26	13	-1	
4	1	260	1	1	0	1667	3248	26	13	-1	
5	1	260	1	1	1	1667	3248	26	13	78.626877	32
2	1	261	0	0	0	1667	3239	27	9	-1	
3	1	261	1	0	0	1667	3239	27	9	-1	
4	1	261	1	1	0	1667	3239	27	9	-1	
5	1	261	1	1	1	1667	3239	27	9	56.268402	=?
2	1	262	0	0	0	1724	3236	43	15	-1	
3	1	262	1	0	0	1724	3236	43	15	-1	
4	1	262	1	1	0	1724	3236	43	15	-1	
5	1	262	1	1	1	1724	3236	43	15	89.544243	Vss
5	1	262	1	1	2	1758	3232	13	29	96.203842	2
2	1	263	0	0	0	1778	3231	25	24	-1	
3	1	263	1	0	0	1778	3231	25	24	-1	
4	1	263	1	1	0	1778	3231	25	24	-1	
5	1	263	1	1	1	1778	3231	25	24	60.199093	®
2	1	264	0	0	0	2048	3235	28	20	-1	
3	1	264	1	0	0	2048	3235	28	20	-1	
4	1	264	1	1	0	2048	3235	28	20	-1	
5	1	264	1	1	1	2048	3235	28	20	32.249229	Pa)
2	1	265	0	0	0	2062	3249	30	14	-1	
3	1	265	1	0	0	2062	3249	30	14	-1	
4	1	265	1	1	0	2062	3249	30	14	-1	
5	1	265	1	1	1	2062	3249	30	14	45.904217	wo
2	1	266	0	0	0	1189	3258	24	24	-1	
3	1	266	1	0	0	1189	3258	24	24	-1	
4	1	266	1	1	0	1189	3258	24	24	-1	
5	1	266	1	1	1	1189	3258	24	24	0.000000	(S)
2	1	267	0	0	0	1228	3265	22	14	-1	
3	1	267	1	0	0	1228	3265	22	14	-1	
4	1	267	1	1	0	1228	3265	22	14	-1	
5	1	267	1	1	1	1228	3265	22	14	90.240128	NC
2	1	268	0	0	0	1666	3258	24	11	-1	
3	1	268	1	0	0	1666	3258	24	11	-1	
4	1	268	1	1	0	1666	3258	24	11	-1	
5	1	268	1	1	1	1666	3258	24	11	80.573784	Ze
2	1	269	0	0	0	1708	3260	94	22	-1	
3	1	269	1	0	0	1708	3260	94	22	-1	
4	1	269	1	1	0	1708	3260	94	22	-1	
5	1	269	1	1	1	1708	3264	58	15	93.258347	PHASE
5	1	269	1	1	2	1778	3260	24	22	51.692928	(@)
2	1	270	0	0	0	2062	3266	30	15	-1	
3	1	270	1	0	0	2062	3266	30	15	-1	
4	1	270	1	1	0	2062	3266	30	15	-1	
5	1	270	1	1	1	2062	3266	30	15	0.000000	§nr
2	1	271	0	0	0	1103	3291	22	14	-1	
3	1	271	1	0	0	1103	3291	22	14	-1	
4	1	271	1	1	0	1103	3291	22	14	-1	
5	1	271	1	1	1	1103	3291	22	14	78.459740	c3
2	1	272	0	0	0	1228	3291	45	14	-1	
3	1	272	1	0	0	1228	3291	45	14	-1	
4	1	272	1	1	0	1228	3291	45	14	-1	
5	1	272	1	1	1	1228	3291	45	14	91.540245	BISL
2	1	273	0	0	0	1745	3286	58	23	-1	
3	1	273	1	0	0	1745	3286	58	23	-1	
4	1	273	1	1	0	1745	3286	58	23	-1	
5	1	273	1	1	1	1745	3291	21	14	89.052917	nc
5	1	273	1	1	2	1779	3286	24	23	30.900513	@)
2	1	274	0	0	0	984	3323	41	11	-1	
3	1	274	1	0	0	984	3323	41	11	-1	
4	1	274	1	1	0	984	3323	41	11	-1	
5	1	274	1	1	1	984	3323	41	11	77.486382	ow
2	1	275	0	0	0	1102	3319	24	14	-1	
3	1	275	1	0	0	1102	3319	24	14	-1	
4	1	275	1	1	0	1102	3319	24	14	-1	
5	1	275	1	1	1	1102	3319	24	14	82.378204	c2
2	1	276	0	0	0	1190	3314	83	24	-1	
3	1	276	1	0	0	1190	3314	83	24	-1	
4	1	276	1	1	0	1190	3314	83	24	-1	
5	1	276	1	1	1	1190	3314	24	24	0.000000	(S)
5	1	276	1	1	2	1228	3319	45	14	57.980690	BI4L
2	1	277	0	0	0	1744	3314	59	24	-1	
3	1	277	1	0	0	1744	3314	59	24	-1	
4	1	277	1	1	0	1744	3314	59	24	-1	
5	1	277	1	1	1	1744	3314	59	24	87.741585	nc
5	1	277	1	1	2	1782	3310	24	34	15.403290	&)
2	1	278	0	0	0	1102	3347	19	14	-1	
3	1	278	1	0	0	1102	3347	19	14	-1	
4	1	278	1	1	0	1102	3347	19	14	-1	
5	1	278	1	1	1	1102	3347	19	14	78.209793	ci
2	1	279	0	0	0	1228	3345	45	15	-1	
3	1	279	1	0	0	1228	3345	45	15	-1	
4	1	279	1	1	0	1228	3345	45	15	-1	
5	1	279	1	1	1	1228	3345	45	15	49.560551	BI3L
2	1	280	0	0	0	1619	3347	148	14	-1	
3	1	280	1	0	0	1619	3347	148	14	-1	
4	1	280	1	1	0	1619	3347	148	14	-1	
5	1	280	1	1	1	1619	3350	47	10	92.605217	ow
5	1	280	1	1	2	1711	3347	56	14	83.058716	RDATA
2	1	281	0	0	0	1189	3342	25	23	-1	
3	1	281	1	0	0	1189	3342	25	23	-1	
4	1	281	1	1	0	1189	3342	25	23	-1	
5	1	281	1	1	1	1189	3342	25	23	35.400101	(S$)
2	1	282	0	0	0	1798	3355	349	25	-1	
3	1	282	1	0	0	1798	3355	349	25	-1	
4	1	282	1	1	0	1798	3355	349	25	-1	
5	1	282	1	1	1	1798	3355	349	25	35.392090	eee
2	1	283	0	0	0	1189	3370	83	24	-1	
3	1	283	1	0	0	1189	3370	83	24	-1	
4	1	283	1	1	0	1189	3370	83	24	-1	
5	1	283	1	1	1	1189	3370	24	24	34.245819	(GS)
5	1	283	1	1	2	1227	3376	45	14	50.453190	BI2L
2	1	284	0	0	0	1489	3324	91	65	-1	
3	1	284	1	0	0	1489	3324	91	65	-1	
4	1	284	1	1	0	1489	3324	91	65	-1	
5	1	284	1	1	1	1489	3324	91	65	0.000000	3
2	1	285	0	0	0	1581	3368	185	23	-1	
3	1	285	1	0	0	1581	3368	185	23	-1	
4	1	285	1	1	0	1581	3368	185	23	-1	
5	1	285	1	1	1	1581	3368	159	23	25.308754	"2
5	1	285	1	1	2	1744	3377	22	14	35.202339	SRCLA
2	1	286	0	0	0	1778	3370	24	24	-1	
3	1	286	1	0	0	1778	3370	24	24	-1	
4	1	286	1	1	0	1778	3370	24	24	-1	
5	1	286	1	1	1	1778	3370	24	24	46.880463	®)
2	1	287	0	0	0	2105	3391	41	10	-1	
3	1	287	1	0	0	2105	3391	41	10	-1	
4	1	287	1	1	0	2105	3391	41	10	-1	
5	1	287	1	1	1	2105	3391	41	10	75.676071	n<
2	1	288	0	0	0	977	3359	85	54	-1	
3	1	288	1	0	0	977	3359	85	54	-1	
4	1	288	1	1	0	977	3359	85	54	-1	
5	1	288	1	1	1	977	3359	85	54	38.439110	NN
2	1	289	0	0	0	1190	3398	60	24	-1	
3	1	289	1	0	0	1190	3398	60	24	-1	
4	1	289	1	1	0	1190	3398	60	24	-1	
5	1	289	1	1	1	1190	3398	60	24	51.644547	(@)
5	1	289	1	1	2	1228	3394	25	32	96.898514	NC
2	1	290	0	0	0	1721	3397	82	25	-1	
3	1	290	1	0	0	1721	3397	82	25	-1	
4	1	290	1	1	0	1721	3397	82	25	-1	
5	1	290	1	1	1	1721	3403	46	15	0.000000	irck
5	1	290	1	1	2	1779	3397	24	25	56.424328	@)
2	1	291	0	0	0	1160	3426	90	24	-1	
3	1	291	1	0	0	1160	3426	90	24	-1	
4	1	291	1	1	0	1160	3426	90	24	-1	
5	1	291	1	1	1	1156	3422	20	33	71.859268	Fo
5	1	291	1	1	2	1189	3422	25	33	47.024273	(S)
5	1	291	1	1	3	1228	3431	22	14	81.558655	nc
2	1	292	0	0	0	1733	3426	70	24	-1	
3	1	292	1	0	0	1733	3426	70	24	-1	
4	1	292	1	1	0	1733	3426	70	24	-1	
5	1	292	1	1	1	1733	3430	35	15	20.641075	Roc
5	1	292	1	1	2	1778	3426	25	24	37.607494	Q)
2	1	293	0	0	0	1278	3454	43	10	-1	
3	1	293	1	0	0	1278	3454	43	10	-1	
4	1	293	1	1	0	1278	3454	43	10	-1	
5	1	293	1	1	1	1278	3454	43	10	80.203835	oo
2	1	294	0	0	0	1279	3461	96	10	-1	
3	1	294	1	0	0	1279	3461	96	10	-1	
4	1	294	1	1	0	1279	3461	96	10	-1	
5	1	294	1	1	1	1279	3461	96	10	13.406189	22aon
2	1	295	0	0	0	1279	3473	124	11	-1	
3	1	295	1	0	0	1279	3473	124	11	-1	
4	1	295	1	1	0	1279	3473	124	11	-1	
5	1	295	1	1	1	1279	3473	68	11	0.000000	Sow
5	1	295	1	1	2	1363	3474	40	10	0.000000	an
2	1	296	0	0	0	1559	3462	156	11	-1	
3	1	296	1	0	0	1559	3462	156	11	-1	
4	1	296	1	1	0	1559	3462	156	11	-1	
5	1	296	1	1	1	1559	3454	97	28	0.000000	a2owoo
5	1	296	1	1	2	1673	3462	42	11	45.346317	ow
2	1	297	0	0	0	1051	3487	58	15	-1	
3	1	297	1	0	0	1051	3487	58	15	-1	
4	1	297	1	1	0	1051	3487	58	15	-1	
5	1	297	1	1	1	1051	3487	58	15	66.198380	<o
5	1	297	1	1	2	1094	3477	18	30	83.608727	w
2	1	298	0	0	0	1278	3487	125	10	-1	
3	1	298	1	0	0	1278	3487	125	10	-1	
4	1	298	1	1	0	1278	3487	125	10	-1	
5	1	298	1	1	1	1278	3487	125	10	32.349442	creer
2	1	299	0	0	0	1502	3477	15	20	-1	
3	1	299	1	0	0	1502	3477	15	20	-1	
4	1	299	1	1	0	1502	3477	15	20	-1	
5	1	299	1	1	1	1502	3477	15	20	0.000000	o
2	1	300	0	0	0	1530	3475	43	10	-1	
3	1	300	1	0	0	1530	3475	43	10	-1	
4	1	300	1	1	0	1530	3475	43	10	-1	
5	1	300	1	1	1	1530	3475	43	10	73.026520	za
2	1	301	0	0	0	1530	3487	183	11	-1	
3	1	301	1	0	0	1530	3487	183	11	-1	
4	1	301	1	1	0	1530	3487	183	11	-1	
5	1	301	1	1	1	1530	3487	183	11	0.000000	Orrrrre
2	1	302	0	0	0	1587	3474	127	11	-1	
3	1	302	1	0	0	1587	3474	127	11	-1	
4	1	302	1	1	0	1587	3474	127	11	-1	
5	1	302	1	1	1	1587	3474	127	11	71.253067	abun
5	1	302	1	1	2	1701	3466	18	28	74.447983	—
2	1	303	0	0	0	676	3529	18	14	-1	
3	1	303	1	0	0	676	3529	18	14	-1	
4	1	303	1	1	0	676	3529	18	14	-1	
5	1	303	1	1	1	676	3529	18	14	87.294708	cl
2	1	304	0	0	0	747	3524	66	24	-1	
3	1	304	1	0	0	747	3524	66	24	-1	
4	1	304	1	1	0	747	3524	66	24	-1	
5	1	304	1	1	1	743	3520	28	32	46.238800	©)
5	1	304	1	1	2	783	3530	30	14	76.022835	B13
2	1	305	0	0	0	904	3525	67	24	-1	
3	1	305	1	0	0	904	3525	67	24	-1	
4	1	305	1	1	0	904	3525	67	24	-1	
5	1	305	1	1	1	904	3525	67	24	66.277557	812)
2	1	306	0	0	0	1274	3508	220	25	-1	
3	1	306	1	0	0	1274	3508	220	25	-1	
4	1	306	1	1	0	1274	3508	220	25	-1	
5	1	306	1	1	1	1274	3508	220	25	0.000000	BO3809600
2	1	307	0	0	0	1526	3508	193	26	-1	
3	1	307	1	0	0	1526	3508	193	26	-1	
4	1	307	1	1	0	1526	3508	193	26	-1	
5	1	307	1	1	1	1526	3508	193	26	57.167351	99060000
2	1	308	0	0	0	675	3558	22	14	-1	
3	1	308	1	0	0	675	3558	22	14	-1	
4	1	308	1	1	0	675	3558	22	14	-1	
5	1	308	1	1	1	675	3558	22	14	80.078499	c2
2	1	309	0	0	0	746	3553	69	24	-1	
3	1	309	1	0	0	746	3553	69	24	-1	
4	1	309	1	1	0	746	3553	69	24	-1	
5	1	309	1	1	1	746	3553	23	24	0.000000	(SB)
5	1	309	1	1	2	782	3558	33	14	47.136528	Bi4
2	1	310	0	0	0	904	3554	67	24	-1	
3	1	310	1	0	0	904	3554	67	24	-1	
4	1	310	1	1	0	904	3554	67	24	-1	
5	1	310	1	1	1	904	3559	29	14	57.577343	B11
5	1	310	1	1	2	947	3554	24	24	66.401878	G)
2	1	311	0	0	0	1017	3559	23	17	-1	
3	1	311	1	0	0	1017	3559	23	17	-1	
4	1	311	1	1	0	1017	3559	23	17	-1	
5	1	311	1	1	1	1017	3559	23	17	95.301071	bs
2	1	312	0	0	0	675	3586	21	15	-1	
3	1	312	1	0	0	675	3586	21	15	-1	
4	1	312	1	1	0	675	3586	21	15	-1	
5	1	312	1	1	1	675	3586	21	15	78.070251	c3
2	1	313	0	0	0	903	3587	33	15	-1	
3	1	313	1	0	0	903	3587	33	15	-1	
4	1	313	1	1	0	903	3587	33	15	-1	
5	1	313	1	1	1	903	3587	33	15	75.022591	BIO
2	1	314	0	0	0	1017	3586	23	17	-1	
3	1	314	1	0	0	1017	3586	23	17	-1	
4	1	314	1	1	0	1017	3586	23	17	-1	
5	1	314	1	1	1	1017	3586	23	17	92.489059	b4
2	1	315	0	0	0	1277	3579	129	11	-1	
3	1	315	1	0	0	1277	3579	129	11	-1	
4	1	315	1	1	0	1277	3579	129	11	-1	
5	1	315	1	1	1	1277	3579	129	11	0.000000	coooSo
2	1	316	0	0	0	1278	3590	124	13	-1	
3	1	316	1	0	0	1278	3590	124	13	-1	
4	1	316	1	1	0	1278	3590	124	13	-1	
5	1	316	1	1	1	1278	3590	124	13	44.277611	Asan
5	1	316	1	1	2	1388	3582	17	28	67.879684	=
2	1	317	0	0	0	1558	3590	154	12	-1	
3	1	317	1	0	0	1558	3590	154	12	-1	
4	1	317	1	1	0	1558	3590	154	12	-1	
5	1	317	1	1	1	1558	3590	154	12	0.000000	AAnArN
2	1	318	0	0	0	1558	3576	154	13	-1	
3	1	318	1	0	0	1558	3576	154	13	-1	
4	1	318	1	1	0	1558	3576	154	13	-1	
5	1	318	1	1	1	1558	3576	154	13	45.816124	oo
5	1	318	1	1	2	1614	3566	13	30	49.526997	a
5	1	318	1	1	3	1641	3566	13	30	33.699783	2
5	1	318	1	1	4	1664	3576	48	13	46.335281	“ao
2	1	319	0	0	0	674	3614	22	14	-1	
3	1	319	1	0	0	674	3614	22	14	-1	
4	1	319	1	1	0	674	3614	22	14	-1	
5	1	319	1	1	1	674	3614	22	14	77.642357	c4
2	1	320	0	0	0	747	3581	69	24	-1	
3	1	320	1	0	0	747	3581	69	24	-1	
4	1	320	1	1	0	747	3581	69	24	-1	
5	1	320	1	1	1	743	3577	28	32	0.000000	(G)
5	1	320	1	1	2	783	3586	33	15	78.742004	B15
2	1	321	0	0	0	2019	3601	44	12	-1	
3	1	321	1	0	0	2019	3601	44	12	-1	
4	1	321	1	1	0	2019	3601	44	12	-1	
5	1	321	1	1	1	2019	3601	44	12	90.698471	ow
2	1	322	0	0	0	746	3609	70	24	-1	
3	1	322	1	0	0	746	3609	70	24	-1	
4	1	322	1	1	0	746	3609	70	24	-1	
5	1	322	1	1	1	746	3609	24	24	21.503365	(mo)
5	1	322	1	1	2	783	3614	33	15	76.052475	BI6
2	1	323	0	0	0	914	3610	58	24	-1	
3	1	323	1	0	0	914	3610	58	24	-1	
4	1	323	1	1	0	914	3610	58	24	-1	
5	1	323	1	1	1	914	3614	22	15	27.022270	Bs
5	1	323	1	1	2	946	3610	26	24	75.031693	(>)
2	1	324	0	0	0	1018	3613	24	17	-1	
3	1	324	1	0	0	1018	3613	24	17	-1	
4	1	324	1	1	0	1018	3613	24	17	-1	
5	1	324	1	1	1	1018	3613	24	17	89.466011	b3
2	1	325	0	0	0	1322	3633	68	10	-1	
3	1	325	1	0	0	1322	3633	68	10	-1	
4	1	325	1	1	0	1322	3633	68	10	-1	
5	1	325	1	1	1	1322	3633	68	10	23.656319	ofojo
2	1	326	0	0	0	1574	3631	151	17	-1	
3	1	326	1	0	0	1574	3631	151	17	-1	
4	1	326	1	1	0	1574	3631	151	17	-1	
5	1	326	1	1	1	1574	3624	108	28	0.000000	olololo]
5	1	326	1	1	2	1686	3631	39	17	21.303337	og
2	1	327	0	0	0	747	3638	59	23	-1	
3	1	327	1	0	0	747	3638	59	23	-1	
4	1	327	1	1	0	747	3638	59	23	-1	
5	1	327	1	1	1	747	3638	59	23	53.484745	(3)
5	1	327	1	1	2	784	3634	27	31	96.582672	vo
2	1	328	0	0	0	912	3638	61	23	-1	
3	1	328	1	0	0	912	3638	61	23	-1	
4	1	328	1	1	0	912	3638	61	23	-1	
5	1	328	1	1	1	912	3644	23	15	49.120373	88
5	1	328	1	1	2	948	3633	25	37	86.471024	G)
2	1	329	0	0	0	1019	3641	23	17	-1	
3	1	329	1	0	0	1019	3641	23	17	-1	
4	1	329	1	1	0	1019	3641	23	17	-1	
5	1	329	1	1	1	1019	3641	23	17	81.989441	b2
2	1	330	0	0	0	1323	3646	67	10	-1	
3	1	330	1	0	0	1323	3646	67	10	-1	
4	1	330	1	1	0	1323	3646	67	10	-1	
5	1	330	1	1	1	1323	3646	67	10	0.000000	<|<J<
2	1	331	0	0	0	1575	3646	39	11	-1	
3	1	331	1	0	0	1575	3646	39	11	-1	
4	1	331	1	1	0	1575	3646	39	11	-1	
5	1	331	1	1	1	1575	3646	39	11	80.943802	<|<
2	1	332	0	0	0	1657	3646	67	14	-1	
3	1	332	1	0	0	1657	3646	67	14	-1	
4	1	332	1	1	0	1657	3646	67	14	-1	
5	1	332	1	1	1	1657	3646	67	14	0.000000	<|<fe
2	1	333	0	0	0	746	3668	24	21	-1	
3	1	333	1	0	0	746	3668	24	21	-1	
4	1	333	1	1	0	746	3668	24	21	-1	
5	1	333	1	1	1	746	3668	24	21	79.580162	(S)
2	1	334	0	0	0	781	3669	22	14	-1	
3	1	334	1	0	0	781	3669	22	14	-1	
4	1	334	1	1	0	781	3669	22	14	-1	
5	1	334	1	1	1	781	3669	22	14	76.388733	RF
2	1	335	0	0	0	913	3665	60	24	-1	
3	1	335	1	0	0	913	3665	60	24	-1	
4	1	335	1	1	0	913	3665	60	24	-1	
5	1	335	1	1	1	913	3669	20	14	90.723526	B7
5	1	335	1	1	2	943	3665	30	24	51.806602	(w)
2	1	336	0	0	0	1019	3668	18	17	-1	
3	1	336	1	0	0	1019	3668	18	17	-1	
4	1	336	1	1	0	1019	3668	18	17	-1	
5	1	336	1	1	1	1019	3668	18	17	79.468513	bi
2	1	337	0	0	0	746	3693	54	24	-1	
3	1	337	1	0	0	746	3693	54	24	-1	
4	1	337	1	1	0	746	3693	54	24	-1	
5	1	337	1	1	1	746	3693	54	24	13.413559	(RY)
5	1	337	1	1	2	782	3689	22	32	91.742889	su
2	1	338	0	0	0	913	3693	60	24	-1	
3	1	338	1	0	0	913	3693	60	24	-1	
4	1	338	1	1	0	913	3693	60	24	-1	
5	1	338	1	1	1	913	3698	20	15	68.776535	86
5	1	338	1	1	2	943	3693	30	24	76.364639	(@)
2	1	339	0	0	0	1017	3699	23	14	-1	
3	1	339	1	0	0	1017	3699	23	14	-1	
4	1	339	1	1	0	1017	3699	23	14	-1	
5	1	339	1	1	1	1017	3699	23	14	89.024559	a6
2	1	340	0	0	0	746	3721	67	24	-1	
3	1	340	1	0	0	746	3721	67	24	-1	
4	1	340	1	1	0	746	3721	67	24	-1	
5	1	340	1	1	1	746	3721	24	24	55.108040	(8)
5	1	340	1	1	2	779	3727	34	14	96.026360	GND
2	1	341	0	0	0	913	3727	23	15	-1	
3	1	341	1	0	0	913	3727	23	15	-1	
4	1	341	1	1	0	913	3727	23	15	-1	
5	1	341	1	1	1	913	3727	23	15	76.072174	85
2	1	342	0	0	0	1017	3726	23	15	-1	
3	1	342	1	0	0	1017	3726	23	15	-1	
4	1	342	1	1	0	1017	3726	23	15	-1	
5	1	342	1	1	1	1017	3726	23	15	78.352829	as
2	1	343	0	0	0	783	3755	18	14	-1	
3	1	343	1	0	0	783	3755	18	14	-1	
4	1	343	1	1	0	783	3755	18	14	-1	
5	1	343	1	1	1	783	3755	18	14	93.164108	10
2	1	344	0	0	0	1017	3756	23	14	-1	
3	1	344	1	0	0	1017	3756	23	14	-1	
4	1	344	1	1	0	1017	3756	23	14	-1	
5	1	344	1	1	1	1017	3756	23	14	25.211403	aq
2	1	345	0	0	0	1354	3749	26	10	-1	
3	1	345	1	0	0	1354	3749	26	10	-1	
4	1	345	1	1	0	1354	3749	26	10	-1	
5	1	345	1	1	1	1354	3749	26	10	83.617653	ae
2	1	346	0	0	0	1354	3738	28	13	-1	
3	1	346	1	0	0	1354	3738	28	13	-1	
4	1	346	1	1	0	1354	3738	28	13	-1	
5	1	346	1	1	1	1354	3738	28	13	36.251976	32
2	1	347	0	0	0	747	3749	23	24	-1	
3	1	347	1	0	0	747	3749	23	24	-1	
4	1	347	1	1	0	747	3749	23	24	-1	
5	1	347	1	1	1	747	3749	23	24	57.858398	($3)
2	1	348	0	0	0	913	3750	59	24	-1	
3	1	348	1	0	0	913	3750	59	24	-1	
4	1	348	1	1	0	913	3750	59	24	-1	
5	1	348	1	1	1	913	3755	21	15	88.175209	B4
5	1	348	1	1	2	942	3750	30	24	64.512787	(a)
2	1	349	0	0	0	1015	3782	24	14	-1	
3	1	349	1	0	0	1015	3782	24	14	-1	
4	1	349	1	1	0	1015	3782	24	14	-1	
5	1	349	1	1	1	1015	3782	24	14	57.839935	a3
2	1	350	0	0	0	913	3778	59	24	-1	
3	1	350	1	0	0	913	3778	59	24	-1	
4	1	350	1	1	0	913	3778	59	24	-1	
5	1	350	1	1	1	913	3782	23	15	67.963799	B3
5	1	350	1	1	2	946	3778	26	24	27.727974	(@)
2	1	351	0	0	0	1225	3704	122	98	-1	
3	1	351	1	0	0	1225	3704	122	98	-1	
4	1	351	1	1	0	1225	3704	122	98	-1	
5	1	351	1	1	1	1225	3704	73	50	43.155220	iw
5	1	351	1	1	2	1313	3730	34	72	33.617859	:
2	1	352	0	0	0	629	3811	81	15	-1	
3	1	352	1	0	0	629	3811	81	15	-1	
4	1	352	1	1	0	629	3811	81	15	-1	
5	1	352	1	1	1	629	3811	81	15	83.688919	16V330<
2	1	353	0	0	0	746	3805	68	24	-1	
3	1	353	1	0	0	746	3805	68	24	-1	
4	1	353	1	1	0	746	3805	68	24	-1	
5	1	353	1	1	1	746	3805	24	24	0.000000	(%)
5	1	353	1	1	2	779	3810	35	14	96.153366	BPO
2	1	354	0	0	0	1311	3810	54	14	-1	
3	1	354	1	0	0	1311	3810	54	14	-1	
4	1	354	1	1	0	1311	3810	54	14	-1	
5	1	354	1	1	1	1311	3810	54	14	35.073204	ous
2	1	355	0	0	0	745	3834	77	23	-1	
3	1	355	1	0	0	745	3834	77	23	-1	
4	1	355	1	1	0	745	3834	77	23	-1	
5	1	355	1	1	1	745	3834	24	23	49.098221	(RR)
5	1	355	1	1	2	780	3838	42	14	48.737415	+Vcc
2	1	356	0	0	0	912	3838	23	15	-1	
3	1	356	1	0	0	912	3838	23	15	-1	
4	1	356	1	1	0	912	3838	23	15	-1	
5	1	356	1	1	1	912	3838	23	15	81.120613	B2
2	1	357	0	0	0	1016	3837	24	15	-1	
3	1	357	1	0	0	1016	3837	24	15	-1	
4	1	357	1	1	0	1016	3837	24	15	-1	
5	1	357	1	1	1	1016	3837	24	15	96.013069	a2
2	1	358	0	0	0	1709	3764	75	94	-1	
3	1	358	1	0	0	1709	3764	75	94	-1	
4	1	358	1	1	0	1709	3764	75	94	-1	
5	1	358	1	1	1	1709	3764	75	94	67.660370	E
2	1	359	0	0	0	746	3861	24	23	-1	
3	1	359	1	0	0	746	3861	24	23	-1	
4	1	359	1	1	0	746	3861	24	23	-1	
5	1	359	1	1	1	746	3861	24	23	48.097477	8)
2	1	360	0	0	0	913	3862	59	23	-1	
3	1	360	1	0	0	913	3862	59	23	-1	
4	1	360	1	1	0	913	3862	59	23	-1	
5	1	360	1	1	1	913	3867	19	15	56.892124	Bi
5	1	360	1	1	2	945	3862	27	23	3.734367	(&)
2	1	361	0	0	0	1017	3867	20	14	-1	
3	1	361	1	0	0	1017	3867	20	14	-1	
4	1	361	1	1	0	1017	3867	20	14	-1	
5	1	361	1	1	1	1017	3867	20	14	69.469940	al
2	1	362	0	0	0	780	3895	42	14	-1	
3	1	362	1	0	0	780	3895	42	14	-1	
4	1	362	1	1	0	780	3895	42	14	-1	
5	1	362	1	1	1	780	3895	42	14	37.717628	Veo
2	1	363	0	0	0	618	3889	46	29	-1	
3	1	363	1	0	0	618	3889	46	29	-1	
4	1	363	1	1	0	618	3889	46	29	-1	
5	1	363	1	1	1	618	3889	46	29	43.361435	A
2	1	364	0	0	0	632	3922	45	15	-1	
3	1	364	1	0	0	632	3922	45	15	-1	
4	1	364	1	1	0	632	3922	45	15	-1	
5	1	364	1	1	1	632	3922	45	15	68.826401	C823
2	1	365	0	0	0	629	3942	57	15	-1	
3	1	365	1	0	0	629	3942	57	15	-1	
4	1	365	1	1	0	629	3942	57	15	-1	
5	1	365	1	1	1	629	3942	57	15	88.240501	6V330
2	1	366	0	0	0	1882	3985	348	3	-1	
3	1	366	1	0	0	1882	3985	348	3	-1	
4	1	366	1	1	0	1882	3985	348	3	-1	
5	1	366	1	1	1	1882	3985	50	3	41.958687	Sen
5	1	366	1	1	2	1945	3985	71	3	21.798309	eee
5	1	366	1	1	3	2023	3985	207	3	27.041107	eee
5	1	366	1	1	4	2167	3969	66	28	27.859840	cece
2	1	367	0	0	0	750	3983	1107	16	-1	
3	1	367	1	0	0	750	3983	1107	16	-1	
4	1	367	1	1	0	750	3983	1107	16	-1	
5	1	367	1	1	1	750	3983	17	16	10.608093	I
5	1	367	1	1	2	1532	3984	325	15	32.529030	Te
2	1	368	0	0	0	2235	3967	32	27	-1	
3	1	368	1	0	0	2235	3967	32	27	-1	
4	1	368	1	1	0	2235	3967	32	27	-1	
5	1	368	1	1	1	2235	3967	32	27	38.320312	ra]
2	1	369	0	0	0	796	4010	618	5	-1	
3	1	369	1	0	0	796	4010	618	5	-1	
4	1	369	1	1	0	796	4010	618	5	-1	
5	1	369	1	1	1	796	4011	73	3	0.000000	See
5	1	369	1	1	2	897	4011	10	3	0.000000	e
5	1	369	1	1	3	917	4011	25	3	37.215500	en
5	1	369	1	1	4	950	4011	31	2	34.402451	ee
5	1	369	1	1	5	990	4011	47	2	21.336853	See
5	1	369	1	1	6	1051	4010	26	4	14.562149	He
5	1	369	1	1	7	1100	4011	37	3	22.916527	eS
5	1	369	1	1	8	1146	4011	48	3	26.713249	Se
5	1	369	1	1	9	1221	4011	33	3	23.383675	Se
5	1	369	1	1	10	1265	4011	24	3	33.968971	ew
5	1	369	1	1	11	1305	4011	109	4	20.317101	See
2	1	370	0	0	0	1440	4006	424	23	-1	
3	1	370	1	0	0	1440	4006	424	23	-1	
4	1	370	1	1	0	1440	4006	424	23	-1	
5	1	370	1	1	1	1440	4012	85	3	0.000000	=
5	1	370	1	1	2	1530	4006	334	23	0.000000	qqposst
5	1	370	1	1	3	1661	3997	66	36	0.000000	cess
5	1	370	1	1	4	1739	4006	84	23	0.000000	sees
5	1	370	1	1	5	1853	3997	15	36	14.991882	-
2	1	371	0	0	0	1892	4012	337	3	-1	
3	1	371	1	0	0	1892	4012	337	3	-1	
4	1	371	1	1	0	1892	4012	337	3	-1	
5	1	371	1	1	1	1892	4012	34	3	40.553093	Se
5	1	371	1	1	2	1937	4012	52	3	32.444099	eee
5	1	371	1	1	3	1998	4012	231	3	15.401901	eee
5	1	371	1	1	4	2139	3996	29	28	18.364792	ee
5	1	371	1	1	5	2179	3996	55	28	13.538818	ee
2	1	372	0	0	0	580	4111	132	19	-1	
3	1	372	1	0	0	580	4111	132	19	-1	
4	1	372	1	1	0	580	4111	132	19	-1	
5	1	372	1	1	1	580	4107	30	34	0.000000	Ed
5	1	372	1	1	2	601	4111	111	19	0.000000	seesteed
2	1	373	0	0	0	580	4087	132	22	-1	
3	1	373	1	0	0	580	4087	132	22	-1	
4	1	373	1	1	0	580	4087	132	22	-1	
5	1	373	1	1	1	580	4083	33	37	38.172081	pe
5	1	373	1	1	2	601	4087	111	22	55.864391	TT
2	1	374	0	0	0	1438	4067	433	64	-1	
3	1	374	1	0	0	1438	4067	433	64	-1	
4	1	374	1	1	0	1438	4067	433	64	-1	
5	1	374	1	1	1	1438	4067	433	64	18.683228	=i
2	1	375	0	0	0	864	4191	46	10	-1	
3	1	375	1	0	0	864	4191	46	10	-1	
4	1	375	1	1	0	864	4191	46	10	-1	
5	1	375	1	1	1	864	4191	46	10	0.000000	Plo
2	1	376	0	0	0	865	4183	44	11	-1	
3	1	376	1	0	0	865	4183	44	11	-1	
4	1	376	1	1	0	865	4183	44	11	-1	
5	1	376	1	1	1	865	4183	44	11	1.993820	VS
2	1	377	0	0	0	597	4190	75	27	-1	
3	1	377	1	0	0	597	4190	75	27	-1	
4	1	377	1	1	0	597	4190	75	27	-1	
5	1	377	1	1	1	597	4190	75	27	32.367233	20
2	1	378	0	0	0	864	4203	46	11	-1	
3	1	378	1	0	0	864	4203	46	11	-1	
4	1	378	1	1	0	864	4203	46	11	-1	
5	1	378	1	1	1	864	4203	46	11	54.847397	rex)
2	1	379	0	0	0	881	4217	29	9	-1	
3	1	379	1	0	0	881	4217	29	9	-1	
4	1	379	1	1	0	881	4217	29	9	-1	
5	1	379	1	1	1	881	4217	29	9	41.659168	=N
2	1	380	0	0	0	1642	4215	23	4	-1	
3	1	380	1	0	0	1642	4215	23	4	-1	
4	1	380	1	1	0	1642	4215	23	4	-1	
5	1	380	1	1	1	1642	4215	23	4	44.779396	=
2	1	381	0	0	0	1642	4201	45	11	-1	
3	1	381	1	0	0	1642	4201	45	11	-1	
4	1	381	1	1	0	1642	4201	45	11	-1	
5	1	381	1	1	1	1642	4201	45	11	28.439621	wv
2	1	382	0	0	0	865	4228	45	17	-1	
3	1	382	1	0	0	865	4228	45	17	-1	
4	1	382	1	1	0	865	4228	45	17	-1	
5	1	382	1	1	1	865	4228	45	17	0.000000	=)
2	1	383	0	0	0	1638	4234	49	12	-1	
3	1	383	1	0	0	1638	4234	49	12	-1	
4	1	383	1	1	0	1638	4234	49	12	-1	
5	1	383	1	1	1	1638	4234	49	12	20.813240	<-n
2	1	384	0	0	0	1641	4221	46	13	-1	
3	1	384	1	0	0	1641	4221	46	13	-1	
4	1	384	1	1	0	1641	4221	46	13	-1	
5	1	384	1	1	1	1641	4221	46	13	0.000000	e3@
2	1	385	0	0	0	598	4236	74	31	-1	
3	1	385	1	0	0	598	4236	74	31	-1	
4	1	385	1	1	0	598	4236	74	31	-1	
5	1	385	1	1	1	598	4236	22	30	69.449234	3
5	1	385	1	1	2	644	4241	28	26	69.449234	>
2	1	386	0	0	0	865	4246	27	14	-1	
3	1	386	1	0	0	865	4246	27	14	-1	
4	1	386	1	1	0	865	4246	27	14	-1	
5	1	386	1	1	1	865	4246	27	14	46.611130	Tw
2	1	387	0	0	0	1642	4248	45	13	-1	
3	1	387	1	0	0	1642	4248	45	13	-1	
4	1	387	1	1	0	1642	4248	45	13	-1	
5	1	387	1	1	1	1642	4248	45	13	0.000000	=U
2	1	388	0	0	0	816	4275	60	12	-1	
3	1	388	1	0	0	816	4275	60	12	-1	
4	1	388	1	1	0	816	4275	60	12	-1	
5	1	388	1	1	1	816	4275	60	12	33.837425	mae)
2	1	389	0	0	0	1203	4201	130	86	-1	
3	1	389	1	0	0	1203	4201	130	86	-1	
4	1	389	1	1	0	1203	4201	130	86	-1	
5	1	389	1	1	1	1203	4201	130	86	82.159821	=
2	1	390	0	0	0	1641	4266	27	11	-1	
3	1	390	1	0	0	1641	4266	27	11	-1	
4	1	390	1	1	0	1641	4266	27	11	-1	
5	1	390	1	1	1	1641	4266	27	11	42.403030	rw
2	1	391	0	0	0	1988	4202	128	85	-1	
3	1	391	1	0	0	1988	4202	128	85	-1	
4	1	391	1	1	0	1988	4202	128	85	-1	
5	1	391	1	1	1	1988	4202	128	85	69.225067	=
2	1	392	0	0	0	598	4292	75	28	-1	
3	1	392	1	0	0	598	4292	75	28	-1	
4	1	392	1	1	0	598	4292	75	28	-1	
5	1	392	1	1	1	598	4292	75	28	14.632996	oo”
2	1	393	0	0	0	1593	4290	59	13	-1	
3	1	393	1	0	0	1593	4290	59	13	-1	
4	1	393	1	1	0	1593	4290	59	13	-1	
5	1	393	1	1	1	1593	4290	59	13	4.902313	"FO
2	1	394	0	0	0	2234	4280	75	25	-1	
3	1	394	1	0	0	2234	4280	75	25	-1	
4	1	394	1	1	0	2234	4280	75	25	-1	
5	1	394	1	1	1	2234	4280	75	25	37.020638	nO
2	1	395	0	0	0	2495	4332	50	16	-1	
3	1	395	1	0	0	2495	4332	50	16	-1	
4	1	395	1	1	0	2495	4332	50	16	-1	
5	1	395	1	1	1	2495	4332	50	16	29.053986	Ww
5	1	395	1	1	2	2530	4324	20	28	70.688095	-
2	1	396	0	0	0	599	4332	74	25	-1	
3	1	396	1	0	0	599	4332	74	25	-1	
4	1	396	1	1	0	599	4332	74	25	-1	
5	1	396	1	1	1	599	4332	74	25	24.706970	z>
2	1	397	0	0	0	2234	4325	74	31	-1	
3	1	397	1	0	0	2234	4325	74	31	-1	
4	1	397	1	1	0	2234	4325	74	31	-1	
5	1	397	1	1	1	2234	4325	22	29	40.634018	3
5	1	397	1	1	2	2280	4330	28	26	40.634018	>
2	1	398	0	0	0	2496	4349	50	20	-1	
3	1	398	1	0	0	2496	4349	50	20	-1	
4	1	398	1	1	0	2496	4349	50	20	-1	
5	1	398	1	1	1	2496	4349	50	20	6.238937	<°
2	1	399	0	0	0	2750	4331	46	20	-1	
3	1	399	1	0	0	2750	4331	46	20	-1	
4	1	399	1	1	0	2750	4331	46	20	-1	
5	1	399	1	1	1	2750	4331	46	20	75.688721	Zo
2	1	400	0	0	0	598	4355	75	30	-1	
3	1	400	1	0	0	598	4355	75	30	-1	
4	1	400	1	1	0	598	4355	75	30	-1	
5	1	400	1	1	1	598	4355	75	30	72.907906	o>
2	1	401	0	0	0	2201	4357	108	23	-1	
3	1	401	1	0	0	2201	4357	108	23	-1	
4	1	401	1	1	0	2201	4357	108	23	-1	
5	1	401	1	1	1	2201	4357	108	23	7.057846	=<Bn
2	1	402	0	0	0	2750	4377	45	18	-1	
3	1	402	1	0	0	2750	4377	45	18	-1	
4	1	402	1	1	0	2750	4377	45	18	-1	
5	1	402	1	1	1	2750	4377	45	18	59.275757	hoa
2	1	403	0	0	0	2234	4380	72	29	-1	
3	1	403	1	0	0	2234	4380	72	29	-1	
4	1	403	1	1	0	2234	4380	72	29	-1	
5	1	403	1	1	1	2234	4380	72	29	74.278000	oo”
2	1	404	0	0	0	2494	4425	51	19	-1	
3	1	404	1	0	0	2494	4425	51	19	-1	
4	1	404	1	1	0	2494	4425	51	19	-1	
5	1	404	1	1	1	2494	4425	51	19	75.275116	on
2	1	405	0	0	0	2496	4404	38	17	-1	
3	1	405	1	0	0	2496	4404	38	17	-1	
4	1	405	1	1	0	2496	4404	38	17	-1	
5	1	405	1	1	1	2496	4404	38	17	32.089478	UD:
2	1	406	0	0	0	3072	4414	49	18	-1	
3	1	406	1	0	0	3072	4414	49	18	-1	
4	1	406	1	1	0	3072	4414	49	18	-1	
5	1	406	1	1	1	3072	4414	49	18	74.057289	p-
2	1	407	0	0	0	714	4373	288	88	-1	
3	1	407	1	0	0	714	4373	288	88	-1	
4	1	407	1	1	0	714	4373	288	88	-1	
5	1	407	1	1	1	714	4373	288	88	42.596817	i
2	1	408	0	0	0	2749	4434	46	13	-1	
3	1	408	1	0	0	2749	4434	46	13	-1	
4	1	408	1	1	0	2749	4434	46	13	-1	
5	1	408	1	1	1	2749	4434	46	13	52.385845	—@®
2	1	409	0	0	0	3072	4437	50	22	-1	
3	1	409	1	0	0	3072	4437	50	22	-1	
4	1	409	1	1	0	3072	4437	50	22	-1	
5	1	409	1	1	1	3072	4437	50	22	93.824707	Zo
2	1	410	0	0	0	2233	4444	75	30	-1	
3	1	410	1	0	0	2233	4444	75	30	-1	
4	1	410	1	1	0	2233	4444	75	30	-1	
5	1	410	1	1	1	2233	4444	75	30	78.062958	o>
2	1	411	0	0	0	2748	4464	46	26	-1	
3	1	411	1	0	0	2748	4464	46	26	-1	
4	1	411	1	1	0	2748	4464	46	26	-1	
5	1	411	1	1	1	2748	4464	46	26	76.873978	z°
2	1	412	0	0	0	3072	4459	50	16	-1	
3	1	412	1	0	0	3072	4459	50	16	-1	
4	1	412	1	1	0	3072	4459	50	16	-1	
5	1	412	1	1	1	3072	4459	50	16	80.770325	NO
2	1	413	0	0	0	3071	4526	51	11	-1	
3	1	413	1	0	0	3071	4526	51	11	-1	
4	1	413	1	1	0	3071	4526	51	11	-1	
5	1	413	1	1	1	3071	4526	51	11	23.582008	—-O
2	1	414	0	0	0	685	4519	36	40	-1	
3	1	414	1	0	0	685	4519	36	40	-1	
4	1	414	1	1	0	685	4519	36	40	-1	
5	1	414	1	1	1	685	4519	36	40	46.869484	Lt
2	1	415	0	0	0	1919	4470	62	84	-1	
3	1	415	1	0	0	1919	4470	62	84	-1	
4	1	415	1	1	0	1919	4470	62	84	-1	
5	1	415	1	1	1	1919	4470	62	84	55.175163	ifs
2	1	416	0	0	0	686	4581	34	3	-1	
3	1	416	1	0	0	686	4581	34	3	-1	
4	1	416	1	1	0	686	4581	34	3	-1	
5	1	416	1	1	1	686	4581	34	3	25.189560	=~.
2	1	417	0	0	0	684	4587	37	11	-1	
3	1	417	1	0	0	684	4587	37	11	-1	
4	1	417	1	1	0	684	4587	37	11	-1	
5	1	417	1	1	1	684	4587	37	11	89.734825	aa
2	1	418	0	0	0	685	4601	35	10	-1	
3	1	418	1	0	0	685	4601	35	10	-1	
4	1	418	1	1	0	685	4601	35	10	-1	
5	1	418	1	1	1	685	4601	35	10	96.110359	<<
2	1	419	0	0	0	1062	4597	34	13	-1	
3	1	419	1	0	0	1062	4597	34	13	-1	
4	1	419	1	1	0	1062	4597	34	13	-1	
5	1	419	1	1	1	1062	4597	34	13	41.969574	o@
2	1	420	0	0	0	1063	4586	33	11	-1	
3	1	420	1	0	0	1063	4586	33	11	-1	
4	1	420	1	1	0	1063	4586	33	11	-1	
5	1	420	1	1	1	1063	4586	33	11	81.373581	wo
2	1	421	0	0	0	1846	4595	32	11	-1	
3	1	421	1	0	0	1846	4595	32	11	-1	
4	1	421	1	1	0	1846	4595	32	11	-1	
5	1	421	1	1	1	1846	4595	32	11	24.163200	on
2	1	422	0	0	0	1846	4584	33	11	-1	
3	1	422	1	0	0	1846	4584	33	11	-1	
4	1	422	1	1	0	1846	4584	33	11	-1	
5	1	422	1	1	1	1846	4584	33	11	87.602142	wo
2	1	423	0	0	0	684	4618	36	11	-1	
3	1	423	1	0	0	684	4618	36	11	-1	
4	1	423	1	1	0	684	4618	36	11	-1	
5	1	423	1	1	1	684	4618	36	11	69.246964	TT
2	1	424	0	0	0	1062	4610	33	11	-1	
3	1	424	1	0	0	1062	4610	33	11	-1	
4	1	424	1	1	0	1062	4610	33	11	-1	
5	1	424	1	1	1	1062	4610	33	11	75.614090	ON
2	1	425	0	0	0	1063	4622	32	12	-1	
3	1	425	1	0	0	1063	4622	32	12	-1	
4	1	425	1	1	0	1063	4622	32	12	-1	
5	1	425	1	1	1	1063	4622	32	12	62.009743	UN
2	1	426	0	0	0	1846	4607	33	12	-1	
3	1	426	1	0	0	1846	4607	33	12	-1	
4	1	426	1	1	0	1846	4607	33	12	-1	
5	1	426	1	1	1	1846	4607	33	12	75.585655	oN
2	1	427	0	0	0	1847	4618	32	12	-1	
3	1	427	1	0	0	1847	4618	32	12	-1	
4	1	427	1	1	0	1847	4618	32	12	-1	
5	1	427	1	1	1	1847	4618	32	12	48.284153	UE
2	1	428	0	0	0	2218	4618	44	10	-1	
3	1	428	1	0	0	2218	4618	44	10	-1	
4	1	428	1	1	0	2218	4618	44	10	-1	
5	1	428	1	1	1	2218	4618	44	10	87.518066	ow
2	1	429	0	0	0	1592	4485	123	170	-1	
3	1	429	1	0	0	1592	4485	123	170	-1	
4	1	429	1	1	0	1592	4485	123	170	-1	
5	1	429	1	1	1	1592	4485	123	170	52.042290	‘Y
2	1	430	0	0	0	2615	4668	38	14	-1	
3	1	430	1	0	0	2615	4668	38	14	-1	
4	1	430	1	1	0	2615	4668	38	14	-1	
5	1	430	1	1	1	2615	4668	38	14	54.924412	call
2	1	431	0	0	0	2722	4667	47	15	-1	
3	1	431	1	0	0	2722	4667	47	15	-1	
4	1	431	1	1	0	2722	4667	47	15	-1	
5	1	431	1	1	1	2722	4667	47	15	39.415283	C806
2	1	432	0	0	0	2895	4668	48	15	-1	
3	1	432	1	0	0	2895	4668	48	15	-1	
4	1	432	1	1	0	2895	4668	48	15	-1	
5	1	432	1	1	1	2895	4668	48	15	54.418621	c80s
2	1	433	0	0	0	2176	4673	35	14	-1	
3	1	433	1	0	0	2176	4673	35	14	-1	
4	1	433	1	1	0	2176	4673	35	14	-1	
5	1	433	1	1	1	2176	4673	35	14	58.348003	~5V
2	1	434	0	0	0	2390	4687	117	14	-1	
3	1	434	1	0	0	2390	4687	117	14	-1	
4	1	434	1	1	0	2390	4687	117	14	-1	
5	1	434	1	1	1	2390	4687	43	14	55.899544	C8I2
5	1	434	1	1	2	2453	4687	54	13	71.709656	10V47
2	1	435	0	0	0	2613	4686	53	14	-1	
3	1	435	1	0	0	2613	4686	53	14	-1	
4	1	435	1	1	0	2613	4686	53	14	-1	
5	1	435	1	1	1	2613	4686	53	14	36.123962	1OV47
2	1	436	0	0	0	2723	4686	52	14	-1	
3	1	436	1	0	0	2723	4686	52	14	-1	
4	1	436	1	1	0	2723	4686	52	14	-1	
5	1	436	1	1	1	2723	4686	52	14	10.418335	1ova7
2	1	437	0	0	0	2897	4685	52	16	-1	
3	1	437	1	0	0	2897	4685	52	16	-1	
4	1	437	1	1	0	2897	4685	52	16	-1	
5	1	437	1	1	1	2897	4685	52	16	43.516727	lova7
2	1	438	0	0	0	3071	4689	50	18	-1	
3	1	438	1	0	0	3071	4689	50	18	-1	
4	1	438	1	1	0	3071	4689	50	18	-1	
5	1	438	1	1	1	3071	4689	50	18	65.073761	P-
2	1	439	0	0	0	1037	4708	32	15	-1	
3	1	439	1	0	0	1037	4708	32	15	-1	
4	1	439	1	1	0	1037	4708	32	15	-1	
5	1	439	1	1	1	1037	4708	32	15	13.129265	o@
2	1	440	0	0	0	1037	4697	32	12	-1	
3	1	440	1	0	0	1037	4697	32	12	-1	
4	1	440	1	1	0	1037	4697	32	12	-1	
5	1	440	1	1	1	1037	4697	32	12	57.733761	-2
2	1	441	0	0	0	1817	4711	35	14	-1	
3	1	441	1	0	0	1817	4711	35	14	-1	
4	1	441	1	1	0	1817	4711	35	14	-1	
5	1	441	1	1	1	1817	4711	35	14	36.316719	S@
2	1	442	0	0	0	2598	4707	64	27	-1	
3	1	442	1	0	0	2598	4707	64	27	-1	
4	1	442	1	1	0	2598	4707	64	27	-1	
5	1	442	1	1	1	2598	4707	64	27	56.665909	Het
2	1	443	0	0	0	2878	4708	64	28	-1	
3	1	443	1	0	0	2878	4708	64	28	-1	
4	1	443	1	1	0	2878	4708	64	28	-1	
5	1	443	1	1	1	2878	4708	64	28	45.031776	Fr
2	1	444	0	0	0	3071	4733	50	19	-1	
3	1	444	1	0	0	3071	4733	50	19	-1	
4	1	444	1	1	0	3071	4733	50	19	-1	
5	1	444	1	1	1	3071	4733	50	19	92.646896	No
2	1	445	0	0	0	3071	4704	51	36	-1	
3	1	445	1	0	0	3071	4704	51	36	-1	
4	1	445	1	1	0	3071	4704	51	36	-1	
5	1	445	1	1	1	3071	4704	51	36	35.464966	z2$
2	1	446	0	0	0	2002	4744	72	28	-1	
3	1	446	1	0	0	2002	4744	72	28	-1	
4	1	446	1	1	0	2002	4744	72	28	-1	
5	1	446	1	1	1	2002	4744	72	28	0.000000	secant
2	1	447	0	0	0	2450	4758	44	15	-1	
3	1	447	1	0	0	2450	4758	44	15	-1	
4	1	447	1	1	0	2450	4758	44	15	-1	
5	1	447	1	1	1	2450	4758	44	15	85.917877	0808
2	1	448	0	0	0	2617	4759	44	14	-1	
3	1	448	1	0	0	2617	4759	44	14	-1	
4	1	448	1	1	0	2617	4759	44	14	-1	
5	1	448	1	1	1	2617	4759	44	14	96.257736	0807
2	1	449	0	0	0	2732	4759	46	14	-1	
3	1	449	1	0	0	2732	4759	46	14	-1	
4	1	449	1	1	0	2732	4759	46	14	-1	
5	1	449	1	1	1	2732	4759	46	14	90.386444	D806
2	1	450	0	0	0	2896	4758	47	15	-1	
3	1	450	1	0	0	2896	4758	47	15	-1	
4	1	450	1	1	0	2896	4758	47	15	-1	
5	1	450	1	1	1	2896	4758	47	15	88.879028	0805
2	1	451	0	0	0	3070	4750	51	18	-1	
3	1	451	1	0	0	3070	4750	51	18	-1	
4	1	451	1	1	0	3070	4750	51	18	-1	
5	1	451	1	1	1	3070	4750	51	18	93.300110	on
2	1	452	0	0	0	1389	4794	29	7	-1	
3	1	452	1	0	0	1389	4794	29	7	-1	
4	1	452	1	1	0	1389	4794	29	7	-1	
5	1	452	1	1	1	1389	4794	29	7	39.374367	_
2	1	453	0	0	0	2181	4797	28	7	-1	
3	1	453	1	0	0	2181	4797	28	7	-1	
4	1	453	1	1	0	2181	4797	28	7	-1	
5	1	453	1	1	1	2181	4797	28	7	35.864494	a
2	1	454	0	0	0	3071	4789	51	14	-1	
3	1	454	1	0	0	3071	4789	51	14	-1	
4	1	454	1	1	0	3071	4789	51	14	-1	
5	1	454	1	1	1	3071	4789	51	14	38.660057	=-o
2	1	455	0	0	0	3071	4774	51	16	-1	
3	1	455	1	0	0	3071	4774	51	16	-1	
4	1	455	1	1	0	3071	4774	51	16	-1	
5	1	455	1	1	1	3071	4774	51	16	44.132671	2a
2	1	456	0	0	0	922	4782	33	40	-1	
3	1	456	1	0	0	922	4782	33	40	-1	
4	1	456	1	1	0	922	4782	33	40	-1	
5	1	456	1	1	1	922	4782	33	40	44.223106	af
2	1	457	0	0	0	1037	4807	32	20	-1	
3	1	457	1	0	0	1037	4807	32	20	-1	
4	1	457	1	1	0	1037	4807	32	20	-1	
5	1	457	1	1	1	1037	4807	32	20	35.534203	bat
2	1	458	0	0	0	1592	4657	195	169	-1	
3	1	458	1	0	0	1592	4657	195	169	-1	
4	1	458	1	1	0	1592	4657	195	169	-1	
5	1	458	1	1	1	1592	4657	195	169	19.336395	Ye
2	1	459	0	0	0	1819	4809	34	10	-1	
3	1	459	1	0	0	1819	4809	34	10	-1	
4	1	459	1	1	0	1819	4809	34	10	-1	
5	1	459	1	1	1	1819	4809	34	10	61.889591	<2
2	1	460	0	0	0	2524	4803	33	10	-1	
3	1	460	1	0	0	2524	4803	33	10	-1	
4	1	460	1	1	0	2524	4803	33	10	-1	
5	1	460	1	1	1	2524	4803	33	10	69.224426	nD
2	1	461	0	0	0	2690	4811	30	10	-1	
3	1	461	1	0	0	2690	4811	30	10	-1	
4	1	461	1	1	0	2690	4811	30	10	-1	
5	1	461	1	1	1	2690	4811	30	10	51.329826	wD
2	1	462	0	0	0	2802	4798	32	12	-1	
3	1	462	1	0	0	2802	4798	32	12	-1	
4	1	462	1	1	0	2802	4798	32	12	-1	
5	1	462	1	1	1	2802	4798	32	12	28.952011	nD
2	1	463	0	0	0	2970	4798	30	15	-1	
3	1	463	1	0	0	2970	4798	30	15	-1	
4	1	463	1	1	0	2970	4798	30	15	-1	
5	1	463	1	1	1	2970	4798	30	15	0.000000	1]
2	1	464	0	0	0	3070	4807	52	18	-1	
3	1	464	1	0	0	3070	4807	52	18	-1	
4	1	464	1	1	0	3070	4807	52	18	-1	
5	1	464	1	1	1	3070	4807	52	18	72.179489	ast
2	1	465	0	0	0	1819	4818	33	12	-1	
3	1	465	1	0	0	1819	4818	33	12	-1	
4	1	465	1	1	0	1819	4818	33	12	-1	
5	1	465	1	1	1	1819	4818	33	12	52.607719	zn
2	1	466	0	0	0	2525	4823	34	23	-1	
3	1	466	1	0	0	2525	4823	34	23	-1	
4	1	466	1	1	0	2525	4823	34	23	-1	
5	1	466	1	1	1	2525	4823	34	23	87.452591	RR
2	1	467	0	0	0	2690	4829	30	14	-1	
3	1	467	1	0	0	2690	4829	30	14	-1	
4	1	467	1	1	0	2690	4829	30	14	-1	
5	1	467	1	1	1	2690	4829	30	14	50.101929	RS
2	1	468	0	0	0	2803	4832	32	10	-1	
3	1	468	1	0	0	2803	4832	32	10	-1	
4	1	468	1	1	0	2803	4832	32	10	-1	
5	1	468	1	1	1	2803	4832	32	10	59.499699	zn
2	1	469	0	0	0	2803	4820	32	11	-1	
3	1	469	1	0	0	2803	4820	32	11	-1	
4	1	469	1	1	0	2803	4820	32	11	-1	
5	1	469	1	1	1	2803	4820	32	11	48.074650	xO
2	1	470	0	0	0	2970	4832	30	10	-1	
3	1	470	1	0	0	2970	4832	30	10	-1	
4	1	470	1	1	0	2970	4832	30	10	-1	
5	1	470	1	1	1	2970	4832	30	10	40.370750	z=
2	1	471	0	0	0	2971	4810	29	21	-1	
3	1	471	1	0	0	2971	4810	29	21	-1	
4	1	471	1	1	0	2971	4810	29	21	-1	
5	1	471	1	1	1	2971	4810	29	21	43.009193	48
2	1	472	0	0	0	2690	4839	30	15	-1	
3	1	472	1	0	0	2690	4839	30	15	-1	
4	1	472	1	1	0	2690	4839	30	15	-1	
5	1	472	1	1	1	2690	4839	30	15	37.738091	Ou
2	1	473	0	0	0	468	4915	46	16	-1	
3	1	473	1	0	0	468	4915	46	16	-1	
4	1	473	1	1	0	468	4915	46	16	-1	
5	1	473	1	1	1	468	4915	46	16	29.461029	w-
2	1	474	0	0	0	940	4912	130	32	-1	
3	1	474	1	0	0	940	4912	130	32	-1	
4	1	474	1	1	0	940	4912	130	32	-1	
5	1	474	1	1	1	940	4912	57	31	45.580132	C83,
5	1	474	1	1	2	1006	4912	64	32	0.000000	\ev220
2	1	475	0	0	0	1731	4917	121	15	-1	
3	1	475	1	0	0	1731	4917	121	15	-1	
4	1	475	1	1	0	1731	4917	121	15	-1	
5	1	475	1	1	1	1731	4917	45	15	49.615742	C833
5	1	475	1	1	2	1790	4918	62	14	76.070290	16V220
2	1	476	0	0	0	468	4932	47	19	-1	
3	1	476	1	0	0	468	4932	47	19	-1	
4	1	476	1	1	0	468	4932	47	19	-1	
5	1	476	1	1	1	468	4932	47	19	87.684242	<9
2	1	477	0	0	0	470	4950	46	13	-1	
3	1	477	1	0	0	470	4950	46	13	-1	
4	1	477	1	1	0	470	4950	46	13	-1	
5	1	477	1	1	1	470	4950	46	13	35.135330	—@
2	1	478	0	0	0	627	4947	30	9	-1	
3	1	478	1	0	0	627	4947	30	9	-1	
4	1	478	1	1	0	627	4947	30	9	-1	
5	1	478	1	1	1	627	4947	30	9	7.867012	=2
2	1	479	0	0	0	841	4956	46	15	-1	
3	1	479	1	0	0	841	4956	46	15	-1	
4	1	479	1	1	0	841	4956	46	15	-1	
5	1	479	1	1	1	841	4956	46	15	79.064865	R829
2	1	480	0	0	0	926	4954	47	14	-1	
3	1	480	1	0	0	926	4954	47	14	-1	
4	1	480	1	1	0	926	4954	47	14	-1	
5	1	480	1	1	1	926	4954	47	14	76.381256	c829
2	1	481	0	0	0	626	4959	30	20	-1	
3	1	481	1	0	0	626	4959	30	20	-1	
4	1	481	1	1	0	626	4959	30	20	-1	
5	1	481	1	1	1	626	4959	30	20	64.120117	Ze
2	1	482	0	0	0	852	4974	24	15	-1	
3	1	482	1	0	0	852	4974	24	15	-1	
4	1	482	1	1	0	852	4974	24	15	-1	
5	1	482	1	1	1	852	4974	24	15	63.237957	iM
2	1	483	0	0	0	935	4971	35	15	-1	
3	1	483	1	0	0	935	4971	35	15	-1	
4	1	483	1	1	0	935	4971	35	15	-1	
5	1	483	1	1	1	935	4971	35	15	81.104385	0.01
2	1	484	0	0	0	1622	4951	158	39	-1	
3	1	484	1	0	0	1622	4951	158	39	-1	
4	1	484	1	1	0	1622	4951	158	39	-1	
5	1	484	1	1	1	1622	4959	47	31	48.518707	rea?
5	1	484	1	1	2	1706	4959	44	29	19.985649	a3
5	1	484	1	1	3	1769	4951	11	14	62.625336	*
2	1	485	0	0	0	3060	4947	64	26	-1	
3	1	485	1	0	0	3060	4947	64	26	-1	
4	1	485	1	1	0	3060	4947	64	26	-1	
5	1	485	1	1	1	3060	4947	64	26	47.535561	p@Q
2	1	486	0	0	0	468	5000	47	19	-1	
3	1	486	1	0	0	468	5000	47	19	-1	
4	1	486	1	1	0	468	5000	47	19	-1	
5	1	486	1	1	1	468	5000	47	19	46.282307	No
2	1	487	0	0	0	750	4987	43	26	-1	
3	1	487	1	0	0	750	4987	43	26	-1	
4	1	487	1	1	0	750	4987	43	26	-1	
5	1	487	1	1	1	750	4987	43	26	43.427547	rE
2	1	488	0	0	0	468	5020	47	15	-1	
3	1	488	1	0	0	468	5020	47	15	-1	
4	1	488	1	1	0	468	5020	47	15	-1	
5	1	488	1	1	1	468	5020	47	15	91.606827	NN
2	1	489	0	0	0	1973	4977	58	58	-1	
3	1	489	1	0	0	1973	4977	58	58	-1	
4	1	489	1	1	0	1973	4977	58	58	-1	
5	1	489	1	1	1	1973	4977	58	58	45.597137	23
2	1	490	0	0	0	468	5036	47	18	-1	
3	1	490	1	0	0	468	5036	47	18	-1	
4	1	490	1	1	0	468	5036	47	18	-1	
5	1	490	1	1	1	468	5036	47	18	92.640480	an
2	1	491	0	0	0	1706	5061	15	20	-1	
3	1	491	1	0	0	1706	5061	56	26	-1	
4	1	491	1	1	0	1706	5061	15	20	-1	
5	1	491	1	1	1	1706	5061	15	20	37.088951	Va
2	1	492	0	0	0	695	5112	58	23	-1	
3	1	492	1	0	0	695	5112	58	23	-1	
4	1	492	1	1	0	695	5112	58	23	-1	
5	1	492	1	1	1	691	5106	17	33	53.000877	_
2	1	493	0	0	0	1203	5069	106	68	-1	
3	1	493	1	0	0	1203	5069	106	68	-1	
4	1	493	1	1	0	1203	5069	106	68	-1	
5	1	493	1	1	1	1203	5069	106	68	25.198929	LL
2	1	494	0	0	0	1987	5070	106	63	-1	
3	1	494	1	0	0	1987	5070	106	63	-1	
4	1	494	1	1	0	1987	5070	106	63	-1	
5	1	494	1	1	1	1987	5070	106	63	14.821198	Ob
2	1	495	0	0	0	640	5154	27	10	-1	
3	1	495	1	0	0	640	5154	27	10	-1	
4	1	495	1	1	0	640	5154	27	10	-1	
5	1	495	1	1	1	640	5154	27	10	49.795612	x2
2	1	496	0	0	0	982	5037	106	105	-1	
3	1	496	1	0	0	982	5037	106	105	-1	
4	1	496	1	1	0	982	5037	106	105	-1	
5	1	496	1	1	1	982	5037	106	105	22.261353	aa
2	1	497	0	0	0	2452	5131	44	15	-1	
3	1	497	1	0	0	2452	5131	44	15	-1	
4	1	497	1	1	0	2452	5131	44	15	-1	
5	1	497	1	1	1	2452	5131	44	15	76.455574	c808
2	1	498	0	0	0	2616	5131	47	14	-1	
3	1	498	1	0	0	2616	5131	47	14	-1	
4	1	498	1	1	0	2616	5131	47	14	-1	
5	1	498	1	1	1	2616	5131	47	14	89.116287	C807
2	1	499	0	0	0	2925	5099	74	49	-1	
3	1	499	1	0	0	2925	5099	74	49	-1	
4	1	499	1	1	0	2925	5099	74	49	-1	
5	1	499	1	1	1	2925	5099	74	49	21.356232	hess:
2	1	500	0	0	0	639	5173	25	13	-1	
3	1	500	1	0	0	639	5173	25	13	-1	
4	1	500	1	1	0	639	5173	25	13	-1	
5	1	500	1	1	1	639	5173	25	13	64.868553	xo
2	1	501	0	0	0	639	5163	28	8	-1	
3	1	501	1	0	0	639	5163	28	8	-1	
4	1	501	1	1	0	639	5163	28	8	-1	
5	1	501	1	1	1	639	5163	28	8	32.248375	xs
2	1	502	0	0	0	1876	5037	104	132	-1	
3	1	502	1	0	0	1876	5037	104	132	-1	
4	1	502	1	1	0	1876	5037	104	132	-1	
5	1	502	1	1	1	1876	5037	104	132	75.115936	Ip
2	1	503	0	0	0	2438	5150	70	15	-1	
3	1	503	1	0	0	2438	5150	70	15	-1	
4	1	503	1	1	0	2438	5150	70	15	-1	
5	1	503	1	1	1	2438	5150	70	15	0.000000	35V3300,
2	1	504	0	0	0	2596	5151	78	15	-1	
3	1	504	1	0	0	2596	5151	78	15	-1	
4	1	504	1	1	0	2596	5151	78	15	-1	
5	1	504	1	1	1	2596	5151	78	15	83.356949	35V3300
2	1	505	0	0	0	2773	5150	70	16	-1	
3	1	505	1	0	0	2773	5150	70	16	-1	
4	1	505	1	1	0	2773	5150	70	16	-1	
5	1	505	1	1	1	2773	5150	70	16	28.858658	5¥3300
2	1	506	0	0	0	2947	5150	65	15	-1	
3	1	506	1	0	0	2947	5150	65	15	-1	
4	1	506	1	1	0	2947	5150	65	15	-1	
5	1	506	1	1	1	2947	5150	65	15	38.360233	5V3300
2	1	507	0	0	0	638	5186	26	10	-1	
3	1	507	1	0	0	638	5186	26	10	-1	
4	1	507	1	1	0	638	5186	26	10	-1	
5	1	507	1	1	1	638	5186	26	10	81.479347	ze
2	1	508	0	0	0	841	5179	23	15	-1	
3	1	508	1	0	0	841	5179	23	15	-1	
4	1	508	1	1	0	841	5179	23	15	-1	
5	1	508	1	1	1	841	5179	23	15	69.996964	ce:
2	1	509	0	0	0	2533	5191	129	3	-1	
3	1	509	1	0	0	2533	5191	129	3	-1	
4	1	509	1	1	0	2533	5191	129	3	-1	
5	1	509	1	1	1	2533	5191	129	3	0.000000	Seenaaas
2	1	510	0	0	0	2675	5190	40	16	-1	
3	1	510	1	0	0	2675	5190	40	16	-1	
4	1	510	1	1	0	2675	5190	40	16	-1	
5	1	510	1	1	1	2675	5190	6	6	0.000000	:
5	1	510	1	1	2	2702	5191	13	15	46.604362	an
2	1	511	0	0	0	2869	5191	127	3	-1	
3	1	511	1	0	0	2869	5191	127	3	-1	
4	1	511	1	1	0	2869	5191	127	3	-1	
5	1	511	1	1	1	2869	5191	127	3	0.000000	aeesaeas
2	1	512	0	0	0	835	5198	66	15	-1	
3	1	512	1	0	0	835	5198	66	15	-1	
4	1	512	1	1	0	835	5198	66	15	-1	
5	1	512	1	1	1	835	5198	66	15	70.385178	16V220
2	1	513	0	0	0	861	5216	22	15	-1	
3	1	513	1	0	0	861	5216	22	15	-1	
4	1	513	1	1	0	861	5216	22	15	-1	
5	1	513	1	1	1	861	5216	22	15	63.206745	nt
2	1	514	0	0	0	1484	5164	54	62	-1	
3	1	514	1	0	0	1484	5164	54	62	-1	
4	1	514	1	1	0	1484	5164	54	62	-1	
5	1	514	1	1	1	1484	5164	54	62	15.113869	2
2	1	515	0	0	0	1791	5191	50	26	-1	
3	1	515	1	0	0	1791	5191	50	26	-1	
4	1	515	1	1	0	1791	5191	50	26	-1	
5	1	515	1	1	1	1791	5191	50	26	26.508011	8
2	1	516	0	0	0	1079	5266	26	7	-1	
3	1	516	1	0	0	1079	5266	26	7	-1	
4	1	516	1	1	0	1079	5266	26	7	-1	
5	1	516	1	1	1	1079	5266	26	7	32.045120	ze
2	1	517	0	0	0	1080	5255	26	10	-1	
3	1	517	1	0	0	1080	5255	26	10	-1	
4	1	517	1	1	0	1080	5255	26	10	-1	
5	1	517	1	1	1	1080	5255	26	10	73.275787	=?
2	1	518	0	0	0	1858	5272	28	9	-1	
3	1	518	1	0	0	1858	5272	28	9	-1	
4	1	518	1	1	0	1858	5272	28	9	-1	
5	1	518	1	1	1	1858	5272	28	9	40.923042	=v
2	1	519	0	0	0	464	5274	48	13	-1	
3	1	519	1	0	0	464	5274	48	13	-1	
4	1	519	1	1	0	464	5274	48	13	-1	
5	1	519	1	1	1	464	5274	48	13	20.048271	—-
2	1	520	0	0	0	1078	5289	24	7	-1	
3	1	520	1	0	0	1078	5289	24	7	-1	
4	1	520	1	1	0	1078	5289	24	7	-1	
5	1	520	1	1	1	1078	5289	24	7	28.522842	nS
2	1	521	0	0	0	1079	5276	24	10	-1	
3	1	521	1	0	0	1079	5276	24	10	-1	
4	1	521	1	1	0	1079	5276	24	10	-1	
5	1	521	1	1	1	1079	5276	24	10	75.132507	x6
2	1	522	0	0	0	1429	5290	29	7	-1	
3	1	522	1	0	0	1429	5290	29	7	-1	
4	1	522	1	1	0	1429	5290	29	7	-1	
5	1	522	1	1	1	1429	5290	29	7	11.263107	xz?
2	1	523	0	0	0	1430	5280	28	9	-1	
3	1	523	1	0	0	1430	5280	28	9	-1	
4	1	523	1	1	0	1430	5280	28	9	-1	
5	1	523	1	1	1	1430	5280	28	9	33.404037	=?
2	1	524	0	0	0	1857	5285	28	7	-1	
3	1	524	1	0	0	1857	5285	28	7	-1	
4	1	524	1	1	0	1857	5285	28	7	-1	
5	1	524	1	1	1	1857	5285	28	7	56.702801	Es
2	1	525	0	0	0	1858	5291	25	17	-1	
3	1	525	1	0	0	1858	5291	25	17	-1	
4	1	525	1	1	0	1858	5291	25	17	-1	
5	1	525	1	1	1	1858	5291	25	17	56.357960	xe
2	1	526	0	0	0	2505	5223	180	76	-1	
3	1	526	1	0	0	2505	5223	180	76	-1	
4	1	526	1	1	0	2505	5223	180	76	-1	
5	1	526	1	1	1	2505	5223	180	76	55.585667	oe:
2	1	527	0	0	0	464	5314	49	16	-1	
3	1	527	1	0	0	464	5314	49	16	-1	
4	1	527	1	1	0	464	5314	49	16	-1	
5	1	527	1	1	1	464	5314	49	16	61.459114	gan
2	1	528	0	0	0	465	5283	48	28	-1	
3	1	528	1	0	0	465	5283	48	28	-1	
4	1	528	1	1	0	465	5283	48	28	-1	
5	1	528	1	1	1	465	5283	48	28	68.897629	=o
2	1	529	0	0	0	1013	5258	59	68	-1	
3	1	529	1	0	0	1013	5258	59	68	-1	
4	1	529	1	1	0	1013	5258	59	68	-1	
5	1	529	1	1	1	1013	5258	59	68	49.920593	Ss
2	1	530	0	0	0	1429	5313	26	7	-1	
3	1	530	1	0	0	1429	5313	26	7	-1	
4	1	530	1	1	0	1429	5313	26	7	-1	
5	1	530	1	1	1	1429	5313	26	7	48.035046	nx
2	1	531	0	0	0	1429	5300	27	10	-1	
3	1	531	1	0	0	1429	5300	27	10	-1	
4	1	531	1	1	0	1429	5300	27	10	-1	
5	1	531	1	1	1	1429	5300	27	10	84.076431	re
2	1	532	0	0	0	2045	5320	27	7	-1	
3	1	532	1	0	0	2045	5320	27	7	-1	
4	1	532	1	1	0	2045	5320	27	7	-1	
5	1	532	1	1	1	2045	5320	27	7	54.381378	xs
2	1	533	0	0	0	2046	5310	27	9	-1	
3	1	533	1	0	0	2046	5310	27	9	-1	
4	1	533	1	1	0	2046	5310	27	9	-1	
5	1	533	1	1	1	2046	5310	27	9	72.764488	=?
2	1	534	0	0	0	2477	5316	38	15	-1	
3	1	534	1	0	0	2477	5316	38	15	-1	
4	1	534	1	1	0	2477	5316	38	15	-1	
5	1	534	1	1	1	2477	5316	38	15	8.188324	L™
2	1	535	0	0	0	2534	5325	122	4	-1	
3	1	535	1	0	0	2534	5325	122	4	-1	
4	1	535	1	1	0	2534	5325	122	4	-1	
5	1	535	1	1	1	2534	5325	122	4	0.000000	=sse54=
2	1	536	0	0	0	2814	5315	38	16	-1	
3	1	536	1	0	0	2814	5315	38	16	-1	
4	1	536	1	1	0	2814	5315	38	16	-1	
5	1	536	1	1	1	2814	5315	38	16	51.171917	L4
2	1	537	0	0	0	2869	5325	132	4	-1	
3	1	537	1	0	0	2869	5325	132	4	-1	
4	1	537	1	1	0	2869	5325	132	4	-1	
5	1	537	1	1	1	2869	5325	132	4	0.000000	a=s—-5
5	1	537	1	1	2	2972	5310	33	28	0.000000	==,
2	1	538	0	0	0	3014	5314	38	17	-1	
3	1	538	1	0	0	3014	5314	38	17	-1	
4	1	538	1	1	0	3014	5314	38	17	-1	
5	1	538	1	1	1	3014	5314	38	17	59.146496	6-
2	1	539	0	0	0	464	5329	49	20	-1	
3	1	539	1	0	0	464	5329	49	20	-1	
4	1	539	1	1	0	464	5329	49	20	-1	
5	1	539	1	1	1	464	5329	49	20	65.763451	ne
2	1	540	0	0	0	1382	5348	58	8	-1	
3	1	540	1	0	0	1382	5348	58	8	-1	
4	1	540	1	1	0	1382	5348	58	8	-1	
5	1	540	1	1	1	1382	5348	58	8	3.633606	eo
2	1	541	0	0	0	1817	5346	52	10	-1	
3	1	541	1	0	0	1817	5346	52	10	-1	
4	1	541	1	1	0	1817	5346	52	10	-1	
5	1	541	1	1	1	1817	5346	52	10	51.837219	—o
2	1	542	0	0	0	2045	5342	25	7	-1	
3	1	542	1	0	0	2045	5342	25	7	-1	
4	1	542	1	1	0	2045	5342	25	7	-1	
5	1	542	1	1	1	2045	5342	25	7	59.654938	we
2	1	543	0	0	0	2046	5330	24	10	-1	
3	1	543	1	0	0	2046	5330	24	10	-1	
4	1	543	1	1	0	2046	5330	24	10	-1	
5	1	543	1	1	1	2046	5330	24	10	59.568348	ze
2	1	544	0	0	0	464	5352	50	16	-1	
3	1	544	1	0	0	464	5352	50	16	-1	
4	1	544	1	1	0	464	5352	50	16	-1	
5	1	544	1	1	1	464	5352	50	16	90.994354	Wo
2	1	545	0	0	0	1031	5368	30	11	-1	
3	1	545	1	0	0	1031	5368	30	11	-1	
4	1	545	1	1	0	1031	5368	30	11	-1	
5	1	545	1	1	1	1031	5368	30	11	79.193405	52
2	1	546	0	0	0	1269	5353	29	7	-1	
3	1	546	1	0	0	1269	5353	29	7	-1	
4	1	546	1	1	0	1269	5353	29	7	-1	
5	1	546	1	1	1	1269	5353	29	7	59.017128	4
2	1	547	0	0	0	1298	5361	49	16	-1	
3	1	547	1	0	0	1298	5361	49	16	-1	
4	1	547	1	1	0	1298	5361	49	16	-1	
5	1	547	1	1	1	1298	5361	49	16	43.403645	wo
5	1	547	1	1	2	1334	5351	15	30	22.916374	-
2	1	548	0	0	0	2119	5345	74	26	-1	
3	1	548	1	0	0	2119	5345	74	26	-1	
4	1	548	1	1	0	2119	5345	74	26	-1	
5	1	548	1	1	1	2119	5345	74	26	90.595856	=
5	1	548	1	1	2	2172	5341	26	43	93.632576	>
2	1	549	0	0	0	2538	5358	107	14	-1	
3	1	549	1	0	0	2538	5358	107	14	-1	
4	1	549	1	1	0	2538	5358	107	14	-1	
5	1	549	1	1	1	2538	5358	41	14	62.968185	C810
5	1	549	1	1	2	2611	5358	34	14	50.605091	ACBO9
2	1	550	0	0	0	2753	5360	50	18	-1	
3	1	550	1	0	0	2753	5360	50	18	-1	
4	1	550	1	1	0	2753	5360	50	18	-1	
5	1	550	1	1	1	2753	5360	50	18	80.190331	<o
2	1	551	0	0	0	2753	5343	50	17	-1	
3	1	551	1	0	0	2753	5343	50	17	-1	
4	1	551	1	1	0	2753	5343	50	17	-1	
5	1	551	1	1	1	2753	5343	50	17	87.791473	No
2	1	552	0	0	0	2870	5356	45	15	-1	
3	1	552	1	0	0	2870	5356	45	15	-1	
4	1	552	1	1	0	2870	5356	45	15	-1	
5	1	552	1	1	1	2870	5356	45	15	53.489044	804
2	1	553	0	0	0	2943	5356	9	14	-1	
3	1	553	1	0	0	2943	5356	9	14	-1	
4	1	553	1	1	0	2943	5356	9	14	-1	
5	1	553	1	1	1	2943	5356	9	14	66.609749	c
2	1	554	0	0	0	2956	5356	34	15	-1	
3	1	554	1	0	0	2956	5356	34	15	-1	
4	1	554	1	1	0	2956	5356	34	15	-1	
5	1	554	1	1	1	2956	5356	34	15	87.860100	803
2	1	555	0	0	0	464	5370	50	14	-1	
3	1	555	1	0	0	464	5370	50	14	-1	
4	1	555	1	1	0	464	5370	50	14	-1	
5	1	555	1	1	1	464	5370	50	14	70.693268	NN
2	1	556	0	0	0	1031	5377	30	13	-1	
3	1	556	1	0	0	1031	5377	30	13	-1	
4	1	556	1	1	0	1031	5377	30	13	-1	
5	1	556	1	1	1	1031	5377	30	13	67.099762	om
2	1	557	0	0	0	1269	5375	78	20	-1	
3	1	557	1	0	0	1269	5375	78	20	-1	
4	1	557	1	1	0	1269	5375	78	20	-1	
5	1	557	1	1	1	1269	5375	78	20	0.000000	m<S
5	1	557	1	1	2	1328	5363	21	36	18.878944	0
2	1	558	0	0	0	1819	5386	32	13	-1	
3	1	558	1	0	0	1819	5386	32	13	-1	
4	1	558	1	1	0	1819	5386	32	13	-1	
5	1	558	1	1	1	1819	5386	32	13	21.156029	oo
2	1	559	0	0	0	1820	5374	32	12	-1	
3	1	559	1	0	0	1820	5374	32	12	-1	
4	1	559	1	1	0	1820	5374	32	12	-1	
5	1	559	1	1	1	1820	5374	32	12	66.617249	=2
2	1	560	0	0	0	1994	5381	64	10	-1	
3	1	560	1	0	0	1994	5381	64	10	-1	
4	1	560	1	1	0	1994	5381	64	10	-1	
5	1	560	1	1	1	1994	5381	64	10	0.000000	—-o@
2	1	561	0	0	0	2521	5360	22	23	-1	
3	1	561	1	0	0	2521	5360	22	23	-1	
4	1	561	1	1	0	2521	5360	22	23	-1	
5	1	561	1	1	1	2521	5360	22	23	14.805870	ax
2	1	562	0	0	0	2546	5374	33	14	-1	
3	1	562	1	0	0	2546	5374	33	14	-1	
4	1	562	1	1	0	2546	5374	33	14	-1	
5	1	562	1	1	1	2546	5374	33	14	80.186745	0.01
2	1	563	0	0	0	2551	5393	96	4	-1	
3	1	563	1	0	0	2551	5393	96	4	-1	
4	1	563	1	1	0	2551	5393	96	4	-1	
5	1	563	1	1	1	2551	5393	96	4	0.000000	panes
2	1	564	0	0	0	2608	5374	34	14	-1	
3	1	564	1	0	0	2608	5374	34	14	-1	
4	1	564	1	1	0	2608	5374	34	14	-1	
5	1	564	1	1	1	2608	5374	34	14	68.331497	‘0.01
2	1	565	0	0	0	2752	5379	51	18	-1	
3	1	565	1	0	0	2752	5379	51	18	-1	
4	1	565	1	1	0	2752	5379	51	18	-1	
5	1	565	1	1	1	2752	5379	51	18	58.884624	oo
2	1	566	0	0	0	2854	5359	21	22	-1	
3	1	566	1	0	0	2854	5359	21	22	-1	
4	1	566	1	1	0	2854	5359	21	22	-1	
5	1	566	1	1	1	2854	5359	21	22	82.254768	AS
2	1	567	0	0	0	2878	5374	34	14	-1	
3	1	567	1	0	0	2878	5374	34	14	-1	
4	1	567	1	1	0	2878	5374	34	14	-1	
5	1	567	1	1	1	2878	5374	34	14	92.928207	0.01
2	1	568	0	0	0	2890	5392	95	4	-1	
3	1	568	1	0	0	2890	5392	95	4	-1	
4	1	568	1	1	0	2890	5392	95	4	-1	
5	1	568	1	1	1	2890	5392	95	4	0.000000	es
2	1	569	0	0	0	2923	5359	22	23	-1	
3	1	569	1	0	0	2923	5359	22	23	-1	
4	1	569	1	1	0	2923	5359	22	23	-1	
5	1	569	1	1	1	2923	5359	22	23	54.016842	AY
2	1	570	0	0	0	2948	5374	36	14	-1	
3	1	570	1	0	0	2948	5374	36	14	-1	
4	1	570	1	1	0	2948	5374	36	14	-1	
5	1	570	1	1	1	2948	5374	36	14	88.980164	0.01
2	1	571	0	0	0	464	5385	50	24	-1	
3	1	571	1	0	0	464	5385	50	24	-1	
4	1	571	1	1	0	464	5385	50	24	-1	
5	1	571	1	1	1	464	5385	50	24	64.504700	o®
2	1	572	0	0	0	2751	5399	52	24	-1	
3	1	572	1	0	0	2751	5399	52	24	-1	
4	1	572	1	1	0	2751	5399	52	24	-1	
5	1	572	1	1	1	2751	5399	52	24	58.830029	Qe
2	1	573	0	0	0	2870	5393	15	13	-1	
3	1	573	1	0	0	2870	5393	15	13	-1	
4	1	573	1	1	0	2870	5393	15	13	-1	
5	1	573	1	1	1	2870	5393	15	13	84.513603	r
2	1	574	0	0	0	585	5441	64	9	-1	
3	1	574	1	0	0	585	5441	64	9	-1	
4	1	574	1	1	0	585	5441	64	9	-1	
5	1	574	1	1	1	585	5441	64	9	40.453800	me
5	1	574	1	1	2	637	5429	17	28	0.000000	o
2	1	575	0	0	0	750	5414	55	18	-1	
3	1	575	1	0	0	750	5414	55	18	-1	
4	1	575	1	1	0	750	5414	55	18	-1	
5	1	575	1	1	1	750	5414	55	18	54.917534	|]
2	1	576	0	0	0	1269	5413	79	20	-1	
3	1	576	1	0	0	1269	5413	79	20	-1	
4	1	576	1	1	0	1269	5413	79	20	-1	
5	1	576	1	1	1	1269	5409	31	32	42.037285	Le
5	1	576	1	1	2	1310	5409	41	32	13.951019	ae)
2	1	577	0	0	0	2889	5449	93	3	-1	
3	1	577	1	0	0	2889	5449	93	3	-1	
4	1	577	1	1	0	2889	5449	93	3	-1	
5	1	577	1	1	1	2889	5449	30	3	26.825821	ae
5	1	577	1	1	2	2939	5449	43	3	44.876823	eee
2	1	578	0	0	0	917	5449	33	21	-1	
3	1	578	1	0	0	917	5449	33	21	-1	
4	1	578	1	1	0	917	5449	33	21	-1	
5	1	578	1	1	1	917	5449	33	21	29.164177	“8
2	1	579	0	0	0	1299	5451	49	18	-1	
3	1	579	1	0	0	1299	5451	49	18	-1	
4	1	579	1	1	0	1299	5451	49	18	-1	
5	1	579	1	1	1	1299	5451	49	18	40.448589	Ow
2	1	580	0	0	0	1299	5435	49	21	-1	
3	1	580	1	0	0	1299	5435	49	21	-1	
4	1	580	1	1	0	1299	5435	49	21	-1	
5	1	580	1	1	1	1299	5435	49	21	44.131805	52
2	1	581	0	0	0	1701	5456	34	14	-1	
3	1	581	1	0	0	1701	5456	34	14	-1	
4	1	581	1	1	0	1701	5456	34	14	-1	
5	1	581	1	1	1	1701	5456	34	14	36.944107	Yo
2	1	582	0	0	0	2533	5442	126	11	-1	
3	1	582	1	0	0	2533	5442	126	11	-1	
4	1	582	1	1	0	2533	5442	126	11	-1	
5	1	582	1	1	1	2533	5442	126	11	23.846252	L--4--44
2	1	583	0	0	0	917	5481	33	10	-1	
3	1	583	1	0	0	917	5481	33	10	-1	
4	1	583	1	1	0	917	5481	33	10	-1	
5	1	583	1	1	1	917	5481	33	10	47.169437	aN
2	1	584	0	0	0	917	5470	33	10	-1	
3	1	584	1	0	0	917	5470	33	10	-1	
4	1	584	1	1	0	917	5470	33	10	-1	
5	1	584	1	1	1	917	5470	33	10	49.032478	yo
2	1	585	0	0	0	1031	5466	30	21	-1	
3	1	585	1	0	0	1031	5466	30	21	-1	
4	1	585	1	1	0	1031	5466	30	21	-1	
5	1	585	1	1	1	1031	5466	30	21	0.000000	we
2	1	586	0	0	0	1484	5461	54	27	-1	
3	1	586	1	0	0	1484	5461	54	27	-1	
4	1	586	1	1	0	1484	5461	54	27	-1	
5	1	586	1	1	1	1484	5461	54	27	14.795845	h|A
2	1	587	0	0	0	1701	5471	34	10	-1	
3	1	587	1	0	0	1701	5471	34	10	-1	
4	1	587	1	1	0	1701	5471	34	10	-1	
5	1	587	1	1	1	1701	5471	34	10	60.230736	wo
2	1	588	0	0	0	1702	5482	33	10	-1	
3	1	588	1	0	0	1702	5482	33	10	-1	
4	1	588	1	1	0	1702	5482	33	10	-1	
5	1	588	1	1	1	1702	5482	33	10	2.263168	RQ
2	1	589	0	0	0	2086	5468	55	21	-1	
3	1	589	1	0	0	2086	5468	55	21	-1	
4	1	589	1	1	0	2086	5468	55	21	-1	
5	1	589	1	1	1	2086	5468	55	21	45.151932	2G
2	1	590	0	0	0	1030	5489	31	14	-1	
3	1	590	1	0	0	1030	5489	31	14	-1	
4	1	590	1	1	0	1030	5489	31	14	-1	
5	1	590	1	1	1	1030	5489	31	14	64.616608	xe
2	1	591	0	0	0	1819	5476	30	31	-1	
3	1	591	1	0	0	1819	5476	30	31	-1	
4	1	591	1	1	0	1819	5476	30	31	-1	
5	1	591	1	1	1	1819	5476	30	31	26.163963	*%
2	1	592	0	0	0	931	5512	48	15	-1	
3	1	592	1	0	0	931	5512	48	15	-1	
4	1	592	1	1	0	931	5512	48	15	-1	
5	1	592	1	1	1	931	5512	48	15	71.840912	C835
2	1	593	0	0	0	1017	5518	45	15	-1	
3	1	593	1	0	0	1017	5518	45	15	-1	
4	1	593	1	1	0	1017	5518	45	15	-1	
5	1	593	1	1	1	1017	5518	45	15	95.435905	R839
2	1	594	0	0	0	1269	5531	29	7	-1	
3	1	594	1	0	0	1269	5531	29	7	-1	
4	1	594	1	1	0	1269	5531	29	7	-1	
5	1	594	1	1	1	1269	5531	29	7	5.870956	ze
2	1	595	0	0	0	1270	5521	28	9	-1	
3	1	595	1	0	0	1270	5521	28	9	-1	
4	1	595	1	1	0	1270	5521	28	9	-1	
5	1	595	1	1	1	1270	5521	28	9	65.433723	=?
2	1	596	0	0	0	1430	5538	29	9	-1	
3	1	596	1	0	0	1430	5538	29	9	-1	
4	1	596	1	1	0	1430	5538	29	9	-1	
5	1	596	1	1	1	1430	5538	29	9	10.394012	xz?
2	1	597	0	0	0	1819	5524	48	14	-1	
3	1	597	1	0	0	1819	5524	48	14	-1	
4	1	597	1	1	0	1819	5524	48	14	-1	
5	1	597	1	1	1	1819	5524	48	14	92.926338	R840
2	1	598	0	0	0	2069	5520	27	10	-1	
3	1	598	1	0	0	2069	5520	27	10	-1	
4	1	598	1	1	0	2069	5520	27	10	-1	
5	1	598	1	1	1	2069	5520	27	10	85.529747	o-
2	1	599	0	0	0	2070	5529	26	12	-1	
3	1	599	1	0	0	2070	5529	26	12	-1	
4	1	599	1	1	0	2070	5529	26	12	-1	
5	1	599	1	1	1	2070	5529	26	12	61.140671	oz
2	1	600	0	0	0	912	5565	38	4	-1	
3	1	600	1	0	0	912	5565	38	4	-1	
4	1	600	1	1	0	912	5565	38	4	-1	
5	1	600	1	1	1	912	5565	38	4	0.000000	Soaaaa
2	1	601	0	0	0	925	5532	64	26	-1	
3	1	601	1	0	0	925	5532	64	26	-1	
4	1	601	1	1	0	925	5532	64	26	-1	
5	1	601	1	1	1	925	5532	30	14	44.338856	16V
5	1	601	1	1	2	959	5532	30	26	57.907032	100
2	1	602	0	0	0	1020	5535	30	14	-1	
3	1	602	1	0	0	1020	5535	30	14	-1	
4	1	602	1	1	0	1020	5535	30	14	-1	
5	1	602	1	1	1	1020	5535	30	14	61.993805	too
2	1	603	0	0	0	1269	5553	26	8	-1	
3	1	603	1	0	0	1269	5553	26	8	-1	
4	1	603	1	1	0	1269	5553	26	8	-1	
5	1	603	1	1	1	1269	5553	26	8	35.749596	Fmd
2	1	604	0	0	0	1269	5541	27	10	-1	
3	1	604	1	0	0	1269	5541	27	10	-1	
4	1	604	1	1	0	1269	5541	27	10	-1	
5	1	604	1	1	1	1269	5541	27	10	55.441814	xs
2	1	605	0	0	0	1430	5556	26	11	-1	
3	1	605	1	0	0	1430	5556	26	11	-1	
4	1	605	1	1	0	1430	5556	26	11	-1	
5	1	605	1	1	1	1430	5556	26	11	86.381683	Io
2	1	606	0	0	0	1821	5541	31	14	-1	
3	1	606	1	0	0	1821	5541	31	14	-1	
4	1	606	1	1	0	1821	5541	31	14	-1	
5	1	606	1	1	1	1821	5541	31	14	83.755920	100
2	1	607	0	0	0	1948	5470	112	82	-1	
3	1	607	1	0	0	1948	5470	112	82	-1	
4	1	607	1	1	0	1948	5470	112	82	-1	
5	1	607	1	1	1	1948	5470	112	82	44.022926	~<
2	1	608	0	0	0	645	5554	75	25	-1	
3	1	608	1	0	0	645	5554	75	25	-1	
4	1	608	1	1	0	645	5554	75	25	-1	
5	1	608	1	1	1	645	5554	75	25	33.628754	BO
2	1	609	0	0	0	1219	5584	62	11	-1	
3	1	609	1	0	0	1219	5584	62	11	-1	
4	1	609	1	1	0	1219	5584	62	11	-1	
5	1	609	1	1	1	1219	5584	62	11	35.626945	ste
2	1	610	0	0	0	1429	5569	26	9	-1	
3	1	610	1	0	0	1429	5569	26	9	-1	
4	1	610	1	1	0	1429	5569	26	9	-1	
5	1	610	1	1	1	1429	5569	26	9	87.921387	we
2	1	611	0	0	0	1738	5573	32	17	-1	
3	1	611	1	0	0	1738	5573	32	17	-1	
4	1	611	1	1	0	1738	5573	32	17	-1	
5	1	611	1	1	1	1738	5573	32	17	62.137760	so
2	1	612	0	0	0	1048	5591	47	14	-1	
3	1	612	1	0	0	1048	5591	47	14	-1	
4	1	612	1	1	0	1048	5591	47	14	-1	
5	1	612	1	1	1	1048	5591	47	14	67.742599	R846
2	1	613	0	0	0	1373	5598	67	12	-1	
3	1	613	1	0	0	1373	5598	67	12	-1	
4	1	613	1	1	0	1373	5598	67	12	-1	
5	1	613	1	1	1	1373	5598	67	12	2.673119	+
5	1	613	1	1	2	1427	5591	17	28	45.148243	8
2	1	614	0	0	0	1737	5602	33	16	-1	
3	1	614	1	0	0	1737	5602	33	16	-1	
4	1	614	1	1	0	1737	5602	33	16	-1	
5	1	614	1	1	1	1737	5602	33	16	70.707794	8a
2	1	615	0	0	0	1738	5591	50	15	-1	
3	1	615	1	0	0	1738	5591	50	15	-1	
4	1	615	1	1	0	1738	5591	50	15	-1	
5	1	615	1	1	1	1738	5591	50	15	37.074566	ovu”g
2	1	616	0	0	0	1850	5592	48	14	-1	
3	1	616	1	0	0	1850	5592	48	14	-1	
4	1	616	1	1	0	1850	5592	48	14	-1	
5	1	616	1	1	1	1850	5592	48	14	37.805786	R845,
2	1	617	0	0	0	747	5608	87	34	-1	
3	1	617	1	0	0	747	5608	87	34	-1	
4	1	617	1	1	0	747	5608	87	34	-1	
5	1	617	1	1	1	747	5608	87	34	47.978401	foro
2	1	618	0	0	0	1049	5608	44	14	-1	
3	1	618	1	0	0	1049	5608	44	14	-1	
4	1	618	1	1	0	1049	5608	44	14	-1	
5	1	618	1	1	1	1049	5608	44	14	92.129166	100K
2	1	619	0	0	0	1851	5609	42	14	-1	
3	1	619	1	0	0	1851	5609	42	14	-1	
4	1	619	1	1	0	1851	5609	42	14	-1	
5	1	619	1	1	1	1851	5609	42	14	89.608360	100K
2	1	620	0	0	0	2402	5621	332	25	-1	
3	1	620	1	0	0	2402	5621	332	25	-1	
4	1	620	1	1	0	2402	5621	332	25	-1	
5	1	620	1	1	1	2402	5621	332	25	7.255135	ee
2	1	621	0	0	0	2781	5651	44	15	-1	
3	1	621	1	0	0	2781	5651	44	15	-1	
4	1	621	1	1	0	2781	5651	44	15	-1	
5	1	621	1	1	1	2781	5651	44	15	47.888241	CBI6
2	1	622	0	0	0	2947	5651	42	14	-1	
3	1	622	1	0	0	2947	5651	42	14	-1	
4	1	622	1	1	0	2947	5651	42	14	-1	
5	1	622	1	1	1	2947	5651	42	14	57.735867	cals
2	1	623	0	0	0	2779	5667	45	14	-1	
3	1	623	1	0	0	2779	5667	45	14	-1	
4	1	623	1	1	0	2779	5667	45	14	-1	
5	1	623	1	1	1	2779	5667	45	14	29.113777	S5OVI
2	1	624	0	0	0	2948	5668	40	14	-1	
3	1	624	1	0	0	2948	5668	40	14	-1	
4	1	624	1	1	0	2948	5668	40	14	-1	
5	1	624	1	1	1	2948	5668	40	14	41.266056	50VI
2	1	625	0	0	0	2766	5686	50	28	-1	
3	1	625	1	0	0	2766	5686	50	28	-1	
4	1	625	1	1	0	2766	5686	50	28	-1	
5	1	625	1	1	1	2766	5686	50	28	25.313843	HH
2	1	626	0	0	0	2935	5686	65	28	-1	
3	1	626	1	0	0	2935	5686	65	28	-1	
4	1	626	1	1	0	2935	5686	65	28	-1	
5	1	626	1	1	1	2935	5686	65	28	61.380379	Hat
2	1	627	0	0	0	645	5693	74	30	-1	
3	1	627	1	0	0	645	5693	74	30	-1	
4	1	627	1	1	0	645	5693	74	30	-1	
5	1	627	1	1	1	645	5693	22	30	0.000000	3
5	1	627	1	1	2	691	5694	28	26	0.000000	>
2	1	628	0	0	0	2155	5647	273	83	-1	
3	1	628	1	0	0	2155	5647	273	83	-1	
4	1	628	1	1	0	2155	5647	273	83	-1	
5	1	628	1	1	1	2151	5643	79	118	29.096893	_
2	1	629	0	0	0	638	5721	81	25	-1	
3	1	629	1	0	0	638	5721	81	25	-1	
4	1	629	1	1	0	638	5721	81	25	-1	
5	1	629	1	1	1	638	5726	28	20	51.763824	cs
5	1	629	1	1	2	691	5721	28	25	77.432770	>
2	1	630	0	0	0	1789	5730	364	21	-1	
3	1	630	1	0	0	1789	5730	364	21	-1	
4	1	630	1	1	0	1789	5730	364	21	-1	
5	1	630	1	1	1	1789	5730	364	21	8.861504	a
5	1	630	1	1	2	1923	5726	12	36	0.000000	Ss
5	1	630	1	1	3	1956	5726	51	36	15.442566	a
5	1	630	1	1	4	2103	5726	54	36	41.614571	|
2	1	631	0	0	0	2588	5765	50	20	-1	
3	1	631	1	0	0	2588	5765	50	20	-1	
4	1	631	1	1	0	2588	5765	50	20	-1	
5	1	631	1	1	1	2588	5765	50	20	85.110252	zo
2	1	632	0	0	0	2589	5789	49	22	-1	
3	1	632	1	0	0	2589	5789	49	22	-1	
4	1	632	1	1	0	2589	5789	49	22	-1	
5	1	632	1	1	1	2589	5789	49	22	27.074402	>)
2	1	633	0	0	0	2588	5807	51	19	-1	
3	1	633	1	0	0	2588	5807	51	19	-1	
4	1	633	1	1	0	2588	5807	51	19	-1	
5	1	633	1	1	1	2588	5807	51	19	81.690575	On
2	1	634	0	0	0	1110	5820	23	61	-1	
3	1	634	1	0	0	1110	5820	23	61	-1	
4	1	634	1	1	0	1110	5820	23	61	-1	
5	1	634	1	1	1	1110	5820	23	61	65.393921	A
2	1	635	0	0	0	1146	5859	31	15	-1	
3	1	635	1	0	0	1146	5859	31	15	-1	
4	1	635	1	1	0	1146	5859	31	15	-1	
5	1	635	1	1	1	1146	5859	31	15	74.194023	ao
2	1	636	0	0	0	1935	5873	29	8	-1	
3	1	636	1	0	0	1935	5873	29	8	-1	
4	1	636	1	1	0	1935	5873	29	8	-1	
5	1	636	1	1	1	1935	5873	29	8	51.321106	=o
2	1	637	0	0	0	1933	5881	31	14	-1	
3	1	637	1	0	0	1933	5881	31	14	-1	
4	1	637	1	1	0	1933	5881	31	14	-1	
5	1	637	1	1	1	1933	5881	31	14	76.413437	Do
2	1	638	0	0	0	1934	5894	30	13	-1	
3	1	638	1	0	0	1934	5894	30	13	-1	
4	1	638	1	1	0	1934	5894	30	13	-1	
5	1	638	1	1	1	1934	5894	30	13	46.503201	se
2	1	639	0	0	0	1145	5897	31	16	-1	
3	1	639	1	0	0	1145	5897	31	16	-1	
4	1	639	1	1	0	1145	5897	31	16	-1	
5	1	639	1	1	1	1145	5897	31	16	72.191589	no
2	1	640	0	0	0	1934	5905	29	10	-1	
3	1	640	1	0	0	1934	5905	29	10	-1	
4	1	640	1	1	0	1934	5905	29	10	-1	
5	1	640	1	1	1	1934	5905	29	10	47.294674	ne
2	1	641	0	0	0	2783	5895	44	15	-1	
3	1	641	1	0	0	2783	5895	44	15	-1	
4	1	641	1	1	0	2783	5895	44	15	-1	
5	1	641	1	1	1	2783	5895	44	15	2.755051	Cala
2	1	642	0	0	0	2942	5915	42	14	-1	
3	1	642	1	0	0	2942	5915	42	14	-1	
4	1	642	1	1	0	2942	5915	42	14	-1	
5	1	642	1	1	1	2942	5915	42	14	10.854248	254
2	1	643	0	0	0	2952	5896	43	14	-1	
3	1	643	1	0	0	2952	5896	43	14	-1	
4	1	643	1	1	0	2952	5896	43	14	-1	
5	1	643	1	1	1	2952	5896	43	14	18.574638	cB8l3
2	1	644	0	0	0	698	5936	292	6	-1	
3	1	644	1	0	0	698	5936	292	6	-1	
4	1	644	1	1	0	698	5936	292	6	-1	
5	1	644	1	1	1	698	5936	192	6	25.492393	TTS
5	1	644	1	1	2	908	5936	82	3	0.000000	See
2	1	645	0	0	0	996	5797	80	145	-1	
3	1	645	1	0	0	996	5797	80	145	-1	
4	1	645	1	1	0	996	5797	80	145	-1	
5	1	645	1	1	1	996	5797	80	145	83.041893	|
2	1	646	0	0	0	1109	5877	26	66	-1	
3	1	646	1	0	0	1109	5877	26	66	-1	
4	1	646	1	1	0	1109	5877	26	66	-1	
5	1	646	1	1	1	1109	5877	26	66	71.145073	i
2	1	647	0	0	0	2772	5913	99	28	-1	
3	1	647	1	0	0	2772	5913	99	28	-1	
4	1	647	1	1	0	2772	5913	99	28	-1	
5	1	647	1	1	1	2772	5914	70	15	69.145210	25V470
5	1	647	1	1	2	2857	5913	14	28	0.000000	¢
2	1	648	0	0	0	2985	5915	55	29	-1	
3	1	648	1	0	0	2985	5915	55	29	-1	
4	1	648	1	1	0	2985	5915	55	29	-1	
5	1	648	1	1	1	2985	5915	55	29	10.850105	[8
2	1	649	0	0	0	3085	5932	50	15	-1	
3	1	649	1	0	0	3085	5932	50	15	-1	
4	1	649	1	1	0	3085	5932	50	15	-1	
5	1	649	1	1	1	3085	5932	50	15	88.570869	no
2	1	650	0	0	0	3086	5949	48	18	-1	
3	1	650	1	0	0	3086	5949	48	18	-1	
4	1	650	1	1	0	3086	5949	48	18	-1	
5	1	650	1	1	1	3086	5949	48	18	56.254959	<o
2	1	651	0	0	0	2842	5977	14	10	-1	
3	1	651	1	0	0	2842	5977	14	10	-1	
4	1	651	1	1	0	2842	5977	14	10	-1	
5	1	651	1	1	1	2842	5977	14	10	78.649635	V
2	1	652	0	0	0	3009	5978	14	9	-1	
3	1	652	1	0	0	3009	5978	14	9	-1	
4	1	652	1	1	0	3009	5978	14	9	-1	
5	1	652	1	1	1	3009	5978	14	9	56.707321	AN
2	1	653	0	0	0	3086	5994	37	6	-1	
3	1	653	1	0	0	3086	5994	37	6	-1	
4	1	653	1	1	0	3086	5994	37	6	-1	
5	1	653	1	1	1	3086	5994	37	6	51.611439	-¢
2	1	654	0	0	0	996	5945	111	60	-1	
3	1	654	1	0	0	996	5945	111	60	-1	
4	1	654	1	1	0	996	5945	111	60	-1	
5	1	654	1	1	1	996	5945	111	60	52.820263	imi
2	1	655	0	0	0	3085	6004	49	18	-1	
3	1	655	1	0	0	3085	6004	49	18	-1	
4	1	655	1	1	0	3085	6004	49	18	-1	
5	1	655	1	1	1	3085	6004	49	18	0.000000	WM
5	1	655	1	1	2	3117	6000	21	26	0.000000	@
2	1	656	0	0	0	721	6007	385	56	-1	
3	1	656	1	0	0	721	6007	385	56	-1	
4	1	656	1	1	0	721	6007	385	56	-1	
5	1	656	1	1	1	721	6007	385	56	35.682816	eis)
2	1	657	0	0	0	1557	6058	224	4	-1	
3	1	657	1	0	0	1557	6058	224	4	-1	
4	1	657	1	1	0	1557	6058	224	4	-1	
5	1	657	1	1	1	1557	6058	224	4	0.000000	pects
2	1	658	0	0	0	2927	6022	66	33	-1	
3	1	658	1	0	0	2927	6022	66	33	-1	
4	1	658	1	1	0	2927	6022	66	33	-1	
5	1	658	1	1	1	2927	6022	66	33	20.293617	AG
2	1	659	0	0	0	3037	6102	27	7	-1	
3	1	659	1	0	0	3037	6102	27	7	-1	
4	1	659	1	1	0	3037	6102	27	7	-1	
5	1	659	1	1	1	3037	6102	27	7	86.766014	=
2	1	660	0	0	0	3036	6125	28	7	-1	
3	1	660	1	0	0	3036	6125	28	7	-1	
4	1	660	1	1	0	3036	6125	28	7	-1	
5	1	660	1	1	1	3036	6125	28	7	77.796463	=
2	1	661	0	0	0	2681	5647	81	507	-1	
3	1	661	1	0	0	2681	5647	81	507	-1	
4	1	661	1	1	0	2681	5647	81	507	-1	
5	1	661	1	1	1	2681	5647	81	507	95.741974	|
2	1	662	0	0	0	2624	6156	109	30	-1	
3	1	662	1	0	0	2624	6156	109	30	-1	
4	1	662	1	1	0	2624	6156	109	30	-1	
5	1	662	1	1	1	2624	6156	109	30	0.000000	eann
2	1	663	0	0	0	2764	6156	25	29	-1	
3	1	663	1	0	0	2764	6156	25	29	-1	
4	1	663	1	1	0	2764	6156	25	29	-1	
5	1	663	1	1	1	2760	6151	8	48	0.000000	[
2	1	664	0	0	0	495	6173	99	47	-1	
3	1	664	1	0	0	495	6173	99	47	-1	
4	1	664	1	1	0	495	6173	99	47	-1	
5	1	664	1	1	1	495	6173	99	47	51.088020	RIN
2	1	665	0	0	0	1029	6209	45	10	-1	
3	1	665	1	0	0	1029	6209	45	10	-1	
4	1	665	1	1	0	1029	6209	45	10	-1	
5	1	665	1	1	1	1029	6209	45	10	81.863960	AA
2	1	666	0	0	0	1039	6192	79	23	-1	
3	1	666	1	0	0	1039	6192	79	23	-1	
4	1	666	1	1	0	1039	6192	79	23	-1	
5	1	666	1	1	1	1039	6192	79	23	33.571457	CHO)
2	1	667	0	0	0	2603	6189	16	31	-1	
3	1	667	1	0	0	2603	6189	16	31	-1	
4	1	667	1	1	0	2603	6189	16	31	-1	
5	1	667	1	1	1	2603	6189	16	31	15.621941	(¢
2	1	668	0	0	0	2612	6193	51	23	-1	
3	1	668	1	0	0	2612	6193	51	23	-1	
4	1	668	1	1	0	2612	6193	51	23	-1	
5	1	668	1	1	1	2612	6193	51	23	0.000000	@X)
2	1	669	0	0	0	2630	6188	72	11	-1	
3	1	669	1	0	0	2630	6188	72	11	-1	
4	1	669	1	1	0	2630	6188	72	11	-1	
5	1	669	1	1	1	2630	6188	72	11	53.007679	AVA,
2	1	670	0	0	0	2657	6212	15	8	-1	
3	1	670	1	0	0	2657	6212	15	8	-1	
4	1	670	1	1	0	2657	6212	15	8	-1	
5	1	670	1	1	1	2657	6212	15	8	61.280037	AN
2	1	671	0	0	0	2668	6195	23	23	-1	
3	1	671	1	0	0	2668	6195	23	23	-1	
4	1	671	1	1	0	2668	6195	23	23	-1	
5	1	671	1	1	1	2668	6195	23	23	17.167068	©)
2	1	672	0	0	0	2687	6212	70	8	-1	
3	1	672	1	0	0	2687	6212	70	8	-1	
4	1	672	1	1	0	2687	6212	70	8	-1	
5	1	672	1	1	1	2687	6212	70	8	38.845551	AA
2	1	673	0	0	0	2696	6193	23	23	-1	
3	1	673	1	0	0	2696	6193	23	23	-1	
4	1	673	1	1	0	2696	6193	23	23	-1	
5	1	673	1	1	1	2696	6193	23	23	42.140068	©)
2	1	674	0	0	0	2713	6189	117	31	-1	
3	1	674	1	0	0	2713	6189	117	31	-1	
4	1	674	1	1	0	2713	6189	117	31	-1	
5	1	674	1	1	1	2713	6189	117	31	0.000000	LOOOS
2	1	675	0	0	0	1000	6317	41	11	-1	
3	1	675	1	0	0	1000	6317	41	11	-1	
4	1	675	1	1	0	1000	6317	41	11	-1	
5	1	675	1	1	1	1000	6317	41	11	43.029514	=f
2	1	676	0	0	0	2631	6324	14	10	-1	
3	1	676	1	0	0	2631	6324	14	10	-1	
4	1	676	1	1	0	2631	6324	14	10	-1	
5	1	676	1	1	1	2631	6324	14	10	59.374519	°
2	1	677	0	0	0	2631	6310	14	10	-1	
3	1	677	1	0	0	2631	6310	14	10	-1	
4	1	677	1	1	0	2631	6310	14	10	-1	
5	1	677	1	1	1	2631	6310	14	10	91.324265	>
2	1	678	0	0	0	2659	6323	14	9	-1	
3	1	678	1	0	0	2659	6323	14	9	-1	
4	1	678	1	1	0	2659	6323	14	9	-1	
5	1	678	1	1	1	2659	6323	14	9	43.719345	°
2	1	679	0	0	0	2660	6311	12	10	-1	
3	1	679	1	0	0	2660	6311	12	10	-1	
4	1	679	1	1	0	2660	6311	12	10	-1	
5	1	679	1	1	1	2660	6311	12	10	94.853783	>
2	1	680	0	0	0	2742	6311	13	10	-1	
3	1	680	1	0	0	2742	6311	13	10	-1	
4	1	680	1	1	0	2742	6311	13	10	-1	
5	1	680	1	1	1	2742	6311	13	10	94.129105	>
2	1	681	0	0	0	1000	6342	42	15	-1	
3	1	681	1	0	0	1000	6342	42	15	-1	
4	1	681	1	1	0	1000	6342	42	15	-1	
5	1	681	1	1	1	1000	6342	42	15	0.000000	<x
2	1	682	0	0	0	2741	6324	14	48	-1	
3	1	682	1	0	0	2741	6324	14	48	-1	
4	1	682	1	1	0	2741	6324	14	48	-1	
5	1	682	1	1	1	2741	6324	14	48	41.455338	3
2	1	683	0	0	0	2937	6367	13	10	-1	
3	1	683	1	0	0	2937	6367	13	10	-1	
4	1	683	1	1	0	2937	6367	13	10	-1	
5	1	683	1	1	1	2937	6367	13	10	95.384033	>
2	1	684	0	0	0	2966	6367	37	10	-1	
3	1	684	1	0	0	2966	6367	37	10	-1	
4	1	684	1	1	0	2966	6367	37	10	-1	
5	1	684	1	1	1	2966	6367	37	10	69.034821	>>
2	1	685	0	0	0	3049	6367	67	10	-1	
3	1	685	1	0	0	3049	6367	67	10	-1	
4	1	685	1	1	0	3049	6367	67	10	-1	
5	1	685	1	1	1	3049	6367	67	10	60.502289	POD
2	1	686	0	0	0	2936	6379	67	10	-1	
3	1	686	1	0	0	2936	6379	67	10	-1	
4	1	686	1	1	0	2936	6379	67	10	-1	
5	1	686	1	1	1	2936	6379	67	10	22.667923	aaa
2	1	687	0	0	0	2937	6394	65	10	-1	
3	1	687	1	0	0	2937	6394	65	10	-1	
4	1	687	1	1	0	2937	6394	65	10	-1	
5	1	687	1	1	1	2937	6394	65	10	43.763660	paw
2	1	688	0	0	0	3048	6379	68	12	-1	
3	1	688	1	0	0	3048	6379	68	12	-1	
4	1	688	1	1	0	3048	6379	68	12	-1	
5	1	688	1	1	1	3048	6379	68	12	51.168610	az0
2	1	689	0	0	0	3074	6396	41	9	-1	
3	1	689	1	0	0	3074	6396	41	9	-1	
4	1	689	1	1	0	3074	6396	41	9	-1	
5	1	689	1	1	1	3074	6396	41	9	48.503242	on
2	1	690	0	0	0	2851	6419	15	10	-1	
3	1	690	1	0	0	2851	6419	15	10	-1	
4	1	690	1	1	0	2851	6419	15	10	-1	
5	1	690	1	1	1	2851	6419	15	10	60.944717	°
2	1	691	0	0	0	1797	6441	182	10	-1	
3	1	691	1	0	0	1797	6441	182	10	-1	
4	1	691	1	1	0	1797	6441	182	10	-1	
5	1	691	1	1	1	1797	6441	182	10	20.029060	Wana
5	1	691	1	1	2	1870	6432	38	28	31.490417	ee
5	1	691	1	1	3	1937	6432	29	28	38.883114	ae
5	1	691	1	1	4	1977	6432	5	28	17.763382	a
2	1	692	0	0	0	2017	6420	14	18	-1	
3	1	692	1	0	0	2017	6420	14	18	-1	
4	1	692	1	1	0	2017	6420	14	18	-1	
5	1	692	1	1	1	2017	6420	14	18	0.000000	<
2	1	693	0	0	0	2628	6439	186	10	-1	
3	1	693	1	0	0	2628	6439	186	10	-1	
4	1	693	1	1	0	2628	6439	186	10	-1	
5	1	693	1	1	1	2628	6439	186	10	29.392433	SAA
2	1	694	0	0	0	974	6409	152	63	-1	
3	1	694	1	0	0	974	6409	152	63	-1	
4	1	694	1	1	0	974	6409	152	63	-1	
5	1	694	1	1	1	974	6409	152	63	0.000000	(ooo)
2	1	695	0	0	0	1769	6441	19	32	-1	
3	1	695	1	0	0	1769	6441	19	32	-1	
4	1	695	1	1	0	1769	6441	19	32	-1	
5	1	695	1	1	1	1769	6441	19	32	39.638000	[G
2	1	696	0	0	0	1780	6445	23	23	-1	
3	1	696	1	0	0	1780	6445	23	23	-1	
4	1	696	1	1	0	1780	6445	23	23	-1	
5	1	696	1	1	1	1780	6445	23	23	89.523033	@)
2	1	697	0	0	0	1793	6465	100	8	-1	
3	1	697	1	0	0	1793	6465	100	8	-1	
4	1	697	1	1	0	1793	6465	100	8	-1	
5	1	697	1	1	1	1793	6465	100	8	20.582512	AAKAA
2	1	698	0	0	0	1807	6446	23	23	-1	
3	1	698	1	0	0	1807	6446	23	23	-1	
4	1	698	1	1	0	1807	6446	23	23	-1	
5	1	698	1	1	1	1807	6446	23	23	74.097626	©.
2	1	699	0	0	0	1835	6446	132	26	-1	
3	1	699	1	0	0	1835	6446	132	26	-1	
4	1	699	1	1	0	1835	6446	132	26	-1	
5	1	699	1	1	1	1835	6446	132	26	0.000000	CYYLM)
2	1	700	0	0	0	1962	6464	17	8	-1	
3	1	700	1	0	0	1962	6464	17	8	-1	
4	1	700	1	1	0	1962	6464	17	8	-1	
5	1	700	1	1	1	1962	6464	17	8	36.100697	aN
2	1	701	0	0	0	1973	6445	22	24	-1	
3	1	701	1	0	0	1973	6445	22	24	-1	
4	1	701	1	1	0	1973	6445	22	24	-1	
5	1	701	1	1	1	1973	6445	22	24	68.255760	©
2	1	702	0	0	0	1989	6441	19	31	-1	
3	1	702	1	0	0	1989	6441	19	31	-1	
4	1	702	1	1	0	1989	6441	19	31	-1	
5	1	702	1	1	1	1989	6441	19	31	28.109375	)]
2	1	703	0	0	0	2067	6444	164	29	-1	
3	1	703	1	0	0	2067	6444	164	29	-1	
4	1	703	1	1	0	2067	6444	164	29	-1	
5	1	703	1	1	1	2067	6444	164	29	0.000000	C29009
2	1	704	0	0	0	2222	6439	73	33	-1	
3	1	704	1	0	0	2222	6439	73	33	-1	
4	1	704	1	1	0	2222	6439	73	33	-1	
5	1	704	1	1	1	2222	6439	73	33	57.316566	XO]
2	1	705	0	0	0	2600	6440	20	32	-1	
3	1	705	1	0	0	2600	6440	20	32	-1	
4	1	705	1	1	0	2600	6440	20	32	-1	
5	1	705	1	1	1	2600	6440	20	32	76.848732	i
2	1	706	0	0	0	2612	6444	50	23	-1	
3	1	706	1	0	0	2612	6444	50	23	-1	
4	1	706	1	1	0	2612	6444	50	23	-1	
5	1	706	1	1	1	2612	6444	50	23	52.956104	CX)
2	1	707	0	0	0	2625	6463	102	9	-1	
3	1	707	1	0	0	2625	6463	102	9	-1	
4	1	707	1	1	0	2625	6463	102	9	-1	
5	1	707	1	1	1	2625	6463	102	9	41.639828	AAKA
2	1	708	0	0	0	2668	6444	146	28	-1	
3	1	708	1	0	0	2668	6444	146	28	-1	
4	1	708	1	1	0	2668	6444	146	28	-1	
5	1	708	1	1	1	2668	6444	146	28	0.000000	OOOO.
2	1	709	0	0	0	2807	6444	22	23	-1	
3	1	709	1	0	0	2807	6444	22	23	-1	
4	1	709	1	1	0	2807	6444	22	23	-1	
5	1	709	1	1	1	2807	6444	22	23	25.177467	2.
2	1	710	0	0	0	2895	6440	233	33	-1	
3	1	710	1	0	0	2895	6440	233	33	-1	
4	1	710	1	1	0	2895	6440	233	33	-1	
5	1	710	1	1	1	2895	6440	233	33	2.915482	COGOCOCS)
2	1	711	0	0	0	339	6444	121	63	-1	
3	1	711	1	0	0	339	6444	121	63	-1	
4	1	711	1	1	0	339	6444	121	63	-1	
5	1	711	1	1	1	339	6444	121	63	41.479622	aa
2	1	712	0	0	0	562	6410	59	94	-1	
3	1	712	1	0	0	562	6410	59	94	-1	
4	1	712	1	1	0	562	6410	59	94	-1	
5	1	712	1	1	1	562	6410	59	94	19.769142	20)
2	1	713	0	0	0	660	6416	76	79	-1	
3	1	713	1	0	0	660	6416	76	79	-1	
4	1	713	1	1	0	660	6416	76	79	-1	
5	1	713	1	1	1	660	6416	76	79	41.401215	oy
2	1	714	0	0	0	2081	6476	53	19	-1	
3	1	714	1	0	0	2081	6476	53	19	-1	
4	1	714	1	1	0	2081	6476	53	19	-1	
5	1	714	1	1	1	2081	6476	53	19	53.806782	Cy
2	1	715	0	0	0	2714	6490	39	10	-1	
3	1	715	1	0	0	2714	6490	39	10	-1	
4	1	715	1	1	0	2714	6490	39	10	-1	
5	1	715	1	1	1	2714	6490	39	10	33.310081	al<
2	1	716	0	0	0	2714	6514	39	10	-1	
3	1	716	1	0	0	2714	6514	39	10	-1	
4	1	716	1	1	0	2714	6514	39	10	-1	
5	1	716	1	1	1	2714	6514	39	10	55.459412	Ric
2	1	717	0	0	0	526	6535	30	10	-1	
3	1	717	1	0	0	526	6535	30	10	-1	
4	1	717	1	1	0	526	6535	30	10	-1	
5	1	717	1	1	1	526	6535	30	10	22.517563	aD
2	1	718	0	0	0	612	6536	31	12	-1	
3	1	718	1	0	0	612	6536	31	12	-1	
4	1	718	1	1	0	612	6536	31	12	-1	
5	1	718	1	1	1	612	6536	31	12	55.930939	aD
2	1	719	0	0	0	1253	6532	47	18	-1	
3	1	719	1	0	0	1253	6532	47	18	-1	
4	1	719	1	1	0	1253	6532	47	18	-1	
5	1	719	1	1	1	1253	6532	47	18	69.374084	<9
2	1	720	0	0	0	1746	6463	43	92	-1	
3	1	720	1	0	0	1746	6463	43	92	-1	
4	1	720	1	1	0	1746	6463	43	92	-1	
5	1	720	1	1	1	1746	6463	43	92	22.475067	L
2	1	721	0	0	0	1791	6475	193	78	-1	
3	1	721	1	0	0	1791	6475	193	78	-1	
4	1	721	1	1	0	1791	6475	193	78	-1	
5	1	721	1	1	1	1791	6475	193	78	0.000000	Busseue
2	1	722	0	0	0	2272	6457	89	97	-1	
3	1	722	1	0	0	2272	6457	89	97	-1	
4	1	722	1	1	0	2272	6457	89	97	-1	
5	1	722	1	1	1	2272	6457	65	97	31.832970	ATL
5	1	722	1	1	2	2344	6457	17	97	43.508091	|
2	1	723	0	0	0	2578	6461	44	92	-1	
3	1	723	1	0	0	2578	6461	44	92	-1	
4	1	723	1	1	0	2578	6461	44	92	-1	
5	1	723	1	1	1	2578	6461	44	92	1.359650	L
2	1	724	0	0	0	3108	6458	88	96	-1	
3	1	724	1	0	0	3108	6458	88	96	-1	
4	1	724	1	1	0	3108	6458	88	96	-1	
5	1	724	1	1	1	3108	6458	56	96	22.856110	AT
5	1	724	1	1	2	3180	6458	16	96	57.687370	|
2	1	725	0	0	0	438	6544	29	15	-1	
3	1	725	1	0	0	438	6544	29	15	-1	
4	1	725	1	1	0	438	6544	29	15	-1	
5	1	725	1	1	1	438	6544	29	15	50.838398	Se
2	1	726	0	0	0	438	6560	30	12	-1	
3	1	726	1	0	0	438	6560	30	12	-1	
4	1	726	1	1	0	438	6560	30	12	-1	
5	1	726	1	1	1	438	6560	30	12	62.194099	wo
2	1	727	0	0	0	526	6547	29	10	-1	
3	1	727	1	0	0	526	6547	29	10	-1	
4	1	727	1	1	0	526	6547	29	10	-1	
5	1	727	1	1	1	526	6547	29	10	40.450405	ND
2	1	728	0	0	0	612	6550	30	20	-1	
3	1	728	1	0	0	612	6550	30	20	-1	
4	1	728	1	1	0	612	6550	30	20	-1	
5	1	728	1	1	1	612	6550	30	20	32.170731	“8
2	1	729	0	0	0	1253	6548	47	12	-1	
3	1	729	1	0	0	1253	6548	47	12	-1	
4	1	729	1	1	0	1253	6548	47	12	-1	
5	1	729	1	1	1	1253	6548	47	12	63.515709	—@
2	1	730	0	0	0	1779	6548	24	24	-1	
3	1	730	1	0	0	1779	6548	24	24	-1	
4	1	730	1	1	0	1779	6548	24	24	-1	
5	1	730	1	1	1	1779	6548	24	24	92.023857	O
2	1	731	0	0	0	1807	6547	191	26	-1	
3	1	731	1	0	0	1807	6547	191	26	-1	
4	1	731	1	1	0	1807	6547	191	26	-1	
5	1	731	1	1	1	1807	6547	191	26	32.983810	OO00000
2	1	732	0	0	0	2123	6545	135	25	-1	
3	1	732	1	0	0	2123	6545	135	25	-1	
4	1	732	1	1	0	2123	6545	135	25	-1	
5	1	732	1	1	1	2123	6545	135	25	27.684425	OO00O0
2	1	733	0	0	0	2581	6558	2	2	-1	
3	1	733	1	0	0	2581	6558	2	2	-1	
4	1	733	1	1	0	2581	6558	2	2	-1	
5	1	733	1	1	1	2581	6558	2	2	36.784359	5
2	1	734	0	0	0	2611	6546	192	26	-1	
3	1	734	1	0	0	2611	6546	192	26	-1	
4	1	734	1	1	0	2611	6546	192	26	-1	
5	1	734	1	1	1	2611	6546	192	26	11.397995	OOO0OO0O
2	1	735	0	0	0	2807	6547	25	24	-1	
3	1	735	1	0	0	2807	6547	25	24	-1	
4	1	735	1	1	0	2807	6547	25	24	-1	
5	1	735	1	1	1	2807	6547	25	24	14.014244	O)
2	1	736	0	0	0	2957	6545	222	25	-1	
3	1	736	1	0	0	2957	6545	222	25	-1	
4	1	736	1	1	0	2957	6545	222	25	-1	
5	1	736	1	1	1	2957	6545	222	25	9.724724	OOOOO0O0OO
2	1	737	0	0	0	439	6572	28	15	-1	
3	1	737	1	0	0	439	6572	28	15	-1	
4	1	737	1	1	0	439	6572	28	15	-1	
5	1	737	1	1	1	439	6572	28	15	51.731590	s<
2	1	738	0	0	0	1252	6565	48	17	-1	
3	1	738	1	0	0	1252	6565	48	17	-1	
4	1	738	1	1	0	1252	6565	48	17	-1	
5	1	738	1	1	1	1252	6565	48	17	73.902008	2s
2	1	739	0	0	0	1850	6594	15	9	-1	
3	1	739	1	0	0	1850	6594	15	9	-1	
4	1	739	1	1	0	1850	6594	15	9	-1	
5	1	739	1	1	1	1850	6594	15	9	45.906483	wn
2	1	740	0	0	0	545	6603	32	3	-1	
3	1	740	1	0	0	545	6603	32	3	-1	
4	1	740	1	1	0	545	6603	32	3	-1	
5	1	740	1	1	1	545	6603	32	3	34.722641	cee
2	1	741	0	0	0	976	6605	27	16	-1	
3	1	741	1	0	0	976	6605	27	16	-1	
4	1	741	1	1	0	976	6605	27	16	-1	
5	1	741	1	1	1	976	6605	27	16	85.810791	r-
2	1	742	0	0	0	1075	6604	49	17	-1	
3	1	742	1	0	0	1075	6604	49	17	-1	
4	1	742	1	1	0	1075	6604	49	17	-1	
5	1	742	1	1	1	1075	6604	49	17	39.488472	4
2	1	743	0	0	0	1136	6614	37	12	-1	
3	1	743	1	0	0	1136	6614	37	12	-1	
4	1	743	1	1	0	1136	6614	37	12	-1	
5	1	743	1	1	1	1136	6614	37	12	56.215099	Rs
2	1	744	0	0	0	1850	6606	15	10	-1	
3	1	744	1	0	0	1850	6606	15	10	-1	
4	1	744	1	1	0	1850	6606	15	10	-1	
5	1	744	1	1	1	1850	6606	15	10	23.100075	jor
2	1	745	0	0	0	1121	6626	52	14	-1	
3	1	745	1	0	0	1121	6626	52	14	-1	
4	1	745	1	1	0	1121	6626	52	14	-1	
5	1	745	1	1	1	1121	6626	52	14	47.711067	123
2	1	746	0	0	0	1788	6567	62	84	-1	
3	1	746	1	0	0	1788	6567	62	84	-1	
4	1	746	1	1	0	1788	6567	62	84	-1	
5	1	746	1	1	1	1788	6567	62	84	30.839584	ss
2	1	747	0	0	0	1871	6568	61	83	-1	
3	1	747	1	0	0	1871	6568	61	83	-1	
4	1	747	1	1	0	1871	6568	61	83	-1	
5	1	747	1	1	1	1871	6568	61	83	20.071846	ss
2	1	748	0	0	0	1953	6567	36	84	-1	
3	1	748	1	0	0	1953	6567	36	84	-1	
4	1	748	1	1	0	1953	6567	36	84	-1	
5	1	748	1	1	1	1953	6567	36	84	15.930321	fi
2	1	749	0	0	0	2117	6620	23	16	-1	
3	1	749	1	0	0	2117	6620	23	16	-1	
4	1	749	1	1	0	2117	6620	23	16	-1	
5	1	749	1	1	1	2117	6620	23	16	38.178093	r?
2	1	750	0	0	0	2187	6564	90	86	-1	
3	1	750	1	0	0	2187	6564	90	86	-1	
4	1	750	1	1	0	2187	6564	90	86	-1	
5	1	750	1	1	1	2187	6564	90	86	29.652962	a
2	1	751	0	0	0	2299	6564	35	85	-1	
3	1	751	1	0	0	2299	6564	35	85	-1	
4	1	751	1	1	0	2299	6564	35	85	-1	
5	1	751	1	1	1	2299	6564	35	85	32.352127	;
2	1	752	0	0	0	2603	6621	23	16	-1	
3	1	752	1	0	0	2603	6621	23	16	-1	
4	1	752	1	1	0	2603	6621	23	16	-1	
5	1	752	1	1	1	2603	6621	23	16	25.534943	r?
2	1	753	0	0	0	2624	6566	59	85	-1	
3	1	753	1	0	0	2624	6566	59	85	-1	
4	1	753	1	1	0	2624	6566	59	85	-1	
5	1	753	1	1	1	2624	6566	59	85	0.000000	fi
2	1	754	0	0	0	2683	6567	97	83	-1	
3	1	754	1	0	0	2683	6567	97	83	-1	
4	1	754	1	1	0	2683	6567	97	83	-1	
5	1	754	1	1	1	2683	6567	97	83	25.789017	ae
2	1	755	0	0	0	2952	6619	23	17	-1	
3	1	755	1	0	0	2952	6619	23	17	-1	
4	1	755	1	1	0	2952	6619	23	17	-1	
5	1	755	1	1	1	2952	6619	23	17	29.809357	r?
2	1	756	0	0	0	3023	6564	91	87	-1	
3	1	756	1	0	0	3023	6564	91	87	-1	
4	1	756	1	1	0	3023	6564	91	87	-1	
5	1	756	1	1	1	3023	6564	91	87	23.785065	se
2	1	757	0	0	0	3135	6565	36	86	-1	
3	1	757	1	0	0	3135	6565	36	86	-1	
4	1	757	1	1	0	3135	6565	36	86	-1	
5	1	757	1	1	1	3135	6565	36	86	0.000000	Li
2	1	758	0	0	0	488	6658	27	10	-1	
3	1	758	1	0	0	488	6658	27	10	-1	
4	1	758	1	1	0	488	6658	27	10	-1	
5	1	758	1	1	1	488	6658	27	10	33.506401	1
2	1	759	0	0	0	1122	6639	51	19	-1	
3	1	759	1	0	0	1122	6639	51	19	-1	
4	1	759	1	1	0	1122	6639	51	19	-1	
5	1	759	1	1	1	1122	6644	2	14	0.000000	|
5	1	759	1	1	2	1135	6639	38	12	0.000000	2
2	1	760	0	0	0	1135	6652	38	10	-1	
3	1	760	1	0	0	1135	6652	38	10	-1	
4	1	760	1	1	0	1135	6652	38	10	-1	
5	1	760	1	1	1	1135	6652	38	10	1.108246	a
2	1	761	0	0	0	2000	6643	32	22	-1	
3	1	761	1	0	0	2000	6643	32	22	-1	
4	1	761	1	1	0	2000	6643	32	22	-1	
5	1	761	1	1	1	2000	6643	32	22	38.003876	‘b>
2	1	762	0	0	0	2346	6658	24	16	-1	
3	1	762	1	0	0	2346	6658	24	16	-1	
4	1	762	1	1	0	2346	6658	24	16	-1	
5	1	762	1	1	1	2346	6658	24	16	46.656628	!4
2	1	763	0	0	0	2346	6639	32	23	-1	
3	1	763	1	0	0	2346	6639	32	23	-1	
4	1	763	1	1	0	2346	6639	32	23	-1	
5	1	763	1	1	1	2346	6639	32	23	50.964539	Ho
2	1	764	0	0	0	2787	6619	79	45	-1	
3	1	764	1	0	0	2787	6619	79	45	-1	
4	1	764	1	1	0	2787	6619	79	45	-1	
5	1	764	1	1	1	2787	6619	79	45	50.114693	Lp
2	1	765	0	0	0	3182	6659	24	17	-1	
3	1	765	1	0	0	3182	6659	24	17	-1	
4	1	765	1	1	0	3182	6659	24	17	-1	
5	1	765	1	1	1	3182	6659	24	17	24.646095	14
2	1	766	0	0	0	3182	6640	32	23	-1	
3	1	766	1	0	0	3182	6640	32	23	-1	
4	1	766	1	1	0	3182	6640	32	23	-1	
5	1	766	1	1	1	3182	6640	32	23	18.761024	Bb
2	1	767	0	0	0	482	6682	32	12	-1	
3	1	767	1	0	0	482	6682	32	12	-1	
4	1	767	1	1	0	482	6682	32	12	-1	
5	1	767	1	1	1	482	6682	32	12	35.072464	<@
2	1	768	0	0	0	482	6666	32	16	-1	
3	1	768	1	0	0	482	6666	32	16	-1	
4	1	768	1	1	0	482	6666	32	16	-1	
5	1	768	1	1	1	482	6666	32	16	80.592522	o>
2	1	769	0	0	0	991	6670	35	7	-1	
3	1	769	1	0	0	991	6670	35	7	-1	
4	1	769	1	1	0	991	6670	35	7	-1	
5	1	769	1	1	1	991	6670	35	7	56.085583	&--O
2	1	770	0	0	0	1075	6670	34	8	-1	
3	1	770	1	0	0	1075	6670	34	8	-1	
4	1	770	1	1	0	1075	6670	34	8	-1	
5	1	770	1	1	1	1075	6670	34	8	17.988968	ome’
2	1	771	0	0	0	2001	6664	22	14	-1	
3	1	771	1	0	0	2001	6664	22	14	-1	
4	1	771	1	1	0	2001	6664	22	14	-1	
5	1	771	1	1	1	2001	6664	22	14	62.148903	Ia
2	1	772	0	0	0	2346	6676	24	16	-1	
3	1	772	1	0	0	2346	6676	24	16	-1	
4	1	772	1	1	0	2346	6676	24	16	-1	
5	1	772	1	1	1	2346	6676	24	16	22.617752	|
2	1	773	0	0	0	2834	6683	22	17	-1	
3	1	773	1	0	0	2834	6683	22	17	-1	
4	1	773	1	1	0	2834	6683	22	17	-1	
5	1	773	1	1	1	2834	6683	22	17	34.135689	i
2	1	774	0	0	0	2834	6663	23	15	-1	
3	1	774	1	0	0	2834	6663	23	15	-1	
4	1	774	1	1	0	2834	6663	23	15	-1	
5	1	774	1	1	1	2834	6663	23	15	37.485943	Ia
2	1	775	0	0	0	3182	6678	24	16	-1	
3	1	775	1	0	0	3182	6678	24	16	-1	
4	1	775	1	1	0	3182	6678	24	16	-1	
5	1	775	1	1	1	3182	6678	24	16	54.153740	1s
2	1	776	0	0	0	339	6724	35	15	-1	
3	1	776	1	0	0	339	6724	35	15	-1	
4	1	776	1	1	0	339	6724	35	15	-1	
5	1	776	1	1	1	339	6724	35	15	89.972733	ae
2	1	777	0	0	0	500	6703	56	27	-1	
3	1	777	1	0	0	500	6703	56	27	-1	
4	1	777	1	1	0	500	6703	56	27	-1	
5	1	777	1	1	1	500	6708	14	4	72.398125	~
5	1	777	1	1	2	525	6703	31	27	71.121185	be
2	1	778	0	0	0	826	6721	49	15	-1	
3	1	778	1	0	0	826	6721	49	15	-1	
4	1	778	1	1	0	826	6721	49	15	-1	
5	1	778	1	1	1	826	6721	49	15	50.490570	C854
2	1	779	0	0	0	339	6736	34	15	-1	
3	1	779	1	0	0	339	6736	34	15	-1	
4	1	779	1	1	0	339	6736	34	15	-1	
5	1	779	1	1	1	339	6736	34	15	43.523521	g<
2	1	780	0	0	0	532	6740	86	25	-1	
3	1	780	1	0	0	532	6740	86	25	-1	
4	1	780	1	1	0	532	6740	86	25	-1	
5	1	780	1	1	1	532	6744	13	16	50.002739	i
5	1	780	1	1	2	548	6740	70	25	36.568302	ae
2	1	781	0	0	0	637	6758	19	12	-1	
3	1	781	1	0	0	637	6758	19	12	-1	
4	1	781	1	1	0	637	6758	19	12	-1	
5	1	781	1	1	1	637	6758	19	12	67.532883	fhe
2	1	782	0	0	0	820	6741	60	15	-1	
3	1	782	1	0	0	820	6741	60	15	-1	
4	1	782	1	1	0	820	6741	60	15	-1	
5	1	782	1	1	1	820	6741	60	15	44.192196	16V330)
2	1	783	0	0	0	425	6762	32	17	-1	
3	1	783	1	0	0	425	6762	32	17	-1	
4	1	783	1	1	0	425	6762	32	17	-1	
5	1	783	1	1	1	425	6762	32	17	95.214737	Eo
2	1	784	0	0	0	513	6766	22	17	-1	
3	1	784	1	0	0	513	6766	22	17	-1	
4	1	784	1	1	0	513	6766	22	17	-1	
5	1	784	1	1	1	513	6766	22	17	72.483925	Wy
2	1	785	0	0	0	424	6794	56	12	-1	
3	1	785	1	0	0	424	6794	56	12	-1	
4	1	785	1	1	0	424	6794	56	12	-1	
5	1	785	1	1	1	424	6794	56	12	0.000000	atB
2	1	786	0	0	0	513	6784	22	23	-1	
3	1	786	1	0	0	513	6784	22	23	-1	
4	1	786	1	1	0	513	6784	22	23	-1	
5	1	786	1	1	1	513	6784	22	23	8.413231	iy
2	1	787	0	0	0	573	6797	32	11	-1	
3	1	787	1	0	0	573	6797	32	11	-1	
4	1	787	1	1	0	573	6797	32	11	-1	
5	1	787	1	1	1	573	6797	32	11	83.615997	aD
2	1	788	0	0	0	674	6793	33	11	-1	
3	1	788	1	0	0	674	6793	33	11	-1	
4	1	788	1	1	0	674	6793	33	11	-1	
5	1	788	1	1	1	674	6793	33	11	71.152695	aD
2	1	789	0	0	0	512	6802	23	27	-1	
3	1	789	1	0	0	512	6802	23	27	-1	
4	1	789	1	1	0	512	6802	23	27	-1	
5	1	789	1	1	1	512	6802	23	27	54.653606	Wy
2	1	790	0	0	0	573	6809	32	27	-1	
3	1	790	1	0	0	573	6809	32	27	-1	
4	1	790	1	1	0	573	6809	32	27	-1	
5	1	790	1	1	1	573	6809	32	27	19.579399	“Z
2	1	791	0	0	0	674	6806	32	26	-1	
3	1	791	1	0	0	674	6806	32	26	-1	
4	1	791	1	1	0	674	6806	32	26	-1	
5	1	791	1	1	1	674	6806	32	26	52.250610	“8
2	1	792	0	0	0	830	6822	46	14	-1	
3	1	792	1	0	0	830	6822	46	14	-1	
4	1	792	1	1	0	830	6822	46	14	-1	
5	1	792	1	1	1	830	6822	46	14	66.297089	c8s3
2	1	793	0	0	0	940	6823	39	14	-1	
3	1	793	1	0	0	940	6823	39	14	-1	
4	1	793	1	1	0	940	6823	39	14	-1	
5	1	793	1	1	1	940	6823	39	14	75.543114	R851
2	1	794	0	0	0	507	6834	29	15	-1	
3	1	794	1	0	0	507	6834	29	15	-1	
4	1	794	1	1	0	507	6834	29	15	-1	
5	1	794	1	1	1	507	6834	29	15	0.000000	2
2	1	795	0	0	0	837	6841	22	14	-1	
3	1	795	1	0	0	837	6841	22	14	-1	
4	1	795	1	1	0	837	6841	22	14	-1	
5	1	795	1	1	1	837	6841	22	14	23.880829	oul.
2	1	796	0	0	0	949	6840	38	14	-1	
3	1	796	1	0	0	949	6840	38	14	-1	
4	1	796	1	1	0	949	6840	38	14	-1	
5	1	796	1	1	1	949	6840	38	14	96.368805	3.9K
2	1	797	0	0	0	1786	6733	102	121	-1	
3	1	797	1	0	0	1786	6733	102	121	-1	
4	1	797	1	1	0	1786	6733	102	121	-1	
5	1	797	1	1	1	1786	6733	102	121	60.234123	ii
2	1	798	0	0	0	1891	6731	99	123	-1	
3	1	798	1	0	0	1891	6731	99	123	-1	
4	1	798	1	1	0	1891	6731	99	123	-1	
5	1	798	1	1	1	1891	6731	99	123	66.653320	a
2	1	799	0	0	0	2132	6730	201	124	-1	
3	1	799	1	0	0	2132	6730	201	124	-1	
4	1	799	1	1	0	2132	6730	201	124	-1	
5	1	799	1	1	1	2132	6730	201	124	37.088097	fail
2	1	800	0	0	0	507	6856	84	16	-1	
3	1	800	1	0	0	507	6856	84	16	-1	
4	1	800	1	1	0	507	6856	84	16	-1	
5	1	800	1	1	1	507	6856	84	16	25.184959	qL—-
2	1	801	0	0	0	1771	6857	208	32	-1	
3	1	801	1	0	0	1771	6857	208	32	-1	
4	1	801	1	1	0	1771	6857	208	32	-1	
5	1	801	1	1	1	1771	6857	208	32	35.387863	lOO
5	1	801	1	1	2	1879	6853	22	50	49.158932	0
5	1	801	1	1	3	1925	6853	22	50	61.976288	0
5	1	801	1	1	4	1962	6853	22	50	61.976288	¢
2	1	802	0	0	0	2123	6855	226	33	-1	
3	1	802	1	0	0	2123	6855	226	33	-1	
4	1	802	1	1	0	2123	6855	226	33	-1	
5	1	802	1	1	1	2123	6855	226	33	0.000000	OOOO
5	1	802	1	1	2	2314	6851	39	46	42.770836	0
2	1	803	0	0	0	2602	6858	211	32	-1	
3	1	803	1	0	0	2602	6858	211	32	-1	
4	1	803	1	1	0	2602	6858	211	32	-1	
5	1	803	1	1	1	2602	6858	211	32	54.799446	iO
2	1	804	0	0	0	380	6881	50	17	-1	
3	1	804	1	0	0	380	6881	50	17	-1	
4	1	804	1	1	0	380	6881	50	17	-1	
5	1	804	1	1	1	380	6881	50	17	79.109451	co
2	1	805	0	0	0	334	6897	96	29	-1	
3	1	805	1	0	0	334	6897	96	29	-1	
4	1	805	1	1	0	334	6897	96	29	-1	
5	1	805	1	1	1	334	6897	27	28	0.000000	=
5	1	805	1	1	2	380	6902	50	24	0.000000	23
2	1	806	0	0	0	654	6916	36	14	-1	
3	1	806	1	0	0	654	6916	36	14	-1	
4	1	806	1	1	0	654	6916	36	14	-1	
5	1	806	1	1	1	654	6916	36	14	59.395504	ces)
2	1	807	0	0	0	1018	6861	131	57	-1	
3	1	807	1	0	0	1018	6861	131	57	-1	
4	1	807	1	1	0	1018	6861	131	57	-1	
5	1	807	1	1	1	1018	6861	131	57	76.626045	mid
2	1	808	0	0	0	1155	6834	73	84	-1	
3	1	808	1	0	0	1155	6834	73	84	-1	
4	1	808	1	1	0	1155	6834	73	84	-1	
5	1	808	1	1	1	1155	6834	73	84	30.319473	«
2	1	809	0	0	0	1792	6890	193	43	-1	
3	1	809	1	0	0	1792	6890	193	43	-1	
4	1	809	1	1	0	1792	6890	193	43	-1	
5	1	809	1	1	1	1792	6890	193	43	30.397087	ES
5	1	809	1	1	2	1928	6886	23	65	53.846394	P
5	1	809	1	1	3	1966	6886	23	65	90.489532	|
2	1	810	0	0	0	550	6916	52	30	-1	
3	1	810	1	0	0	550	6916	52	30	-1	
4	1	810	1	1	0	550	6916	52	30	-1	
5	1	810	1	1	1	550	6916	52	30	43.949276	5.01
2	1	811	0	0	0	653	6932	45	14	-1	
3	1	811	1	0	0	653	6932	45	14	-1	
4	1	811	1	1	0	653	6932	45	14	-1	
5	1	811	1	1	1	653	6932	45	14	90.973953	0.00!
2	1	812	0	0	0	334	6964	28	7	-1	
3	1	812	1	0	0	334	6964	28	7	-1	
4	1	812	1	1	0	334	6964	28	7	-1	
5	1	812	1	1	1	334	6964	28	7	95.952682	=
2	1	813	0	0	0	553	6975	39	15	-1	
3	1	813	1	0	0	553	6975	39	15	-1	
4	1	813	1	1	0	553	6975	39	15	-1	
5	1	813	1	1	1	553	6975	39	15	85.396637	R896
2	1	814	0	0	0	555	6993	31	14	-1	
3	1	814	1	0	0	555	6993	31	14	-1	
4	1	814	1	1	0	555	6993	31	14	-1	
5	1	814	1	1	1	555	6993	31	14	87.730782	10K
2	1	815	0	0	0	652	6975	39	14	-1	
3	1	815	1	0	0	652	6975	39	14	-1	
4	1	815	1	1	0	652	6975	39	14	-1	
5	1	815	1	1	1	652	6975	39	14	65.265228	RES
2	1	816	0	0	0	654	6993	33	14	-1	
3	1	816	1	0	0	654	6993	33	14	-1	
4	1	816	1	1	0	654	6993	33	14	-1	
5	1	816	1	1	1	654	6993	33	14	91.479683	10K
2	1	817	0	0	0	817	6996	63	15	-1	
3	1	817	1	0	0	817	6996	63	15	-1	
4	1	817	1	1	0	817	6996	63	15	-1	
5	1	817	1	1	1	817	6996	63	15	74.339508	16V330
2	1	818	0	0	0	827	6977	45	15	-1	
3	1	818	1	0	0	827	6977	45	15	-1	
4	1	818	1	1	0	827	6977	45	15	-1	
5	1	818	1	1	1	827	6977	45	15	56.865967	C856
2	1	819	0	0	0	2842	6992	43	27	-1	
3	1	819	1	0	0	2842	6992	43	27	-1	
4	1	819	1	1	0	2842	6992	43	27	-1	
5	1	819	1	1	1	2842	6992	43	27	2.825211	Sb
2	1	820	0	0	0	2843	7018	33	13	-1	
3	1	820	1	0	0	2843	7018	33	13	-1	
4	1	820	1	1	0	2843	7018	33	13	-1	
5	1	820	1	1	1	2843	7018	33	13	30.260780	ga
2	1	821	0	0	0	615	7046	84	14	-1	
3	1	821	1	0	0	615	7046	84	14	-1	
4	1	821	1	1	0	615	7046	84	14	-1	
5	1	821	1	1	1	615	7042	30	27	85.544731	O)
5	1	821	1	1	2	656	7046	43	14	0.000000	=
2	1	822	0	0	0	1854	7035	135	23	-1	
3	1	822	1	0	0	1854	7035	135	23	-1	
4	1	822	1	1	0	1854	7035	135	23	-1	
5	1	822	1	1	1	1854	7035	48	23	71.980019	AF2
5	1	822	1	1	2	1921	7040	68	17	63.985023	Ti60ma
2	1	823	0	0	0	2841	7032	34	11	-1	
3	1	823	1	0	0	2841	7032	34	11	-1	
4	1	823	1	1	0	2841	7032	34	11	-1	
5	1	823	1	1	1	2841	7032	34	11	16.061295	e-
2	1	824	0	0	0	2216	7052	56	16	-1	
3	1	824	1	0	0	2216	7052	56	16	-1	
4	1	824	1	1	0	2216	7052	56	16	-1	
5	1	824	1	1	1	2216	7052	56	16	70.563873	Bas
2	1	825	0	0	0	2330	7068	36	10	-1	
3	1	825	1	0	0	2330	7068	36	10	-1	
4	1	825	1	1	0	2330	7068	36	10	-1	
5	1	825	1	1	1	2330	7068	36	10	95.659317	re
2	1	826	0	0	0	2330	7090	36	13	-1	
3	1	826	1	0	0	2330	7090	36	13	-1	
4	1	826	1	1	0	2330	7090	36	13	-1	
5	1	826	1	1	1	2330	7090	36	13	0.000000	ise
2	1	827	0	0	0	2330	7079	36	11	-1	
3	1	827	1	0	0	2330	7079	36	11	-1	
4	1	827	1	1	0	2330	7079	36	11	-1	
5	1	827	1	1	1	2330	7079	36	11	88.087723	ma
2	1	828	0	0	0	820	7097	48	15	-1	
3	1	828	1	0	0	820	7097	48	15	-1	
4	1	828	1	1	0	820	7097	48	15	-1	
5	1	828	1	1	1	820	7097	48	15	41.749805	c855
2	1	829	0	0	0	837	7115	24	14	-1	
3	1	829	1	0	0	837	7115	24	14	-1	
4	1	829	1	1	0	837	7115	24	14	-1	
5	1	829	1	1	1	837	7115	24	14	82.183342	0.1
2	1	830	0	0	0	2331	7103	35	14	-1	
3	1	830	1	0	0	2331	7103	35	14	-1	
4	1	830	1	1	0	2331	7103	35	14	-1	
5	1	830	1	1	1	2331	7103	35	14	62.297523	ao
2	1	831	0	0	0	661	7135	67	21	-1	
3	1	831	1	0	0	661	7135	67	21	-1	
4	1	831	1	1	0	661	7135	67	21	-1	
5	1	831	1	1	1	661	7135	67	21	54.296303	27
2	1	832	0	0	0	2329	7114	37	25	-1	
3	1	832	1	0	0	2329	7114	37	25	-1	
4	1	832	1	1	0	2329	7114	37	25	-1	
5	1	832	1	1	1	2329	7114	37	25	93.851028	gm
2	1	833	0	0	0	617	7152	105	28	-1	
3	1	833	1	0	0	617	7152	105	28	-1	
4	1	833	1	1	0	617	7152	105	28	-1	
5	1	833	1	1	1	617	7152	105	28	36.108864	Lm
2	1	834	0	0	0	937	7155	48	15	-1	
3	1	834	1	0	0	937	7155	48	15	-1	
4	1	834	1	1	0	937	7155	48	15	-1	
5	1	834	1	1	1	937	7155	48	15	83.772308	R852
2	1	835	0	0	0	947	7171	92	16	-1	
3	1	835	1	0	0	947	7171	92	16	-1	
4	1	835	1	1	0	947	7171	92	16	-1	
5	1	835	1	1	1	947	7171	38	15	75.015961	3.9K
5	1	835	1	1	2	991	7167	8	29	75.015961	|
5	1	835	1	1	3	1007	7172	32	15	94.465988	27K
2	1	836	0	0	0	1774	7163	84	33	-1	
3	1	836	1	0	0	1774	7163	84	33	-1	
4	1	836	1	1	0	1774	7163	84	33	-1	
5	1	836	1	1	1	1770	7159	35	53	30.439629	iO
5	1	836	1	1	2	1836	7163	22	33	78.700226	¢
2	1	837	0	0	0	1973	7163	186	33	-1	
3	1	837	1	0	0	1973	7163	186	33	-1	
4	1	837	1	1	0	1973	7163	186	33	-1	
5	1	837	1	1	1	1973	7163	186	33	40.802876	iO.
2	1	838	0	0	0	2604	7164	85	34	-1	
3	1	838	1	0	0	2604	7164	85	34	-1	
4	1	838	1	1	0	2604	7164	85	34	-1	
5	1	838	1	1	1	2604	7164	85	34	38.995270	OMe
2	1	839	0	0	0	2805	7166	28	32	-1	
3	1	839	1	0	0	2805	7166	28	32	-1	
4	1	839	1	1	0	2805	7166	28	32	-1	
5	1	839	1	1	1	2805	7166	28	32	79.125221	fe
2	1	840	0	0	0	1155	7146	73	87	-1	
3	1	840	1	0	0	1155	7146	73	87	-1	
4	1	840	1	1	0	1155	7146	73	87	-1	
5	1	840	1	1	1	1155	7146	73	87	19.761925	a
2	1	841	0	0	0	1003	7264	34	9	-1	
3	1	841	1	0	0	1003	7264	34	9	-1	
4	1	841	1	1	0	1003	7264	34	9	-1	
5	1	841	1	1	1	1003	7264	34	9	25.666977	—D
2	1	842	0	0	0	1052	7202	96	53	-1	
3	1	842	1	0	0	1052	7202	96	53	-1	
4	1	842	1	1	0	1052	7202	96	53	-1	
5	1	842	1	1	1	1052	7202	96	53	13.654007	1”
2	1	843	0	0	0	1002	7286	35	12	-1	
3	1	843	1	0	0	1002	7286	35	12	-1	
4	1	843	1	1	0	1002	7286	35	12	-1	
5	1	843	1	1	1	1002	7286	35	12	48.636822	on
2	1	844	0	0	0	1002	7274	35	13	-1	
3	1	844	1	0	0	1002	7274	35	13	-1	
4	1	844	1	1	0	1002	7274	35	13	-1	
5	1	844	1	1	1	1002	7274	35	13	33.974266	no
2	1	845	0	0	0	1988	7279	39	12	-1	
3	1	845	1	0	0	1988	7279	39	12	-1	
4	1	845	1	1	0	1988	7279	39	12	-1	
5	1	845	1	1	1	1988	7279	39	12	36.242142	=>
2	1	846	0	0	0	1097	7308	31	15	-1	
3	1	846	1	0	0	1097	7308	31	15	-1	
4	1	846	1	1	0	1097	7308	31	15	-1	
5	1	846	1	1	1	1097	7308	31	15	48.589661	8a
2	1	847	0	0	0	1097	7295	31	17	-1	
3	1	847	1	0	0	1097	7295	31	17	-1	
4	1	847	1	1	0	1097	7295	31	17	-1	
5	1	847	1	1	1	1097	7295	31	17	68.024483	B®
2	1	848	0	0	0	1989	7291	39	12	-1	
3	1	848	1	0	0	1989	7291	39	12	-1	
4	1	848	1	1	0	1989	7291	39	12	-1	
5	1	848	1	1	1	1989	7291	39	12	42.189667	no
2	1	849	0	0	0	1990	7315	36	7	-1	
3	1	849	1	0	0	1990	7315	36	7	-1	
4	1	849	1	1	0	1990	7315	36	7	-1	
5	1	849	1	1	1	1990	7315	36	7	48.201668	2s
2	1	850	0	0	0	1990	7302	37	11	-1	
3	1	850	1	0	0	1990	7302	37	11	-1	
4	1	850	1	1	0	1990	7302	37	11	-1	
5	1	850	1	1	1	1990	7302	37	11	37.561676	o-
2	1	851	0	0	0	936	7326	89	15	-1	
3	1	851	1	0	0	936	7326	89	15	-1	
4	1	851	1	1	0	936	7326	89	15	-1	
5	1	851	1	1	1	936	7326	46	15	28.038986	C852
5	1	851	1	1	2	994	7327	31	14	63.313339	001
2	1	852	0	0	0	1773	7302	105	34	-1	
3	1	852	1	0	0	1773	7302	105	34	-1	
4	1	852	1	1	0	1773	7302	105	34	-1	
5	1	852	1	1	1	1773	7302	105	34	0.000000	{OMO)
2	1	853	0	0	0	1989	7320	38	15	-1	
3	1	853	1	0	0	1989	7320	38	15	-1	
4	1	853	1	1	0	1989	7320	38	15	-1	
5	1	853	1	1	1	1989	7320	38	15	44.476601	ao
2	1	854	0	0	0	2040	7293	85	52	-1	
3	1	854	1	0	0	2040	7293	85	52	-1	
4	1	854	1	1	0	2040	7293	85	52	-1	
5	1	854	1	1	1	2036	7289	20	60	28.909698	(
5	1	854	1	1	2	2040	7293	85	52	28.909698	\p
2	1	855	0	0	0	2603	7304	105	33	-1	
3	1	855	1	0	0	2603	7304	105	33	-1	
4	1	855	1	1	0	2603	7304	105	33	-1	
5	1	855	1	1	1	2603	7304	105	33	43.227715	(CHC)
2	1	856	0	0	0	2871	7295	86	52	-1	
3	1	856	1	0	0	2871	7295	86	52	-1	
4	1	856	1	1	0	2871	7295	86	52	-1	
5	1	856	1	1	1	2871	7295	21	52	44.560547	(
5	1	856	1	1	2	2902	7296	55	51	24.999260	\p
2	1	857	0	0	0	1192	7356	35	11	-1	
3	1	857	1	0	0	1192	7356	35	11	-1	
4	1	857	1	1	0	1192	7356	35	11	-1	
5	1	857	1	1	1	1192	7356	35	11	0.000000	-2
2	1	858	0	0	0	1990	7336	36	13	-1	
3	1	858	1	0	0	1990	7336	36	13	-1	
4	1	858	1	1	0	1990	7336	36	13	-1	
5	1	858	1	1	1	1990	7336	36	13	42.196274	ot
2	1	859	0	0	0	1991	7349	36	12	-1	
3	1	859	1	0	0	1991	7349	36	12	-1	
4	1	859	1	1	0	1991	7349	36	12	-1	
5	1	859	1	1	1	1991	7349	36	12	58.699989	min
2	1	860	0	0	0	1768	7356	63	22	-1	
3	1	860	1	0	0	1768	7356	63	22	-1	
4	1	860	1	1	0	1768	7356	63	22	-1	
5	1	860	1	1	1	1768	7356	22	22	77.647148	Al
5	1	860	1	1	2	1813	7358	18	14	41.407009	ci
2	1	861	0	0	0	1805	7376	37	14	-1	
3	1	861	1	0	0	1805	7376	37	14	-1	
4	1	861	1	1	0	1805	7376	37	14	-1	
5	1	861	1	1	1	1805	7376	37	14	64.482056	0.01
2	1	862	0	0	0	1986	7363	40	21	-1	
3	1	862	1	0	0	1986	7363	40	21	-1	
4	1	862	1	1	0	1986	7363	40	21	-1	
5	1	862	1	1	1	1986	7363	40	21	77.271774	22
2	1	863	0	0	0	2598	7358	62	22	-1	
3	1	863	1	0	0	2598	7358	62	22	-1	
4	1	863	1	1	0	2598	7358	62	22	-1	
5	1	863	1	1	1	2598	7358	62	22	55.330551	Alc
2	1	864	0	0	0	2635	7378	38	14	-1	
3	1	864	1	0	0	2635	7378	38	14	-1	
4	1	864	1	1	0	2635	7378	38	14	-1	
5	1	864	1	1	1	2635	7378	38	14	66.699112	0.01
2	1	865	0	0	0	937	7383	108	25	-1	
3	1	865	1	0	0	937	7383	108	25	-1	
4	1	865	1	1	0	937	7383	108	25	-1	
5	1	865	1	1	1	937	7383	43	15	70.775223	C851
5	1	865	1	1	2	995	7384	50	24	14.150200	O01
2	1	866	0	0	0	1191	7369	31	35	-1	
3	1	866	1	0	0	1191	7369	31	35	-1	
4	1	866	1	1	0	1191	7369	31	35	-1	
5	1	866	1	1	1	1191	7369	31	35	34.073708	ze
2	1	867	0	0	0	2881	7399	38	15	-1	
3	1	867	1	0	0	2881	7399	38	15	-1	
4	1	867	1	1	0	2881	7399	38	15	-1	
5	1	867	1	1	1	2881	7399	38	15	86.398972	on
2	1	868	0	0	0	2881	7384	38	18	-1	
3	1	868	1	0	0	2881	7384	38	18	-1	
4	1	868	1	1	0	2881	7384	38	18	-1	
5	1	868	1	1	1	2881	7384	38	18	88.404312	a>
2	1	869	0	0	0	1049	7418	7	14	-1	
3	1	869	1	0	0	1049	7418	7	14	-1	
4	1	869	1	1	0	1049	7418	7	14	-1	
5	1	869	1	1	1	1049	7418	7	14	96.729706	3
2	1	870	0	0	0	2883	7418	36	14	-1	
3	1	870	1	0	0	2883	7418	36	14	-1	
4	1	870	1	1	0	2883	7418	36	14	-1	
5	1	870	1	1	1	2883	7418	36	14	23.163170	xr
2	1	871	0	0	0	995	7440	100	50	-1	
3	1	871	1	0	0	995	7440	100	50	-1	
4	1	871	1	1	0	995	7440	100	50	-1	
5	1	871	1	1	1	995	7440	100	50	0.000000	[olole’
2	1	872	0	0	0	1784	7506	45	22	-1	
3	1	872	1	0	0	1784	7506	45	22	-1	
4	1	872	1	1	0	1784	7506	45	22	-1	
5	1	872	1	1	1	1784	7506	45	22	86.804642	Asi
2	1	873	0	0	0	2614	7485	45	46	-1	
3	1	873	1	0	0	2614	7485	45	46	-1	
4	1	873	1	1	0	2614	7485	45	46	-1	
5	1	873	1	1	1	2614	7485	45	46	86.310349	Asi
2	1	874	0	0	0	1794	7534	79	14	-1	
3	1	874	1	0	0	1794	7534	79	14	-1	
4	1	874	1	1	0	1794	7534	79	14	-1	
5	1	874	1	1	1	1794	7534	79	14	15.783463	POWER)
2	1	875	0	0	0	2624	7537	79	14	-1	
3	1	875	1	0	0	2624	7537	79	14	-1	
4	1	875	1	1	0	2624	7537	79	14	-1	
5	1	875	1	1	1	2624	7537	79	14	95.304916	(POWER)
2	1	876	0	0	0	2505	8108	60	32	-1	
3	1	876	1	0	0	2505	8108	60	32	-1	
4	1	876	1	1	0	2505	8108	60	32	-1	
5	1	876	1	1	1	2505	8108	60	32	60.965759	23
2	1	877	0	0	0	2767	8107	60	21	-1	
3	1	877	1	0	0	2767	8107	60	21	-1	
4	1	877	1	1	0	2767	8107	60	21	-1	
5	1	877	1	1	1	2767	8107	60	21	39.653046	eel
2	1	878	0	0	0	2766	8126	61	22	-1	
3	1	878	1	0	0	2766	8126	61	22	-1	
4	1	878	1	1	0	2766	8126	61	22	-1	
5	1	878	1	1	1	2766	8126	61	22	54.983639	oa
2	1	879	0	0	0	2636	8131	81	72	-1	
3	1	879	1	0	0	2636	8131	81	72	-1	
4	1	879	1	1	0	2636	8131	81	72	-1	
5	1	879	1	1	1	2636	8131	81	72	32.174850	a
2	1	880	0	0	0	2589	8300	60	19	-1	
3	1	880	1	0	0	2589	8300	60	19	-1	
4	1	880	1	1	0	2589	8300	60	19	-1	
5	1	880	1	1	1	2589	8300	60	19	24.630981	Pd
2	1	881	0	0	0	577	9048	66	2	-1	
3	1	881	1	0	0	577	9048	66	2	-1	
4	1	881	1	1	0	577	9048	66	2	-1	
5	1	881	1	1	1	577	9048	34	2	38.155792	_
