level	page_num	block_num	par_num	line_num	word_num	left	top	width	height	conf	text
1	1	0	0	0	0	0	0	3524	9047	-1	
2	1	1	0	0	0	2029	251	432	8	-1	
3	1	1	1	0	0	2029	251	432	8	-1	
4	1	1	1	1	0	2029	251	432	8	-1	
5	1	1	1	1	1	2029	251	432	8	51.538116	eee
5	1	1	1	1	2	2158	240	28	28	52.185329	ee
5	1	1	1	1	3	2202	240	24	28	40.489029	ee
5	1	1	1	1	4	2242	240	28	28	34.565460	ee
5	1	1	1	1	5	2288	240	29	28	37.843166	ee
5	1	1	1	1	6	2330	240	29	28	22.095734	ee
5	1	1	1	1	7	2377	240	29	28	44.322617	ee
2	1	2	0	0	0	2058	276	38	14	-1	
3	1	2	1	0	0	2058	276	38	14	-1	
4	1	2	1	1	0	2058	276	38	14	-1	
5	1	2	1	1	1	2058	276	38	14	0.000000	core}
2	1	3	0	0	0	2058	263	42	13	-1	
3	1	3	1	0	0	2058	263	42	13	-1	
4	1	3	1	1	0	2058	263	42	13	-1	
5	1	3	1	1	1	2058	263	42	13	77.765732	on
2	1	4	0	0	0	2474	252	75	33	-1	
3	1	4	1	0	0	2474	252	75	33	-1	
4	1	4	1	1	0	2474	252	75	33	-1	
5	1	4	1	1	1	2474	252	75	33	42.035187	mre)
2	1	5	0	0	0	1990	250	31	45	-1	
3	1	5	1	0	0	1990	250	31	45	-1	
4	1	5	1	1	0	1990	250	31	45	-1	
5	1	5	1	1	1	1990	250	31	45	53.769779	r
2	1	6	0	0	0	2058	291	38	12	-1	
3	1	6	1	0	0	2058	291	38	12	-1	
4	1	6	1	1	0	2058	291	38	12	-1	
5	1	6	1	1	1	2058	291	38	12	73.086647	=o
2	1	7	0	0	0	2503	287	46	32	-1	
3	1	7	1	0	0	2503	287	46	32	-1	
4	1	7	1	1	0	2503	287	46	32	-1	
5	1	7	1	1	1	2503	287	46	32	75.296921	|v
2	1	8	0	0	0	2057	357	38	13	-1	
3	1	8	1	0	0	2057	357	38	13	-1	
4	1	8	1	1	0	2057	357	38	13	-1	
5	1	8	1	1	1	2057	357	38	13	77.572998	on
2	1	9	0	0	0	2057	345	42	14	-1	
3	1	9	1	0	0	2057	345	42	14	-1	
4	1	9	1	1	0	2057	345	42	14	-1	
5	1	9	1	1	1	2057	345	42	14	17.069229	Qu4
2	1	10	0	0	0	2458	329	51	33	-1	
3	1	10	1	0	0	2458	329	51	33	-1	
4	1	10	1	1	0	2458	329	51	33	-1	
5	1	10	1	1	1	2458	349	14	12	71.527252	>
5	1	10	1	1	2	2503	329	6	33	88.943413	|
2	1	11	0	0	0	2057	369	38	13	-1	
3	1	11	1	0	0	2057	369	38	13	-1	
4	1	11	1	1	0	2057	369	38	13	-1	
5	1	11	1	1	1	2057	369	38	13	60.770760	=.
2	1	12	0	0	0	2503	407	46	34	-1	
3	1	12	1	0	0	2503	407	46	34	-1	
4	1	12	1	1	0	2503	407	46	34	-1	
5	1	12	1	1	1	2503	407	46	34	19.686005	|-
2	1	13	0	0	0	2873	419	11	11	-1	
3	1	13	1	0	0	2732	419	152	36	-1	
4	1	13	1	1	0	2873	419	11	11	-1	
5	1	13	1	1	1	2873	419	11	11	70.550751	O
2	1	14	0	0	0	2923	410	257	41	-1	
3	1	14	1	0	0	2923	410	257	41	-1	
4	1	14	1	1	0	2923	410	257	41	-1	
5	1	14	1	1	1	2923	421	143	8	4.190590	----
5	1	14	1	1	2	3083	410	97	41	27.655731	T1959
2	1	15	0	0	0	2095	468	46	4	-1	
3	1	15	1	0	0	2095	468	46	4	-1	
4	1	15	1	1	0	2095	468	46	4	-1	
5	1	15	1	1	1	2095	468	46	4	38.482483	-—
2	1	16	0	0	0	3028	470	38	16	-1	
3	1	16	1	0	0	3028	470	38	16	-1	
4	1	16	1	1	0	3028	470	38	16	-1	
5	1	16	1	1	1	3028	470	38	16	0.000000	2o@
2	1	17	0	0	0	2372	451	137	44	-1	
3	1	17	1	0	0	2372	451	137	44	-1	
4	1	17	1	1	0	2372	451	137	44	-1	
5	1	17	1	1	1	2372	451	137	44	43.756027	Vel
2	1	18	0	0	0	2809	478	38	16	-1	
3	1	18	1	0	0	2809	478	38	16	-1	
4	1	18	1	1	0	2809	478	38	16	-1	
5	1	18	1	1	1	2809	478	38	16	18.077728	2a
2	1	19	0	0	0	2913	482	39	13	-1	
3	1	19	1	0	0	2913	482	39	13	-1	
4	1	19	1	1	0	2913	482	39	13	-1	
5	1	19	1	1	1	2913	482	39	13	52.592007	Oo
5	1	19	1	1	2	2939	478	16	26	42.152016	@
2	1	20	0	0	0	3028	494	38	15	-1	
3	1	20	1	0	0	3028	494	38	15	-1	
4	1	20	1	1	0	3028	494	38	15	-1	
5	1	20	1	1	1	3028	494	38	15	36.570953	>
5	1	20	1	1	2	3054	490	16	24	31.985474	®
2	1	21	0	0	0	3028	486	43	10	-1	
3	1	21	1	0	0	3028	486	43	10	-1	
4	1	21	1	1	0	3028	486	43	10	-1	
5	1	21	1	1	1	3028	489	15	7	74.212311	=
5	1	21	1	1	2	3054	486	17	8	49.838886	=
2	1	22	0	0	0	2065	489	140	34	-1	
3	1	22	1	0	0	2065	489	140	34	-1	
4	1	22	1	1	0	2065	489	140	34	-1	
5	1	22	1	1	1	2065	489	140	34	6.456436	AO!
5	1	22	1	1	2	2190	468	19	74	0.000000	s
2	1	23	0	0	0	2809	503	38	14	-1	
3	1	23	1	0	0	2809	503	38	14	-1	
4	1	23	1	1	0	2809	503	38	14	-1	
5	1	23	1	1	1	2809	505	13	12	38.791153	>
5	1	23	1	1	2	2835	503	12	11	10.507797	O
2	1	24	0	0	0	2914	520	43	13	-1	
3	1	24	1	0	0	2914	520	43	13	-1	
4	1	24	1	1	0	2914	520	43	13	-1	
5	1	24	1	1	1	2910	505	18	32	56.132427	is
5	1	24	1	1	2	2940	520	17	4	35.329422	2
2	1	25	0	0	0	2915	506	38	14	-1	
3	1	25	1	0	0	2915	506	38	14	-1	
4	1	25	1	1	0	2915	506	38	14	-1	
5	1	25	1	1	1	2915	506	38	14	65.832520	=o
2	1	26	0	0	0	3024	508	42	19	-1	
3	1	26	1	0	0	3024	508	42	19	-1	
4	1	26	1	1	0	3024	508	42	19	-1	
5	1	26	1	1	1	3024	508	42	19	39.627342	2
5	1	26	1	1	2	3053	504	17	33	59.200226	o
2	1	27	0	0	0	3134	491	46	31	-1	
3	1	27	1	0	0	3134	491	46	31	-1	
4	1	27	1	1	0	3134	491	46	31	-1	
5	1	27	1	1	1	3134	491	46	31	92.749680	Im
2	1	28	0	0	0	2804	516	43	20	-1	
3	1	28	1	0	0	2804	516	43	20	-1	
4	1	28	1	1	0	2804	516	43	20	-1	
5	1	28	1	1	1	2804	518	18	12	63.448696	a
5	1	28	1	1	2	2832	512	15	28	25.585213	oO
2	1	29	0	0	0	2809	532	38	17	-1	
3	1	29	1	0	0	2809	532	38	17	-1	
4	1	29	1	1	0	2809	532	38	17	-1	
5	1	29	1	1	1	2809	532	38	17	0.000000	5
2	1	30	0	0	0	3028	523	38	17	-1	
3	1	30	1	0	0	3028	523	38	17	-1	
4	1	30	1	1	0	3028	523	38	17	-1	
5	1	30	1	1	1	3028	523	38	17	16.864487	@5
2	1	31	0	0	0	3134	524	46	30	-1	
3	1	31	1	0	0	3134	524	46	30	-1	
4	1	31	1	1	0	3134	524	46	30	-1	
5	1	31	1	1	1	3134	524	46	30	78.257446	ia
2	1	32	0	0	0	2470	533	79	31	-1	
3	1	32	1	0	0	2470	533	79	31	-1	
4	1	32	1	1	0	2470	533	79	31	-1	
5	1	32	1	1	1	2470	546	3	15	58.549000	i
5	1	32	1	1	2	2503	533	46	31	58.093185	fc
2	1	33	0	0	0	3134	560	43	31	-1	
3	1	33	1	0	0	3134	560	43	31	-1	
4	1	33	1	1	0	3134	560	43	31	-1	
5	1	33	1	1	1	3134	560	43	31	0.023384	|@
2	1	34	0	0	0	2452	575	57	33	-1	
3	1	34	1	0	0	2452	575	57	33	-1	
4	1	34	1	1	0	2452	575	57	33	-1	
5	1	34	1	1	1	2452	586	20	22	44.053879	rj
5	1	34	1	1	2	2503	575	6	28	63.499641	|
2	1	35	0	0	0	2878	602	122	21	-1	
3	1	35	1	0	0	2878	602	122	21	-1	
4	1	35	1	1	0	2878	602	122	21	-1	
5	1	35	1	1	1	2878	602	122	21	37.955025	a
2	1	36	0	0	0	3133	597	47	35	-1	
3	1	36	1	0	0	3133	597	47	35	-1	
4	1	36	1	1	0	3133	597	47	35	-1	
5	1	36	1	1	1	3133	597	47	35	35.072289	1Q
2	1	37	0	0	0	1000	666	42	18	-1	
3	1	37	1	0	0	1000	666	42	18	-1	
4	1	37	1	1	0	1000	666	42	18	-1	
5	1	37	1	1	1	1000	666	42	18	50.658928	3D
2	1	38	0	0	0	3027	665	38	12	-1	
3	1	38	1	0	0	3027	665	38	12	-1	
4	1	38	1	1	0	3027	665	38	12	-1	
5	1	38	1	1	1	3027	665	38	12	33.458954	mo}
2	1	39	0	0	0	3134	646	46	35	-1	
3	1	39	1	0	0	3134	646	46	35	-1	
4	1	39	1	1	0	3134	646	46	35	-1	
5	1	39	1	1	1	3134	646	46	35	89.123863	I>
2	1	40	0	0	0	999	681	38	17	-1	
3	1	40	1	0	0	999	681	38	17	-1	
4	1	40	1	1	0	999	681	38	17	-1	
5	1	40	1	1	1	999	681	38	17	26.452797	ov
2	1	41	0	0	0	3027	676	37	22	-1	
3	1	41	1	0	0	3027	676	37	22	-1	
4	1	41	1	1	0	3027	676	37	22	-1	
5	1	41	1	1	1	3027	676	37	22	25.409439	83
2	1	42	0	0	0	999	701	42	25	-1	
3	1	42	1	0	0	999	701	42	25	-1	
4	1	42	1	1	0	999	701	42	25	-1	
5	1	42	1	1	1	999	701	42	25	69.551865	Sa
2	1	43	0	0	0	1991	665	237	52	-1	
3	1	43	1	0	0	1991	665	237	52	-1	
4	1	43	1	1	0	1991	665	237	52	-1	
5	1	43	1	1	1	1991	665	237	52	10.725342	L-___
2	1	44	0	0	0	3134	684	46	36	-1	
3	1	44	1	0	0	3134	684	46	36	-1	
4	1	44	1	1	0	3134	684	46	36	-1	
5	1	44	1	1	1	3134	684	46	36	0.000000	{—
2	1	45	0	0	0	999	734	38	12	-1	
3	1	45	1	0	0	999	734	38	12	-1	
4	1	45	1	1	0	999	734	38	12	-1	
5	1	45	1	1	1	999	734	38	12	52.914539	oo
2	1	46	0	0	0	1323	757	8	6	-1	
3	1	46	1	0	0	1323	757	8	6	-1	
4	1	46	1	1	0	1323	757	8	6	-1	
5	1	46	1	1	1	1323	757	8	6	92.552246	+
2	1	47	0	0	0	3134	716	46	44	-1	
3	1	47	1	0	0	3134	716	46	44	-1	
4	1	47	1	1	0	3134	716	46	44	-1	
5	1	47	1	1	1	3134	716	46	44	12.916649	{2
2	1	48	0	0	0	1321	768	15	11	-1	
3	1	48	1	0	0	1321	768	15	11	-1	
4	1	48	1	1	0	1321	768	15	11	-1	
5	1	48	1	1	1	1321	768	15	11	51.683060	o
2	1	49	0	0	0	928	789	14	11	-1	
3	1	49	1	0	0	928	789	14	11	-1	
4	1	49	1	1	0	928	789	14	11	-1	
5	1	49	1	1	1	928	789	14	11	80.131577	o
2	1	50	0	0	0	981	789	14	11	-1	
3	1	50	1	0	0	981	789	14	11	-1	
4	1	50	1	1	0	981	789	14	11	-1	
5	1	50	1	1	1	981	789	14	11	17.939545	N
2	1	51	0	0	0	3098	770	82	34	-1	
3	1	51	1	0	0	3098	770	82	34	-1	
4	1	51	1	1	0	3098	770	82	34	-1	
5	1	51	1	1	1	3098	770	82	34	0.000000	m\z
2	1	52	0	0	0	1184	784	124	51	-1	
3	1	52	1	0	0	1184	784	124	51	-1	
4	1	52	1	1	0	1184	784	124	51	-1	
5	1	52	1	1	1	1184	800	15	28	43.457012	e)
5	1	52	1	1	2	1228	784	80	51	0.000000	=
2	1	53	0	0	0	729	797	421	57	-1	
3	1	53	1	0	0	647	797	503	57	-1	
4	1	53	1	1	0	729	797	421	57	-1	
5	1	53	1	1	1	729	797	124	57	23.684135	een
5	1	53	1	1	2	880	797	34	57	5.049179	ek
5	1	53	1	1	3	932	797	34	57	10.747597	tee
5	1	53	1	1	4	985	806	165	11	34.916687	oe
2	1	54	0	0	0	1302	844	6	25	-1	
3	1	54	1	0	0	1302	844	6	25	-1	
4	1	54	1	1	0	1302	844	6	25	-1	
5	1	54	1	1	1	1302	844	6	25	49.965115	I
2	1	55	0	0	0	628	862	26	28	-1	
3	1	55	1	0	0	628	862	26	28	-1	
4	1	55	1	1	0	628	862	26	28	-1	
5	1	55	1	1	1	628	862	26	28	0.000000	I
2	1	56	0	0	0	902	880	42	16	-1	
3	1	56	1	0	0	902	880	42	16	-1	
4	1	56	1	1	0	902	880	42	16	-1	
5	1	56	1	1	1	902	880	42	16	61.818169	290
2	1	57	0	0	0	903	898	37	8	-1	
3	1	57	1	0	0	903	898	37	8	-1	
4	1	57	1	1	0	903	898	37	8	-1	
5	1	57	1	1	1	903	898	37	8	29.187935	5
2	1	58	0	0	0	1302	877	6	29	-1	
3	1	58	1	0	0	1302	877	6	29	-1	
4	1	58	1	1	0	1302	877	6	29	-1	
5	1	58	1	1	1	1302	877	6	29	53.885212	I
2	1	59	0	0	0	2733	880	171	24	-1	
3	1	59	1	0	0	2733	880	171	24	-1	
4	1	59	1	1	0	2733	880	171	24	-1	
5	1	59	1	1	1	2733	880	171	24	13.994904	LL
5	1	59	1	1	2	2815	876	21	40	52.352386	—
5	1	59	1	1	3	2852	880	52	24	52.352386	——
2	1	60	0	0	0	2944	856	197	58	-1	
3	1	60	1	0	0	2944	856	197	58	-1	
4	1	60	1	1	0	2944	856	197	58	-1	
5	1	60	1	1	1	2944	856	176	58	0.000000	ae.4
5	1	60	1	1	2	3133	860	8	46	47.212288	|
2	1	61	0	0	0	902	921	39	14	-1	
3	1	61	1	0	0	902	921	39	14	-1	
4	1	61	1	1	0	902	921	39	14	-1	
5	1	61	1	1	1	902	921	39	14	43.711697	£o
2	1	62	0	0	0	1302	913	6	29	-1	
3	1	62	1	0	0	1302	913	6	29	-1	
4	1	62	1	1	0	1302	913	6	29	-1	
5	1	62	1	1	1	1302	913	6	29	67.622498	I
2	1	63	0	0	0	749	953	42	15	-1	
3	1	63	1	0	0	749	953	42	15	-1	
4	1	63	1	1	0	749	953	42	15	-1	
5	1	63	1	1	1	749	953	42	15	42.227512	sz
2	1	64	0	0	0	749	965	38	16	-1	
3	1	64	1	0	0	749	965	38	16	-1	
4	1	64	1	1	0	749	965	38	16	-1	
5	1	64	1	1	1	749	965	38	16	52.194286	2a
2	1	65	0	0	0	749	982	42	9	-1	
3	1	65	1	0	0	749	982	42	9	-1	
4	1	65	1	1	0	749	982	42	9	-1	
5	1	65	1	1	1	749	982	42	9	60.103439	=o
2	1	66	0	0	0	1302	952	6	27	-1	
3	1	66	1	0	0	1302	952	6	27	-1	
4	1	66	1	1	0	1302	952	6	27	-1	
5	1	66	1	1	1	1302	952	6	27	54.383873	I
2	1	67	0	0	0	1882	962	38	16	-1	
3	1	67	1	0	0	1882	962	38	16	-1	
4	1	67	1	1	0	1882	962	38	16	-1	
5	1	67	1	1	1	1882	962	38	16	46.666164	ec
2	1	68	0	0	0	1883	976	40	12	-1	
3	1	68	1	0	0	1883	976	40	12	-1	
4	1	68	1	1	0	1883	976	40	12	-1	
5	1	68	1	1	1	1883	976	40	12	53.927631	a5
2	1	69	0	0	0	749	989	38	15	-1	
3	1	69	1	0	0	749	989	38	15	-1	
4	1	69	1	1	0	749	989	38	15	-1	
5	1	69	1	1	1	749	992	13	12	77.269089	»
5	1	69	1	1	2	777	985	14	24	34.034859	oO
2	1	70	0	0	0	1065	992	43	17	-1	
3	1	70	1	0	0	1065	992	43	17	-1	
4	1	70	1	1	0	1065	992	43	17	-1	
5	1	70	1	1	1	1065	992	43	17	94.297935	20
2	1	71	0	0	0	1882	987	38	12	-1	
3	1	71	1	0	0	1882	987	38	12	-1	
4	1	71	1	1	0	1882	987	38	12	-1	
5	1	71	1	1	1	1882	987	38	12	4.250443	cme}
2	1	72	0	0	0	749	1019	38	17	-1	
3	1	72	1	0	0	749	1019	38	17	-1	
4	1	72	1	1	0	749	1019	38	17	-1	
5	1	72	1	1	1	749	1019	38	17	0.000000	5
2	1	73	0	0	0	1065	1006	38	17	-1	
3	1	73	1	0	0	1065	1006	38	17	-1	
4	1	73	1	1	0	1065	1006	38	17	-1	
5	1	73	1	1	1	1065	1006	38	17	87.123840	Qe
2	1	74	0	0	0	1882	1006	38	14	-1	
3	1	74	1	0	0	1882	1006	38	14	-1	
4	1	74	1	1	0	1882	1006	38	14	-1	
5	1	74	1	1	1	1882	1006	38	14	58.826096	ou
2	1	75	0	0	0	1883	1021	37	12	-1	
3	1	75	1	0	0	1883	1021	37	12	-1	
4	1	75	1	1	0	1883	1021	37	12	-1	
5	1	75	1	1	1	1883	1021	37	12	32.527916	—~o
2	1	76	0	0	0	1064	1039	39	15	-1	
3	1	76	1	0	0	1064	1039	39	15	-1	
4	1	76	1	1	0	1064	1039	39	15	-1	
5	1	76	1	1	1	1064	1039	39	15	86.192619	Qo
2	1	77	0	0	0	1065	1026	38	16	-1	
3	1	77	1	0	0	1065	1026	38	16	-1	
4	1	77	1	1	0	1065	1026	38	16	-1	
5	1	77	1	1	1	1065	1026	38	16	3.617210	B53
2	1	78	0	0	0	1064	1056	41	19	-1	
3	1	78	1	0	0	1064	1056	41	19	-1	
4	1	78	1	1	0	1064	1056	41	19	-1	
5	1	78	1	1	1	1064	1056	41	19	82.200943	o2
2	1	79	0	0	0	893	1098	38	12	-1	
3	1	79	1	0	0	893	1098	38	12	-1	
4	1	79	1	1	0	893	1098	38	12	-1	
5	1	79	1	1	1	893	1098	38	12	34.094116	mo}
2	1	80	0	0	0	918	1108	75	36	-1	
3	1	80	1	0	0	918	1108	75	36	-1	
4	1	80	1	1	0	918	1108	75	36	-1	
5	1	80	1	1	1	918	1113	12	17	63.840340	3
5	1	80	1	1	2	951	1108	42	36	57.445850	L\
2	1	81	0	0	0	1960	1114	164	14	-1	
3	1	81	1	0	0	1960	1114	164	14	-1	
4	1	81	1	1	0	1960	1114	164	14	-1	
5	1	81	1	1	1	1960	1117	29	7	51.084625	—
5	1	81	1	1	2	2008	1114	81	11	36.444633	=O
5	1	81	1	1	3	2061	1106	24	28	80.133835	ow
5	1	81	1	1	4	2114	1117	10	11	41.588455	ay)
2	1	82	0	0	0	2501	1118	64	26	-1	
3	1	82	1	0	0	2501	1118	64	26	-1	
4	1	82	1	1	0	2501	1118	64	26	-1	
5	1	82	1	1	1	2501	1118	64	26	42.392654	pon
5	1	82	1	1	2	2561	1114	8	43	86.659302	|
2	1	83	0	0	0	1873	1191	68	18	-1	
3	1	83	1	0	0	1873	1191	68	18	-1	
4	1	83	1	1	0	1873	1191	68	18	-1	
5	1	83	1	1	1	1873	1191	68	18	45.556854	Qoy>
2	1	84	0	0	0	2020	1186	42	13	-1	
3	1	84	1	0	0	2020	1186	42	13	-1	
4	1	84	1	1	0	2020	1186	42	13	-1	
5	1	84	1	1	1	2020	1186	42	13	25.865639	eo
5	1	84	1	1	2	2051	1174	15	35	37.679371	|
2	1	85	0	0	0	2100	1186	43	12	-1	
3	1	85	1	0	0	2100	1186	43	12	-1	
4	1	85	1	1	0	2100	1186	43	12	-1	
5	1	85	1	1	1	2100	1186	43	12	14.527985	oe
2	1	86	0	0	0	2101	1198	38	13	-1	
3	1	86	1	0	0	2101	1198	38	13	-1	
4	1	86	1	1	0	2101	1198	38	13	-1	
5	1	86	1	1	1	2101	1198	38	13	67.880989	so
2	1	87	0	0	0	1873	1204	63	18	-1	
3	1	87	1	0	0	1873	1204	63	18	-1	
4	1	87	1	1	0	1873	1204	63	18	-1	
5	1	87	1	1	1	1873	1204	63	18	0.000000	O0¢E
2	1	88	0	0	0	1874	1218	66	18	-1	
3	1	88	1	0	0	1874	1218	66	18	-1	
4	1	88	1	1	0	1874	1218	66	18	-1	
5	1	88	1	1	1	1874	1218	66	18	0.000000	3s
2	1	89	0	0	0	2021	1213	37	12	-1	
3	1	89	1	0	0	2021	1213	37	12	-1	
4	1	89	1	1	0	2021	1213	37	12	-1	
5	1	89	1	1	1	2021	1213	37	12	43.496227	S<
2	1	90	0	0	0	2021	1224	38	12	-1	
3	1	90	1	0	0	2021	1224	38	12	-1	
4	1	90	1	1	0	2021	1224	38	12	-1	
5	1	90	1	1	1	2021	1224	38	12	36.858517	ag
5	1	90	1	1	2	2047	1220	16	24	38.993446	©
2	1	91	0	0	0	2101	1212	37	12	-1	
3	1	91	1	0	0	2101	1212	37	12	-1	
4	1	91	1	1	0	2101	1212	37	12	-1	
5	1	91	1	1	1	2101	1212	37	12	38.477901	S<
2	1	92	0	0	0	932	1223	42	16	-1	
3	1	92	1	0	0	932	1223	42	16	-1	
4	1	92	1	1	0	932	1223	42	16	-1	
5	1	92	1	1	1	932	1223	42	16	92.338097	3<
2	1	93	0	0	0	1874	1232	63	16	-1	
3	1	93	1	0	0	1874	1232	63	16	-1	
4	1	93	1	1	0	1874	1232	63	16	-1	
5	1	93	1	1	1	1874	1232	63	16	16.778481	300
2	1	94	0	0	0	2101	1233	42	11	-1	
3	1	94	1	0	0	2101	1233	42	11	-1	
4	1	94	1	1	0	2101	1233	42	11	-1	
5	1	94	1	1	1	2101	1233	42	11	20.788963	of
2	1	95	0	0	0	2223	1177	45	82	-1	
3	1	95	1	0	0	2223	1177	45	82	-1	
4	1	95	1	1	0	2223	1177	45	82	-1	
5	1	95	1	1	1	2223	1177	45	82	0.000000	g
2	1	96	0	0	0	2443	1215	42	31	-1	
3	1	96	1	0	0	2443	1215	42	31	-1	
4	1	96	1	1	0	2443	1215	42	31	-1	
5	1	96	1	1	1	2443	1215	42	31	73.377159	33
2	1	97	0	0	0	2297	1177	46	83	-1	
3	1	97	1	0	0	2297	1177	46	83	-1	
4	1	97	1	1	0	2297	1177	46	83	-1	
5	1	97	1	1	1	2297	1177	46	83	0.000000	Bl
2	1	98	0	0	0	2558	1233	63	36	-1	
3	1	98	1	0	0	2558	1233	63	36	-1	
4	1	98	1	1	0	2558	1233	63	36	-1	
5	1	98	1	1	1	2558	1239	6	30	0.000000	1
5	1	98	1	1	2	2593	1233	28	25	0.000000	oO
2	1	99	0	0	0	3027	1265	61	16	-1	
3	1	99	1	0	0	3027	1265	61	16	-1	
4	1	99	1	1	0	3027	1265	61	16	-1	
5	1	99	1	1	1	3027	1265	61	16	27.503296	—4
2	1	100	0	0	0	1151	1275	63	15	-1	
3	1	100	1	0	0	1151	1275	63	15	-1	
4	1	100	1	1	0	1151	1275	63	15	-1	
5	1	100	1	1	1	1151	1275	63	15	19.280518	O09
5	1	100	1	1	2	1200	1267	17	28	82.095634	=.
2	1	101	0	0	0	1152	1289	62	14	-1	
3	1	101	1	0	0	1152	1289	62	14	-1	
4	1	101	1	1	0	1152	1289	62	14	-1	
5	1	101	1	1	1	1152	1289	62	14	22.579361	2<
2	1	102	0	0	0	1369	1276	84	20	-1	
3	1	102	1	0	0	1369	1276	84	20	-1	
4	1	102	1	1	0	1369	1276	84	20	-1	
5	1	102	1	1	1	1365	1272	5	28	85.519409	|
5	1	102	1	1	2	1369	1276	84	20	19.726120	ee
2	1	103	0	0	0	1151	1302	63	14	-1	
3	1	103	1	0	0	1151	1302	63	14	-1	
4	1	103	1	1	0	1151	1302	63	14	-1	
5	1	103	1	1	1	1151	1302	63	14	37.076958	@2o5
2	1	104	0	0	0	2077	1301	42	14	-1	
3	1	104	1	0	0	2077	1301	42	14	-1	
4	1	104	1	1	0	2077	1301	42	14	-1	
5	1	104	1	1	1	2077	1301	42	14	87.138374	Qu
2	1	105	0	0	0	1276	1298	31	33	-1	
3	1	105	1	0	0	1276	1298	31	33	-1	
4	1	105	1	1	0	1276	1298	31	33	-1	
5	1	105	1	1	1	1276	1298	31	33	77.213844	ol
2	1	106	0	0	0	2050	1328	65	17	-1	
3	1	106	1	0	0	2050	1328	65	17	-1	
4	1	106	1	1	0	2050	1328	65	17	-1	
5	1	106	1	1	1	2050	1328	65	17	26.626938	e3P
2	1	107	0	0	0	2050	1311	69	16	-1	
3	1	107	1	0	0	2050	1311	69	16	-1	
4	1	107	1	1	0	2050	1311	69	16	-1	
5	1	107	1	1	1	2050	1311	69	16	0.000000	2@os
2	1	108	0	0	0	2050	1342	65	18	-1	
3	1	108	1	0	0	2050	1342	65	18	-1	
4	1	108	1	1	0	2050	1342	65	18	-1	
5	1	108	1	1	1	2050	1342	65	18	25.184044	soe
2	1	109	0	0	0	2441	1338	43	16	-1	
3	1	109	1	0	0	2441	1338	43	16	-1	
4	1	109	1	1	0	2441	1338	43	16	-1	
5	1	109	1	1	1	2441	1338	43	16	71.832687	a0
2	1	110	0	0	0	2442	1352	38	12	-1	
3	1	110	1	0	0	2442	1352	38	12	-1	
4	1	110	1	1	0	2442	1352	38	12	-1	
5	1	110	1	1	1	2442	1352	38	12	0.000000	Qa
2	1	111	0	0	0	2442	1365	38	19	-1	
3	1	111	1	0	0	2442	1365	38	19	-1	
4	1	111	1	1	0	2442	1365	38	19	-1	
5	1	111	1	1	1	2442	1365	38	19	42.824066	oo
2	1	112	0	0	0	2442	1379	38	17	-1	
3	1	112	1	0	0	2442	1379	38	17	-1	
4	1	112	1	1	0	2442	1379	38	17	-1	
5	1	112	1	1	1	2442	1379	38	17	67.462051	ov
2	1	113	0	0	0	3083	1385	24	27	-1	
3	1	113	1	0	0	3083	1385	24	27	-1	
4	1	113	1	1	0	3083	1385	24	27	-1	
5	1	113	1	1	1	3083	1385	24	27	0.000000	I
2	1	114	0	0	0	1131	1416	63	16	-1	
3	1	114	1	0	0	1131	1416	63	16	-1	
4	1	114	1	1	0	1131	1416	63	16	-1	
5	1	114	1	1	1	1131	1416	63	16	49.687634	2as
2	1	115	0	0	0	1131	1403	68	15	-1	
3	1	115	1	0	0	1131	1403	68	15	-1	
4	1	115	1	1	0	1131	1403	68	15	-1	
5	1	115	1	1	1	1131	1403	68	15	78.055534	220
2	1	116	0	0	0	2443	1416	38	11	-1	
3	1	116	1	0	0	2443	1416	38	11	-1	
4	1	116	1	1	0	2443	1416	38	11	-1	
5	1	116	1	1	1	2443	1416	38	11	69.333824	a¢
2	1	117	0	0	0	2443	1401	38	17	-1	
3	1	117	1	0	0	2443	1401	38	17	-1	
4	1	117	1	1	0	2443	1401	38	17	-1	
5	1	117	1	1	1	2443	1401	38	17	55.476879	oo
2	1	118	0	0	0	1131	1434	63	13	-1	
3	1	118	1	0	0	1131	1434	63	13	-1	
4	1	118	1	1	0	1131	1434	63	13	-1	
5	1	118	1	1	1	1131	1434	63	13	55.773087	ooo
2	1	119	0	0	0	1156	1460	41	19	-1	
3	1	119	1	0	0	1156	1460	41	19	-1	
4	1	119	1	1	0	1156	1460	41	19	-1	
5	1	119	1	1	1	1156	1460	41	19	37.072945	z=
2	1	120	0	0	0	2334	1462	43	15	-1	
3	1	120	1	0	0	2334	1462	43	15	-1	
4	1	120	1	1	0	2334	1462	43	15	-1	
5	1	120	1	1	1	2334	1462	43	15	58.781242	ion
2	1	121	0	0	0	1938	1480	42	15	-1	
3	1	121	1	0	0	1938	1480	42	15	-1	
4	1	121	1	1	0	1938	1480	42	15	-1	
5	1	121	1	1	1	1938	1480	42	15	38.936615	2
5	1	121	1	1	2	1966	1467	17	39	76.016998	4
2	1	122	0	0	0	2056	1394	51	95	-1	
3	1	122	1	0	0	2056	1394	51	95	-1	
4	1	122	1	1	0	2056	1394	51	95	-1	
5	1	122	1	1	1	2056	1394	51	95	23.792160	Fi
2	1	123	0	0	0	2271	1484	34	17	-1	
3	1	123	1	0	0	2271	1484	34	17	-1	
4	1	123	1	1	0	2271	1484	34	17	-1	
5	1	123	1	1	1	2271	1484	34	17	66.807343	3m
2	1	124	0	0	0	2271	1470	34	13	-1	
3	1	124	1	0	0	2271	1470	34	13	-1	
4	1	124	1	1	0	2271	1470	34	13	-1	
5	1	124	1	1	1	2271	1470	34	13	43.607372	eT
2	1	125	0	0	0	2869	1479	38	12	-1	
3	1	125	1	0	0	2869	1479	38	12	-1	
4	1	125	1	1	0	2869	1479	38	12	-1	
5	1	125	1	1	1	2869	1479	38	12	62.473682	Or
2	1	126	0	0	0	2869	1466	42	15	-1	
3	1	126	1	0	0	2869	1466	42	15	-1	
4	1	126	1	1	0	2869	1466	42	15	-1	
5	1	126	1	1	1	2869	1466	42	15	73.820580	a0
2	1	127	0	0	0	1938	1492	42	17	-1	
3	1	127	1	0	0	1938	1492	42	17	-1	
4	1	127	1	1	0	1938	1492	42	17	-1	
5	1	127	1	1	1	1938	1492	12	16	77.227402	=
5	1	127	1	1	2	1963	1492	17	17	64.500061	my
2	1	128	0	0	0	2443	1506	38	12	-1	
3	1	128	1	0	0	2443	1506	38	12	-1	
4	1	128	1	1	0	2443	1506	38	12	-1	
5	1	128	1	1	1	2443	1506	38	12	51.242390	or
2	1	129	0	0	0	2443	1492	42	14	-1	
3	1	129	1	0	0	2443	1492	42	14	-1	
4	1	129	1	1	0	2443	1492	42	14	-1	
5	1	129	1	1	1	2443	1492	42	14	56.532654	Qa
2	1	130	0	0	0	2869	1507	38	16	-1	
3	1	130	1	0	0	2869	1507	38	16	-1	
4	1	130	1	1	0	2869	1507	38	16	-1	
5	1	130	1	1	1	2869	1507	38	16	40.688530	oD
2	1	131	0	0	0	2869	1492	38	19	-1	
3	1	131	1	0	0	2869	1492	38	19	-1	
4	1	131	1	1	0	2869	1492	38	19	-1	
5	1	131	1	1	1	2869	1492	38	19	59.602146	oo
2	1	132	0	0	0	2443	1526	38	14	-1	
3	1	132	1	0	0	2443	1526	38	14	-1	
4	1	132	1	1	0	2443	1526	38	14	-1	
5	1	132	1	1	1	2443	1526	38	14	42.974342	@oa
2	1	133	0	0	0	2443	1516	38	11	-1	
3	1	133	1	0	0	2443	1516	38	11	-1	
4	1	133	1	1	0	2443	1516	38	11	-1	
5	1	133	1	1	1	2443	1516	38	11	33.555466	=o
2	1	134	0	0	0	2869	1529	38	16	-1	
3	1	134	1	0	0	2869	1529	38	16	-1	
4	1	134	1	1	0	2869	1529	38	16	-1	
5	1	134	1	1	1	2869	1529	38	16	62.634102	oo
2	1	135	0	0	0	2148	1542	38	15	-1	
3	1	135	1	0	0	2148	1542	38	15	-1	
4	1	135	1	1	0	2148	1542	38	15	-1	
5	1	135	1	1	1	2148	1542	38	15	70.013306	>
5	1	135	1	1	2	2174	1538	16	24	53.636124	®
2	1	136	0	0	0	2443	1539	42	13	-1	
3	1	136	1	0	0	2443	1539	42	13	-1	
4	1	136	1	1	0	2443	1539	42	13	-1	
5	1	136	1	1	1	2443	1539	42	13	32.458252	Ox
2	1	137	0	0	0	2048	1556	38	19	-1	
3	1	137	1	0	0	2048	1556	38	19	-1	
4	1	137	1	1	0	2048	1556	38	19	-1	
5	1	137	1	1	1	2048	1556	38	19	32.783844	Es
2	1	138	0	0	0	2144	1555	42	22	-1	
3	1	138	1	0	0	2144	1555	42	22	-1	
4	1	138	1	1	0	2144	1555	42	22	-1	
5	1	138	1	1	1	2144	1555	42	22	47.834164	25
2	1	139	0	0	0	2723	1517	151	89	-1	
3	1	139	1	0	0	2723	1517	151	89	-1	
4	1	139	1	1	0	2723	1517	151	89	-1	
5	1	139	1	1	1	2723	1517	151	89	59.653057	at
2	1	140	0	0	0	1166	1615	42	12	-1	
3	1	140	1	0	0	1166	1615	42	12	-1	
4	1	140	1	1	0	1166	1615	42	12	-1	
5	1	140	1	1	1	1166	1615	42	12	49.827862	2c
2	1	141	0	0	0	1716	1613	45	17	-1	
3	1	141	1	0	0	1716	1613	45	17	-1	
4	1	141	1	1	0	1716	1613	45	17	-1	
5	1	141	1	1	1	1716	1613	45	17	91.818314	3m
2	1	142	0	0	0	1167	1628	37	13	-1	
3	1	142	1	0	0	1167	1628	37	13	-1	
4	1	142	1	1	0	1167	1628	37	13	-1	
5	1	142	1	1	1	1167	1628	37	13	30.679520	=O
2	1	143	0	0	0	1167	1642	38	12	-1	
3	1	143	1	0	0	1167	1642	38	12	-1	
4	1	143	1	1	0	1167	1642	38	12	-1	
5	1	143	1	1	1	1167	1642	38	12	70.488068	eo
2	1	144	0	0	0	2780	1611	27	28	-1	
3	1	144	1	0	0	2780	1611	27	28	-1	
4	1	144	1	1	0	2780	1611	27	28	-1	
5	1	144	1	1	1	2780	1611	27	28	4.339249	|
2	1	145	0	0	0	1167	1656	38	12	-1	
3	1	145	1	0	0	1167	1656	38	12	-1	
4	1	145	1	1	0	1167	1656	38	12	-1	
5	1	145	1	1	1	1167	1656	38	12	49.595013	xO
2	1	146	0	0	0	2071	1570	44	93	-1	
3	1	146	1	0	0	2071	1570	44	93	-1	
4	1	146	1	1	0	2071	1570	44	93	-1	
5	1	146	1	1	1	2071	1570	44	93	52.808723	J
2	1	147	0	0	0	767	1540	204	178	-1	
3	1	147	1	0	0	767	1540	204	178	-1	
4	1	147	1	1	0	767	1540	204	178	-1	
5	1	147	1	1	1	767	1540	204	178	37.133656	mV
2	1	148	0	0	0	2235	1576	121	124	-1	
3	1	148	1	0	0	2235	1576	121	124	-1	
4	1	148	1	1	0	2235	1576	121	124	-1	
5	1	148	1	1	1	2235	1576	121	124	67.215302	iF
2	1	149	0	0	0	2781	1669	27	31	-1	
3	1	149	1	0	0	2781	1669	27	31	-1	
4	1	149	1	1	0	2781	1669	27	31	-1	
5	1	149	1	1	1	2781	1669	27	31	74.774979	“I
2	1	150	0	0	0	802	1720	131	34	-1	
3	1	150	1	0	0	802	1720	131	34	-1	
4	1	150	1	1	0	802	1720	131	34	-1	
5	1	150	1	1	1	798	1716	23	54	49.542511	i
5	1	150	1	1	2	802	1720	131	34	39.694553	fy
5	1	150	1	1	3	915	1716	23	54	17.920395	|
2	1	151	0	0	0	1224	1639	270	123	-1	
3	1	151	1	0	0	1224	1639	270	123	-1	
4	1	151	1	1	0	1224	1639	270	123	-1	
5	1	151	1	1	1	1224	1639	270	123	67.244690	ALT
5	1	151	1	1	2	1431	1635	57	169	49.144180	|}
2	1	152	0	0	0	2423	1730	43	14	-1	
3	1	152	1	0	0	2423	1730	43	14	-1	
4	1	152	1	1	0	2423	1730	43	14	-1	
5	1	152	1	1	1	2423	1730	13	10	56.200981	2
5	1	152	1	1	2	2448	1731	18	13	5.663002	1
2	1	153	0	0	0	647	1725	92	46	-1	
3	1	153	1	0	0	647	1725	92	46	-1	
4	1	153	1	1	0	647	1725	92	46	-1	
5	1	153	1	1	1	647	1731	7	36	62.489746	I
5	1	153	1	1	2	678	1725	61	46	25.634415	p<
2	1	154	0	0	0	2423	1771	38	13	-1	
3	1	154	1	0	0	2423	1771	38	13	-1	
4	1	154	1	1	0	2423	1771	38	13	-1	
5	1	154	1	1	1	2423	1771	38	13	22.943039	Sox
2	1	155	0	0	0	2423	1757	38	15	-1	
3	1	155	1	0	0	2423	1757	38	15	-1	
4	1	155	1	1	0	2423	1757	38	15	-1	
5	1	155	1	1	1	2423	1757	38	15	65.348175	i=
5	1	155	1	1	2	2451	1753	14	24	74.738182	2
2	1	156	0	0	0	2424	1779	42	24	-1	
3	1	156	1	0	0	2424	1779	42	24	-1	
4	1	156	1	1	0	2424	1779	42	24	-1	
5	1	156	1	1	1	2424	1779	42	24	15.447250	aS
2	1	157	0	0	0	647	1780	92	34	-1	
3	1	157	1	0	0	647	1780	92	34	-1	
4	1	157	1	1	0	647	1780	92	34	-1	
5	1	157	1	1	1	647	1780	92	34	22.649010	L—%
2	1	158	0	0	0	793	1802	306	12	-1	
3	1	158	1	0	0	793	1802	306	12	-1	
4	1	158	1	1	0	793	1802	306	12	-1	
5	1	158	1	1	1	793	1805	29	7	51.137447	oe
5	1	158	1	1	2	846	1802	11	11	43.724133	Qe)
5	1	158	1	1	3	880	1803	62	11	51.694752	ae
5	1	158	1	1	4	963	1803	136	11	35.353508	Oem
5	1	158	1	1	5	1026	1796	34	28	28.623764	ome
5	1	158	1	1	6	1076	1796	26	28	40.303917	ee
2	1	159	0	0	0	1137	1803	138	11	-1	
3	1	159	1	0	0	1137	1803	138	11	-1	
4	1	159	1	1	0	1137	1803	138	11	-1	
5	1	159	1	1	1	1137	1795	13	28	26.878654	QO
5	1	159	1	1	2	1163	1807	24	6	50.111542	—
5	1	159	1	1	3	1214	1807	20	6	0.000000	=
5	1	159	1	1	4	1245	1795	33	28	70.369812	ome
2	1	160	0	0	0	2009	1792	43	18	-1	
3	1	160	1	0	0	2009	1792	43	18	-1	
4	1	160	1	1	0	2009	1792	43	18	-1	
5	1	160	1	1	1	2009	1792	43	18	45.524994	me)
2	1	161	0	0	0	3083	1797	25	24	-1	
3	1	161	1	0	0	3083	1797	25	24	-1	
4	1	161	1	1	0	3083	1797	25	24	-1	
5	1	161	1	1	1	3083	1797	25	24	22.544334	eS
2	1	162	0	0	0	855	1833	46	13	-1	
3	1	162	1	0	0	855	1833	46	13	-1	
4	1	162	1	1	0	855	1833	46	13	-1	
5	1	162	1	1	1	855	1833	46	13	0.000000	ain
2	1	163	0	0	0	940	1831	47	13	-1	
3	1	163	1	0	0	940	1831	47	13	-1	
4	1	163	1	1	0	940	1831	47	13	-1	
5	1	163	1	1	1	940	1833	13	11	61.732906	N
5	1	163	1	1	2	964	1831	23	13	44.730270	lo
2	1	164	0	0	0	775	1884	42	13	-1	
3	1	164	1	0	0	775	1884	42	13	-1	
4	1	164	1	1	0	775	1884	42	13	-1	
5	1	164	1	1	1	775	1884	42	13	81.673927	av
2	1	165	0	0	0	1859	1868	42	16	-1	
3	1	165	1	0	0	1859	1868	42	16	-1	
4	1	165	1	1	0	1859	1868	42	16	-1	
5	1	165	1	1	1	1859	1868	42	16	82.606285	oa
2	1	166	0	0	0	775	1898	38	13	-1	
3	1	166	1	0	0	775	1898	38	13	-1	
4	1	166	1	1	0	775	1898	38	13	-1	
5	1	166	1	1	1	775	1898	38	13	30.813072	go
2	1	167	0	0	0	2710	1875	74	41	-1	
3	1	167	1	0	0	2710	1875	74	41	-1	
4	1	167	1	1	0	2710	1875	74	41	-1	
5	1	167	1	1	1	2710	1875	74	41	26.940247	Li
2	1	168	0	0	0	775	1913	38	16	-1	
3	1	168	1	0	0	775	1913	38	16	-1	
4	1	168	1	1	0	775	1913	38	16	-1	
5	1	168	1	1	1	775	1913	38	16	31.876801	og.
2	1	169	0	0	0	848	1922	39	13	-1	
3	1	169	1	0	0	848	1922	39	13	-1	
4	1	169	1	1	0	848	1922	39	13	-1	
5	1	169	1	1	1	848	1922	39	13	34.513863	op
2	1	170	0	0	0	848	1905	42	16	-1	
3	1	170	1	0	0	848	1905	42	16	-1	
4	1	170	1	1	0	848	1905	42	16	-1	
5	1	170	1	1	1	848	1905	42	16	72.739380	Or
2	1	171	0	0	0	934	1923	38	13	-1	
3	1	171	1	0	0	934	1923	38	13	-1	
4	1	171	1	1	0	934	1923	38	13	-1	
5	1	171	1	1	1	934	1923	38	13	66.708832	oo
2	1	172	0	0	0	934	1905	43	17	-1	
3	1	172	1	0	0	934	1905	43	17	-1	
4	1	172	1	1	0	934	1905	43	17	-1	
5	1	172	1	1	1	934	1905	43	17	50.774887	OT
2	1	173	0	0	0	2869	1911	220	25	-1	
3	1	173	1	0	0	2869	1911	220	25	-1	
4	1	173	1	1	0	2869	1911	220	25	-1	
5	1	173	1	1	1	2869	1926	81	10	0.000000	§J—
5	1	173	1	1	2	2968	1929	69	7	63.242294	——
5	1	173	1	1	3	3058	1906	33	43	73.862694	of
2	1	174	0	0	0	775	1943	38	20	-1	
3	1	174	1	0	0	775	1943	38	20	-1	
4	1	174	1	1	0	775	1943	38	20	-1	
5	1	174	1	1	1	775	1943	38	20	14.017471	oo
2	1	175	0	0	0	775	1931	41	11	-1	
3	1	175	1	0	0	775	1931	41	11	-1	
4	1	175	1	1	0	775	1931	41	11	-1	
5	1	175	1	1	1	775	1931	41	11	51.189842	[oma
2	1	176	0	0	0	934	1938	42	17	-1	
3	1	176	1	0	0	934	1938	42	17	-1	
4	1	176	1	1	0	934	1938	42	17	-1	
5	1	176	1	1	1	934	1938	42	17	38.277557	35
2	1	177	0	0	0	2883	1945	49	9	-1	
3	1	177	1	0	0	2883	1945	49	9	-1	
4	1	177	1	1	0	2883	1945	49	9	-1	
5	1	177	1	1	1	2883	1945	49	9	0.034019	=
2	1	178	0	0	0	1991	1902	75	77	-1	
3	1	178	1	0	0	1991	1902	75	77	-1	
4	1	178	1	1	0	1991	1902	75	77	-1	
5	1	178	1	1	1	1991	1902	75	77	15.356300	if
2	1	179	0	0	0	1808	1942	82	44	-1	
3	1	179	1	0	0	1808	1942	82	44	-1	
4	1	179	1	1	0	1808	1942	82	44	-1	
5	1	179	1	1	1	1808	1942	82	44	63.442406	Li
2	1	180	0	0	0	1947	1976	48	12	-1	
3	1	180	1	0	0	1947	1976	48	12	-1	
4	1	180	1	1	0	1947	1976	48	12	-1	
5	1	180	1	1	1	1947	1976	48	12	49.009964	O=O:
2	1	181	0	0	0	2078	1993	49	11	-1	
3	1	181	1	0	0	2078	1993	49	11	-1	
4	1	181	1	1	0	2078	1993	49	11	-1	
5	1	181	1	1	1	2078	1993	10	10	0.000000	w
5	1	181	1	1	2	2113	1994	14	10	40.839386	|
2	1	182	0	0	0	2103	1976	303	11	-1	
3	1	182	1	0	0	2103	1976	303	11	-1	
4	1	182	1	1	0	2103	1976	303	11	-1	
5	1	182	1	1	1	2103	1976	51	11	62.405872	Om
5	1	182	1	1	2	2216	1979	31	7	74.125778	—
5	1	182	1	1	3	2261	1968	26	28	0.000000	<<
5	1	182	1	1	4	2307	1968	22	28	17.610229	<<
5	1	182	1	1	5	2349	1968	27	28	43.588211	am
5	1	182	1	1	6	2389	1968	17	28	66.392990	()
2	1	183	0	0	0	2439	1946	127	43	-1	
3	1	183	1	0	0	2439	1946	127	43	-1	
4	1	183	1	1	0	2439	1946	127	43	-1	
5	1	183	1	1	1	2439	1978	47	11	0.000000	t_
5	1	183	1	1	2	2501	1946	65	41	33.820786	__J
2	1	184	0	0	0	2713	1980	70	43	-1	
3	1	184	1	0	0	2713	1980	70	43	-1	
4	1	184	1	1	0	2713	1980	70	43	-1	
5	1	184	1	1	1	2713	1980	70	43	66.453705	TT
2	1	185	0	0	0	2008	2081	100	12	-1	
3	1	185	1	0	0	2008	2081	100	12	-1	
4	1	185	1	1	0	2008	2081	100	12	-1	
5	1	185	1	1	1	2008	2081	35	11	36.998390	So
5	1	185	1	1	2	2055	2074	53	28	36.998390	nlon
2	1	186	0	0	0	1968	2093	75	20	-1	
3	1	186	1	0	0	1968	2093	75	20	-1	
4	1	186	1	1	0	1968	2093	75	20	-1	
5	1	186	1	1	1	1968	2093	75	20	43.084923	9225
2	1	187	0	0	0	2050	2095	58	12	-1	
3	1	187	1	0	0	2050	2095	58	12	-1	
4	1	187	1	1	0	2050	2095	58	12	-1	
5	1	187	1	1	1	2050	2095	58	12	36.281456	DZO
2	1	188	0	0	0	1968	2114	140	19	-1	
3	1	188	1	0	0	1968	2114	140	19	-1	
4	1	188	1	1	0	1968	2114	140	19	-1	
5	1	188	1	1	1	1968	2114	140	19	0.000000	ZPNwgWwo
2	1	189	0	0	0	2819	2116	67	24	-1	
3	1	189	1	0	0	2819	2116	67	24	-1	
4	1	189	1	1	0	2819	2116	67	24	-1	
5	1	189	1	1	1	2819	2116	67	24	58.408894	aA
5	1	189	1	1	2	2865	2112	23	38	53.961273	4
2	1	190	0	0	0	2864	2154	14	10	-1	
3	1	190	1	0	0	2864	2154	14	10	-1	
4	1	190	1	1	0	2864	2154	14	10	-1	
5	1	190	1	1	1	2864	2154	14	10	21.680984	vu
2	1	191	0	0	0	2865	2180	13	10	-1	
3	1	191	1	0	0	2865	2180	13	10	-1	
4	1	191	1	1	0	2865	2180	13	10	-1	
5	1	191	1	1	1	2865	2180	13	10	90.594765	x
2	1	192	0	0	0	2407	2215	42	12	-1	
3	1	192	1	0	0	2407	2215	42	12	-1	
4	1	192	1	1	0	2407	2215	42	12	-1	
5	1	192	1	1	1	2407	2215	42	12	4.034286	om
2	1	193	0	0	0	2864	2209	20	18	-1	
3	1	193	1	0	0	2864	2209	20	18	-1	
4	1	193	1	1	0	2864	2209	20	18	-1	
5	1	193	1	1	1	2864	2209	20	18	46.094452	Tr
2	1	194	0	0	0	2407	2229	42	17	-1	
3	1	194	1	0	0	2407	2229	42	17	-1	
4	1	194	1	1	0	2407	2229	42	17	-1	
5	1	194	1	1	1	2407	2229	42	17	83.622360	3am
2	1	195	0	0	0	2474	2333	35	19	-1	
3	1	195	1	0	0	2474	2333	35	19	-1	
4	1	195	1	1	0	2474	2333	35	19	-1	
5	1	195	1	1	1	2474	2333	35	19	67.398331	25
2	1	196	0	0	0	2404	2369	38	11	-1	
3	1	196	1	0	0	2404	2369	38	11	-1	
4	1	196	1	1	0	2404	2369	38	11	-1	
5	1	196	1	1	1	2404	2369	38	11	37.379997	=o
2	1	197	0	0	0	2475	2363	34	17	-1	
3	1	197	1	0	0	2475	2363	34	17	-1	
4	1	197	1	1	0	2475	2363	34	17	-1	
5	1	197	1	1	1	2475	2363	34	17	64.342545	Go
2	1	198	0	0	0	2475	2355	34	12	-1	
3	1	198	1	0	0	2475	2355	34	12	-1	
4	1	198	1	1	0	2475	2355	34	12	-1	
5	1	198	1	1	1	2475	2355	34	12	40.951172	Popes
2	1	199	0	0	0	1868	2386	43	14	-1	
3	1	199	1	0	0	1868	2386	43	14	-1	
4	1	199	1	1	0	1868	2386	43	14	-1	
5	1	199	1	1	1	1868	2386	43	14	28.970772	eo
2	1	200	0	0	0	2404	2383	37	15	-1	
3	1	200	1	0	0	2404	2383	37	15	-1	
4	1	200	1	1	0	2404	2383	37	15	-1	
5	1	200	1	1	1	2404	2383	37	15	86.341507	as
2	1	201	0	0	0	1868	2399	38	12	-1	
3	1	201	1	0	0	1868	2399	38	12	-1	
4	1	201	1	1	0	1868	2399	38	12	-1	
5	1	201	1	1	1	1868	2399	38	12	58.489853	on
2	1	202	0	0	0	1869	2410	38	11	-1	
3	1	202	1	0	0	1869	2410	38	11	-1	
4	1	202	1	1	0	1869	2410	38	11	-1	
5	1	202	1	1	1	1869	2410	38	11	67.386223	=o
2	1	203	0	0	0	773	2427	42	13	-1	
3	1	203	1	0	0	773	2427	42	13	-1	
4	1	203	1	1	0	773	2427	42	13	-1	
5	1	203	1	1	1	773	2427	42	13	5.080826	<7
2	1	204	0	0	0	1869	2431	42	15	-1	
3	1	204	1	0	0	1869	2431	42	15	-1	
4	1	204	1	1	0	1869	2431	42	15	-1	
5	1	204	1	1	1	1869	2431	42	15	14.028442	ox
2	1	205	0	0	0	773	2442	41	14	-1	
3	1	205	1	0	0	773	2442	41	14	-1	
4	1	205	1	1	0	773	2442	41	14	-1	
5	1	205	1	1	1	773	2442	41	14	66.351318	De
2	1	206	0	0	0	1869	2446	37	7	-1	
3	1	206	1	0	0	1869	2446	37	7	-1	
4	1	206	1	1	0	1869	2446	37	7	-1	
5	1	206	1	1	1	1869	2446	37	7	79.546104	32
2	1	207	0	0	0	1869	2468	38	15	-1	
3	1	207	1	0	0	1869	2468	38	15	-1	
4	1	207	1	1	0	1869	2468	38	15	-1	
5	1	207	1	1	1	1869	2468	38	15	60.102268	oa
2	1	208	0	0	0	1869	2455	38	16	-1	
3	1	208	1	0	0	1869	2455	38	16	-1	
4	1	208	1	1	0	1869	2455	38	16	-1	
5	1	208	1	1	1	1869	2455	38	16	27.925232	z=3
2	1	209	0	0	0	2188	2552	31	7	-1	
3	1	209	1	0	0	2188	2552	31	7	-1	
4	1	209	1	1	0	2188	2552	31	7	-1	
5	1	209	1	1	1	2188	2552	31	7	50.348469	—-
2	1	210	0	0	0	772	2609	42	12	-1	
3	1	210	1	0	0	772	2609	42	12	-1	
4	1	210	1	1	0	772	2609	42	12	-1	
5	1	210	1	1	1	772	2609	42	12	56.806927	ot
2	1	211	0	0	0	772	2597	42	13	-1	
3	1	211	1	0	0	772	2597	42	13	-1	
4	1	211	1	1	0	772	2597	42	13	-1	
5	1	211	1	1	1	772	2597	42	13	17.767273	QgQ<
2	1	212	0	0	0	1445	2657	34	10	-1	
3	1	212	1	0	0	1445	2657	34	10	-1	
4	1	212	1	1	0	1445	2657	34	10	-1	
5	1	212	1	1	1	1445	2657	34	10	51.063286	Dn
2	1	213	0	0	0	1529	2656	34	9	-1	
3	1	213	1	0	0	1529	2656	34	9	-1	
4	1	213	1	1	0	1529	2656	34	9	-1	
5	1	213	1	1	1	1529	2656	34	9	78.327271	an
2	1	214	0	0	0	1342	2670	34	10	-1	
3	1	214	1	0	0	1342	2670	34	10	-1	
4	1	214	1	1	0	1342	2670	34	10	-1	
5	1	214	1	1	1	1342	2670	34	10	82.149826	co
2	1	215	0	0	0	1342	2657	35	11	-1	
3	1	215	1	0	0	1342	2657	35	11	-1	
4	1	215	1	1	0	1342	2657	35	11	-1	
5	1	215	1	1	1	1342	2657	35	11	58.084335	nM
2	1	216	0	0	0	1445	2669	34	11	-1	
3	1	216	1	0	0	1445	2669	34	11	-1	
4	1	216	1	1	0	1445	2669	34	11	-1	
5	1	216	1	1	1	1445	2669	34	11	60.602280	rc
2	1	217	0	0	0	1529	2668	33	10	-1	
3	1	217	1	0	0	1529	2668	33	10	-1	
4	1	217	1	1	0	1529	2668	33	10	-1	
5	1	217	1	1	1	1529	2668	33	10	73.001312	cc
2	1	218	0	0	0	1342	2697	34	11	-1	
3	1	218	1	0	0	1342	2697	34	11	-1	
4	1	218	1	1	0	1342	2697	34	11	-1	
5	1	218	1	1	1	1342	2697	34	11	26.779602	fete)
2	1	219	0	0	0	1342	2684	34	10	-1	
3	1	219	1	0	0	1342	2684	34	10	-1	
4	1	219	1	1	0	1342	2684	34	10	-1	
5	1	219	1	1	1	1342	2684	34	10	77.455055	oD
2	1	220	0	0	0	1445	2696	34	11	-1	
3	1	220	1	0	0	1445	2696	34	11	-1	
4	1	220	1	1	0	1445	2696	34	11	-1	
5	1	220	1	1	1	1445	2696	34	11	49.247089	fete)
2	1	221	0	0	0	1445	2683	34	10	-1	
3	1	221	1	0	0	1445	2683	34	10	-1	
4	1	221	1	1	0	1445	2683	34	10	-1	
5	1	221	1	1	1	1445	2683	34	10	58.630966	xD
2	1	222	0	0	0	1529	2694	34	11	-1	
3	1	222	1	0	0	1529	2694	34	11	-1	
4	1	222	1	1	0	1529	2694	34	11	-1	
5	1	222	1	1	1	1529	2694	34	11	59.929893	fete)
2	1	223	0	0	0	1529	2681	34	11	-1	
3	1	223	1	0	0	1529	2681	34	11	-1	
4	1	223	1	1	0	1529	2681	34	11	-1	
5	1	223	1	1	1	1529	2681	34	11	78.010017	oD
2	1	224	0	0	0	1343	2710	33	12	-1	
3	1	224	1	0	0	1343	2710	33	12	-1	
4	1	224	1	1	0	1343	2710	33	12	-1	
5	1	224	1	1	1	1343	2710	33	12	70.267586	xO
2	1	225	0	0	0	1445	2710	34	11	-1	
3	1	225	1	0	0	1445	2710	34	11	-1	
4	1	225	1	1	0	1445	2710	34	11	-1	
5	1	225	1	1	1	1445	2710	34	11	64.017944	XO
2	1	226	0	0	0	1529	2708	34	11	-1	
3	1	226	1	0	0	1529	2708	34	11	-1	
4	1	226	1	1	0	1529	2708	34	11	-1	
5	1	226	1	1	1	1529	2708	34	11	68.057076	xO
2	1	227	0	0	0	628	2726	38	17	-1	
3	1	227	1	0	0	628	2726	38	17	-1	
4	1	227	1	1	0	628	2726	38	17	-1	
5	1	227	1	1	1	628	2726	38	17	56.245026	9
2	1	228	0	0	0	1064	2759	49	46	-1	
3	1	228	1	0	0	1064	2759	49	46	-1	
4	1	228	1	1	0	1064	2759	49	46	-1	
5	1	228	1	1	1	1064	2759	49	46	64.895882	tf
2	1	229	0	0	0	498	2802	78	42	-1	
3	1	229	1	0	0	498	2802	78	42	-1	
4	1	229	1	1	0	498	2802	78	42	-1	
5	1	229	1	1	1	498	2802	78	42	38.904728	“+
2	1	230	0	0	0	638	2933	43	22	-1	
3	1	230	1	0	0	638	2933	43	22	-1	
4	1	230	1	1	0	638	2933	43	22	-1	
5	1	230	1	1	1	638	2933	43	22	9.304367	Le)
2	1	231	0	0	0	639	2957	38	17	-1	
3	1	231	1	0	0	639	2957	38	17	-1	
4	1	231	1	1	0	639	2957	38	17	-1	
5	1	231	1	1	1	639	2957	38	17	39.461193	oe
2	1	232	0	0	0	638	2971	39	16	-1	
3	1	232	1	0	0	638	2971	39	16	-1	
4	1	232	1	1	0	638	2971	39	16	-1	
5	1	232	1	1	1	638	2971	39	16	40.908092	62
2	1	233	0	0	0	639	2984	42	10	-1	
3	1	233	1	0	0	639	2984	42	10	-1	
4	1	233	1	1	0	639	2984	42	10	-1	
5	1	233	1	1	1	639	2984	42	10	39.310455	ae
2	1	234	0	0	0	509	3106	46	16	-1	
3	1	234	1	0	0	509	3106	46	16	-1	
4	1	234	1	1	0	509	3106	46	16	-1	
5	1	234	1	1	1	509	3106	46	16	13.748840	rae)
2	1	235	0	0	0	514	3127	37	12	-1	
3	1	235	1	0	0	514	3127	37	12	-1	
4	1	235	1	1	0	514	3127	37	12	-1	
5	1	235	1	1	1	514	3127	37	12	41.442497	R=
2	1	236	0	0	0	510	3147	46	12	-1	
3	1	236	1	0	0	510	3147	46	12	-1	
4	1	236	1	1	0	510	3147	46	12	-1	
5	1	236	1	1	1	510	3147	46	12	54.724102	Ya
2	1	237	0	0	0	1157	3173	64	54	-1	
3	1	237	1	0	0	1157	3173	64	54	-1	
4	1	237	1	1	0	1157	3173	64	54	-1	
5	1	237	1	1	1	1157	3173	64	54	40.510750	11
2	1	238	0	0	0	1426	3227	55	10	-1	
3	1	238	1	0	0	1426	3227	55	10	-1	
4	1	238	1	1	0	1426	3227	55	10	-1	
5	1	238	1	1	1	1426	3227	55	10	0.000000	@oa
2	1	239	0	0	0	1463	3035	90	188	-1	
3	1	239	1	0	0	1463	3035	90	188	-1	
4	1	239	1	1	0	1463	3035	90	188	-1	
5	1	239	1	1	1	1463	3035	90	188	60.018032	if
2	1	240	0	0	0	2344	3208	28	26	-1	
3	1	240	1	0	0	2344	3208	28	26	-1	
4	1	240	1	1	0	2344	3208	28	26	-1	
5	1	240	1	1	1	2344	3208	28	26	58.499962	s
2	1	241	0	0	0	2448	3201	31	25	-1	
3	1	241	1	0	0	2448	3201	31	25	-1	
4	1	241	1	1	0	2448	3201	31	25	-1	
5	1	241	1	1	1	2448	3201	31	25	46.303196	NS
2	1	242	0	0	0	2533	3204	26	24	-1	
3	1	242	1	0	0	2533	3204	26	24	-1	
4	1	242	1	1	0	2533	3204	26	24	-1	
5	1	242	1	1	1	2533	3204	26	24	40.726322	xs
2	1	243	0	0	0	1426	3239	56	11	-1	
3	1	243	1	0	0	1426	3239	56	11	-1	
4	1	243	1	1	0	1426	3239	56	11	-1	
5	1	243	1	1	1	1426	3239	56	11	76.723999	cor
2	1	244	0	0	0	1071	3306	56	11	-1	
3	1	244	1	0	0	1071	3306	56	11	-1	
4	1	244	1	1	0	1071	3306	56	11	-1	
5	1	244	1	1	1	1067	3298	19	28	67.426849	jo
5	1	244	1	1	2	1113	3306	14	11	0.000000	|
2	1	245	0	0	0	1177	3305	49	13	-1	
3	1	245	1	0	0	1177	3305	49	13	-1	
4	1	245	1	1	0	1177	3305	49	13	-1	
5	1	245	1	1	1	1177	3308	15	10	64.032059	n
5	1	245	1	1	2	1201	3299	25	28	45.786339	{1
2	1	246	0	0	0	1405	3318	47	9	-1	
3	1	246	1	0	0	1405	3318	47	9	-1	
4	1	246	1	1	0	1405	3318	47	9	-1	
5	1	246	1	1	1	1401	3308	19	28	55.436852	jw
5	1	246	1	1	2	1438	3325	14	2	67.772247	J
2	1	247	0	0	0	1975	3298	9	15	-1	
3	1	247	1	0	0	1975	3298	9	15	-1	
4	1	247	1	1	0	1975	3298	9	15	-1	
5	1	247	1	1	1	1975	3298	9	15	91.192223	r
2	1	248	0	0	0	2192	3296	45	10	-1	
3	1	248	1	0	0	2192	3296	45	10	-1	
4	1	248	1	1	0	2192	3296	45	10	-1	
5	1	248	1	1	1	2192	3296	45	10	55.134331	—+—+
2	1	249	0	0	0	507	3320	46	16	-1	
3	1	249	1	0	0	507	3320	46	16	-1	
4	1	249	1	1	0	507	3320	46	16	-1	
5	1	249	1	1	1	507	3320	46	16	57.073830	ao
2	1	250	0	0	0	1168	3334	95	12	-1	
3	1	250	1	0	0	1168	3334	95	12	-1	
4	1	250	1	1	0	1168	3334	95	12	-1	
5	1	250	1	1	1	1168	3334	41	12	40.684052	Cs
5	1	250	1	1	2	1238	3327	25	28	80.132126	am
2	1	251	0	0	0	1398	3334	41	12	-1	
3	1	251	1	0	0	1398	3334	41	12	-1	
4	1	251	1	1	0	1398	3334	41	12	-1	
5	1	251	1	1	1	1398	3334	41	12	17.225182	Om
2	1	252	0	0	0	1536	3336	94	8	-1	
3	1	252	1	0	0	1536	3336	94	8	-1	
4	1	252	1	1	0	1536	3336	94	8	-1	
5	1	252	1	1	1	1536	3336	94	8	27.230141	—
5	1	252	1	1	2	1576	3325	22	28	45.733391	a=
5	1	252	1	1	3	1606	3336	24	8	59.354206	an
2	1	253	0	0	0	511	3341	38	12	-1	
3	1	253	1	0	0	511	3341	38	12	-1	
4	1	253	1	1	0	511	3341	38	12	-1	
5	1	253	1	1	1	511	3341	38	12	8.720764	sz
2	1	254	0	0	0	1030	3333	85	33	-1	
3	1	254	1	0	0	1030	3333	85	33	-1	
4	1	254	1	1	0	1030	3333	85	33	-1	
5	1	254	1	1	1	1030	3333	85	33	59.741421	rrr
2	1	255	0	0	0	508	3361	46	11	-1	
3	1	255	1	0	0	508	3361	46	11	-1	
4	1	255	1	1	0	508	3361	46	11	-1	
5	1	255	1	1	1	508	3361	46	11	78.971504	Ya
2	1	256	0	0	0	1640	3420	38	14	-1	
3	1	256	1	0	0	1640	3420	38	14	-1	
4	1	256	1	1	0	1640	3420	38	14	-1	
5	1	256	1	1	1	1640	3420	38	14	52.893467	os
2	1	257	0	0	0	1474	3424	43	17	-1	
3	1	257	1	0	0	1474	3424	43	17	-1	
4	1	257	1	1	0	1474	3424	43	17	-1	
5	1	257	1	1	1	1474	3424	43	17	79.123581	390
2	1	258	0	0	0	1558	3433	38	13	-1	
3	1	258	1	0	0	1558	3433	38	13	-1	
4	1	258	1	1	0	1558	3433	38	13	-1	
5	1	258	1	1	1	1558	3433	38	13	22.516296	ire)
2	1	259	0	0	0	1558	3446	42	12	-1	
3	1	259	1	0	0	1558	3446	42	12	-1	
4	1	259	1	1	0	1558	3446	42	12	-1	
5	1	259	1	1	1	1558	3446	42	12	74.104530	os
2	1	260	0	0	0	1640	3442	42	15	-1	
3	1	260	1	0	0	1640	3442	42	15	-1	
4	1	260	1	1	0	1640	3442	42	15	-1	
5	1	260	1	1	1	1640	3442	42	15	67.276428	as
2	1	261	0	0	0	923	3380	119	89	-1	
3	1	261	1	0	0	923	3380	119	89	-1	
4	1	261	1	1	0	923	3380	119	89	-1	
5	1	261	1	1	1	923	3380	119	89	37.940529	Lil
2	1	262	0	0	0	1280	3447	38	17	-1	
3	1	262	1	0	0	1280	3447	38	17	-1	
4	1	262	1	1	0	1280	3447	38	17	-1	
5	1	262	1	1	1	1280	3447	38	17	55.107136	go
2	1	263	0	0	0	1474	3443	42	18	-1	
3	1	263	1	0	0	1474	3443	42	18	-1	
4	1	263	1	1	0	1474	3443	42	18	-1	
5	1	263	1	1	1	1474	3443	42	18	30.672798	5A
2	1	264	0	0	0	1558	3460	38	7	-1	
3	1	264	1	0	0	1558	3460	38	7	-1	
4	1	264	1	1	0	1558	3460	38	7	-1	
5	1	264	1	1	1	1558	3460	38	7	53.808712	a3
2	1	265	0	0	0	1640	3469	38	12	-1	
3	1	265	1	0	0	1640	3469	38	12	-1	
4	1	265	1	1	0	1640	3469	38	12	-1	
5	1	265	1	1	1	1640	3469	38	12	0.000000	7~o
2	1	266	0	0	0	1640	3456	38	12	-1	
3	1	266	1	0	0	1640	3456	38	12	-1	
4	1	266	1	1	0	1640	3456	38	12	-1	
5	1	266	1	1	1	1640	3456	38	12	44.756413	Os
2	1	267	0	0	0	2935	3460	14	9	-1	
3	1	267	1	0	0	2935	3460	14	9	-1	
4	1	267	1	1	0	2935	3460	14	9	-1	
5	1	267	1	1	1	2935	3460	14	9	70.227142	a
2	1	268	0	0	0	1280	3480	39	12	-1	
3	1	268	1	0	0	1280	3480	39	12	-1	
4	1	268	1	1	0	1280	3480	39	12	-1	
5	1	268	1	1	1	1280	3480	39	12	75.054855	6a
2	1	269	0	0	0	1558	3468	38	18	-1	
3	1	269	1	0	0	1558	3468	38	18	-1	
4	1	269	1	1	0	1558	3468	38	18	-1	
5	1	269	1	1	1	1558	3468	38	18	49.920395	og
2	1	270	0	0	0	2372	3476	42	12	-1	
3	1	270	1	0	0	2372	3476	42	12	-1	
4	1	270	1	1	0	2372	3476	42	12	-1	
5	1	270	1	1	1	2372	3476	42	12	78.804832	ar
2	1	271	0	0	0	2465	3475	42	12	-1	
3	1	271	1	0	0	2465	3475	42	12	-1	
4	1	271	1	1	0	2465	3475	42	12	-1	
5	1	271	1	1	1	2465	3475	42	12	90.513672	ar
2	1	272	0	0	0	2556	3476	41	12	-1	
3	1	272	1	0	0	2556	3476	41	12	-1	
4	1	272	1	1	0	2556	3476	41	12	-1	
5	1	272	1	1	1	2556	3476	41	12	77.480019	ar
2	1	273	0	0	0	897	3472	145	46	-1	
3	1	273	1	0	0	897	3472	145	46	-1	
4	1	273	1	1	0	897	3472	145	46	-1	
5	1	273	1	1	1	897	3472	101	46	23.514862	L_irron
5	1	273	1	1	2	1008	3473	34	32	38.663601	a
2	1	274	0	0	0	2430	3496	15	10	-1	
3	1	274	1	0	0	2430	3496	15	10	-1	
4	1	274	1	1	0	2430	3496	15	10	-1	
5	1	274	1	1	1	2430	3496	15	10	56.979019	jor
2	1	275	0	0	0	1070	3500	174	76	-1	
3	1	275	1	0	0	1070	3500	174	76	-1	
4	1	275	1	1	0	1070	3500	174	76	-1	
5	1	275	1	1	1	1070	3500	174	76	53.251007	ot
2	1	276	0	0	0	1009	3589	30	31	-1	
3	1	276	1	0	0	1009	3589	30	31	-1	
4	1	276	1	1	0	1009	3589	30	31	-1	
5	1	276	1	1	1	1009	3589	30	31	35.909584	-l
2	1	277	0	0	0	1555	3621	43	14	-1	
3	1	277	1	0	0	1555	3621	43	14	-1	
4	1	277	1	1	0	1555	3621	43	14	-1	
5	1	277	1	1	1	1555	3621	43	14	18.414398	Qn
2	1	278	0	0	0	1556	3607	42	14	-1	
3	1	278	1	0	0	1556	3607	42	14	-1	
4	1	278	1	1	0	1556	3607	42	14	-1	
5	1	278	1	1	1	1556	3607	42	14	56.028255	om
2	1	279	0	0	0	1639	3616	37	11	-1	
3	1	279	1	0	0	1639	3616	37	11	-1	
4	1	279	1	1	0	1639	3616	37	11	-1	
5	1	279	1	1	1	1639	3616	37	11	16.532974	oO
2	1	280	0	0	0	1639	3606	38	11	-1	
3	1	280	1	0	0	1639	3606	38	11	-1	
4	1	280	1	1	0	1639	3606	38	11	-1	
5	1	280	1	1	1	1639	3606	38	11	4.121468	Or
2	1	281	0	0	0	2624	3535	92	99	-1	
3	1	281	1	0	0	2624	3535	92	99	-1	
4	1	281	1	1	0	2624	3535	92	99	-1	
5	1	281	1	1	1	2624	3535	92	99	42.423077	ds
2	1	282	0	0	0	2828	3621	83	8	-1	
3	1	282	1	0	0	2828	3621	83	8	-1	
4	1	282	1	1	0	2828	3621	83	8	-1	
5	1	282	1	1	1	2828	3610	43	28	0.000000	—_c
5	1	282	1	1	2	2886	3610	29	28	48.105980	ome
2	1	283	0	0	0	1279	3636	38	16	-1	
3	1	283	1	0	0	1279	3636	38	16	-1	
4	1	283	1	1	0	1279	3636	38	16	-1	
5	1	283	1	1	1	1279	3636	38	16	54.011326	Qo
2	1	284	0	0	0	1279	3625	43	14	-1	
3	1	284	1	0	0	1279	3625	43	14	-1	
4	1	284	1	1	0	1279	3625	43	14	-1	
5	1	284	1	1	1	1279	3625	43	14	51.591255	Qn
2	1	285	0	0	0	1463	3623	43	15	-1	
3	1	285	1	0	0	1463	3623	43	15	-1	
4	1	285	1	1	0	1463	3623	43	15	-1	
5	1	285	1	1	1	1463	3623	43	15	60.045471	os
2	1	286	0	0	0	1638	3639	37	15	-1	
3	1	286	1	0	0	1638	3639	37	15	-1	
4	1	286	1	1	0	1638	3639	37	15	-1	
5	1	286	1	1	1	1638	3639	37	15	0.000000	Qc
2	1	287	0	0	0	1638	3626	38	14	-1	
3	1	287	1	0	0	1638	3626	38	14	-1	
4	1	287	1	1	0	1638	3626	38	14	-1	
5	1	287	1	1	1	1638	3626	38	14	36.789680	je}
2	1	288	0	0	0	1927	3626	51	24	-1	
3	1	288	1	0	0	1927	3626	51	24	-1	
4	1	288	1	1	0	1927	3626	51	24	-1	
5	1	288	1	1	1	1927	3626	51	24	38.416985	Vm
2	1	289	0	0	0	2419	3612	117	45	-1	
3	1	289	1	0	0	2419	3612	117	45	-1	
4	1	289	1	1	0	2419	3612	117	45	-1	
5	1	289	1	1	1	2419	3612	117	45	48.108475	r~
2	1	290	0	0	0	2977	3621	58	19	-1	
3	1	290	1	0	0	2977	3621	58	19	-1	
4	1	290	1	1	0	2977	3621	58	19	-1	
5	1	290	1	1	1	2977	3621	58	19	26.544266	—any
2	1	291	0	0	0	1279	3650	38	18	-1	
3	1	291	1	0	0	1279	3650	38	18	-1	
4	1	291	1	1	0	1279	3650	38	18	-1	
5	1	291	1	1	1	1279	3650	38	18	84.762833	2<
2	1	292	0	0	0	1463	3662	38	13	-1	
3	1	292	1	0	0	1463	3662	38	13	-1	
4	1	292	1	1	0	1463	3662	38	13	-1	
5	1	292	1	1	1	1463	3662	38	13	75.010201	oo
2	1	293	0	0	0	1463	3649	38	12	-1	
3	1	293	1	0	0	1463	3649	38	12	-1	
4	1	293	1	1	0	1463	3649	38	12	-1	
5	1	293	1	1	1	1463	3649	38	12	89.571259	ag
2	1	294	0	0	0	1637	3656	38	15	-1	
3	1	294	1	0	0	1637	3656	38	15	-1	
4	1	294	1	1	0	1637	3656	38	15	-1	
5	1	294	1	1	1	1637	3656	38	15	49.724854	So
5	1	294	1	1	2	1663	3648	15	28	15.125565	®
2	1	295	0	0	0	993	3617	79	68	-1	
3	1	295	1	0	0	993	3617	79	68	-1	
4	1	295	1	1	0	993	3617	79	68	-1	
5	1	295	1	1	1	993	3617	79	68	26.125435	“+
2	1	296	0	0	0	1278	3665	39	20	-1	
3	1	296	1	0	0	1278	3665	39	20	-1	
4	1	296	1	1	0	1278	3665	39	20	-1	
5	1	296	1	1	1	1278	3665	39	20	83.544296	og
2	1	297	0	0	0	1463	3676	42	11	-1	
3	1	297	1	0	0	1463	3676	42	11	-1	
4	1	297	1	1	0	1463	3676	42	11	-1	
5	1	297	1	1	1	1463	3676	42	11	11.887665	ian’
2	1	298	0	0	0	1637	3669	38	12	-1	
3	1	298	1	0	0	1637	3669	38	12	-1	
4	1	298	1	1	0	1637	3669	38	12	-1	
5	1	298	1	1	1	1637	3669	38	12	27.958275	=
5	1	298	1	1	2	1663	3662	15	28	66.108406	3
2	1	299	0	0	0	1005	3690	34	30	-1	
3	1	299	1	0	0	1005	3690	34	30	-1	
4	1	299	1	1	0	1005	3690	34	30	-1	
5	1	299	1	1	1	1005	3690	34	30	31.486580	«1
2	1	300	0	0	0	2323	3701	45	14	-1	
3	1	300	1	0	0	2323	3701	45	14	-1	
4	1	300	1	1	0	2323	3701	45	14	-1	
5	1	300	1	1	1	2323	3701	45	14	78.737335	z=
2	1	301	0	0	0	1730	3722	29	17	-1	
3	1	301	1	0	0	1730	3722	29	17	-1	
4	1	301	1	1	0	1730	3722	29	17	-1	
5	1	301	1	1	1	1730	3722	29	17	42.169552	Ou
2	1	302	0	0	0	2296	3730	42	12	-1	
3	1	302	1	0	0	2296	3730	42	12	-1	
4	1	302	1	1	0	2296	3730	42	12	-1	
5	1	302	1	1	1	2296	3730	42	12	62.903313	re
2	1	303	0	0	0	2296	3716	42	13	-1	
3	1	303	1	0	0	2296	3716	42	13	-1	
4	1	303	1	1	0	2296	3716	42	13	-1	
5	1	303	1	1	1	2296	3716	42	13	52.336624	zo
2	1	304	0	0	0	2295	3744	43	12	-1	
3	1	304	1	0	0	2295	3744	43	12	-1	
4	1	304	1	1	0	2295	3744	43	12	-1	
5	1	304	1	1	1	2295	3744	43	12	90.319107	OX
2	1	305	0	0	0	2716	3756	88	31	-1	
3	1	305	1	0	0	2716	3756	88	31	-1	
4	1	305	1	1	0	2716	3756	88	31	-1	
5	1	305	1	1	1	2716	3756	88	31	78.587997	>on
2	1	306	0	0	0	939	3779	38	14	-1	
3	1	306	1	0	0	939	3779	38	14	-1	
4	1	306	1	1	0	939	3779	38	14	-1	
5	1	306	1	1	1	939	3779	38	14	86.875496	osc
2	1	307	0	0	0	1318	3791	47	14	-1	
3	1	307	1	0	0	1318	3791	47	14	-1	
4	1	307	1	1	0	1318	3791	47	14	-1	
5	1	307	1	1	1	1318	3791	47	14	16.740433	aQp
2	1	308	0	0	0	1644	3747	96	50	-1	
3	1	308	1	0	0	1644	3747	96	50	-1	
4	1	308	1	1	0	1644	3747	96	50	-1	
5	1	308	1	1	1	1644	3747	96	50	47.335869	oes
2	1	309	0	0	0	2594	3805	7	5	-1	
3	1	309	1	0	0	2594	3805	7	5	-1	
4	1	309	1	1	0	2594	3805	7	5	-1	
5	1	309	1	1	1	2594	3805	7	5	0.000000	.
2	1	310	0	0	0	938	3805	54	14	-1	
3	1	310	1	0	0	938	3805	54	14	-1	
4	1	310	1	1	0	938	3805	54	14	-1	
5	1	310	1	1	1	938	3805	54	14	91.617592	SMCK
2	1	311	0	0	0	1223	3817	38	12	-1	
3	1	311	1	0	0	1223	3817	38	12	-1	
4	1	311	1	1	0	1223	3817	38	12	-1	
5	1	311	1	1	1	1223	3817	38	12	60.196491	ov
2	1	312	0	0	0	1323	3804	42	14	-1	
3	1	312	1	0	0	1323	3804	42	14	-1	
4	1	312	1	1	0	1323	3804	42	14	-1	
5	1	312	1	1	1	1323	3804	42	14	83.200928	ea
2	1	313	0	0	0	1324	3818	41	14	-1	
3	1	313	1	0	0	1324	3818	41	14	-1	
4	1	313	1	1	0	1324	3818	41	14	-1	
5	1	313	1	1	1	1324	3818	41	14	74.761887	aa
2	1	314	0	0	0	1448	3816	42	15	-1	
3	1	314	1	0	0	1448	3816	42	15	-1	
4	1	314	1	1	0	1448	3816	42	15	-1	
5	1	314	1	1	1	1448	3816	42	15	65.668884	20
2	1	315	0	0	0	2716	3787	87	33	-1	
3	1	315	1	0	0	2716	3787	87	33	-1	
4	1	315	1	1	0	2716	3787	87	33	-1	
5	1	315	1	1	1	2716	3787	87	33	46.214451	ans
2	1	316	0	0	0	1223	3837	34	15	-1	
3	1	316	1	0	0	1223	3837	34	15	-1	
4	1	316	1	1	0	1223	3837	34	15	-1	
5	1	316	1	1	1	1223	3837	34	15	71.990219	290
2	1	317	0	0	0	1323	3831	38	11	-1	
3	1	317	1	0	0	1323	3831	38	11	-1	
4	1	317	1	1	0	1323	3831	38	11	-1	
5	1	317	1	1	1	1323	3831	38	11	54.110176	Ox
2	1	318	0	0	0	1324	3844	37	11	-1	
3	1	318	1	0	0	1324	3844	37	11	-1	
4	1	318	1	1	0	1324	3844	37	11	-1	
5	1	318	1	1	1	1324	3844	37	11	72.088745	a2
2	1	319	0	0	0	1642	3822	43	13	-1	
3	1	319	1	0	0	1642	3822	43	13	-1	
4	1	319	1	1	0	1642	3822	43	13	-1	
5	1	319	1	1	1	1642	3822	43	13	86.758438	an
2	1	320	0	0	0	1220	3850	37	15	-1	
3	1	320	1	0	0	1220	3850	37	15	-1	
4	1	320	1	1	0	1220	3850	37	15	-1	
5	1	320	1	1	1	1220	3850	37	15	30.173935	a6
2	1	321	0	0	0	1324	3853	37	13	-1	
3	1	321	1	0	0	1324	3853	37	13	-1	
4	1	321	1	1	0	1324	3853	37	13	-1	
5	1	321	1	1	1	1324	3853	37	13	84.816803	Do
2	1	322	0	0	0	2661	3826	88	36	-1	
3	1	322	1	0	0	2661	3826	88	36	-1	
4	1	322	1	1	0	2661	3826	88	36	-1	
5	1	322	1	1	1	2661	3826	88	36	19.651192	ron”)
2	1	323	0	0	0	733	3832	311	58	-1	
3	1	323	1	0	0	733	3832	311	58	-1	
4	1	323	1	1	0	733	3832	311	58	-1	
5	1	323	1	1	1	733	3835	31	33	91.073639	L
5	1	323	1	1	2	791	3849	38	15	69.528343	roe
5	1	323	1	1	3	858	3832	186	58	4.267670	+}
2	1	324	0	0	0	1323	3865	38	20	-1	
3	1	324	1	0	0	1323	3865	38	20	-1	
4	1	324	1	1	0	1323	3865	38	20	-1	
5	1	324	1	1	1	1323	3865	38	20	19.367645	o°
2	1	325	0	0	0	1447	3867	38	12	-1	
3	1	325	1	0	0	1447	3867	38	12	-1	
4	1	325	1	1	0	1447	3867	38	12	-1	
5	1	325	1	1	1	1447	3867	38	12	62.280312	oD
2	1	326	0	0	0	2716	3874	87	30	-1	
3	1	326	1	0	0	2716	3874	87	30	-1	
4	1	326	1	1	0	2716	3874	87	30	-1	
5	1	326	1	1	1	2716	3874	87	30	60.355827	7m
2	1	327	0	0	0	1244	3879	43	49	-1	
3	1	327	1	0	0	1244	3879	43	49	-1	
4	1	327	1	1	0	1244	3879	43	49	-1	
5	1	327	1	1	1	1244	3879	43	49	0.000000	ce
2	1	328	0	0	0	1443	3873	126	56	-1	
3	1	328	1	0	0	1443	3873	126	56	-1	
4	1	328	1	1	0	1443	3873	126	56	-1	
5	1	328	1	1	1	1443	3873	16	28	0.000000	EE
5	1	328	1	1	2	1472	3877	97	52	4.277634	a
2	1	329	0	0	0	1730	3863	8	77	-1	
3	1	329	1	0	0	1730	3863	8	77	-1	
4	1	329	1	1	0	1730	3863	8	77	-1	
5	1	329	1	1	1	1730	3863	8	77	86.506744	|
2	1	330	0	0	0	2033	3925	42	14	-1	
3	1	330	1	0	0	2033	3925	42	14	-1	
4	1	330	1	1	0	2033	3925	42	14	-1	
5	1	330	1	1	1	2033	3925	42	14	49.396328	av
2	1	331	0	0	0	2716	3902	87	41	-1	
3	1	331	1	0	0	2716	3902	87	41	-1	
4	1	331	1	1	0	2716	3902	87	41	-1	
5	1	331	1	1	1	2716	3902	87	41	90.153534	r=
2	1	332	0	0	0	2033	3940	42	7	-1	
3	1	332	1	0	0	2033	3940	42	7	-1	
4	1	332	1	1	0	2033	3940	42	7	-1	
5	1	332	1	1	1	2033	3940	42	7	16.305374	sv
2	1	333	0	0	0	2034	3947	37	17	-1	
3	1	333	1	0	0	2034	3947	37	17	-1	
4	1	333	1	1	0	2034	3947	37	17	-1	
5	1	333	1	1	1	2034	3947	37	17	31.195534	sec
2	1	334	0	0	0	2033	3961	38	16	-1	
3	1	334	1	0	0	2033	3961	38	16	-1	
4	1	334	1	1	0	2033	3961	38	16	-1	
5	1	334	1	1	1	2033	3961	38	16	58.972046	a2
2	1	335	0	0	0	1029	3973	49	19	-1	
3	1	335	1	0	0	1029	3973	49	19	-1	
4	1	335	1	1	0	1029	3973	49	19	-1	
5	1	335	1	1	1	1029	3973	49	19	13.297188	oO
2	1	336	0	0	0	1109	4010	42	17	-1	
3	1	336	1	0	0	1109	4010	42	17	-1	
4	1	336	1	1	0	1109	4010	42	17	-1	
5	1	336	1	1	1	1109	4010	42	17	28.686920	ee)
2	1	337	0	0	0	1620	3905	54	113	-1	
3	1	337	1	0	0	1620	3905	54	113	-1	
4	1	337	1	1	0	1620	3905	54	113	-1	
5	1	337	1	1	1	1620	3905	54	113	19.408691	Hf
2	1	338	0	0	0	1004	4011	91	32	-1	
3	1	338	1	0	0	1004	4011	91	32	-1	
4	1	338	1	1	0	1004	4011	91	32	-1	
5	1	338	1	1	1	1004	4007	35	46	0.000000	<3.
5	1	338	1	1	2	1046	4007	50	46	0.000000	@and
2	1	339	0	0	0	1193	4031	38	14	-1	
3	1	339	1	0	0	1193	4031	38	14	-1	
4	1	339	1	1	0	1193	4031	38	14	-1	
5	1	339	1	1	1	1193	4031	38	14	72.388565	ic
5	1	339	1	1	2	1220	4027	15	25	21.851738	@
2	1	340	0	0	0	1108	4044	42	21	-1	
3	1	340	1	0	0	1108	4044	42	21	-1	
4	1	340	1	1	0	1108	4044	42	21	-1	
5	1	340	1	1	1	1108	4044	42	21	39.478676	3c
2	1	341	0	0	0	859	4081	41	13	-1	
3	1	341	1	0	0	859	4081	41	13	-1	
4	1	341	1	1	0	859	4081	41	13	-1	
5	1	341	1	1	1	859	4081	41	13	66.851387	rez
2	1	342	0	0	0	859	4094	68	18	-1	
3	1	342	1	0	0	859	4094	68	18	-1	
4	1	342	1	1	0	859	4094	68	18	-1	
5	1	342	1	1	1	859	4094	68	18	59.219315	Cog
2	1	343	0	0	0	1703	4082	34	26	-1	
3	1	343	1	0	0	1703	4082	34	26	-1	
4	1	343	1	1	0	1703	4082	34	26	-1	
5	1	343	1	1	1	1703	4082	34	26	33.563416	OL
2	1	344	0	0	0	3042	4056	197	63	-1	
3	1	344	1	0	0	3042	4056	197	63	-1	
4	1	344	1	1	0	3042	4056	197	63	-1	
5	1	344	1	1	1	3042	4056	197	63	65.156342	—
2	1	345	0	0	0	886	4124	41	15	-1	
3	1	345	1	0	0	886	4124	41	15	-1	
4	1	345	1	1	0	886	4124	41	15	-1	
5	1	345	1	1	1	886	4124	41	15	37.419426	xD
2	1	346	0	0	0	1703	4114	34	24	-1	
3	1	346	1	0	0	1703	4114	34	24	-1	
4	1	346	1	1	0	1703	4114	34	24	-1	
5	1	346	1	1	1	1703	4114	34	24	15.780556	oL
2	1	347	0	0	0	1397	3957	53	225	-1	
3	1	347	1	0	0	1397	3957	53	225	-1	
4	1	347	1	1	0	1397	3957	53	225	-1	
5	1	347	1	1	1	1397	3957	53	225	91.029823	|
2	1	348	0	0	0	1704	4137	33	32	-1	
3	1	348	1	0	0	1704	4137	33	32	-1	
4	1	348	1	1	0	1704	4137	33	32	-1	
5	1	348	1	1	1	1704	4137	33	32	47.019539	ai
2	1	349	0	0	0	1158	4197	43	10	-1	
3	1	349	1	0	0	1158	4197	43	10	-1	
4	1	349	1	1	0	1158	4197	43	10	-1	
5	1	349	1	1	1	1158	4197	43	10	50.523300	lw
2	1	350	0	0	0	1255	4179	40	11	-1	
3	1	350	1	0	0	1255	4179	40	11	-1	
4	1	350	1	1	0	1255	4179	40	11	-1	
5	1	350	1	1	1	1255	4179	40	11	49.598801	On0
2	1	351	0	0	0	1442	4179	47	11	-1	
3	1	351	1	0	0	1442	4179	47	11	-1	
4	1	351	1	1	0	1442	4179	47	11	-1	
5	1	351	1	1	1	1442	4179	47	11	37.915337	Om)
2	1	352	0	0	0	1550	4180	61	11	-1	
3	1	352	1	0	0	1550	4180	61	11	-1	
4	1	352	1	1	0	1550	4180	61	11	-1	
5	1	352	1	1	1	1550	4172	22	28	38.472015	Ou
5	1	352	1	1	2	1583	4172	28	28	82.713150	am
2	1	353	0	0	0	1266	4212	60	10	-1	
3	1	353	1	0	0	1266	4212	60	10	-1	
4	1	353	1	1	0	1266	4212	60	10	-1	
5	1	353	1	1	1	1266	4213	10	2	14.882645	—
5	1	353	1	1	2	1287	4212	39	10	39.177074	frou
2	1	354	0	0	0	2417	4214	31	12	-1	
3	1	354	1	0	0	2417	4214	31	12	-1	
4	1	354	1	1	0	2417	4214	31	12	-1	
5	1	354	1	1	1	2417	4214	31	12	90.733139	On
2	1	355	0	0	0	1136	4210	64	41	-1	
3	1	355	1	0	0	1136	4210	64	41	-1	
4	1	355	1	1	0	1136	4210	64	41	-1	
5	1	355	1	1	1	1136	4210	64	41	41.761154	|e
2	1	356	0	0	0	2418	4238	30	13	-1	
3	1	356	1	0	0	2418	4238	30	13	-1	
4	1	356	1	1	0	2418	4238	30	13	-1	
5	1	356	1	1	1	2418	4238	30	13	42.976833	an
2	1	357	0	0	0	1254	4248	42	15	-1	
3	1	357	1	0	0	1254	4248	42	15	-1	
4	1	357	1	1	0	1254	4248	42	15	-1	
5	1	357	1	1	1	1254	4248	42	15	0.000000	f=
2	1	358	0	0	0	1254	4263	42	13	-1	
3	1	358	1	0	0	1254	4263	42	13	-1	
4	1	358	1	1	0	1254	4263	42	13	-1	
5	1	358	1	1	1	1254	4263	42	13	71.335793	mm
2	1	359	0	0	0	2334	4248	95	32	-1	
3	1	359	1	0	0	2334	4248	95	32	-1	
4	1	359	1	1	0	2334	4248	95	32	-1	
5	1	359	1	1	1	2334	4248	95	32	36.893307	|,
5	1	359	1	1	2	2402	4244	32	46	47.337570	4
2	1	360	0	0	0	875	4287	596	64	-1	
3	1	360	1	0	0	875	4287	679	64	-1	
4	1	360	1	1	0	875	4287	596	64	-1	
5	1	360	1	1	1	875	4308	68	43	0.000000	(((
5	1	360	1	1	2	1043	4312	246	26	48.800690	TT
5	1	360	1	1	3	1354	4287	117	52	26.760475	a
2	1	361	0	0	0	2444	4320	125	14	-1	
3	1	361	1	0	0	2444	4320	125	14	-1	
4	1	361	1	1	0	2444	4320	125	14	-1	
5	1	361	1	1	1	2444	4320	125	14	2.419388	YVuynnn
2	1	362	0	0	0	2721	4324	15	10	-1	
3	1	362	1	0	0	2721	4324	15	10	-1	
4	1	362	1	1	0	2721	4324	15	10	-1	
5	1	362	1	1	1	2721	4324	15	10	74.721519	ow
2	1	363	0	0	0	2802	4334	43	10	-1	
3	1	363	1	0	0	2802	4334	43	10	-1	
4	1	363	1	1	0	2802	4334	43	10	-1	
5	1	363	1	1	1	2802	4334	43	10	66.219971	n=
2	1	364	0	0	0	2757	4348	152	64	-1	
3	1	364	1	0	0	2757	4348	152	64	-1	
4	1	364	1	1	0	2757	4348	152	64	-1	
5	1	364	1	1	1	2757	4348	152	64	49.316338	et
2	1	365	0	0	0	1353	4341	127	102	-1	
3	1	365	1	0	0	1353	4341	127	102	-1	
4	1	365	1	1	0	1353	4341	127	102	-1	
5	1	365	1	1	1	1353	4341	57	102	0.000000	—
2	1	366	0	0	0	2472	4430	93	11	-1	
3	1	366	1	0	0	2472	4430	93	11	-1	
4	1	366	1	1	0	2472	4430	93	11	-1	
5	1	366	1	1	1	2472	4430	93	11	3.875038	e9o990
2	1	367	0	0	0	893	4444	39	14	-1	
3	1	367	1	0	0	893	4444	39	14	-1	
4	1	367	1	1	0	893	4444	39	14	-1	
5	1	367	1	1	1	893	4444	39	14	91.983925	z=
2	1	368	0	0	0	2472	4456	93	12	-1	
3	1	368	1	0	0	2472	4456	93	12	-1	
4	1	368	1	1	0	2472	4456	93	12	-1	
5	1	368	1	1	1	2472	4456	93	12	47.625099	43455
2	1	369	0	0	0	2472	4443	93	11	-1	
3	1	369	1	0	0	2472	4443	93	11	-1	
4	1	369	1	1	0	2472	4443	93	11	-1	
5	1	369	1	1	1	2472	4443	93	11	20.634964	Zzzzz
2	1	370	0	0	0	893	4473	39	12	-1	
3	1	370	1	0	0	893	4473	39	12	-1	
4	1	370	1	1	0	893	4473	39	12	-1	
5	1	370	1	1	1	893	4473	39	12	0.000000	cD
2	1	371	0	0	0	893	4459	40	13	-1	
3	1	371	1	0	0	893	4459	40	13	-1	
4	1	371	1	1	0	893	4459	40	13	-1	
5	1	371	1	1	1	893	4459	40	13	66.210632	ao
2	1	372	0	0	0	2472	4470	93	12	-1	
3	1	372	1	0	0	2472	4470	93	12	-1	
4	1	372	1	1	0	2472	4470	93	12	-1	
5	1	372	1	1	1	2472	4463	17	28	11.270561	—~
5	1	372	1	1	2	2499	4470	66	12	10.527000	NOD
2	1	373	0	0	0	893	4488	40	11	-1	
3	1	373	1	0	0	893	4488	40	11	-1	
4	1	373	1	1	0	893	4488	40	11	-1	
5	1	373	1	1	1	893	4488	40	11	46.944588	xa
2	1	374	0	0	0	2318	4423	56	83	-1	
3	1	374	1	0	0	2318	4423	56	83	-1	
4	1	374	1	1	0	2318	4423	56	83	-1	
5	1	374	1	1	1	2318	4423	56	83	86.647507	H
2	1	375	0	0	0	1799	4526	52	11	-1	
3	1	375	1	0	0	1799	4526	52	11	-1	
4	1	375	1	1	0	1799	4526	52	11	-1	
5	1	375	1	1	1	1799	4526	52	11	35.458405	Oo
2	1	376	0	0	0	2493	4492	80	38	-1	
3	1	376	1	0	0	2493	4492	80	38	-1	
4	1	376	1	1	0	2493	4492	80	38	-1	
5	1	376	1	1	1	2493	4492	80	38	52.807251	TIL.
2	1	377	0	0	0	1717	4541	31	12	-1	
3	1	377	1	0	0	1717	4541	31	12	-1	
4	1	377	1	1	0	1717	4541	31	12	-1	
5	1	377	1	1	1	1717	4541	31	12	93.175598	OO
2	1	378	0	0	0	1777	4541	64	12	-1	
3	1	378	1	0	0	1777	4541	64	12	-1	
4	1	378	1	1	0	1777	4541	64	12	-1	
5	1	378	1	1	1	1777	4541	64	12	0.000000	O/O=O!
2	1	379	0	0	0	1878	4542	45	11	-1	
3	1	379	1	0	0	1878	4542	45	11	-1	
4	1	379	1	1	0	1878	4542	45	11	-1	
5	1	379	1	1	1	1878	4542	45	11	7.736649	OO
2	1	380	0	0	0	905	4572	38	10	-1	
3	1	380	1	0	0	905	4572	38	10	-1	
4	1	380	1	1	0	905	4572	38	10	-1	
5	1	380	1	1	1	905	4572	38	10	0.000000	nojro
2	1	381	0	0	0	1353	4519	127	82	-1	
3	1	381	1	0	0	1353	4519	127	82	-1	
4	1	381	1	1	0	1353	4519	127	82	-1	
5	1	381	1	1	1	1353	4519	127	82	60.082355	ie
2	1	382	0	0	0	1871	4568	11	23	-1	
3	1	382	1	0	0	1871	4568	11	23	-1	
4	1	382	1	1	0	1871	4568	11	23	-1	
5	1	382	1	1	1	1871	4568	11	23	26.635910	Es
2	1	383	0	0	0	963	4601	123	8	-1	
3	1	383	1	0	0	963	4601	123	8	-1	
4	1	383	1	1	0	963	4601	123	8	-1	
5	1	383	1	1	1	963	4601	123	8	26.544937	_—
5	1	383	1	1	2	1008	4590	24	28	34.830322	oo
5	1	383	1	1	3	1057	4590	33	28	52.903217	=
2	1	384	0	0	0	1148	4601	173	8	-1	
3	1	384	1	0	0	1148	4601	173	8	-1	
4	1	384	1	1	0	1148	4601	173	8	-1	
5	1	384	1	1	1	1148	4601	34	8	66.100266	—
5	1	384	1	1	2	1197	4590	31	28	40.230171	oe
5	1	384	1	1	3	1244	4590	26	28	31.881401	a=
5	1	384	1	1	4	1284	4590	37	28	52.959251	oe
2	1	385	0	0	0	1669	4593	65	17	-1	
3	1	385	1	0	0	1669	4593	65	17	-1	
4	1	385	1	1	0	1669	4593	65	17	-1	
5	1	385	1	1	1	1669	4593	65	17	61.492428	220
2	1	386	0	0	0	1951	4583	49	37	-1	
3	1	386	1	0	0	1951	4583	49	37	-1	
4	1	386	1	1	0	1951	4583	49	37	-1	
5	1	386	1	1	1	1951	4583	49	37	29.137405	[*
2	1	387	0	0	0	1616	4605	118	24	-1	
3	1	387	1	0	0	1616	4605	118	24	-1	
4	1	387	1	1	0	1616	4605	118	24	-1	
5	1	387	1	1	1	1616	4605	118	24	46.359005	esas
2	1	388	0	0	0	1641	4629	88	16	-1	
3	1	388	1	0	0	1641	4629	88	16	-1	
4	1	388	1	1	0	1641	4629	88	16	-1	
5	1	388	1	1	1	1641	4629	88	16	0.000000	cTUaT
2	1	389	0	0	0	1692	4626	37	6	-1	
3	1	389	1	0	0	1692	4626	37	6	-1	
4	1	389	1	1	0	1692	4626	37	6	-1	
5	1	389	1	1	1	1692	4626	37	6	79.088020	==
2	1	390	0	0	0	878	4609	46	39	-1	
3	1	390	1	0	0	878	4609	46	39	-1	
4	1	390	1	1	0	878	4609	46	39	-1	
5	1	390	1	1	1	878	4609	46	39	53.931610	af
2	1	391	0	0	0	1641	4652	88	12	-1	
3	1	391	1	0	0	1641	4652	88	12	-1	
4	1	391	1	1	0	1641	4652	88	12	-1	
5	1	391	1	1	1	1641	4652	88	12	0.000000	DO
2	1	392	0	0	0	1642	4643	37	11	-1	
3	1	392	1	0	0	1642	4643	37	11	-1	
4	1	392	1	1	0	1642	4643	37	11	-1	
5	1	392	1	1	1	1642	4643	37	11	33.375977	sc
2	1	393	0	0	0	881	4679	42	12	-1	
3	1	393	1	0	0	881	4679	42	12	-1	
4	1	393	1	1	0	881	4679	42	12	-1	
5	1	393	1	1	1	881	4679	42	12	0.000000	aU
2	1	394	0	0	0	881	4661	42	17	-1	
3	1	394	1	0	0	881	4661	42	17	-1	
4	1	394	1	1	0	881	4661	42	17	-1	
5	1	394	1	1	1	881	4661	42	17	28.430496	ee)
2	1	395	0	0	0	1375	4676	41	7	-1	
3	1	395	1	0	0	1375	4676	41	7	-1	
4	1	395	1	1	0	1375	4676	41	7	-1	
5	1	395	1	1	1	1375	4676	41	7	61.746544	a=
2	1	396	0	0	0	1374	4697	38	13	-1	
3	1	396	1	0	0	1374	4697	38	13	-1	
4	1	396	1	1	0	1374	4697	38	13	-1	
5	1	396	1	1	1	1374	4697	38	13	48.672203	2d
2	1	397	0	0	0	1374	4684	38	11	-1	
3	1	397	1	0	0	1374	4684	38	11	-1	
4	1	397	1	1	0	1374	4684	38	11	-1	
5	1	397	1	1	1	1374	4684	38	11	65.845840	o5
2	1	398	0	0	0	1691	4692	38	13	-1	
3	1	398	1	0	0	1691	4692	38	13	-1	
4	1	398	1	1	0	1691	4692	38	13	-1	
5	1	398	1	1	1	1691	4692	38	13	20.089005	ome)
2	1	399	0	0	0	1691	4679	38	14	-1	
3	1	399	1	0	0	1691	4679	38	14	-1	
4	1	399	1	1	0	1691	4679	38	14	-1	
5	1	399	1	1	1	1691	4679	38	14	62.432667	Po
2	1	400	0	0	0	1691	4707	41	6	-1	
3	1	400	1	0	0	1691	4707	41	6	-1	
4	1	400	1	1	0	1691	4707	41	6	-1	
5	1	400	1	1	1	1691	4707	41	6	32.976982	=a
2	1	401	0	0	0	1951	4668	49	34	-1	
3	1	401	1	0	0	1951	4668	49	34	-1	
4	1	401	1	1	0	1951	4668	49	34	-1	
5	1	401	1	1	1	1951	4668	49	34	55.622803	'=
2	1	402	0	0	0	881	4694	42	22	-1	
3	1	402	1	0	0	881	4694	42	22	-1	
4	1	402	1	1	0	881	4694	42	22	-1	
5	1	402	1	1	1	881	4694	42	22	32.736694	ac
2	1	403	0	0	0	1374	4712	37	12	-1	
3	1	403	1	0	0	1374	4712	37	12	-1	
4	1	403	1	1	0	1374	4712	37	12	-1	
5	1	403	1	1	1	1374	4712	37	12	69.333878	ac
2	1	404	0	0	0	1374	4725	41	7	-1	
3	1	404	1	0	0	1374	4725	41	7	-1	
4	1	404	1	1	0	1374	4725	41	7	-1	
5	1	404	1	1	1	1374	4725	41	7	24.285217	af
2	1	405	0	0	0	1691	4712	28	11	-1	
3	1	405	1	0	0	1691	4712	28	11	-1	
4	1	405	1	1	0	1691	4712	28	11	-1	
5	1	405	1	1	1	1691	4712	28	11	50.686722	Oo:
2	1	406	0	0	0	1851	4709	42	15	-1	
3	1	406	1	0	0	1851	4709	42	15	-1	
4	1	406	1	1	0	1851	4709	42	15	-1	
5	1	406	1	1	1	1851	4709	42	15	70.362259	an
2	1	407	0	0	0	1851	4722	38	16	-1	
3	1	407	1	0	0	1851	4722	38	16	-1	
4	1	407	1	1	0	1851	4722	38	16	-1	
5	1	407	1	1	1	1851	4722	38	16	26.056564	@o
2	1	408	0	0	0	1850	4735	38	25	-1	
3	1	408	1	0	0	1850	4735	38	25	-1	
4	1	408	1	1	0	1850	4735	38	25	-1	
5	1	408	1	1	1	1850	4735	38	25	18.816521	Sz
2	1	409	0	0	0	2572	4761	42	15	-1	
3	1	409	1	0	0	2572	4761	42	15	-1	
4	1	409	1	1	0	2572	4761	42	15	-1	
5	1	409	1	1	1	2572	4761	42	15	74.016228	au
2	1	410	0	0	0	1119	4768	174	41	-1	
3	1	410	1	0	0	1119	4768	174	41	-1	
4	1	410	1	1	0	1119	4768	174	41	-1	
5	1	410	1	1	1	1115	4764	21	63	70.136208	|
5	1	410	1	1	2	1119	4768	139	41	66.123314	|
5	1	410	1	1	3	1282	4789	11	11	68.865379	of
2	1	411	0	0	0	1763	4802	42	15	-1	
3	1	411	1	0	0	1763	4802	42	15	-1	
4	1	411	1	1	0	1763	4802	42	15	-1	
5	1	411	1	1	1	1763	4802	42	15	70.588699	80
2	1	412	0	0	0	1763	4814	38	16	-1	
3	1	412	1	0	0	1763	4814	38	16	-1	
4	1	412	1	1	0	1763	4814	38	16	-1	
5	1	412	1	1	1	1763	4814	38	16	44.970325	og
2	1	413	0	0	0	1763	4829	41	10	-1	
3	1	413	1	0	0	1763	4829	41	10	-1	
4	1	413	1	1	0	1763	4829	41	10	-1	
5	1	413	1	1	1	1763	4829	41	10	49.024311	a=
2	1	414	0	0	0	2140	4823	37	13	-1	
3	1	414	1	0	0	2140	4823	37	13	-1	
4	1	414	1	1	0	2140	4823	37	13	-1	
5	1	414	1	1	1	2140	4823	37	13	32.483505	=o
2	1	415	0	0	0	2571	4808	39	16	-1	
3	1	415	1	0	0	2571	4808	39	16	-1	
4	1	415	1	1	0	2571	4808	39	16	-1	
5	1	415	1	1	1	2571	4808	39	16	3.437462	25
2	1	416	0	0	0	2572	4826	38	15	-1	
3	1	416	1	0	0	2572	4826	38	15	-1	
4	1	416	1	1	0	2572	4826	38	15	-1	
5	1	416	1	1	1	2572	4826	38	15	84.563538	oo
2	1	417	0	0	0	1763	4839	38	11	-1	
3	1	417	1	0	0	1763	4839	38	11	-1	
4	1	417	1	1	0	1763	4839	38	11	-1	
5	1	417	1	1	1	1763	4839	38	11	6.602310	=f
2	1	418	0	0	0	1871	4822	12	38	-1	
3	1	418	1	0	0	1871	4822	12	38	-1	
4	1	418	1	1	0	1871	4822	12	38	-1	
5	1	418	1	1	1	1871	4822	12	38	0.000000	:
2	1	419	0	0	0	1921	4814	38	33	-1	
3	1	419	1	0	0	1921	4814	38	33	-1	
4	1	419	1	1	0	1921	4814	38	33	-1	
5	1	419	1	1	1	1921	4814	38	33	84.074043	au
2	1	420	0	0	0	2139	4845	38	14	-1	
3	1	420	1	0	0	2139	4845	38	14	-1	
4	1	420	1	1	0	2139	4845	38	14	-1	
5	1	420	1	1	1	2139	4845	38	14	69.982300	ao
2	1	421	0	0	0	2572	4839	37	11	-1	
3	1	421	1	0	0	2572	4839	37	11	-1	
4	1	421	1	1	0	2572	4839	37	11	-1	
5	1	421	1	1	1	2572	4839	37	11	74.713791	20
2	1	422	0	0	0	1367	4874	67	19	-1	
3	1	422	1	0	0	1367	4874	67	19	-1	
4	1	422	1	1	0	1367	4874	67	19	-1	
5	1	422	1	1	1	1367	4874	67	19	16.355064	oad
2	1	423	0	0	0	1784	4900	10	10	-1	
3	1	423	1	0	0	1784	4900	10	10	-1	
4	1	423	1	1	0	1784	4900	10	10	-1	
5	1	423	1	1	1	1784	4900	10	10	0.000000	%
2	1	424	0	0	0	993	4835	87	88	-1	
3	1	424	1	0	0	993	4835	87	88	-1	
4	1	424	1	1	0	993	4835	87	88	-1	
5	1	424	1	1	1	993	4835	87	88	22.807701	ie
2	1	425	0	0	0	1367	4915	66	11	-1	
3	1	425	1	0	0	1367	4915	66	11	-1	
4	1	425	1	1	0	1367	4915	66	11	-1	
5	1	425	1	1	1	1367	4916	10	6	12.750336	i
5	1	425	1	1	2	1395	4904	10	28	54.845795	Oo
2	1	426	0	0	0	1392	4892	42	22	-1	
3	1	426	1	0	0	1392	4892	42	22	-1	
4	1	426	1	1	0	1392	4892	42	22	-1	
5	1	426	1	1	1	1392	4892	42	22	46.080761	gs
2	1	427	0	0	0	1920	4886	39	35	-1	
3	1	427	1	0	0	1920	4886	39	35	-1	
4	1	427	1	1	0	1920	4886	39	35	-1	
5	1	427	1	1	1	1920	4886	39	35	30.612495	“Tt
2	1	428	0	0	0	2081	4935	42	14	-1	
3	1	428	1	0	0	2081	4935	42	14	-1	
4	1	428	1	1	0	2081	4935	42	14	-1	
5	1	428	1	1	1	2081	4935	42	14	2.827873	eu
2	1	429	0	0	0	2081	4947	38	12	-1	
3	1	429	1	0	0	2081	4947	38	12	-1	
4	1	429	1	1	0	2081	4947	38	12	-1	
5	1	429	1	1	1	2081	4947	38	12	63.548241	on
2	1	430	0	0	0	2082	4959	38	12	-1	
3	1	430	1	0	0	2082	4959	38	12	-1	
4	1	430	1	1	0	2082	4959	38	12	-1	
5	1	430	1	1	1	2082	4959	38	12	70.167152	=.
2	1	431	0	0	0	1772	4960	43	33	-1	
3	1	431	1	0	0	1772	4960	43	33	-1	
4	1	431	1	1	0	1772	4960	43	33	-1	
5	1	431	1	1	1	1772	4960	43	33	52.728462	5g
2	1	432	0	0	0	1854	4978	37	12	-1	
3	1	432	1	0	0	1854	4978	37	12	-1	
4	1	432	1	1	0	1854	4978	37	12	-1	
5	1	432	1	1	1	1854	4978	37	12	61.139961	xO
2	1	433	0	0	0	1854	4959	41	20	-1	
3	1	433	1	0	0	1854	4959	41	20	-1	
4	1	433	1	1	0	1854	4959	41	20	-1	
5	1	433	1	1	1	1854	4959	41	20	52.629925	f=
2	1	434	0	0	0	2876	4957	362	26	-1	
3	1	434	1	0	0	2876	4957	362	26	-1	
4	1	434	1	1	0	2876	4957	362	26	-1	
5	1	434	1	1	1	2876	4957	362	26	33.824280	ee
2	1	435	0	0	0	975	5000	38	11	-1	
3	1	435	1	0	0	975	5000	38	11	-1	
4	1	435	1	1	0	975	5000	38	11	-1	
5	1	435	1	1	1	971	4991	19	28	31.997017	im
5	1	435	1	1	2	1001	5000	12	11	72.789948	O
2	1	436	0	0	0	975	4983	42	18	-1	
3	1	436	1	0	0	975	4983	42	18	-1	
4	1	436	1	1	0	975	4983	42	18	-1	
5	1	436	1	1	1	975	4979	17	28	37.526352	ao
5	1	436	1	1	2	1003	4983	14	15	88.551758	>
2	1	437	0	0	0	1394	4993	39	15	-1	
3	1	437	1	0	0	1394	4993	39	15	-1	
4	1	437	1	1	0	1394	4993	39	15	-1	
5	1	437	1	1	1	1394	4993	39	15	88.903419	>D
2	1	438	0	0	0	975	5025	37	13	-1	
3	1	438	1	0	0	975	5025	37	13	-1	
4	1	438	1	1	0	975	5025	37	13	-1	
5	1	438	1	1	1	975	5025	37	13	55.372353	Te
2	1	439	0	0	0	975	5010	38	14	-1	
3	1	439	1	0	0	975	5010	38	14	-1	
4	1	439	1	1	0	975	5010	38	14	-1	
5	1	439	1	1	1	975	5010	38	14	35.827179	oa
2	1	440	0	0	0	1392	5024	43	19	-1	
3	1	440	1	0	0	1392	5024	43	19	-1	
4	1	440	1	1	0	1392	5024	43	19	-1	
5	1	440	1	1	1	1392	5024	43	19	23.031494	ge
2	1	441	0	0	0	1740	4959	18	83	-1	
3	1	441	1	0	0	1740	4959	18	83	-1	
4	1	441	1	1	0	1740	4959	18	83	-1	
5	1	441	1	1	1	1740	4959	18	83	23.668167	:
2	1	442	0	0	0	1392	5047	42	12	-1	
3	1	442	1	0	0	1392	5047	42	12	-1	
4	1	442	1	1	0	1392	5047	42	12	-1	
5	1	442	1	1	1	1392	5047	42	12	24.097794	®
2	1	443	0	0	0	2646	5059	15	24	-1	
3	1	443	1	0	0	2646	5059	15	24	-1	
4	1	443	1	1	0	2646	5059	15	24	-1	
5	1	443	1	1	1	2646	5059	15	24	0.932678	g
2	1	444	0	0	0	2531	5016	72	89	-1	
3	1	444	1	0	0	2531	5016	72	89	-1	
4	1	444	1	1	0	2531	5016	72	89	-1	
5	1	444	1	1	1	2531	5016	72	89	13.799454	_
2	1	445	0	0	0	1616	5086	343	26	-1	
3	1	445	1	0	0	1616	5086	343	26	-1	
4	1	445	1	1	0	1616	5086	343	26	-1	
5	1	445	1	1	1	1616	5086	343	26	37.485447	[ne
5	1	445	1	1	2	1956	5082	7	39	90.226837	|
2	1	446	0	0	0	921	5124	47	15	-1	
3	1	446	1	0	0	921	5124	47	15	-1	
4	1	446	1	1	0	921	5124	47	15	-1	
5	1	446	1	1	1	921	5124	47	15	62.443359	ao
2	1	447	0	0	0	925	5138	38	11	-1	
3	1	447	1	0	0	925	5138	38	11	-1	
4	1	447	1	1	0	925	5138	38	11	-1	
5	1	447	1	1	1	925	5138	13	11	11.138550	O
5	1	447	1	1	2	950	5141	13	3	95.616623	=
2	1	448	0	0	0	2045	5101	49	48	-1	
3	1	448	1	0	0	2045	5101	49	48	-1	
4	1	448	1	1	0	2045	5101	49	48	-1	
5	1	448	1	1	1	2045	5101	18	35	44.156830	[
5	1	448	1	1	2	2076	5124	18	25	16.161919	r
2	1	449	0	0	0	925	5147	38	17	-1	
3	1	449	1	0	0	925	5147	38	17	-1	
4	1	449	1	1	0	925	5147	38	17	-1	
5	1	449	1	1	1	925	5147	38	17	86.386414	33
2	1	450	0	0	0	1145	5148	38	17	-1	
3	1	450	1	0	0	1145	5148	38	17	-1	
4	1	450	1	1	0	1145	5148	38	17	-1	
5	1	450	1	1	1	1145	5148	38	17	86.486679	3<
2	1	451	0	0	0	925	5165	37	11	-1	
3	1	451	1	0	0	925	5165	37	11	-1	
4	1	451	1	1	0	925	5165	37	11	-1	
5	1	451	1	1	1	925	5165	37	11	87.198074	a=
2	1	452	0	0	0	925	5173	38	13	-1	
3	1	452	1	0	0	925	5173	38	13	-1	
4	1	452	1	1	0	925	5173	38	13	-1	
5	1	452	1	1	1	925	5173	38	13	43.161083	a5
2	1	453	0	0	0	1145	5178	38	9	-1	
3	1	453	1	0	0	1145	5178	38	9	-1	
4	1	453	1	1	0	1145	5178	38	9	-1	
5	1	453	1	1	1	1145	5178	38	9	71.052696	ao
2	1	454	0	0	0	2710	5068	134	116	-1	
3	1	454	1	0	0	2710	5068	134	116	-1	
4	1	454	1	1	0	2710	5068	134	116	-1	
5	1	454	1	1	1	2710	5068	134	116	28.179207	L..
2	1	455	0	0	0	925	5187	37	11	-1	
3	1	455	1	0	0	925	5187	37	11	-1	
4	1	455	1	1	0	925	5187	37	11	-1	
5	1	455	1	1	1	925	5187	37	11	38.290806	20
2	1	456	0	0	0	1145	5200	38	12	-1	
3	1	456	1	0	0	1145	5200	38	12	-1	
4	1	456	1	1	0	1145	5200	38	12	-1	
5	1	456	1	1	1	1145	5200	38	12	40.268497	a9
2	1	457	0	0	0	1145	5291	38	12	-1	
3	1	457	1	0	0	1145	5291	38	12	-1	
4	1	457	1	1	0	1145	5291	38	12	-1	
5	1	457	1	1	1	1145	5291	38	12	92.842987	ac
2	1	458	0	0	0	1145	5310	38	14	-1	
3	1	458	1	0	0	1145	5310	38	14	-1	
4	1	458	1	1	0	1145	5310	38	14	-1	
5	1	458	1	1	1	1145	5310	38	14	5.704987	2a
2	1	459	0	0	0	1145	5304	41	7	-1	
3	1	459	1	0	0	1145	5304	41	7	-1	
4	1	459	1	1	0	1145	5304	41	7	-1	
5	1	459	1	1	1	1145	5304	41	7	77.996109	25
2	1	460	0	0	0	1144	5327	38	15	-1	
3	1	460	1	0	0	1144	5327	38	15	-1	
4	1	460	1	1	0	1144	5327	38	15	-1	
5	1	460	1	1	1	1144	5327	38	15	92.200615	oc
2	1	461	0	0	0	2570	5311	87	30	-1	
3	1	461	1	0	0	2570	5311	87	30	-1	
4	1	461	1	1	0	2570	5311	87	30	-1	
5	1	461	1	1	1	2570	5311	87	30	44.165138	Ov
2	1	462	0	0	0	2570	5344	88	32	-1	
3	1	462	1	0	0	2570	5344	88	32	-1	
4	1	462	1	1	0	2570	5344	88	32	-1	
5	1	462	1	1	1	2570	5345	34	31	85.961258	>
5	1	462	1	1	2	2625	5340	33	42	42.086227	mM
2	1	463	0	0	0	2515	5375	143	40	-1	
3	1	463	1	0	0	2515	5375	143	40	-1	
4	1	463	1	1	0	2515	5375	143	40	-1	
5	1	463	1	1	1	2515	5375	143	40	42.202393	oars
2	1	464	0	0	0	802	5415	122	15	-1	
3	1	464	1	0	0	802	5415	122	15	-1	
4	1	464	1	1	0	802	5415	122	15	-1	
5	1	464	1	1	1	802	5415	38	13	45.329895	ae
5	1	464	1	1	2	849	5411	21	26	57.599724	aw
5	1	464	1	1	3	883	5419	41	11	7.482285	an)
2	1	465	0	0	0	1059	5419	38	11	-1	
3	1	465	1	0	0	1059	5419	38	11	-1	
4	1	465	1	1	0	1059	5419	38	11	-1	
5	1	465	1	1	1	1059	5419	38	11	21.699486	=O
2	1	466	0	0	0	1131	5405	351	24	-1	
3	1	466	1	0	0	1131	5405	351	24	-1	
4	1	466	1	1	0	1131	5405	351	24	-1	
5	1	466	1	1	1	1131	5420	17	8	58.906803	=
5	1	466	1	1	2	1160	5418	11	11	58.906803	©
5	1	466	1	1	3	1197	5420	215	8	20.659973	a
5	1	466	1	1	4	1475	5405	7	23	91.674194	|
2	1	467	0	0	0	2516	5415	143	32	-1	
3	1	467	1	0	0	2516	5415	143	32	-1	
4	1	467	1	1	0	2516	5415	143	32	-1	
5	1	467	1	1	1	2516	5415	143	32	11.439354	DPO
2	1	468	0	0	0	2515	5451	143	34	-1	
3	1	468	1	0	0	2515	5451	143	34	-1	
4	1	468	1	1	0	2515	5451	143	34	-1	
5	1	468	1	1	1	2515	5451	143	34	31.710030	ouvu-
2	1	469	0	0	0	2570	5483	87	30	-1	
3	1	469	1	0	0	2570	5483	87	30	-1	
4	1	469	1	1	0	2570	5483	87	30	-1	
5	1	469	1	1	1	2570	5483	87	30	56.148056	xm
2	1	470	0	0	0	2515	5519	144	39	-1	
3	1	470	1	0	0	2515	5519	144	39	-1	
4	1	470	1	1	0	2515	5519	144	39	-1	
5	1	470	1	1	1	2515	5519	144	39	18.580467	0°90
2	1	471	0	0	0	2517	5556	143	42	-1	
3	1	471	1	0	0	2517	5556	143	42	-1	
4	1	471	1	1	0	2517	5556	143	42	-1	
5	1	471	1	1	1	2517	5556	143	42	0.000000	=0O0
2	1	472	0	0	0	997	5539	252	99	-1	
3	1	472	1	0	0	997	5539	252	99	-1	
4	1	472	1	1	0	997	5539	252	99	-1	
5	1	472	1	1	1	997	5539	252	99	0.000000	aoe
2	1	473	0	0	0	693	5721	358	23	-1	
3	1	473	1	0	0	693	5721	358	23	-1	
4	1	473	1	1	0	693	5721	358	23	-1	
5	1	473	1	1	1	693	5721	358	23	0.000000	—
2	1	474	0	0	0	2517	5697	143	32	-1	
3	1	474	1	0	0	2517	5697	143	32	-1	
4	1	474	1	1	0	2517	5697	143	32	-1	
5	1	474	1	1	1	2517	5697	143	32	15.260910	m2Z2zO
2	1	475	0	0	0	1171	5759	14	10	-1	
3	1	475	1	0	0	1171	5759	14	10	-1	
4	1	475	1	1	0	1171	5759	14	10	-1	
5	1	475	1	1	1	1171	5759	14	10	30.355728	ro)
2	1	476	0	0	0	2517	5730	142	34	-1	
3	1	476	1	0	0	2517	5730	142	34	-1	
4	1	476	1	1	0	2517	5730	142	34	-1	
5	1	476	1	1	1	2517	5730	142	34	46.070805	DOr
2	1	477	0	0	0	1171	5773	15	9	-1	
3	1	477	1	0	0	1171	5773	15	9	-1	
4	1	477	1	1	0	1171	5773	15	9	-1	
5	1	477	1	1	1	1171	5773	15	9	0.000000	we
2	1	478	0	0	0	1206	5789	155	12	-1	
3	1	478	1	0	0	1206	5789	155	12	-1	
4	1	478	1	1	0	1206	5789	155	12	-1	
5	1	478	1	1	1	1206	5789	50	11	15.965408	=—_
5	1	478	1	1	2	1246	5778	24	28	66.246269	Os
5	1	478	1	1	3	1283	5778	24	28	68.966934	am
5	1	478	1	1	4	1320	5778	41	28	59.120068	an(y
2	1	479	0	0	0	763	5759	388	71	-1	
3	1	479	1	0	0	763	5759	388	71	-1	
4	1	479	1	1	0	763	5759	388	71	-1	
5	1	479	1	1	1	763	5790	202	40	0.000000	ponenn
5	1	479	1	1	2	988	5759	158	69	0.000000	aie
2	1	480	0	0	0	1419	5787	68	31	-1	
3	1	480	1	0	0	1419	5787	68	31	-1	
4	1	480	1	1	0	1419	5787	68	31	-1	
5	1	480	1	1	1	1419	5787	68	31	34.061737	jan.
2	1	481	0	0	0	1405	5838	43	14	-1	
3	1	481	1	0	0	1405	5838	43	14	-1	
4	1	481	1	1	0	1405	5838	43	14	-1	
5	1	481	1	1	1	1405	5838	43	14	39.824539	as}
2	1	482	0	0	0	1406	5849	41	17	-1	
3	1	482	1	0	0	1406	5849	41	17	-1	
4	1	482	1	1	0	1406	5849	41	17	-1	
5	1	482	1	1	1	1406	5849	41	17	63.518654	zs
2	1	483	0	0	0	1231	5868	47	16	-1	
3	1	483	1	0	0	1231	5868	47	16	-1	
4	1	483	1	1	0	1231	5868	47	16	-1	
5	1	483	1	1	1	1231	5868	47	16	62.490700	ea
2	1	484	0	0	0	1235	5882	42	11	-1	
3	1	484	1	0	0	1235	5882	42	11	-1	
4	1	484	1	1	0	1235	5882	42	11	-1	
5	1	484	1	1	1	1235	5882	13	11	69.476479	o
5	1	484	1	1	2	1261	5887	16	3	73.780167	=
2	1	485	0	0	0	1406	5879	38	13	-1	
3	1	485	1	0	0	1406	5879	38	13	-1	
4	1	485	1	1	0	1406	5879	38	13	-1	
5	1	485	1	1	1	1406	5879	38	13	60.892075	oa
2	1	486	0	0	0	1235	5902	38	15	-1	
3	1	486	1	0	0	1235	5902	38	15	-1	
4	1	486	1	1	0	1235	5902	38	15	-1	
5	1	486	1	1	1	1235	5902	38	15	44.062771	6
2	1	487	0	0	0	1235	5892	38	12	-1	
3	1	487	1	0	0	1235	5892	38	12	-1	
4	1	487	1	1	0	1235	5892	38	12	-1	
5	1	487	1	1	1	1235	5892	38	12	0.000000	ao
2	1	488	0	0	0	1406	5891	38	14	-1	
3	1	488	1	0	0	1406	5891	38	14	-1	
4	1	488	1	1	0	1406	5891	38	14	-1	
5	1	488	1	1	1	1406	5891	38	14	77.093826	zo
2	1	489	0	0	0	2443	5888	290	27	-1	
3	1	489	1	0	0	2443	5874	402	41	-1	
4	1	489	1	1	0	2443	5888	290	27	-1	
5	1	489	1	1	1	2443	5891	91	8	16.673584	woe
5	1	489	1	1	2	2590	5888	143	27	36.898579	eee
2	1	490	0	0	0	3157	5946	38	12	-1	
3	1	490	1	0	0	3157	5946	38	12	-1	
4	1	490	1	1	0	3157	5946	38	12	-1	
5	1	490	1	1	1	3157	5946	38	12	83.169426	ao
2	1	491	0	0	0	2284	5882	154	90	-1	
3	1	491	1	0	0	2284	5882	154	90	-1	
4	1	491	1	1	0	2284	5882	154	90	-1	
5	1	491	1	1	1	2284	5882	154	90	53.767109	i
2	1	492	0	0	0	2703	5916	82	60	-1	
3	1	492	1	0	0	2703	5916	82	60	-1	
4	1	492	1	1	0	2703	5916	82	60	-1	
5	1	492	1	1	1	2703	5916	82	60	23.970726	a
2	1	493	0	0	0	2901	5967	35	8	-1	
3	1	493	1	0	0	2901	5967	35	8	-1	
4	1	493	1	1	0	2901	5967	35	8	-1	
5	1	493	1	1	1	2901	5967	35	8	51.920773	—
2	1	494	0	0	0	3157	5988	38	17	-1	
3	1	494	1	0	0	3157	5988	38	17	-1	
4	1	494	1	1	0	3157	5988	38	17	-1	
5	1	494	1	1	1	3157	5988	38	17	66.510307	a®
2	1	495	0	0	0	815	6150	42	10	-1	
3	1	495	1	0	0	815	6150	42	10	-1	
4	1	495	1	1	0	815	6150	42	10	-1	
5	1	495	1	1	1	815	6150	42	10	72.349655	on
2	1	496	0	0	0	1091	6144	42	11	-1	
3	1	496	1	0	0	1091	6144	42	11	-1	
4	1	496	1	1	0	1091	6144	42	11	-1	
5	1	496	1	1	1	1091	6144	42	11	23.114853	Pi
2	1	497	0	0	0	2376	6142	38	17	-1	
3	1	497	1	0	0	2376	6142	38	17	-1	
4	1	497	1	1	0	2376	6142	38	17	-1	
5	1	497	1	1	1	2376	6142	38	17	69.414497	so
2	1	498	0	0	0	816	6162	42	12	-1	
3	1	498	1	0	0	816	6162	42	12	-1	
4	1	498	1	1	0	816	6162	42	12	-1	
5	1	498	1	1	1	816	6162	42	12	44.435226	sD
2	1	499	0	0	0	1091	6163	42	12	-1	
3	1	499	1	0	0	1091	6163	42	12	-1	
4	1	499	1	1	0	1091	6163	42	12	-1	
5	1	499	1	1	1	1091	6163	42	12	31.725357	an
2	1	500	0	0	0	1092	6177	37	3	-1	
3	1	500	1	0	0	1092	6177	37	3	-1	
4	1	500	1	1	0	1092	6177	37	3	-1	
5	1	500	1	1	1	1092	6177	37	3	30.448006	oS
2	1	501	0	0	0	1402	6158	42	11	-1	
3	1	501	1	0	0	1402	6158	42	11	-1	
4	1	501	1	1	0	1402	6158	42	11	-1	
5	1	501	1	1	1	1402	6158	42	11	34.645805	mo)
2	1	502	0	0	0	3143	6169	64	11	-1	
3	1	502	1	0	0	3143	6169	64	11	-1	
4	1	502	1	1	0	3143	6169	64	11	-1	
5	1	502	1	1	1	3143	6169	64	11	0.000000	PH
2	1	503	0	0	0	3143	6155	64	12	-1	
3	1	503	1	0	0	3143	6155	64	12	-1	
4	1	503	1	1	0	3143	6155	64	12	-1	
5	1	503	1	1	1	3143	6155	64	12	42.107864	DUM
2	1	504	0	0	0	816	6182	42	14	-1	
3	1	504	1	0	0	816	6182	42	14	-1	
4	1	504	1	1	0	816	6182	42	14	-1	
5	1	504	1	1	1	816	6182	42	14	60.792118	ae
2	1	505	0	0	0	1091	6183	42	10	-1	
3	1	505	1	0	0	1091	6183	42	10	-1	
4	1	505	1	1	0	1091	6183	42	10	-1	
5	1	505	1	1	1	1091	6183	42	10	70.764938	om
2	1	506	0	0	0	1402	6177	42	14	-1	
3	1	506	1	0	0	1402	6177	42	14	-1	
4	1	506	1	1	0	1402	6177	42	14	-1	
5	1	506	1	1	1	1402	6177	42	14	71.498123	re
2	1	507	0	0	0	2376	6183	66	21	-1	
3	1	507	1	0	0	2376	6183	66	21	-1	
4	1	507	1	1	0	2376	6183	66	21	-1	
5	1	507	1	1	1	2376	6183	66	21	0.000000	so
2	1	508	0	0	0	3143	6197	64	12	-1	
3	1	508	1	0	0	3143	6197	64	12	-1	
4	1	508	1	1	0	3143	6197	64	12	-1	
5	1	508	1	1	1	3143	6197	64	12	48.221939	<GV
2	1	509	0	0	0	3143	6183	64	12	-1	
3	1	509	1	0	0	3143	6183	64	12	-1	
4	1	509	1	1	0	3143	6183	64	12	-1	
5	1	509	1	1	1	3143	6183	64	12	20.500938	roo
2	1	510	0	0	0	1091	6197	43	23	-1	
3	1	510	1	0	0	1091	6197	43	23	-1	
4	1	510	1	1	0	1091	6197	43	23	-1	
5	1	510	1	1	1	1091	6197	43	23	56.743832	es
2	1	511	0	0	0	2401	6205	37	11	-1	
3	1	511	1	0	0	2401	6205	37	11	-1	
4	1	511	1	1	0	2401	6205	37	11	-1	
5	1	511	1	1	1	2401	6205	37	11	71.331032	2s
2	1	512	0	0	0	1098	6428	38	13	-1	
3	1	512	1	0	0	1098	6428	38	13	-1	
4	1	512	1	1	0	1098	6428	38	13	-1	
5	1	512	1	1	1	1098	6428	38	13	63.057495	P<
2	1	513	0	0	0	1098	6416	38	14	-1	
3	1	513	1	0	0	1098	6416	38	14	-1	
4	1	513	1	1	0	1098	6416	38	14	-1	
5	1	513	1	1	1	1098	6416	38	14	27.350754	as)
2	1	514	0	0	0	1098	6442	38	19	-1	
3	1	514	1	0	0	1098	6442	38	19	-1	
4	1	514	1	1	0	1098	6442	38	19	-1	
5	1	514	1	1	1	1098	6442	38	19	30.289261	of
2	1	515	0	0	0	2753	6615	202	26	-1	
3	1	515	1	0	0	2753	6615	202	26	-1	
4	1	515	1	1	0	2753	6615	202	26	-1	
5	1	515	1	1	1	2753	6615	202	26	8.397293	rca?
2	1	516	0	0	0	767	6633	185	27	-1	
3	1	516	1	0	0	767	6633	185	27	-1	
4	1	516	1	1	0	767	6633	185	27	-1	
5	1	516	1	1	1	763	6628	10	37	76.777168	|
5	1	516	1	1	2	767	6633	98	27	0.000000	eon
5	1	516	1	1	3	883	6645	69	12	0.000000	onene
2	1	517	0	0	0	1056	6644	74	11	-1	
3	1	517	1	0	0	1056	6644	74	11	-1	
4	1	517	1	1	0	1056	6644	74	11	-1	
5	1	517	1	1	1	1056	6635	24	28	15.623863	On
5	1	517	1	1	2	1094	6644	36	10	67.511414	=O
2	1	518	0	0	0	1158	6642	294	18	-1	
3	1	518	1	0	0	1158	6642	294	18	-1	
4	1	518	1	1	0	1158	6642	294	18	-1	
5	1	518	1	1	1	1158	6642	38	16	0.000000	0
5	1	518	1	1	2	1212	6638	68	29	27.533920	OO
5	1	518	1	1	3	1297	6642	155	18	49.781109	O00
5	1	518	1	1	4	1419	6638	38	29	54.985039	0"
2	1	519	0	0	0	817	6678	132	14	-1	
3	1	519	1	0	0	817	6678	132	14	-1	
4	1	519	1	1	0	817	6678	132	14	-1	
5	1	519	1	1	1	817	6679	70	11	7.613159	-CM
5	1	519	1	1	2	909	6678	40	14	55.770802	VN
2	1	520	0	0	0	817	6665	132	13	-1	
3	1	520	1	0	0	817	6665	132	13	-1	
4	1	520	1	1	0	817	6665	132	13	-1	
5	1	520	1	1	1	817	6665	70	11	5.775711	Aan
5	1	520	1	1	2	909	6665	40	13	55.576931	aw
2	1	521	0	0	0	1177	6676	43	12	-1	
3	1	521	1	0	0	1177	6676	43	12	-1	
4	1	521	1	1	0	1177	6676	43	12	-1	
5	1	521	1	1	1	1177	6676	43	12	82.470085	an
2	1	522	0	0	0	1263	6673	46	11	-1	
3	1	522	1	0	0	1263	6673	46	11	-1	
4	1	522	1	1	0	1263	6673	46	11	-1	
5	1	522	1	1	1	1263	6673	46	11	72.528580	On
2	1	523	0	0	0	1348	6667	40	16	-1	
3	1	523	1	0	0	1348	6667	40	16	-1	
4	1	523	1	1	0	1348	6667	40	16	-1	
5	1	523	1	1	1	1348	6667	40	16	27.694061	no
2	1	524	0	0	0	2729	6696	34	16	-1	
3	1	524	1	0	0	2729	6696	34	16	-1	
4	1	524	1	1	0	2729	6696	34	16	-1	
5	1	524	1	1	1	2729	6696	34	16	34.597214	PQ
2	1	525	0	0	0	2817	6694	36	13	-1	
3	1	525	1	0	0	2817	6694	36	13	-1	
4	1	525	1	1	0	2817	6694	36	13	-1	
5	1	525	1	1	1	2817	6694	36	13	39.422424	=o
2	1	526	0	0	0	2839	6720	35	12	-1	
3	1	526	1	0	0	2839	6720	35	12	-1	
4	1	526	1	1	0	2839	6720	35	12	-1	
5	1	526	1	1	1	2839	6720	35	12	36.254906	d=
2	1	527	0	0	0	2767	6717	66	36	-1	
3	1	527	1	0	0	2767	6717	66	36	-1	
4	1	527	1	1	0	2767	6717	66	36	-1	
5	1	527	1	1	1	2767	6717	66	36	1.512527	KE
2	1	528	0	0	0	2840	6742	35	12	-1	
3	1	528	1	0	0	2840	6742	35	12	-1	
4	1	528	1	1	0	2840	6742	35	12	-1	
5	1	528	1	1	1	2840	6742	35	12	73.049545	2a
2	1	529	0	0	0	1999	6700	80	85	-1	
3	1	529	1	0	0	1999	6700	80	85	-1	
4	1	529	1	1	0	1999	6700	80	85	-1	
5	1	529	1	1	1	1999	6700	80	85	38.478783	=
2	1	530	0	0	0	1353	6855	33	9	-1	
3	1	530	1	0	0	1353	6855	33	9	-1	
4	1	530	1	1	0	1353	6855	33	9	-1	
5	1	530	1	1	1	1353	6855	33	9	82.351715	wn
2	1	531	0	0	0	951	6861	33	10	-1	
3	1	531	1	0	0	951	6861	33	10	-1	
4	1	531	1	1	0	951	6861	33	10	-1	
5	1	531	1	1	1	951	6861	33	10	53.523960	CTS)
2	1	532	0	0	0	2931	6857	38	13	-1	
3	1	532	1	0	0	2931	6857	38	13	-1	
4	1	532	1	1	0	2931	6857	38	13	-1	
5	1	532	1	1	1	2931	6857	38	13	85.883720	Oc
2	1	533	0	0	0	2932	6870	42	11	-1	
3	1	533	1	0	0	2932	6870	42	11	-1	
4	1	533	1	1	0	2932	6870	42	11	-1	
5	1	533	1	1	1	2932	6870	10	11	63.392815	5
5	1	533	1	1	2	2956	6870	18	11	34.613182	oi
2	1	534	0	0	0	851	6875	230	39	-1	
3	1	534	1	0	0	842	6875	239	39	-1	
4	1	534	1	1	0	851	6875	230	39	-1	
5	1	534	1	1	1	851	6875	33	39	26.139542	sin
5	1	534	1	1	2	890	6875	137	39	0.000000	ocncncaaas
5	1	534	1	1	3	1033	6883	3	27	71.067589	|
5	1	534	1	1	4	1053	6879	28	14	58.640869	~
2	1	535	0	0	0	1233	6856	173	46	-1	
3	1	535	1	0	0	1233	6856	173	46	-1	
4	1	535	1	1	0	1233	6856	173	46	-1	
5	1	535	1	1	1	1233	6856	173	46	0.000000	r--*d00-
2	1	536	0	0	0	2931	6879	39	22	-1	
3	1	536	1	0	0	2931	6879	39	22	-1	
4	1	536	1	1	0	2931	6879	39	22	-1	
5	1	536	1	1	1	2931	6879	39	22	27.328690	28
2	1	537	0	0	0	2693	6890	66	33	-1	
3	1	537	1	0	0	2693	6890	66	33	-1	
4	1	537	1	1	0	2693	6890	66	33	-1	
5	1	537	1	1	1	2693	6901	27	14	40.760963	5
5	1	537	1	1	2	2753	6890	6	33	71.295952	|
2	1	538	0	0	0	904	6958	63	17	-1	
3	1	538	1	0	0	904	6958	63	17	-1	
4	1	538	1	1	0	904	6958	63	17	-1	
5	1	538	1	1	1	904	6958	63	17	0.000000	a8
2	1	539	0	0	0	904	6950	67	12	-1	
3	1	539	1	0	0	904	6950	67	12	-1	
4	1	539	1	1	0	904	6950	67	12	-1	
5	1	539	1	1	1	904	6950	67	12	41.870605	237
2	1	540	0	0	0	1295	6960	38	11	-1	
3	1	540	1	0	0	1295	6960	38	11	-1	
4	1	540	1	1	0	1295	6960	38	11	-1	
5	1	540	1	1	1	1295	6960	38	11	10.302261	a)
2	1	541	0	0	0	1295	6948	63	16	-1	
3	1	541	1	0	0	1295	6948	63	16	-1	
4	1	541	1	1	0	1295	6948	63	16	-1	
5	1	541	1	1	1	1295	6948	63	16	0.147713	aw
2	1	542	0	0	0	904	6971	67	17	-1	
3	1	542	1	0	0	904	6971	67	17	-1	
4	1	542	1	1	0	904	6971	67	17	-1	
5	1	542	1	1	1	904	6971	67	17	31.305511	2a8
2	1	543	0	0	0	1319	6978	42	14	-1	
3	1	543	1	0	0	1319	6978	42	14	-1	
4	1	543	1	1	0	1319	6978	42	14	-1	
5	1	543	1	1	1	1319	6978	42	14	22.161034	aq
2	1	544	0	0	0	903	7001	64	19	-1	
3	1	544	1	0	0	903	7001	64	19	-1	
4	1	544	1	1	0	903	7001	64	19	-1	
5	1	544	1	1	1	903	7001	64	19	28.421593	eon
2	1	545	0	0	0	904	6983	67	19	-1	
3	1	545	1	0	0	904	6983	67	19	-1	
4	1	545	1	1	0	904	6983	67	19	-1	
5	1	545	1	1	1	904	6983	67	19	26.487976	aq
2	1	546	0	0	0	1294	6991	63	19	-1	
3	1	546	1	0	0	1294	6991	63	19	-1	
4	1	546	1	1	0	1294	6991	63	19	-1	
5	1	546	1	1	1	1294	6991	63	19	34.493011	250
2	1	547	0	0	0	1030	6993	51	33	-1	
3	1	547	1	0	0	1030	6993	51	33	-1	
4	1	547	1	1	0	1030	6993	51	33	-1	
5	1	547	1	1	1	1030	6993	51	33	74.849648	1=
2	1	548	0	0	0	1387	7012	40	23	-1	
3	1	548	1	0	0	1387	7012	40	23	-1	
4	1	548	1	1	0	1387	7012	40	23	-1	
5	1	548	1	1	1	1387	7024	17	4	37.880089	Fy
5	1	548	1	1	2	1422	7012	5	23	60.333168	|
2	1	549	0	0	0	2926	7027	41	7	-1	
3	1	549	1	0	0	2926	7027	41	7	-1	
4	1	549	1	1	0	2926	7027	41	7	-1	
5	1	549	1	1	1	2926	7027	41	7	15.637390	>
2	1	550	0	0	0	998	7032	37	24	-1	
3	1	550	1	0	0	998	7032	37	24	-1	
4	1	550	1	1	0	998	7032	37	24	-1	
5	1	550	1	1	1	998	7032	37	24	76.833900	off
2	1	551	0	0	0	1387	7044	40	23	-1	
3	1	551	1	0	0	1387	7044	40	23	-1	
4	1	551	1	1	0	1387	7044	40	23	-1	
5	1	551	1	1	1	1387	7051	18	14	36.798862	co
2	1	552	0	0	0	2926	7032	41	14	-1	
3	1	552	1	0	0	2926	7032	41	14	-1	
4	1	552	1	1	0	2926	7032	41	14	-1	
5	1	552	1	1	1	2926	7032	41	14	67.441727	2a
2	1	553	0	0	0	2925	7059	42	17	-1	
3	1	553	1	0	0	2925	7059	42	17	-1	
4	1	553	1	1	0	2925	7059	42	17	-1	
5	1	553	1	1	1	2925	7059	42	17	21.908508	so
2	1	554	0	0	0	1001	7091	79	29	-1	
3	1	554	1	0	0	1001	7091	79	29	-1	
4	1	554	1	1	0	1001	7091	79	29	-1	
5	1	554	1	1	1	1001	7091	79	29	38.904461	of
2	1	555	0	0	0	511	7125	41	20	-1	
3	1	555	1	0	0	511	7125	41	20	-1	
4	1	555	1	1	0	511	7125	41	20	-1	
5	1	555	1	1	1	511	7125	41	20	61.501041	fh
2	1	556	0	0	0	842	7124	62	17	-1	
3	1	556	1	0	0	842	7124	62	17	-1	
4	1	556	1	1	0	842	7124	62	17	-1	
5	1	556	1	1	1	842	7124	62	17	66.004242	Low
2	1	557	0	0	0	928	7122	152	22	-1	
3	1	557	1	0	0	928	7122	152	22	-1	
4	1	557	1	1	0	928	7122	152	22	-1	
5	1	557	1	1	1	928	7122	108	19	0.000000	Hwnw
5	1	557	1	1	2	1021	7118	16	30	46.563969	od
5	1	557	1	1	3	1052	7124	28	20	29.119919	FT
2	1	558	0	0	0	1232	7125	167	13	-1	
3	1	558	1	0	0	1232	7125	167	13	-1	
4	1	558	1	1	0	1232	7125	167	13	-1	
5	1	558	1	1	1	1232	7125	68	12	29.030052	ee
5	1	558	1	1	2	1321	7127	78	11	11.975296	enor
2	1	559	0	0	0	2822	7120	43	15	-1	
3	1	559	1	0	0	2822	7120	43	15	-1	
4	1	559	1	1	0	2822	7120	43	15	-1	
5	1	559	1	1	1	2822	7120	43	15	48.475571	Qn
2	1	560	0	0	0	2823	7133	38	15	-1	
3	1	560	1	0	0	2823	7133	38	15	-1	
4	1	560	1	1	0	2823	7133	38	15	-1	
5	1	560	1	1	1	2823	7133	38	15	49.922798	Qa
2	1	561	0	0	0	511	7147	41	19	-1	
3	1	561	1	0	0	511	7147	41	19	-1	
4	1	561	1	1	0	511	7147	41	19	-1	
5	1	561	1	1	1	511	7147	41	19	63.337837	Nay,
2	1	562	0	0	0	2823	7169	37	7	-1	
3	1	562	1	0	0	2823	7169	37	7	-1	
4	1	562	1	1	0	2823	7169	37	7	-1	
5	1	562	1	1	1	2823	7169	10	7	57.130604	—
5	1	562	1	1	2	2840	7153	24	28	13.062851	oer
2	1	563	0	0	0	2823	7147	37	13	-1	
3	1	563	1	0	0	2823	7147	37	13	-1	
4	1	563	1	1	0	2823	7147	37	13	-1	
5	1	563	1	1	1	2823	7147	37	13	11.251556	a<
2	1	564	0	0	0	2822	7175	38	14	-1	
3	1	564	1	0	0	2822	7175	38	14	-1	
4	1	564	1	1	0	2822	7175	38	14	-1	
5	1	564	1	1	1	2822	7175	38	14	20.351982	65
2	1	565	0	0	0	2925	7170	38	10	-1	
3	1	565	1	0	0	2925	7170	38	10	-1	
4	1	565	1	1	0	2925	7170	38	10	-1	
5	1	565	1	1	1	2925	7171	12	3	75.628555	5
5	1	565	1	1	2	2950	7161	16	28	50.489166	2.
2	1	566	0	0	0	514	7187	41	17	-1	
3	1	566	1	0	0	514	7187	41	17	-1	
4	1	566	1	1	0	514	7187	41	17	-1	
5	1	566	1	1	1	514	7187	41	17	42.399536	LN
2	1	567	0	0	0	2822	7203	38	12	-1	
3	1	567	1	0	0	2822	7203	38	12	-1	
4	1	567	1	1	0	2822	7203	38	12	-1	
5	1	567	1	1	1	2822	7203	38	12	61.996227	o¢
2	1	568	0	0	0	2823	7189	37	12	-1	
3	1	568	1	0	0	2823	7189	37	12	-1	
4	1	568	1	1	0	2823	7189	37	12	-1	
5	1	568	1	1	1	2823	7189	37	12	16.302628	—-v
2	1	569	0	0	0	2823	7217	40	5	-1	
3	1	569	1	0	0	2823	7217	40	5	-1	
4	1	569	1	1	0	2823	7217	40	5	-1	
5	1	569	1	1	1	2823	7217	40	5	78.073364	25
2	1	570	0	0	0	2924	7228	63	13	-1	
3	1	570	1	0	0	2924	7228	63	13	-1	
4	1	570	1	1	0	2924	7228	63	13	-1	
5	1	570	1	1	1	2924	7224	18	24	0.000000	—-
5	1	570	1	1	2	2954	7228	33	13	46.071411	AD
2	1	571	0	0	0	2925	7209	66	14	-1	
3	1	571	1	0	0	2925	7209	66	14	-1	
4	1	571	1	1	0	2925	7209	66	14	-1	
5	1	571	1	1	1	2925	7209	66	14	38.723488	ocr
2	1	572	0	0	0	589	7228	39	30	-1	
3	1	572	1	0	0	589	7228	39	30	-1	
4	1	572	1	1	0	589	7228	39	30	-1	
5	1	572	1	1	1	589	7228	39	30	28.482178	a2
2	1	573	0	0	0	2949	7242	38	11	-1	
3	1	573	1	0	0	2949	7242	38	11	-1	
4	1	573	1	1	0	2949	7242	38	11	-1	
5	1	573	1	1	1	2949	7242	38	11	59.920425	on
2	1	574	0	0	0	586	7255	42	15	-1	
3	1	574	1	0	0	586	7255	42	15	-1	
4	1	574	1	1	0	586	7255	42	15	-1	
5	1	574	1	1	1	586	7255	42	15	57.428516	<3
2	1	575	0	0	0	2945	7256	43	13	-1	
3	1	575	1	0	0	2945	7256	43	13	-1	
4	1	575	1	1	0	2945	7256	43	13	-1	
5	1	575	1	1	1	2945	7256	43	13	63.754154	OSs
2	1	576	0	0	0	590	7278	38	15	-1	
3	1	576	1	0	0	590	7278	38	15	-1	
4	1	576	1	1	0	590	7278	38	15	-1	
5	1	576	1	1	1	590	7278	38	15	40.016422	Qn
2	1	577	0	0	0	591	7293	37	12	-1	
3	1	577	1	0	0	591	7293	37	12	-1	
4	1	577	1	1	0	591	7293	37	12	-1	
5	1	577	1	1	1	591	7293	37	12	69.995316	3.0
2	1	578	0	0	0	918	7293	43	15	-1	
3	1	578	1	0	0	918	7293	43	15	-1	
4	1	578	1	1	0	918	7293	43	15	-1	
5	1	578	1	1	1	918	7293	43	15	37.598724	nO
2	1	579	0	0	0	2752	7267	37	24	-1	
3	1	579	1	0	0	2752	7267	37	24	-1	
4	1	579	1	1	0	2752	7267	37	24	-1	
5	1	579	1	1	1	2752	7267	37	24	22.657928	i=
2	1	580	0	0	0	2949	7270	39	19	-1	
3	1	580	1	0	0	2949	7270	39	19	-1	
4	1	580	1	1	0	2949	7270	39	19	-1	
5	1	580	1	1	1	2949	7270	39	19	82.260315	oa
2	1	581	0	0	0	591	7307	37	15	-1	
3	1	581	1	0	0	591	7307	37	15	-1	
4	1	581	1	1	0	591	7307	37	15	-1	
5	1	581	1	1	1	591	7307	37	15	31.059418	5°
2	1	582	0	0	0	918	7308	42	14	-1	
3	1	582	1	0	0	918	7308	42	14	-1	
4	1	582	1	1	0	918	7308	42	14	-1	
5	1	582	1	1	1	918	7308	42	14	80.510864	or
2	1	583	0	0	0	1307	7313	42	15	-1	
3	1	583	1	0	0	1307	7313	42	15	-1	
4	1	583	1	1	0	1307	7313	42	15	-1	
5	1	583	1	1	1	1307	7313	42	15	69.459305	ar
2	1	584	0	0	0	1307	7298	43	16	-1	
3	1	584	1	0	0	1307	7298	43	16	-1	
4	1	584	1	1	0	1307	7298	43	16	-1	
5	1	584	1	1	1	1307	7298	43	16	78.028107	nO
2	1	585	0	0	0	2752	7304	38	24	-1	
3	1	585	1	0	0	2752	7304	38	24	-1	
4	1	585	1	1	0	2752	7304	38	24	-1	
5	1	585	1	1	1	2752	7304	38	24	22.718048	y=
2	1	586	0	0	0	919	7322	42	16	-1	
3	1	586	1	0	0	919	7322	42	16	-1	
4	1	586	1	1	0	919	7322	42	16	-1	
5	1	586	1	1	1	919	7322	42	16	82.578140	3>
2	1	587	0	0	0	1308	7327	42	17	-1	
3	1	587	1	0	0	1308	7327	42	17	-1	
4	1	587	1	1	0	1308	7327	42	17	-1	
5	1	587	1	1	1	1308	7327	42	17	78.845581	a>
2	1	588	0	0	0	915	7340	46	14	-1	
3	1	588	1	0	0	915	7340	46	14	-1	
4	1	588	1	1	0	915	7340	46	14	-1	
5	1	588	1	1	1	915	7340	46	14	33.727005	Un
2	1	589	0	0	0	919	7355	42	17	-1	
3	1	589	1	0	0	919	7355	42	17	-1	
4	1	589	1	1	0	919	7355	42	17	-1	
5	1	589	1	1	1	919	7355	42	17	85.893990	on
2	1	590	0	0	0	1304	7346	46	13	-1	
3	1	590	1	0	0	1304	7346	46	13	-1	
4	1	590	1	1	0	1304	7346	46	13	-1	
5	1	590	1	1	1	1304	7346	46	13	53.189880	an
2	1	591	0	0	0	2752	7340	39	23	-1	
3	1	591	1	0	0	2752	7340	39	23	-1	
4	1	591	1	1	0	2752	7340	39	23	-1	
5	1	591	1	1	1	2752	7340	39	23	49.267086	im
2	1	592	0	0	0	920	7380	41	14	-1	
3	1	592	1	0	0	920	7380	41	14	-1	
4	1	592	1	1	0	920	7380	41	14	-1	
5	1	592	1	1	1	920	7380	41	14	37.309830	a>
2	1	593	0	0	0	1308	7361	42	17	-1	
3	1	593	1	0	0	1308	7361	42	17	-1	
4	1	593	1	1	0	1308	7361	42	17	-1	
5	1	593	1	1	1	1308	7361	42	17	62.571285	on
2	1	594	0	0	0	919	7394	42	18	-1	
3	1	594	1	0	0	919	7394	42	18	-1	
4	1	594	1	1	0	919	7394	42	18	-1	
5	1	594	1	1	1	919	7394	42	18	86.835266	Q>
2	1	595	0	0	0	1309	7400	42	16	-1	
3	1	595	1	0	0	1309	7400	42	16	-1	
4	1	595	1	1	0	1309	7400	42	16	-1	
5	1	595	1	1	1	1309	7400	42	16	67.013565	Q>
2	1	596	0	0	0	1309	7385	42	15	-1	
3	1	596	1	0	0	1309	7385	42	15	-1	
4	1	596	1	1	0	1309	7385	42	15	-1	
5	1	596	1	1	1	1309	7385	42	15	24.665359	z>>
2	1	597	0	0	0	2965	7381	64	22	-1	
3	1	597	1	0	0	2965	7381	64	22	-1	
4	1	597	1	1	0	2965	7381	64	22	-1	
5	1	597	1	1	1	2965	7381	64	22	28.141136	-—l
2	1	598	0	0	0	2845	7475	49	30	-1	
3	1	598	1	0	0	2845	7475	49	30	-1	
4	1	598	1	1	0	2845	7475	49	30	-1	
5	1	598	1	1	1	2845	7475	49	30	39.330360	Hl!
2	1	599	0	0	0	734	7493	10	28	-1	
3	1	599	1	0	0	734	7493	10	28	-1	
4	1	599	1	1	0	734	7493	10	28	-1	
5	1	599	1	1	1	734	7493	10	28	59.704178	4
2	1	600	0	0	0	760	7570	133	3	-1	
3	1	600	1	0	0	760	7570	133	3	-1	
4	1	600	1	1	0	760	7570	133	3	-1	
5	1	600	1	1	1	760	7570	133	3	33.502533	Seen
2	1	601	0	0	0	955	7569	317	4	-1	
3	1	601	1	0	0	955	7569	317	4	-1	
4	1	601	1	1	0	955	7569	317	4	-1	
5	1	601	1	1	1	955	7569	317	4	4.353172	—----—-—-----
2	1	602	0	0	0	2466	7530	691	37	-1	
3	1	602	1	0	0	2466	7530	691	37	-1	
4	1	602	1	1	0	2466	7530	691	37	-1	
5	1	602	1	1	1	2466	7530	691	37	43.221977	bo
2	1	603	0	0	0	633	7567	119	11	-1	
3	1	603	1	0	0	633	7567	119	11	-1	
4	1	603	1	1	0	633	7567	119	11	-1	
5	1	603	1	1	1	633	7567	119	11	11.024712	~--—-—t
2	1	604	0	0	0	1424	7588	189	23	-1	
3	1	604	1	0	0	1424	7588	189	23	-1	
4	1	604	1	1	0	1424	7588	189	23	-1	
5	1	604	1	1	1	1420	7577	7	38	48.841686	|
5	1	604	1	1	2	1424	7588	189	23	0.000000	cortenteatetetente
5	1	604	1	1	3	1609	7577	8	38	93.314789	|
2	1	605	0	0	0	1031	7598	181	21	-1	
3	1	605	1	0	0	1031	7598	181	21	-1	
4	1	605	1	1	0	1031	7598	181	21	-1	
5	1	605	1	1	1	1031	7598	181	21	0.000000	recccc
5	1	605	1	1	2	1182	7585	32	38	0.000000	4
2	1	606	0	0	0	1397	7649	32	18	-1	
3	1	606	1	0	0	1397	7649	32	18	-1	
4	1	606	1	1	0	1397	7649	32	18	-1	
5	1	606	1	1	1	1397	7649	32	18	76.451202	st
2	1	607	0	0	0	1005	7665	32	32	-1	
3	1	607	1	0	0	1005	7665	32	32	-1	
4	1	607	1	1	0	1005	7665	32	32	-1	
5	1	607	1	1	1	1005	7665	32	32	0.000000	°|
2	1	608	0	0	0	1246	7754	132	105	-1	
3	1	608	1	0	0	1246	7754	132	105	-1	
4	1	608	1	1	0	1246	7754	132	105	-1	
5	1	608	1	1	1	1246	7754	132	105	44.654976	ata
2	1	609	0	0	0	857	7750	130	110	-1	
3	1	609	1	0	0	857	7750	130	110	-1	
4	1	609	1	1	0	857	7750	130	110	-1	
5	1	609	1	1	1	857	7750	130	110	21.922401	el.
2	1	610	0	0	0	1169	7853	18	13	-1	
3	1	610	1	0	0	1169	7853	18	13	-1	
4	1	610	1	1	0	1169	7853	18	13	-1	
5	1	610	1	1	1	1169	7853	18	13	73.242294	w
2	1	611	0	0	0	2079	7911	38	13	-1	
3	1	611	1	0	0	2079	7911	38	13	-1	
4	1	611	1	1	0	2079	7911	38	13	-1	
5	1	611	1	1	1	2079	7911	38	13	22.490372	ie)
2	1	612	0	0	0	2167	7912	39	13	-1	
3	1	612	1	0	0	2167	7912	39	13	-1	
4	1	612	1	1	0	2167	7912	39	13	-1	
5	1	612	1	1	1	2167	7912	39	13	24.778854	oo
2	1	613	0	0	0	2261	7903	221	21	-1	
3	1	613	1	0	0	2261	7903	221	21	-1	
4	1	613	1	1	0	2261	7903	221	21	-1	
5	1	613	1	1	1	2261	7906	69	18	9.321068	DOIe
5	1	613	1	1	2	2341	7899	29	35	0.828415	Ja
5	1	613	1	1	3	2382	7903	38	21	0.828415	ofl
5	1	613	1	1	4	2444	7910	38	12	23.304451	Jao
2	1	614	0	0	0	2537	7909	38	13	-1	
3	1	614	1	0	0	2537	7909	38	13	-1	
4	1	614	1	1	0	2537	7909	38	13	-1	
5	1	614	1	1	1	2537	7909	38	13	48.618774	eo
2	1	615	0	0	0	2765	7910	38	12	-1	
3	1	615	1	0	0	2765	7910	38	12	-1	
4	1	615	1	1	0	2765	7910	38	12	-1	
5	1	615	1	1	1	2765	7910	38	12	66.015251	oo
2	1	616	0	0	0	2765	7895	43	14	-1	
3	1	616	1	0	0	2765	7895	43	14	-1	
4	1	616	1	1	0	2765	7895	43	14	-1	
5	1	616	1	1	1	2765	7895	43	14	15.757538	p<
2	1	617	0	0	0	2862	7910	38	13	-1	
3	1	617	1	0	0	2862	7910	38	13	-1	
4	1	617	1	1	0	2862	7910	38	13	-1	
5	1	617	1	1	1	2858	7906	11	26	0.000000	[i
5	1	617	1	1	2	2887	7910	13	13	0.000000	e)
2	1	618	0	0	0	2953	7909	39	13	-1	
3	1	618	1	0	0	2953	7909	39	13	-1	
4	1	618	1	1	0	2953	7909	39	13	-1	
5	1	618	1	1	1	2953	7909	39	13	23.740730	Le)
2	1	619	0	0	0	3058	7909	69	14	-1	
3	1	619	1	0	0	3058	7909	69	14	-1	
4	1	619	1	1	0	3058	7909	69	14	-1	
5	1	619	1	1	1	3058	7911	13	12	66.088440	@
5	1	619	1	1	2	3083	7909	44	14	30.520721	OfO
2	1	620	0	0	0	3158	7909	38	12	-1	
3	1	620	1	0	0	3158	7909	38	12	-1	
4	1	620	1	1	0	3158	7909	38	12	-1	
5	1	620	1	1	1	3158	7909	38	12	55.330315	oo
2	1	621	0	0	0	2163	7926	47	13	-1	
3	1	621	1	0	0	2163	7926	47	13	-1	
4	1	621	1	1	0	2163	7926	47	13	-1	
5	1	621	1	1	1	2163	7926	11	12	46.275421	1
5	1	621	1	1	2	2193	7926	17	13	48.997726	=|
2	1	622	0	0	0	2256	7925	47	13	-1	
3	1	622	1	0	0	2256	7925	47	13	-1	
4	1	622	1	1	0	2256	7925	47	13	-1	
5	1	622	1	1	1	2256	7925	47	13	24.151596	ar
2	1	623	0	0	0	2352	7925	68	15	-1	
3	1	623	1	0	0	2352	7925	68	15	-1	
4	1	623	1	1	0	2352	7925	68	15	-1	
5	1	623	1	1	1	2352	7925	68	15	23.663162	OSI
2	1	624	0	0	0	2532	7923	46	12	-1	
3	1	624	1	0	0	2532	7923	46	12	-1	
4	1	624	1	1	0	2532	7923	46	12	-1	
5	1	624	1	1	1	2532	7923	12	12	48.839920	1
5	1	624	1	1	2	2562	7923	16	12	43.729931	=I
2	1	625	0	0	0	2666	7925	72	15	-1	
3	1	625	1	0	0	2666	7925	72	15	-1	
4	1	625	1	1	0	2666	7925	72	15	-1	
5	1	625	1	1	1	2666	7925	17	12	64.628143	Q
5	1	625	1	1	2	2696	7925	42	15	54.310081	slo
2	1	626	0	0	0	2670	7911	68	15	-1	
3	1	626	1	0	0	2670	7911	68	15	-1	
4	1	626	1	1	0	2670	7911	68	15	-1	
5	1	626	1	1	1	2670	7912	14	12	51.964535	©
5	1	626	1	1	2	2695	7911	43	15	76.859436	Ola
2	1	627	0	0	0	2761	7918	71	18	-1	
3	1	627	1	0	0	2761	7918	71	18	-1	
4	1	627	1	1	0	2761	7918	71	18	-1	
5	1	627	1	1	1	2761	7924	15	12	38.536934	a
5	1	627	1	1	2	2790	7918	42	18	0.000000	=I3
2	1	628	0	0	0	2949	7923	46	13	-1	
3	1	628	1	0	0	2949	7923	46	13	-1	
4	1	628	1	1	0	2949	7923	46	13	-1	
5	1	628	1	1	1	2949	7923	46	13	57.301868	age
2	1	629	0	0	0	3054	7923	73	13	-1	
3	1	629	1	0	0	3054	7923	73	13	-1	
4	1	629	1	1	0	3054	7923	73	13	-1	
5	1	629	1	1	1	3054	7917	17	28	45.293762	Qa
5	1	629	1	1	2	3083	7923	44	13	0.000000	A12
2	1	630	0	0	0	3154	7922	46	13	-1	
3	1	630	1	0	0	3154	7922	46	13	-1	
4	1	630	1	1	0	3154	7922	46	13	-1	
5	1	630	1	1	1	3154	7922	46	13	51.766479	Qa
2	1	631	0	0	0	2079	7939	38	12	-1	
3	1	631	1	0	0	2079	7939	38	12	-1	
4	1	631	1	1	0	2079	7939	38	12	-1	
5	1	631	1	1	1	2079	7939	38	12	71.151260	cp
2	1	632	0	0	0	2080	7948	65	15	-1	
3	1	632	1	0	0	2080	7948	65	15	-1	
4	1	632	1	1	0	2080	7948	65	15	-1	
5	1	632	1	1	1	2080	7948	65	15	15.160759	Cola
2	1	633	0	0	0	2168	7952	38	12	-1	
3	1	633	1	0	0	2168	7952	38	12	-1	
4	1	633	1	1	0	2168	7952	38	12	-1	
5	1	633	1	1	1	2168	7952	38	12	88.584717	pe
2	1	634	0	0	0	2168	7939	38	13	-1	
3	1	634	1	0	0	2168	7939	38	13	-1	
4	1	634	1	1	0	2168	7939	38	13	-1	
5	1	634	1	1	1	2168	7939	38	13	42.657204	co
2	1	635	0	0	0	2261	7934	134	17	-1	
3	1	635	1	0	0	2261	7934	134	17	-1	
4	1	635	1	1	0	2261	7934	134	17	-1	
5	1	635	1	1	1	2261	7934	69	17	0.000000	cee
5	1	635	1	1	2	2357	7939	38	12	62.591496	ico
2	1	636	0	0	0	2358	7952	37	11	-1	
3	1	636	1	0	0	2358	7952	37	11	-1	
4	1	636	1	1	0	2358	7952	37	11	-1	
5	1	636	1	1	1	2358	7952	37	11	66.109589	peo
2	1	637	0	0	0	2444	7937	38	12	-1	
3	1	637	1	0	0	2444	7937	38	12	-1	
4	1	637	1	1	0	2444	7937	38	12	-1	
5	1	637	1	1	1	2444	7937	38	12	87.262039	cp
2	1	638	0	0	0	2444	7946	67	16	-1	
3	1	638	1	0	0	2444	7946	67	16	-1	
4	1	638	1	1	0	2444	7946	67	16	-1	
5	1	638	1	1	1	2444	7946	67	16	0.000000	SBIN
2	1	639	0	0	0	2537	7937	39	12	-1	
3	1	639	1	0	0	2537	7937	39	12	-1	
4	1	639	1	1	0	2537	7937	39	12	-1	
5	1	639	1	1	1	2537	7937	39	12	81.015961	cp
2	1	640	0	0	0	2538	7950	37	11	-1	
3	1	640	1	0	0	2538	7950	37	11	-1	
4	1	640	1	1	0	2538	7950	37	11	-1	
5	1	640	1	1	1	2538	7950	37	11	15.937347	os
2	1	641	0	0	0	2765	7933	67	17	-1	
3	1	641	1	0	0	2765	7933	67	17	-1	
4	1	641	1	1	0	2765	7933	67	17	-1	
5	1	641	1	1	1	2765	7929	14	30	18.148689	Cc
5	1	641	1	1	2	2790	7933	42	17	48.096241	BIZ
2	1	642	0	0	0	2766	7946	66	16	-1	
3	1	642	1	0	0	2766	7946	66	16	-1	
4	1	642	1	1	0	2766	7946	66	16	-1	
5	1	642	1	1	1	2766	7946	66	16	14.142494	=olo
2	1	643	0	0	0	2862	7938	39	12	-1	
3	1	643	1	0	0	2862	7938	39	12	-1	
4	1	643	1	1	0	2862	7938	39	12	-1	
5	1	643	1	1	1	2862	7938	39	12	75.502701	cp
2	1	644	0	0	0	2863	7951	37	12	-1	
3	1	644	1	0	0	2863	7951	37	12	-1	
4	1	644	1	1	0	2863	7951	37	12	-1	
5	1	644	1	1	1	2863	7951	37	12	90.606789	pe
2	1	645	0	0	0	2953	7950	38	12	-1	
3	1	645	1	0	0	2953	7950	38	12	-1	
4	1	645	1	1	0	2953	7950	38	12	-1	
5	1	645	1	1	1	2953	7950	38	12	93.134651	pe
2	1	646	0	0	0	2953	7937	39	12	-1	
3	1	646	1	0	0	2953	7937	39	12	-1	
4	1	646	1	1	0	2953	7937	39	12	-1	
5	1	646	1	1	1	2953	7937	39	12	74.470718	co
2	1	647	0	0	0	3058	7950	38	12	-1	
3	1	647	1	0	0	3058	7950	38	12	-1	
4	1	647	1	1	0	3058	7950	38	12	-1	
5	1	647	1	1	1	3058	7950	38	12	93.085609	pe
2	1	648	0	0	0	3058	7938	38	11	-1	
3	1	648	1	0	0	3058	7938	38	11	-1	
4	1	648	1	1	0	3058	7938	38	11	-1	
5	1	648	1	1	1	3058	7938	38	11	63.429264	cp
2	1	649	0	0	0	3158	7937	38	11	-1	
3	1	649	1	0	0	3158	7937	38	11	-1	
4	1	649	1	1	0	3158	7937	38	11	-1	
5	1	649	1	1	1	3158	7937	38	11	79.291122	cp
2	1	650	0	0	0	3159	7949	37	12	-1	
3	1	650	1	0	0	3159	7949	37	12	-1	
4	1	650	1	1	0	3159	7949	37	12	-1	
5	1	650	1	1	1	3159	7949	37	12	91.165039	pe
2	1	651	0	0	0	2079	7959	38	19	-1	
3	1	651	1	0	0	2079	7959	38	19	-1	
4	1	651	1	1	0	2079	7959	38	19	-1	
5	1	651	1	1	1	2079	7959	38	19	78.265816	Ro
2	1	652	0	0	0	2168	7960	38	19	-1	
3	1	652	1	0	0	2168	7960	38	19	-1	
4	1	652	1	1	0	2168	7960	38	19	-1	
5	1	652	1	1	1	2168	7960	38	19	87.085945	Ro
2	1	653	0	0	0	2260	7965	38	13	-1	
3	1	653	1	0	0	2260	7965	38	13	-1	
4	1	653	1	1	0	2260	7965	38	13	-1	
5	1	653	1	1	1	2260	7965	38	13	54.366440	oO
2	1	654	0	0	0	2261	7952	38	18	-1	
3	1	654	1	0	0	2261	7952	38	18	-1	
4	1	654	1	1	0	2261	7952	38	18	-1	
5	1	654	1	1	1	2261	7952	38	18	76.229645	pe
2	1	655	0	0	0	2357	7959	39	19	-1	
3	1	655	1	0	0	2357	7959	39	19	-1	
4	1	655	1	1	0	2357	7959	39	19	-1	
5	1	655	1	1	1	2357	7959	39	19	68.035416	Ro
2	1	656	0	0	0	2444	7957	39	20	-1	
3	1	656	1	0	0	2444	7957	39	20	-1	
4	1	656	1	1	0	2444	7957	39	20	-1	
5	1	656	1	1	1	2444	7957	39	20	66.821365	Ro
2	1	657	0	0	0	2538	7957	37	19	-1	
3	1	657	1	0	0	2538	7957	37	19	-1	
4	1	657	1	1	0	2538	7957	37	19	-1	
5	1	657	1	1	1	2538	7957	37	19	80.863556	Ro
2	1	658	0	0	0	2671	7965	38	13	-1	
3	1	658	1	0	0	2671	7965	38	13	-1	
4	1	658	1	1	0	2671	7965	38	13	-1	
5	1	658	1	1	1	2671	7965	38	13	75.499763	=
5	1	658	1	1	2	2698	7961	15	25	70.261078	O
2	1	659	0	0	0	2671	7951	38	19	-1	
3	1	659	1	0	0	2671	7951	38	19	-1	
4	1	659	1	1	0	2671	7951	38	19	-1	
5	1	659	1	1	1	2671	7951	38	19	62.325924	pe
2	1	660	0	0	0	2765	7958	38	17	-1	
3	1	660	1	0	0	2765	7958	38	17	-1	
4	1	660	1	1	0	2765	7958	38	17	-1	
5	1	660	1	1	1	2765	7958	38	17	59.065025	20
2	1	661	0	0	0	2862	7958	38	19	-1	
3	1	661	1	0	0	2862	7958	38	19	-1	
4	1	661	1	1	0	2862	7958	38	19	-1	
5	1	661	1	1	1	2862	7958	38	19	64.492325	Ro
2	1	662	0	0	0	2953	7957	38	19	-1	
3	1	662	1	0	0	2953	7957	38	19	-1	
4	1	662	1	1	0	2953	7957	38	19	-1	
5	1	662	1	1	1	2953	7957	38	19	72.937675	Ro
2	1	663	0	0	0	3058	7957	38	19	-1	
3	1	663	1	0	0	3058	7957	38	19	-1	
4	1	663	1	1	0	3058	7957	38	19	-1	
5	1	663	1	1	1	3058	7957	38	19	66.025597	Ro
2	1	664	0	0	0	3158	7957	38	18	-1	
3	1	664	1	0	0	3158	7957	38	18	-1	
4	1	664	1	1	0	3158	7957	38	18	-1	
5	1	664	1	1	1	3158	7957	38	18	92.161026	Ro
2	1	665	0	0	0	1002	7975	34	22	-1	
3	1	665	1	0	0	1002	7975	34	22	-1	
4	1	665	1	1	0	1002	7975	34	22	-1	
5	1	665	1	1	1	1002	7975	34	22	53.368893	ow]
2	1	666	0	0	0	1400	7978	30	24	-1	
3	1	666	1	0	0	1400	7978	30	24	-1	
4	1	666	1	1	0	1400	7978	30	24	-1	
5	1	666	1	1	1	1400	7978	30	24	78.071693	“|
2	1	667	0	0	0	2109	8059	34	13	-1	
3	1	667	1	0	0	2109	8059	34	13	-1	
4	1	667	1	1	0	2109	8059	34	13	-1	
5	1	667	1	1	1	2109	8059	34	13	0.000000	<Jo
2	1	668	0	0	0	2167	8057	42	21	-1	
3	1	668	1	0	0	2167	8057	42	21	-1	
4	1	668	1	1	0	2167	8057	42	21	-1	
5	1	668	1	1	1	2167	8057	42	21	47.953915	os
2	1	669	0	0	0	1082	7988	62	98	-1	
3	1	669	1	0	0	1082	7988	62	98	-1	
4	1	669	1	1	0	1082	7988	62	98	-1	
5	1	669	1	1	1	1082	7988	62	98	41.719643	Y
2	1	670	0	0	0	1476	7990	62	97	-1	
3	1	670	1	0	0	1476	7990	62	97	-1	
4	1	670	1	1	0	1476	7990	62	97	-1	
5	1	670	1	1	1	1476	7990	62	97	15.043518	Y
2	1	671	0	0	0	2073	8072	70	19	-1	
3	1	671	1	0	0	2073	8072	70	19	-1	
4	1	671	1	1	0	2073	8072	70	19	-1	
5	1	671	1	1	1	2073	8078	18	13	55.190872	a
5	1	671	1	1	2	2105	8068	38	27	0.000000	O]-
2	1	672	0	0	0	2162	8072	47	18	-1	
3	1	672	1	0	0	2162	8072	47	18	-1	
4	1	672	1	1	0	2162	8072	47	18	-1	
5	1	672	1	1	1	2162	8072	47	18	52.610275	ka
5	1	672	1	1	2	2192	8068	20	32	53.738651	2
2	1	673	0	0	0	723	8101	33	13	-1	
3	1	673	1	0	0	723	8101	33	13	-1	
4	1	673	1	1	0	723	8101	33	13	-1	
5	1	673	1	1	1	723	8101	33	13	61.351582	zo
2	1	674	0	0	0	2078	8089	65	16	-1	
3	1	674	1	0	0	2078	8089	65	16	-1	
4	1	674	1	1	0	2078	8089	65	16	-1	
5	1	674	1	1	1	2078	8093	13	12	14.215561	c
5	1	674	1	1	2	2103	8089	40	16	17.305756	alo
2	1	675	0	0	0	2079	8100	37	11	-1	
3	1	675	1	0	0	2079	8100	37	11	-1	
4	1	675	1	1	0	2079	8100	37	11	-1	
5	1	675	1	1	1	2079	8100	37	11	71.717613	op
2	1	676	0	0	0	2166	8093	42	11	-1	
3	1	676	1	0	0	2166	8093	42	11	-1	
4	1	676	1	1	0	2166	8093	42	11	-1	
5	1	676	1	1	1	2166	8093	42	11	35.495163	c=
2	1	677	0	0	0	2167	8100	38	12	-1	
3	1	677	1	0	0	2167	8100	38	12	-1	
4	1	677	1	1	0	2167	8100	38	12	-1	
5	1	677	1	1	1	2167	8100	38	12	68.155037	—
5	1	677	1	1	2	2195	8096	14	24	46.125256	©
2	1	678	0	0	0	722	8115	34	11	-1	
3	1	678	1	0	0	722	8115	34	11	-1	
4	1	678	1	1	0	722	8115	34	11	-1	
5	1	678	1	1	1	722	8115	34	11	56.971519	ce
2	1	679	0	0	0	723	8129	33	11	-1	
3	1	679	1	0	0	723	8129	33	11	-1	
4	1	679	1	1	0	723	8129	33	11	-1	
5	1	679	1	1	1	723	8129	33	11	51.513638	Ao
2	1	680	0	0	0	1030	8117	99	21	-1	
3	1	680	1	0	0	1030	8117	99	21	-1	
4	1	680	1	1	0	1030	8117	99	21	-1	
5	1	680	1	1	1	1030	8117	99	21	0.000000	uw-—
2	1	681	0	0	0	1156	8123	55	14	-1	
3	1	681	1	0	0	1156	8123	55	14	-1	
4	1	681	1	1	0	1156	8123	55	14	-1	
5	1	681	1	1	1	1156	8123	55	14	3.434792	“a
2	1	682	0	0	0	1424	8114	59	23	-1	
3	1	682	1	0	0	1424	8114	59	23	-1	
4	1	682	1	1	0	1424	8114	59	23	-1	
5	1	682	1	1	1	1424	8114	59	23	54.176949	LW
2	1	683	0	0	0	1561	8106	52	30	-1	
3	1	683	1	0	0	1561	8106	52	30	-1	
4	1	683	1	1	0	1561	8106	52	30	-1	
5	1	683	1	1	1	1561	8106	52	30	17.923965	-4
2	1	684	0	0	0	2078	8113	38	12	-1	
3	1	684	1	0	0	2078	8113	38	12	-1	
4	1	684	1	1	0	2078	8113	38	12	-1	
5	1	684	1	1	1	2078	8113	38	12	43.782661	2o
2	1	685	0	0	0	2166	8113	38	12	-1	
3	1	685	1	0	0	2166	8113	38	12	-1	
4	1	685	1	1	0	2166	8113	38	12	-1	
5	1	685	1	1	1	2166	8113	38	12	56.869858	2a
2	1	686	0	0	0	723	8143	33	11	-1	
3	1	686	1	0	0	723	8143	33	11	-1	
4	1	686	1	1	0	723	8143	33	11	-1	
5	1	686	1	1	1	723	8143	33	11	93.016663	mo
2	1	687	0	0	0	2078	8126	38	20	-1	
3	1	687	1	0	0	2078	8126	38	20	-1	
4	1	687	1	1	0	2078	8126	38	20	-1	
5	1	687	1	1	1	2078	8126	38	20	64.788872	oo
2	1	688	0	0	0	2166	8127	38	19	-1	
3	1	688	1	0	0	2166	8127	38	19	-1	
4	1	688	1	1	0	2166	8127	38	19	-1	
5	1	688	1	1	1	2166	8127	38	19	79.203903	oo
2	1	689	0	0	0	622	8263	37	11	-1	
3	1	689	1	0	0	622	8263	37	11	-1	
4	1	689	1	1	0	622	8263	37	11	-1	
5	1	689	1	1	1	622	8263	37	11	54.368698	22
2	1	690	0	0	0	877	8256	43	16	-1	
3	1	690	1	0	0	877	8256	43	16	-1	
4	1	690	1	1	0	877	8256	43	16	-1	
5	1	690	1	1	1	877	8256	43	16	53.712116	OO
2	1	691	0	0	0	1269	8259	43	15	-1	
3	1	691	1	0	0	1269	8259	43	15	-1	
4	1	691	1	1	0	1269	8259	43	15	-1	
5	1	691	1	1	1	1269	8259	43	15	88.719933	DO
2	1	692	0	0	0	617	8283	42	11	-1	
3	1	692	1	0	0	617	8283	42	11	-1	
4	1	692	1	1	0	617	8283	42	11	-1	
5	1	692	1	1	1	617	8283	42	11	50.613503	<2
2	1	693	0	0	0	622	8270	41	13	-1	
3	1	693	1	0	0	622	8270	41	13	-1	
4	1	693	1	1	0	622	8270	41	13	-1	
5	1	693	1	1	1	622	8270	41	13	57.799091	os
2	1	694	0	0	0	877	8272	42	14	-1	
3	1	694	1	0	0	877	8272	42	14	-1	
4	1	694	1	1	0	877	8272	42	14	-1	
5	1	694	1	1	1	877	8272	42	14	91.252220	cr
2	1	695	0	0	0	1269	8275	42	13	-1	
3	1	695	1	0	0	1269	8275	42	13	-1	
4	1	695	1	1	0	1269	8275	42	13	-1	
5	1	695	1	1	1	1269	8275	42	13	68.327560	cc
2	1	696	0	0	0	621	8302	38	14	-1	
3	1	696	1	0	0	621	8302	38	14	-1	
4	1	696	1	1	0	621	8302	38	14	-1	
5	1	696	1	1	1	621	8302	38	14	62.608574	aq
2	1	697	0	0	0	877	8286	42	16	-1	
3	1	697	1	0	0	877	8286	42	16	-1	
4	1	697	1	1	0	877	8286	42	16	-1	
5	1	697	1	1	1	877	8286	42	16	33.051208	>
2	1	698	0	0	0	1269	8288	42	17	-1	
3	1	698	1	0	0	1269	8288	42	17	-1	
4	1	698	1	1	0	1269	8288	42	17	-1	
5	1	698	1	1	1	1269	8288	42	17	22.469627	D>
2	1	699	0	0	0	877	8301	43	21	-1	
3	1	699	1	0	0	877	8301	43	21	-1	
4	1	699	1	1	0	877	8301	43	21	-1	
5	1	699	1	1	1	877	8301	43	21	20.218582	BO
2	1	700	0	0	0	1269	8303	43	21	-1	
3	1	700	1	0	0	1269	8303	43	21	-1	
4	1	700	1	1	0	1269	8303	43	21	-1	
5	1	700	1	1	1	1269	8303	43	21	42.841881	oo
2	1	701	0	0	0	1989	8324	38	17	-1	
3	1	701	1	0	0	1989	8324	38	17	-1	
4	1	701	1	1	0	1989	8324	38	17	-1	
5	1	701	1	1	1	1989	8324	38	17	87.452126	30
2	1	702	0	0	0	1989	8310	42	17	-1	
3	1	702	1	0	0	1989	8310	42	17	-1	
4	1	702	1	1	0	1989	8310	42	17	-1	
5	1	702	1	1	1	1989	8310	42	17	0.000000	2Tr
2	1	703	0	0	0	1810	8329	43	15	-1	
3	1	703	1	0	0	1810	8329	43	15	-1	
4	1	703	1	1	0	1810	8329	43	15	-1	
5	1	703	1	1	1	1810	8329	43	15	26.084068	2x
2	1	704	0	0	0	1811	8342	38	18	-1	
3	1	704	1	0	0	1811	8342	38	18	-1	
4	1	704	1	1	0	1811	8342	38	18	-1	
5	1	704	1	1	1	1811	8342	38	18	71.854980	30
2	1	705	0	0	0	1985	8341	42	15	-1	
3	1	705	1	0	0	1985	8341	42	15	-1	
4	1	705	1	1	0	1985	8341	42	15	-1	
5	1	705	1	1	1	1985	8341	42	15	62.556816	oD
2	1	706	0	0	0	2136	8343	73	22	-1	
3	1	706	1	0	0	2136	8343	73	22	-1	
4	1	706	1	1	0	2136	8343	73	22	-1	
5	1	706	1	1	1	2136	8343	73	22	23.911552	coy
2	1	707	0	0	0	1807	8359	42	15	-1	
3	1	707	1	0	0	1807	8359	42	15	-1	
4	1	707	1	1	0	1807	8359	42	15	-1	
5	1	707	1	1	1	1807	8359	42	15	44.973610	of
2	1	708	0	0	0	2464	8365	42	15	-1	
3	1	708	1	0	0	2464	8365	42	15	-1	
4	1	708	1	1	0	2464	8365	42	15	-1	
5	1	708	1	1	1	2464	8365	42	15	47.547207	yu
2	1	709	0	0	0	2464	8380	38	13	-1	
3	1	709	1	0	0	2464	8380	38	13	-1	
4	1	709	1	1	0	2464	8380	38	13	-1	
5	1	709	1	1	1	2464	8380	38	13	56.954578	2o
2	1	710	0	0	0	3052	8385	42	16	-1	
3	1	710	1	0	0	3052	8385	42	16	-1	
4	1	710	1	1	0	3052	8385	42	16	-1	
5	1	710	1	1	1	3052	8385	42	16	0.000000	0
2	1	711	0	0	0	2464	8407	37	19	-1	
3	1	711	1	0	0	2464	8407	37	19	-1	
4	1	711	1	1	0	2464	8407	37	19	-1	
5	1	711	1	1	1	2464	8407	37	19	64.690186	Qo
2	1	712	0	0	0	2464	8394	37	17	-1	
3	1	712	1	0	0	2464	8394	37	17	-1	
4	1	712	1	1	0	2464	8394	37	17	-1	
5	1	712	1	1	1	2464	8394	37	17	81.623817	az
2	1	713	0	0	0	3052	8414	37	17	-1	
3	1	713	1	0	0	3052	8414	37	17	-1	
4	1	713	1	1	0	3052	8414	37	17	-1	
5	1	713	1	1	1	3052	8414	37	17	61.046505	a=
2	1	714	0	0	0	3052	8400	38	13	-1	
3	1	714	1	0	0	3052	8400	38	13	-1	
4	1	714	1	1	0	3052	8400	38	13	-1	
5	1	714	1	1	1	3052	8400	38	13	42.552628	2»
5	1	714	1	1	2	3077	8396	17	25	42.552628	oO
2	1	715	0	0	0	2136	8421	40	17	-1	
3	1	715	1	0	0	2136	8421	40	17	-1	
4	1	715	1	1	0	2136	8421	40	17	-1	
5	1	715	1	1	1	2136	8421	40	17	60.473518	tr
2	1	716	0	0	0	2463	8425	38	14	-1	
3	1	716	1	0	0	2463	8425	38	14	-1	
4	1	716	1	1	0	2463	8425	38	14	-1	
5	1	716	1	1	1	2463	8425	38	14	68.047180	on
2	1	717	0	0	0	3051	8428	38	18	-1	
3	1	717	1	0	0	3051	8428	38	18	-1	
4	1	717	1	1	0	3051	8428	38	18	-1	
5	1	717	1	1	1	3051	8428	38	18	68.661964	Zo
2	1	718	0	0	0	3051	8446	38	14	-1	
3	1	718	1	0	0	3051	8446	38	14	-1	
4	1	718	1	1	0	3051	8446	38	14	-1	
5	1	718	1	1	1	3051	8446	38	14	12.359116	on
2	1	719	0	0	0	687	8474	213	13	-1	
3	1	719	1	0	0	687	8474	213	13	-1	
4	1	719	1	1	0	687	8474	213	13	-1	
5	1	719	1	1	1	687	8474	213	13	8.887367	ee
2	1	720	0	0	0	939	8481	239	5	-1	
3	1	720	1	0	0	939	8481	239	5	-1	
4	1	720	1	1	0	939	8481	239	5	-1	
5	1	720	1	1	1	939	8481	239	5	0.000000	——--
2	1	721	0	0	0	2136	8515	72	12	-1	
3	1	721	1	0	0	2136	8515	72	12	-1	
4	1	721	1	1	0	2136	8515	72	12	-1	
5	1	721	1	1	1	2136	8515	72	12	42.163372	Loney
2	1	722	0	0	0	922	8682	370	80	-1	
3	1	722	1	0	0	922	8682	370	80	-1	
4	1	722	1	1	0	922	8682	370	80	-1	
5	1	722	1	1	1	922	8682	370	80	14.161194	oo
2	1	723	0	0	0	3333	9036	33	2	-1	
3	1	723	1	0	0	3333	9036	33	2	-1	
4	1	723	1	1	0	3333	9036	33	2	-1	
5	1	723	1	1	1	3333	9036	33	2	60.437553	—
