level	page_num	block_num	par_num	line_num	word_num	left	top	width	height	conf	text
1	1	0	0	0	0	0	0	9047	3524	-1	
2	1	1	0	0	0	866	8	34	2	-1	
3	1	1	1	0	0	866	8	34	2	-1	
4	1	1	1	1	0	866	8	34	2	-1	
5	1	1	1	1	1	866	8	34	2	80.570808	—
2	1	2	0	0	0	1000	8	35	1	-1	
3	1	2	1	0	0	1000	8	35	1	-1	
4	1	2	1	1	0	1000	8	35	1	-1	
5	1	2	1	1	1	1000	8	35	1	46.243481	——
2	1	3	0	0	0	4921	11	17	2	-1	
3	1	3	1	0	0	4921	11	17	2	-1	
4	1	3	1	1	0	4921	11	17	2	-1	
5	1	3	1	1	1	4921	11	17	2	62.095917	—
2	1	4	0	0	0	5242	11	17	1	-1	
3	1	4	1	0	0	5242	11	17	1	-1	
4	1	4	1	1	0	5242	11	17	1	-1	
5	1	4	1	1	1	5242	11	17	1	74.929077	—
2	1	5	0	0	0	164	207	656	52	-1	
3	1	5	1	0	0	164	207	656	52	-1	
4	1	5	1	1	0	164	207	656	52	-1	
5	1	5	1	1	1	164	210	43	45	19.327515	m@
5	1	5	1	1	2	239	208	233	51	96.116348	BLOCK
5	1	5	1	1	3	501	207	319	50	95.920219	DIAGRAM
2	1	6	0	0	0	5903	280	112	14	-1	
3	1	6	1	0	0	5903	280	112	14	-1	
4	1	6	1	1	0	5903	280	112	14	-1	
5	1	6	1	1	1	5903	280	112	14	31.680145	Q405~407
2	1	7	0	0	0	8073	288	48	15	-1	
3	1	7	1	0	0	8073	288	48	15	-1	
4	1	7	1	1	0	8073	288	48	15	-1	
5	1	7	1	1	1	8073	288	48	15	3.876740	D80l
2	1	8	0	0	0	3814	293	121	18	-1	
3	1	8	1	0	0	3814	293	121	18	-1	
4	1	8	1	1	0	3814	293	121	18	-1	
5	1	8	1	1	1	3814	293	73	18	96.600685	Search
5	1	8	1	1	2	3899	293	36	17	95.963547	dial
2	1	9	0	0	0	7900	291	57	14	-1	
3	1	9	1	0	0	7900	291	57	14	-1	
4	1	9	1	1	0	7900	291	57	14	-1	
5	1	9	1	1	1	7900	291	57	14	10.472298	1c80l
2	1	10	0	0	0	3215	238	100	90	-1	
3	1	10	1	0	0	3215	238	100	90	-1	
4	1	10	1	1	0	3215	238	100	90	-1	
5	1	10	1	1	1	3215	238	100	90	42.912750	4
2	1	11	0	0	0	6157	317	52	14	-1	
3	1	11	1	0	0	6157	317	52	14	-1	
4	1	11	1	1	0	6157	317	52	14	-1	
5	1	11	1	1	1	6157	317	52	14	96.435532	STOP
2	1	12	0	0	0	8406	334	20	15	-1	
3	1	12	1	0	0	8406	334	20	15	-1	
4	1	12	1	1	0	8406	334	20	15	-1	
5	1	12	1	1	1	8406	334	20	15	63.688351	TI
2	1	13	0	0	0	424	343	533	29	-1	
3	1	13	1	0	0	424	343	533	29	-1	
4	1	13	1	1	0	424	343	533	29	-1	
5	1	13	1	1	1	424	343	123	29	96.616791	RESET
5	1	13	1	1	2	560	344	143	28	96.741898	SIGNAL
5	1	13	1	1	3	716	343	241	29	96.093956	GENERATOR
2	1	14	0	0	0	6155	341	64	14	-1	
3	1	14	1	0	0	6155	341	64	14	-1	
4	1	14	1	1	0	6155	341	64	14	-1	
5	1	14	1	1	1	6155	341	64	14	96.396568	PAUSE
2	1	15	0	0	0	7793	347	34	14	-1	
3	1	15	1	0	0	7793	347	34	14	-1	
4	1	15	1	1	0	7793	347	34	14	-1	
5	1	15	1	1	1	7793	347	34	14	55.752277	15V
2	1	16	0	0	0	1259	355	383	31	-1	
3	1	16	1	0	0	1259	355	383	31	-1	
4	1	16	1	1	0	1259	355	383	31	-1	
5	1	16	1	1	1	1259	357	104	29	96.635811	DATA
5	1	16	1	1	2	1376	356	109	29	95.961990	SLICE
5	1	16	1	1	3	1499	356	63	28	96.711327	and
5	1	16	1	1	4	1576	355	66	28	96.679947	PLL
2	1	17	0	0	0	6157	367	51	14	-1	
3	1	17	1	0	0	6157	367	51	14	-1	
4	1	17	1	1	0	6157	367	51	14	-1	
5	1	17	1	1	1	6157	367	51	14	96.464058	PLAY
2	1	18	0	0	0	423	383	483	21	-1	
3	1	18	1	0	0	423	383	483	21	-1	
4	1	18	1	1	0	423	383	483	21	-1	
5	1	18	1	1	1	423	383	483	21	4.958984	res
5	1	18	1	1	2	608	372	24	36	58.811687	=
5	1	18	1	1	3	653	383	123	21	18.392807	SSS
5	1	18	1	1	4	818	372	21	36	41.543430	=
5	1	18	1	1	5	863	372	45	36	39.330032	=
2	1	19	0	0	0	2162	394	260	18	-1	
3	1	19	1	0	0	2162	394	260	18	-1	
4	1	19	1	1	0	2162	394	260	18	-1	
5	1	19	1	1	1	2162	397	35	15	0.000000	sRF_
2	1	20	0	0	0	6479	384	24	14	-1	
3	1	20	1	0	0	6479	384	24	14	-1	
4	1	20	1	1	0	6479	384	24	14	-1	
5	1	20	1	1	1	6479	384	24	14	77.906998	3V
2	1	21	0	0	0	7737	387	58	15	-1	
3	1	21	1	0	0	7737	387	58	15	-1	
4	1	21	1	1	0	7737	387	58	15	-1	
5	1	21	1	1	1	7737	387	58	15	93.518806	(Reh)
2	1	22	0	0	0	7900	397	60	14	-1	
3	1	22	1	0	0	7900	397	60	14	-1	
4	1	22	1	1	0	7900	397	60	14	-1	
5	1	22	1	1	1	7900	397	60	14	62.125954	1C802
2	1	23	0	0	0	767	401	139	37	-1	
3	1	23	1	0	0	767	401	139	37	-1	
4	1	23	1	1	0	767	401	139	37	-1	
5	1	23	1	1	1	767	401	139	59	0.000000	rcaos
2	1	24	0	0	0	1408	417	16	14	-1	
3	1	24	1	0	0	1408	417	16	14	-1	
4	1	24	1	1	0	1408	417	16	14	-1	
5	1	24	1	1	1	1408	417	16	14	92.413948	12
2	1	25	0	0	0	1608	414	17	14	-1	
3	1	25	1	0	0	1608	414	17	14	-1	
4	1	25	1	1	0	1608	414	17	14	-1	
5	1	25	1	1	1	1608	414	17	14	93.920120	13
2	1	26	0	0	0	1265	435	175	25	-1	
3	1	26	1	0	0	1265	435	175	25	-1	
4	1	26	1	1	0	1265	435	175	25	-1	
5	1	26	1	1	1	1265	435	147	25	30.840141	r---
5	1	26	1	1	2	1429	435	11	10	31.912270	7"
2	1	27	0	0	0	1643	434	192	11	-1	
3	1	27	1	0	0	1643	434	192	11	-1	
4	1	27	1	1	0	1643	434	192	11	-1	
5	1	27	1	1	1	1643	435	138	7	57.654953	——_—
5	1	27	1	1	2	1757	423	18	28	29.890121	=
5	1	27	1	1	3	1797	434	38	11	64.303596	=)
2	1	28	0	0	0	7775	443	50	15	-1	
3	1	28	1	0	0	7775	443	50	15	-1	
4	1	28	1	1	0	7775	443	50	15	-1	
5	1	28	1	1	1	7775	443	50	15	76.909012	-15V
2	1	29	0	0	0	8386	430	67	18	-1	
3	1	29	1	0	0	8386	430	67	18	-1	
4	1	29	1	1	0	8386	430	67	18	-1	
5	1	29	1	1	1	8386	430	67	18	96.732666	Power
2	1	30	0	0	0	462	420	232	61	-1	
3	1	30	1	0	0	462	420	232	61	-1	
4	1	30	1	1	0	462	420	232	61	-1	
5	1	30	1	1	1	462	457	7	5	92.107956	R
5	1	30	1	1	2	474	420	124	61	0.000000	Saree
5	1	30	1	1	3	652	420	42	61	0.000000	Con
2	1	31	0	0	0	1873	435	63	31	-1	
3	1	31	1	0	0	1873	435	63	31	-1	
4	1	31	1	1	0	1873	435	63	31	-1	
5	1	31	1	1	1	1873	435	63	31	47.068707	~7T
2	1	32	0	0	0	4019	285	147	199	-1	
3	1	32	1	0	0	4019	285	147	199	-1	
4	1	32	1	1	0	4019	285	147	199	-1	
5	1	32	1	1	1	4017	285	149	216	24.127846	in
2	1	33	0	0	0	7855	420	144	56	-1	
3	1	33	1	0	0	7855	420	144	56	-1	
4	1	33	1	1	0	7855	420	144	56	-1	
5	1	33	1	1	1	7855	420	144	56	0.000000	~Pslio
2	1	34	0	0	0	8385	455	125	19	-1	
3	1	34	1	0	0	8385	455	125	19	-1	
4	1	34	1	1	0	8385	455	125	19	-1	
5	1	34	1	1	1	8385	455	125	19	96.571182	transformer
2	1	35	0	0	0	470	479	65	21	-1	
3	1	35	1	0	0	470	479	65	21	-1	
4	1	35	1	1	0	470	479	65	21	-1	
5	1	35	1	1	1	470	479	65	21	63.875984	oltage
2	1	36	0	0	0	1266	466	7	31	-1	
3	1	36	1	0	0	1266	466	7	31	-1	
4	1	36	1	1	0	1266	466	7	31	-1	
5	1	36	1	1	1	1266	466	7	31	70.747086	I
2	1	37	0	0	0	3645	326	362	175	-1	
3	1	37	1	0	0	3645	326	362	175	-1	
4	1	37	1	1	0	3645	326	362	175	-1	
5	1	37	1	1	1	3645	488	118	9	32.380730	og
5	1	37	1	1	2	3843	326	163	175	56.362377	tt.
2	1	38	0	0	0	4017	484	308	19	-1	
3	1	38	1	0	0	4017	484	308	19	-1	
4	1	38	1	1	0	4017	484	308	19	-1	
5	1	38	1	1	1	4013	479	124	28	20.462044	wee
5	1	38	1	1	2	4150	479	64	28	0.000000	ONL
5	1	38	1	1	3	4216	487	109	16	0.000000	Om
5	1	38	1	1	4	4267	479	24	28	23.848289	oe
2	1	39	0	0	0	6473	457	39	39	-1	
3	1	39	1	0	0	6473	457	39	39	-1	
4	1	39	1	1	0	6473	457	39	39	-1	
5	1	39	1	1	1	6473	457	39	39	32.043106	y)
2	1	40	0	0	0	625	494	68	27	-1	
3	1	40	1	0	0	625	494	68	27	-1	
4	1	40	1	1	0	625	494	68	27	-1	
5	1	40	1	1	1	625	494	68	27	30.218079	=
2	1	41	0	0	0	6842	495	561	32	-1	
3	1	41	1	0	0	6616	494	787	38	-1	
4	1	41	1	1	0	6842	495	561	32	-1	
5	1	41	1	1	1	6842	495	442	7	20.626617	eae
5	1	41	1	1	2	7398	495	5	32	87.961426	|
2	1	42	0	0	0	7904	499	61	15	-1	
3	1	42	1	0	0	7904	499	61	15	-1	
4	1	42	1	1	0	7904	499	61	15	-1	
5	1	42	1	1	1	7904	499	61	15	30.150543	(C803
2	1	43	0	0	0	8082	498	52	15	-1	
3	1	43	1	0	0	8082	498	52	15	-1	
4	1	43	1	1	0	8082	498	52	15	-1	
5	1	43	1	1	1	8082	498	52	15	96.379288	0802
2	1	44	0	0	0	1243	520	30	31	-1	
3	1	44	1	0	0	1243	520	30	31	-1	
4	1	44	1	1	0	1243	520	30	31	-1	
5	1	44	1	1	1	1243	520	30	31	52.580967	15h
2	1	45	0	0	0	3652	503	124	53	-1	
3	1	45	1	0	0	3652	503	124	53	-1	
4	1	45	1	1	0	3652	503	124	53	-1	
5	1	45	1	1	1	3652	503	9	53	27.723579	}
5	1	45	1	1	2	3678	507	67	45	0.000000	ic4ot
5	1	45	1	1	3	3758	503	18	53	90.555977	|
2	1	46	0	0	0	4323	536	16	14	-1	
3	1	46	1	0	0	4323	536	16	14	-1	
4	1	46	1	1	0	4323	536	16	14	-1	
5	1	46	1	1	1	4323	536	16	14	94.675575	15
2	1	47	0	0	0	6423	522	55	14	-1	
3	1	47	1	0	0	6423	522	55	14	-1	
4	1	47	1	1	0	6423	522	55	14	-1	
5	1	47	1	1	1	6423	522	55	14	11.157043	Q1o0ol
2	1	48	0	0	0	7202	533	81	21	-1	
3	1	48	1	0	0	7202	533	81	21	-1	
4	1	48	1	1	0	7202	533	81	21	-1	
5	1	48	1	1	1	7202	533	81	21	77.410652	attering
2	1	49	0	0	0	898	542	23	26	-1	
3	1	49	1	0	0	898	542	23	26	-1	
4	1	49	1	1	0	898	542	23	26	-1	
5	1	49	1	1	1	898	542	23	26	43.651253	I
2	1	50	0	0	0	7170	558	175	21	-1	
3	1	50	1	0	0	7170	558	175	21	-1	
4	1	50	1	1	0	7170	558	175	21	-1	
5	1	50	1	1	1	7170	558	175	21	91.601799	simuldepression
2	1	51	0	0	0	7795	545	34	14	-1	
3	1	51	1	0	0	7795	545	34	14	-1	
4	1	51	1	1	0	7795	545	34	14	-1	
5	1	51	1	1	1	7795	545	34	14	0.000000	15V
2	1	52	0	0	0	8366	550	125	29	-1	
3	1	52	1	0	0	8366	550	125	29	-1	
4	1	52	1	1	0	8366	550	125	29	-1	
5	1	52	1	1	1	8366	550	125	29	96.431816	AUDIO
2	1	53	0	0	0	359	578	20	15	-1	
3	1	53	1	0	0	359	578	20	15	-1	
4	1	53	1	1	0	359	578	20	15	-1	
5	1	53	1	1	1	359	578	20	15	93.689186	+B
2	1	54	0	0	0	4322	578	17	15	-1	
3	1	54	1	0	0	4322	578	17	15	-1	
4	1	54	1	1	0	4322	578	17	15	-1	
5	1	54	1	1	1	4322	578	17	15	93.081619	18
2	1	55	0	0	0	7171	582	66	18	-1	
3	1	55	1	0	0	7171	582	66	18	-1	
4	1	55	1	1	0	7171	582	66	18	-1	
5	1	55	1	1	1	7171	582	66	18	96.280098	inhibit
2	1	56	0	0	0	1929	574	25	33	-1	
3	1	56	1	0	0	1929	574	25	33	-1	
4	1	56	1	1	0	1929	574	25	33	-1	
5	1	56	1	1	1	1929	574	25	33	31.382172	IE
2	1	57	0	0	0	2156	607	83	18	-1	
3	1	57	1	0	0	2156	607	83	18	-1	
4	1	57	1	1	0	2156	607	83	18	-1	
5	1	57	1	1	1	2156	609	37	15	82.411087	EFM
5	1	57	1	1	2	2211	607	28	18	75.150436	}—
2	1	58	0	0	0	7391	555	112	70	-1	
3	1	58	1	0	0	7391	555	112	70	-1	
4	1	58	1	1	0	7391	555	112	70	-1	
5	1	58	1	1	1	7391	555	112	70	0.000000	-
2	1	59	0	0	0	7744	590	58	15	-1	
3	1	59	1	0	0	7744	590	58	15	-1	
4	1	59	1	1	0	7744	590	58	15	-1	
5	1	59	1	1	1	7744	590	58	15	72.162025	(Leh)
2	1	60	0	0	0	7908	596	61	14	-1	
3	1	60	1	0	0	7908	596	61	14	-1	
4	1	60	1	1	0	7908	596	61	14	-1	
5	1	60	1	1	1	7908	596	61	14	60.432850	1C804
2	1	61	0	0	0	8079	587	90	18	-1	
3	1	61	1	0	0	8079	587	90	18	-1	
4	1	61	1	1	0	8079	587	90	18	-1	
5	1	61	1	1	1	8079	587	90	18	96.744453	Rectifier
2	1	62	0	0	0	8367	596	161	30	-1	
3	1	62	1	0	0	8367	596	161	30	-1	
4	1	62	1	1	0	8367	596	161	30	-1	
5	1	62	1	1	1	8367	596	161	30	96.141792	CIRCUIT
2	1	63	0	0	0	7410	619	22	14	-1	
3	1	63	1	0	0	7410	619	22	14	-1	
4	1	63	1	1	0	7410	619	22	14	-1	
5	1	63	1	1	1	7410	619	22	14	96.247864	22
2	1	64	0	0	0	7482	626	61	14	-1	
3	1	64	1	0	0	7482	626	61	14	-1	
4	1	64	1	1	0	7482	626	61	14	-1	
5	1	64	1	1	1	7478	622	21	28	50.657776	=—
5	1	64	1	1	2	7519	626	24	14	59.456764	3V
2	1	65	0	0	0	1458	606	143	58	-1	
3	1	65	1	0	0	1458	606	143	58	-1	
4	1	65	1	1	0	1458	606	143	58	-1	
5	1	65	1	1	1	1458	606	143	58	17.395966	enor
2	1	66	0	0	0	2116	638	111	25	-1	
3	1	66	1	0	0	2116	638	111	25	-1	
4	1	66	1	1	0	2116	638	111	25	-1	
5	1	66	1	1	1	2116	634	29	36	65.774857	—{
5	1	66	1	1	2	2154	645	36	15	51.292229	PcK
5	1	66	1	1	3	2209	640	18	20	70.343330	+
2	1	67	0	0	0	4318	608	68	53	-1	
3	1	67	1	0	0	4318	608	68	53	-1	
4	1	67	1	1	0	4318	608	68	53	-1	
5	1	67	1	1	1	4318	608	68	53	41.399761	2994
2	1	68	0	0	0	6697	650	43	13	-1	
3	1	68	1	0	0	6697	650	43	13	-1	
4	1	68	1	1	0	6697	650	43	13	-1	
5	1	68	1	1	1	6697	650	43	13	60.604836	imin
2	1	69	0	0	0	7775	636	50	14	-1	
3	1	69	1	0	0	7775	636	50	14	-1	
4	1	69	1	1	0	7775	636	50	14	-1	
5	1	69	1	1	1	7775	636	50	14	82.977684	-15V
2	1	70	0	0	0	471	648	174	43	-1	
3	1	70	1	0	0	471	648	174	43	-1	
4	1	70	1	1	0	471	648	174	43	-1	
5	1	70	1	1	1	471	648	174	43	0.000000	parerenoa_|
2	1	71	0	0	0	4323	679	17	14	-1	
3	1	71	1	0	0	4323	679	17	14	-1	
4	1	71	1	1	0	4323	679	17	14	-1	
5	1	71	1	1	1	4323	679	17	14	50.112656	31
2	1	72	0	0	0	4424	677	64	14	-1	
3	1	72	1	0	0	4424	677	64	14	-1	
4	1	72	1	1	0	4424	677	64	14	-1	
5	1	72	1	1	1	4424	677	64	14	96.780708	FLOCK
2	1	73	0	0	0	5190	679	671	8	-1	
3	1	73	1	0	0	5190	679	671	8	-1	
4	1	73	1	1	0	5190	679	671	8	-1	
5	1	73	1	1	1	5190	668	108	28	34.630829	eee
5	1	73	1	1	2	5307	668	29	28	29.343979	ce
5	1	73	1	1	3	5354	679	54	7	50.310398	ee
5	1	73	1	1	4	5423	679	55	7	48.499485	ee
5	1	73	1	1	5	5496	679	52	8	34.223038	ee
5	1	73	1	1	6	5564	668	24	28	34.223038	ee
5	1	73	1	1	7	5606	668	54	28	50.757080	eee
5	1	73	1	1	8	5675	679	85	7	56.721664	eee
5	1	73	1	1	9	5774	668	24	28	39.458359	oe
2	1	74	0	0	0	6680	668	114	21	-1	
3	1	74	1	0	0	6680	668	114	21	-1	
4	1	74	1	1	0	6680	668	114	21	-1	
5	1	74	1	1	1	6680	668	114	21	96.938599	generation
2	1	75	0	0	0	2125	681	113	24	-1	
3	1	75	1	0	0	2125	681	113	24	-1	
4	1	75	1	1	0	2125	681	113	24	-1	
5	1	75	1	1	1	2125	681	113	24	20.104073	{VA
2	1	76	0	0	0	3595	695	16	14	-1	
3	1	76	1	0	0	3595	695	16	14	-1	
4	1	76	1	1	0	3595	695	16	14	-1	
5	1	76	1	1	1	3595	695	16	14	91.918839	13
2	1	77	0	0	0	6736	691	11	16	-1	
3	1	77	1	0	0	6736	691	11	16	-1	
4	1	77	1	1	0	6736	691	11	16	-1	
5	1	77	1	1	1	6736	691	11	16	96.892151	it
2	1	78	0	0	0	7112	653	167	56	-1	
3	1	78	1	0	0	7112	653	167	56	-1	
4	1	78	1	1	0	7112	653	167	56	-1	
5	1	78	1	1	1	7120	649	75	69	0.000000	Sontet
5	1	78	1	1	2	7211	653	68	56	16.400360	rout
2	1	79	0	0	0	7909	692	62	15	-1	
3	1	79	1	0	0	7909	692	62	15	-1	
4	1	79	1	1	0	7909	692	62	15	-1	
5	1	79	1	1	1	7909	692	62	15	3.988678	'¢805
2	1	80	0	0	0	8075	693	52	15	-1	
3	1	80	1	0	0	8075	693	52	15	-1	
4	1	80	1	1	0	8075	693	52	15	-1	
5	1	80	1	1	1	8075	693	52	15	96.543503	0803
2	1	81	0	0	0	602	648	94	92	-1	
3	1	81	1	0	0	602	648	94	92	-1	
4	1	81	1	1	0	602	648	94	92	-1	
5	1	81	1	1	1	602	648	94	92	30.731171	i
2	1	82	0	0	0	1596	715	325	13	-1	
3	1	82	1	0	0	1596	715	325	13	-1	
4	1	82	1	1	0	1596	715	325	13	-1	
5	1	82	1	1	1	1596	715	193	13	0.000000	—)—
5	1	82	1	1	2	1720	703	25	29	10.876198	—
5	1	82	1	1	3	1761	703	27	29	10.876198	—
5	1	82	1	1	4	1809	716	23	6	23.291862	=
5	1	82	1	1	5	1857	716	25	6	54.310188	—
5	1	82	1	1	6	1901	716	20	6	89.758484	=
2	1	83	0	0	0	3297	705	212	24	-1	
3	1	83	1	0	0	3297	705	212	24	-1	
4	1	83	1	1	0	3297	705	212	24	-1	
5	1	83	1	1	1	3297	705	155	24	6.953796	+————__{
5	1	83	1	1	2	3472	707	37	15	38.319572	BST
2	1	84	0	0	0	3593	727	17	14	-1	
3	1	84	1	0	0	3593	727	17	14	-1	
4	1	84	1	1	0	3593	727	17	14	-1	
5	1	84	1	1	1	3593	727	17	14	91.344910	14
2	1	85	0	0	0	4322	707	22	15	-1	
3	1	85	1	0	0	4322	707	22	15	-1	
4	1	85	1	1	0	4322	707	22	15	-1	
5	1	85	1	1	1	4322	707	22	15	96.544029	32
2	1	86	0	0	0	4417	705	62	14	-1	
3	1	86	1	0	0	4417	705	62	14	-1	
4	1	86	1	1	0	4417	705	62	14	-1	
5	1	86	1	1	1	4417	705	62	14	96.232315	SENSE
2	1	87	0	0	0	6849	665	121	72	-1	
3	1	87	1	0	0	6849	665	121	72	-1	
4	1	87	1	1	0	6849	665	121	72	-1	
5	1	87	1	1	1	6849	665	121	72	37.472553	ia
2	1	88	0	0	0	1613	730	10	14	-1	
3	1	88	1	0	0	1613	730	10	14	-1	
4	1	88	1	1	0	1613	730	10	14	-1	
5	1	88	1	1	1	1613	730	10	14	96.881966	5
2	1	89	0	0	0	1671	729	10	14	-1	
3	1	89	1	0	0	1671	729	10	14	-1	
4	1	89	1	1	0	1671	729	10	14	-1	
5	1	89	1	1	1	1671	729	10	14	96.625687	7
2	1	90	0	0	0	1934	741	89	23	-1	
3	1	90	1	0	0	1934	741	89	23	-1	
4	1	90	1	1	0	1934	741	89	23	-1	
5	1	90	1	1	1	1934	749	37	15	82.101227	FPC
5	1	90	1	1	2	1980	741	43	22	0.876167	h}—
2	1	91	0	0	0	3296	745	7	15	-1	
3	1	91	1	0	0	3296	745	7	15	-1	
4	1	91	1	1	0	3296	745	7	15	-1	
5	1	91	1	1	1	3296	745	7	15	54.375973	7
2	1	92	0	0	0	3435	735	119	26	-1	
3	1	92	1	0	0	3435	735	119	26	-1	
4	1	92	1	1	0	3435	735	119	26	-1	
5	1	92	1	1	1	3435	736	86	25	36.946068	+BLKCK
5	1	92	1	1	2	3540	735	14	24	89.143074	}
2	1	93	0	0	0	3757	720	438	36	-1	
3	1	93	1	0	0	3757	720	438	36	-1	
4	1	93	1	1	0	3757	720	438	36	-1	
5	1	93	1	1	1	3757	720	186	35	96.045471	SYSTEM
5	1	93	1	1	2	3962	720	233	36	96.312531	CONTROL
2	1	94	0	0	0	5910	739	16	13	-1	
3	1	94	1	0	0	5910	739	16	13	-1	
4	1	94	1	1	0	5910	739	16	13	-1	
5	1	94	1	1	1	5910	739	16	13	84.796379	14
2	1	95	0	0	0	7285	733	80	19	-1	
3	1	95	1	0	0	7285	733	80	19	-1	
4	1	95	1	1	0	7285	733	80	19	-1	
5	1	95	1	1	1	7285	733	80	19	64.933807	1€1001
2	1	96	0	0	0	7794	731	34	14	-1	
3	1	96	1	0	0	7794	731	34	14	-1	
4	1	96	1	1	0	7794	731	34	14	-1	
5	1	96	1	1	1	7794	731	34	14	32.155411	12Vv
2	1	97	0	0	0	5039	739	136	44	-1	
3	1	97	1	0	0	5039	739	136	44	-1	
4	1	97	1	1	0	5039	739	136	44	-1	
5	1	97	1	1	1	5039	751	53	15	91.004211	SMCK
5	1	97	1	1	2	5105	739	70	44	64.201897	4
2	1	98	0	0	0	6616	741	96	32	-1	
3	1	98	1	0	0	6616	741	96	32	-1	
4	1	98	1	1	0	6616	741	96	32	-1	
5	1	98	1	1	1	6616	741	96	32	70.373764	Lui
2	1	99	0	0	0	6842	763	81	11	-1	
3	1	99	1	0	0	6842	763	81	11	-1	
4	1	99	1	1	0	6842	763	81	11	-1	
5	1	99	1	1	1	6842	763	81	11	0.000000	Om
2	1	100	0	0	0	7006	765	106	7	-1	
3	1	100	1	0	0	7006	765	106	7	-1	
4	1	100	1	1	0	7006	765	106	7	-1	
5	1	100	1	1	1	7006	765	106	7	71.113457	——
5	1	100	1	1	2	7090	753	27	28	35.352768	=
2	1	101	0	0	0	7267	766	96	6	-1	
3	1	101	1	0	0	7267	766	96	6	-1	
4	1	101	1	1	0	7267	766	96	6	-1	
5	1	101	1	1	1	7267	766	96	6	18.450737	—-
2	1	102	0	0	0	8669	751	45	16	-1	
3	1	102	1	0	0	8669	751	45	16	-1	
4	1	102	1	1	0	8669	751	45	16	-1	
5	1	102	1	1	1	8669	751	45	16	81.622795	(si)
2	1	103	0	0	0	8791	761	66	15	-1	
3	1	103	1	0	0	8791	761	66	15	-1	
4	1	103	1	1	0	8791	761	66	15	-1	
5	1	103	1	1	1	8791	761	24	15	93.011360	AC
5	1	103	1	1	2	8836	761	21	14	91.422890	IN
2	1	104	0	0	0	421	767	145	25	-1	
3	1	104	1	0	0	421	767	145	25	-1	
4	1	104	1	1	0	421	767	145	25	-1	
5	1	104	1	1	1	421	767	145	25	12.892807	es
2	1	105	0	0	0	652	758	252	43	-1	
3	1	105	1	0	0	652	758	252	43	-1	
4	1	105	1	1	0	652	758	252	43	-1	
5	1	105	1	1	1	652	758	136	43	26.518257	—_——
5	1	105	1	1	2	805	762	99	30	57.577782	—_J
2	1	106	0	0	0	3756	774	325	35	-1	
3	1	106	1	0	0	3756	774	325	35	-1	
4	1	106	1	1	0	3756	774	325	35	-1	
5	1	106	1	1	1	3756	774	100	34	96.956421	AND
5	1	106	1	1	2	3874	775	51	33	96.436066	FL
5	1	106	1	1	3	3943	775	138	34	96.436066	DRIVE
2	1	107	0	0	0	4606	791	50	15	-1	
3	1	107	1	0	0	4606	791	50	15	-1	
4	1	107	1	1	0	4606	791	50	15	-1	
5	1	107	1	1	1	4606	791	50	15	88.881775	FRST
2	1	108	0	0	0	5917	752	59	42	-1	
3	1	108	1	0	0	5917	752	59	42	-1	
4	1	108	1	1	0	5917	752	59	42	-1	
5	1	108	1	1	1	5917	752	59	42	17.922371	—
2	1	109	0	0	0	6774	783	15	14	-1	
3	1	109	1	0	0	6774	783	15	14	-1	
4	1	109	1	1	0	6774	783	15	14	-1	
5	1	109	1	1	1	6774	783	15	14	93.761398	13
2	1	110	0	0	0	7145	786	18	13	-1	
3	1	110	1	0	0	7145	786	18	13	-1	
4	1	110	1	1	0	7145	786	18	13	-1	
5	1	110	1	1	1	7145	786	18	13	94.010223	14
2	1	111	0	0	0	7228	786	16	14	-1	
3	1	111	1	0	0	7228	786	16	14	-1	
4	1	111	1	1	0	7228	786	16	14	-1	
5	1	111	1	1	1	7228	786	16	14	45.548035	2i
2	1	112	0	0	0	7906	786	61	14	-1	
3	1	112	1	0	0	7906	786	61	14	-1	
4	1	112	1	1	0	7906	786	61	14	-1	
5	1	112	1	1	1	7906	786	61	14	73.524811	1C806
2	1	113	0	0	0	8073	788	39	15	-1	
3	1	113	1	0	0	8073	788	39	15	-1	
4	1	113	1	1	0	8073	788	39	15	-1	
5	1	113	1	1	1	8073	788	39	15	88.484398	084
2	1	114	0	0	0	1875	787	114	27	-1	
3	1	114	1	0	0	1875	787	114	27	-1	
4	1	114	1	1	0	1875	787	114	27	-1	
5	1	114	1	1	1	1875	787	114	27	84.392120	—{
5	1	114	1	1	2	1932	783	28	41	93.088829	po
5	1	114	1	1	3	1973	783	18	41	93.063530	}
2	1	115	0	0	0	5913	807	16	14	-1	
3	1	115	1	0	0	5913	807	16	14	-1	
4	1	115	1	1	0	5913	807	16	14	-1	
5	1	115	1	1	1	5913	807	16	14	77.508736	17
2	1	116	0	0	0	3468	834	50	15	-1	
3	1	116	1	0	0	3468	834	50	15	-1	
4	1	116	1	1	0	3468	834	50	15	-1	
5	1	116	1	1	1	3468	834	50	15	75.043915	SUBQ
2	1	117	0	0	0	3592	820	24	14	-1	
3	1	117	1	0	0	3592	820	24	14	-1	
4	1	117	1	1	0	3592	820	24	14	-1	
5	1	117	1	1	1	3592	820	24	14	95.404358	20
2	1	118	0	0	0	4330	823	10	14	-1	
3	1	118	1	0	0	4330	823	10	14	-1	
4	1	118	1	1	0	4330	823	10	14	-1	
5	1	118	1	1	1	4330	823	10	14	19.724991	iT
2	1	119	0	0	0	4600	828	77	15	-1	
3	1	119	1	0	0	4600	828	77	15	-1	
4	1	119	1	1	0	4600	828	77	15	-1	
5	1	119	1	1	1	4600	828	77	15	91.307976	CUEDET
2	1	120	0	0	0	7779	823	50	14	-1	
3	1	120	1	0	0	7779	823	50	14	-1	
4	1	120	1	1	0	7779	823	50	14	-1	
5	1	120	1	1	1	7779	823	50	14	40.642872	-12Vv
2	1	121	0	0	0	1926	826	114	34	-1	
3	1	121	1	0	0	1926	826	114	34	-1	
4	1	121	1	1	0	1926	826	114	34	-1	
5	1	121	1	1	1	1926	826	114	34	91.519295	SLC.TRON
5	1	121	1	1	2	2030	822	15	42	82.191582	}
2	1	122	0	0	0	3594	850	17	14	-1	
3	1	122	1	0	0	3594	850	17	14	-1	
4	1	122	1	1	0	3594	850	17	14	-1	
5	1	122	1	1	1	3594	850	17	14	83.494781	19
2	1	123	0	0	0	3758	828	464	43	-1	
3	1	123	1	0	0	3758	828	464	43	-1	
4	1	123	1	1	0	3758	828	464	43	-1	
5	1	123	1	1	1	3758	828	464	43	96.284416	(MICROCOMPUTER)
2	1	124	0	0	0	8080	807	107	58	-1	
3	1	124	1	0	0	8070	807	117	58	-1	
4	1	124	1	1	0	8080	807	107	58	-1	
5	1	124	1	1	1	8080	811	88	50	53.053986	Rectifier
5	1	124	1	1	2	8177	807	10	58	55.254444	|
2	1	125	0	0	0	3148	881	19	15	-1	
3	1	125	1	0	0	3148	881	19	15	-1	
4	1	125	1	1	0	3148	881	19	15	-1	
5	1	125	1	1	1	3148	881	19	15	95.419609	+B
2	1	126	0	0	0	3431	857	92	28	-1	
3	1	126	1	0	0	3431	857	92	28	-1	
4	1	126	1	1	0	3431	857	92	28	-1	
5	1	126	1	1	1	3431	857	92	28	26.466492	{CLOCK
2	1	127	0	0	0	4324	858	64	44	-1	
3	1	127	1	0	0	4324	858	64	44	-1	
4	1	127	1	1	0	4324	858	64	44	-1	
5	1	127	1	1	1	4324	858	64	44	24.769684	aa
2	1	128	0	0	0	4634	883	32	15	-1	
3	1	128	1	0	0	4634	883	32	15	-1	
4	1	128	1	1	0	4634	883	32	15	-1	
5	1	128	1	1	1	4634	883	32	15	71.097122	105
2	1	129	0	0	0	4828	879	54	15	-1	
3	1	129	1	0	0	4828	879	54	15	-1	
4	1	129	1	1	0	4828	879	54	15	-1	
5	1	129	1	1	1	4828	879	54	15	44.780025	1C106
2	1	130	0	0	0	5046	839	129	60	-1	
3	1	130	1	0	0	5046	839	129	60	-1	
4	1	130	1	1	0	5046	839	129	60	-1	
5	1	130	1	1	1	5046	863	37	15	96.400635	RST
5	1	130	1	1	2	5100	839	75	60	47.082146	+24
2	1	131	0	0	0	5311	864	447	37	-1	
3	1	131	1	0	0	5311	864	447	37	-1	
4	1	131	1	1	0	5311	864	447	37	-1	
5	1	131	1	1	1	5311	865	197	36	96.559860	REMOTE
5	1	131	1	1	2	5525	864	233	36	96.704559	CONTROL
2	1	132	0	0	0	1732	882	93	26	-1	
3	1	132	1	0	0	1732	882	93	26	-1	
4	1	132	1	1	0	1732	882	93	26	-1	
5	1	132	1	1	1	1732	887	64	14	92.919327	FLOCK
5	1	132	1	1	2	1810	882	15	26	29.267563	}
2	1	133	0	0	0	3220	905	36	17	-1	
3	1	133	1	0	0	3220	905	36	17	-1	
4	1	133	1	1	0	3220	905	36	17	-1	
5	1	133	1	1	1	3220	905	36	17	96.334702	Play
2	1	134	0	0	0	3450	897	53	15	-1	
3	1	134	1	0	0	3450	897	53	15	-1	
4	1	134	1	1	0	3450	897	53	15	-1	
5	1	134	1	1	1	3450	897	53	15	90.447052	Q402
2	1	135	0	0	0	625	899	633	32	-1	
3	1	135	1	0	0	625	899	633	32	-1	
4	1	135	1	1	0	625	899	633	32	-1	
5	1	135	1	1	1	625	899	168	29	96.348740	OPTICAL
5	1	135	1	1	2	805	899	130	30	96.630974	SERVO
5	1	135	1	1	3	947	901	64	28	95.762039	and
5	1	135	1	1	4	1025	901	121	29	93.284264	LASER
5	1	135	1	1	5	1160	902	98	29	88.863678	A.P.C
2	1	136	0	0	0	3594	930	23	14	-1	
3	1	136	1	0	0	3594	930	23	14	-1	
4	1	136	1	1	0	3594	930	23	14	-1	
5	1	136	1	1	1	3594	930	23	14	93.098175	35,
2	1	137	0	0	0	4321	922	24	14	-1	
3	1	137	1	0	0	4321	922	24	14	-1	
4	1	137	1	1	0	4321	922	24	14	-1	
5	1	137	1	1	1	4321	922	24	14	96.192528	30
2	1	138	0	0	0	7902	918	44	14	-1	
3	1	138	1	0	0	7902	918	44	14	-1	
4	1	138	1	1	0	7902	918	44	14	-1	
5	1	138	1	1	1	7902	918	44	14	58.219421	(ctl
2	1	139	0	0	0	8129	916	34	14	-1	
3	1	139	1	0	0	8129	916	34	14	-1	
4	1	139	1	1	0	8129	916	34	14	-1	
5	1	139	1	1	1	8129	916	34	14	41.352009	oll
2	1	140	0	0	0	1156	960	113	6	-1	
3	1	140	1	0	0	1156	960	113	6	-1	
4	1	140	1	1	0	1156	960	113	6	-1	
5	1	140	1	1	1	1156	960	113	6	73.085251	—
5	1	140	1	1	2	1198	947	24	28	50.519787	—
5	1	140	1	1	3	1240	960	29	6	41.113419	on
2	1	141	0	0	0	1281	941	16	15	-1	
3	1	141	1	0	0	1281	941	16	15	-1	
4	1	141	1	1	0	1281	941	16	15	-1	
5	1	141	1	1	1	1281	941	16	15	49.902248	31
2	1	142	0	0	0	1381	957	192	11	-1	
3	1	142	1	0	0	1381	957	192	11	-1	
4	1	142	1	1	0	1381	957	192	11	-1	
5	1	142	1	1	1	1381	957	47	11	65.725845	O—
5	1	142	1	1	2	1447	959	24	6	66.258560	—
5	1	142	1	1	3	1493	959	22	6	12.642746	_
5	1	142	1	1	4	1545	946	31	28	53.949490	mn
2	1	143	0	0	0	1581	939	24	15	-1	
3	1	143	1	0	0	1581	939	24	15	-1	
4	1	143	1	1	0	1581	939	24	15	-1	
5	1	143	1	1	1	1581	939	24	15	96.720856	26
2	1	144	0	0	0	3223	950	33	16	-1	
3	1	144	1	0	0	3223	950	33	16	-1	
4	1	144	1	1	0	3223	950	33	16	-1	
5	1	144	1	1	1	3223	950	33	16	0.000000	Nae)
2	1	145	0	0	0	4321	955	22	15	-1	
3	1	145	1	0	0	4321	955	22	15	-1	
4	1	145	1	1	0	4321	955	22	15	-1	
5	1	145	1	1	1	4321	955	22	15	96.918816	25
2	1	146	0	0	0	5311	919	453	36	-1	
3	1	146	1	0	0	5311	919	453	36	-1	
4	1	146	1	1	0	5311	919	453	36	-1	
5	1	146	1	1	1	5311	920	128	34	95.477608	DATA
5	1	146	1	1	2	5456	919	308	36	95.477608	PROCESSING
2	1	147	0	0	0	7891	939	110	60	-1	
3	1	147	1	0	0	7891	939	110	60	-1	
4	1	147	1	1	0	7891	939	110	60	-1	
5	1	147	1	1	1	7897	940	25	30	91.216225	Nol
5	1	147	1	1	2	7891	939	110	60	0.000000	Reguistoy
2	1	148	0	0	0	8395	949	24	15	-1	
3	1	148	1	0	0	8395	949	24	15	-1	
4	1	148	1	1	0	8395	949	24	15	-1	
5	1	148	1	1	1	8395	949	24	15	88.289864	T2
2	1	149	0	0	0	1669	958	318	31	-1	
3	1	149	1	0	0	1669	958	318	31	-1	
4	1	149	1	1	0	1669	958	318	31	-1	
5	1	149	1	1	1	1669	958	318	31	16.743660	a
2	1	150	0	0	0	3204	965	24	26	-1	
3	1	150	1	0	0	3204	965	24	26	-1	
4	1	150	1	1	0	3204	965	24	26	-1	
5	1	150	1	1	1	3204	965	24	26	17.074547	wn
2	1	151	0	0	0	4430	951	100	26	-1	
3	1	151	1	0	0	4430	951	100	26	-1	
4	1	151	1	1	0	4430	951	100	26	-1	
5	1	151	1	1	1	4430	959	52	14	48.913860	cNnT4
5	1	151	1	1	2	4494	951	36	26	44.356644	FY
2	1	152	0	0	0	4981	921	124	72	-1	
3	1	152	1	0	0	4981	921	124	72	-1	
4	1	152	1	1	0	4981	921	124	72	-1	
5	1	152	1	1	1	4981	921	124	72	37.345833	_
2	1	153	0	0	0	7807	959	24	14	-1	
3	1	153	1	0	0	7807	959	24	14	-1	
4	1	153	1	1	0	7807	959	24	14	-1	
5	1	153	1	1	1	7807	959	24	14	52.852978	5V
2	1	154	0	0	0	7895	939	106	60	-1	
3	1	154	1	0	0	7895	939	106	60	-1	
4	1	154	1	1	0	7895	939	106	60	-1	
5	1	154	1	1	1	7895	939	106	60	0.000000	Reguistoy
2	1	155	0	0	0	258	974	325	30	-1	
3	1	155	1	0	0	258	974	325	30	-1	
4	1	155	1	1	0	258	974	325	30	-1	
5	1	155	1	1	1	258	975	169	29	96.265846	OPTICAL
5	1	155	1	1	2	441	974	142	29	96.516937	PICKUP
2	1	156	0	0	0	1161	990	62	17	-1	
3	1	156	1	0	0	1161	990	62	17	-1	
4	1	156	1	1	0	1161	990	62	17	-1	
5	1	156	1	1	1	1161	990	62	17	50.990189	1€101
2	1	157	0	0	0	3450	987	48	15	-1	
3	1	157	1	0	0	3450	987	48	15	-1	
4	1	157	1	1	0	3450	987	48	15	-1	
5	1	157	1	1	1	3450	987	48	15	61.909966	Q40!
2	1	158	0	0	0	4321	983	23	14	-1	
3	1	158	1	0	0	4321	983	23	14	-1	
4	1	158	1	1	0	4321	983	23	14	-1	
5	1	158	1	1	1	4321	983	23	14	95.186554	26
2	1	159	0	0	0	4430	985	51	15	-1	
3	1	159	1	0	0	4430	985	51	15	-1	
4	1	159	1	1	0	4430	985	51	15	-1	
5	1	159	1	1	1	4430	985	51	15	82.454651	CNT3
2	1	160	0	0	0	5312	973	463	44	-1	
3	1	160	1	0	0	5312	973	463	44	-1	
4	1	160	1	1	0	5312	973	463	44	-1	
5	1	160	1	1	1	5312	973	463	44	96.595924	(MICROCOMPUTER)
2	1	161	0	0	0	287	1015	396	6	-1	
3	1	161	1	0	0	287	1015	396	6	-1	
4	1	161	1	1	0	287	1015	396	6	-1	
5	1	161	1	1	1	287	1002	76	28	40.895634	eee
5	1	161	1	1	2	376	1002	24	28	43.442627	ee
5	1	161	1	1	3	418	1002	68	28	51.667412	eee
5	1	161	1	1	4	502	1002	24	28	51.340828	ee
5	1	161	1	1	5	539	1002	24	28	52.117104	ee
5	1	161	1	1	6	579	1002	24	28	38.725704	ee
5	1	161	1	1	7	621	1015	62	6	55.037403	ee
2	1	162	0	0	0	1118	998	8	25	-1	
3	1	162	1	0	0	1118	998	8	25	-1	
4	1	162	1	1	0	1118	998	8	25	-1	
5	1	162	1	1	1	1118	998	8	25	36.997383	1
2	1	163	0	0	0	2335	1015	58	17	-1	
3	1	163	1	0	0	2335	1015	58	17	-1	
4	1	163	1	1	0	2335	1015	58	17	-1	
5	1	163	1	1	1	2335	1015	58	17	14.394440	Ic102,
2	1	164	0	0	0	4430	1009	51	16	-1	
3	1	164	1	0	0	4430	1009	51	16	-1	
4	1	164	1	1	0	4430	1009	51	16	-1	
5	1	164	1	1	1	4430	1009	51	16	89.606735	CNT2
2	1	165	0	0	0	4616	1015	47	16	-1	
3	1	165	1	0	0	4616	1015	47	16	-1	
4	1	165	1	1	0	4616	1015	47	16	-1	
5	1	165	1	1	1	4616	1015	47	16	82.397896	Qio7
2	1	166	0	0	0	7908	1013	48	15	-1	
3	1	166	1	0	0	7908	1013	48	15	-1	
4	1	166	1	1	0	7908	1013	48	15	-1	
5	1	166	1	1	1	7908	1013	48	15	25.245522	Icl2
2	1	167	0	0	0	8366	1018	66	18	-1	
3	1	167	1	0	0	8366	1018	66	18	-1	
4	1	167	1	1	0	8366	1018	66	18	-1	
5	1	167	1	1	1	8366	1018	66	18	96.441521	Power
2	1	168	0	0	0	472	1029	24	16	-1	
3	1	168	1	0	0	472	1029	24	16	-1	
4	1	168	1	1	0	472	1029	24	16	-1	
5	1	168	1	1	1	472	1029	24	16	84.681129	PO
2	1	169	0	0	0	1087	1045	23	15	-1	
3	1	169	1	0	0	1087	1045	23	15	-1	
4	1	169	1	1	0	1087	1045	23	15	-1	
5	1	169	1	1	1	1087	1045	23	15	96.908371	33
2	1	170	0	0	0	2199	1033	54	15	-1	
3	1	170	1	0	0	2199	1033	54	15	-1	
4	1	170	1	1	0	2199	1033	54	15	-1	
5	1	170	1	1	1	2199	1033	54	15	48.690308	Icto2
2	1	171	0	0	0	2333	1034	103	18	-1	
3	1	171	1	0	0	2333	1034	103	18	-1	
4	1	171	1	1	0	2333	1034	103	18	-1	
5	1	171	1	1	1	2333	1034	103	18	83.640778	Q105,Q106
2	1	172	0	0	0	4323	1037	24	14	-1	
3	1	172	1	0	0	4323	1037	24	14	-1	
4	1	172	1	1	0	4323	1037	24	14	-1	
5	1	172	1	1	1	4323	1037	24	14	91.322456	28
2	1	173	0	0	0	4431	1037	45	15	-1	
3	1	173	1	0	0	4431	1037	45	15	-1	
4	1	173	1	1	0	4431	1037	45	15	-1	
5	1	173	1	1	1	4431	1037	45	15	96.121201	CNT!
2	1	174	0	0	0	6120	1048	52	14	-1	
3	1	174	1	0	0	6120	1048	52	14	-1	
4	1	174	1	1	0	6120	1048	52	14	-1	
5	1	174	1	1	1	6120	1048	52	14	48.963234	Ic60!
2	1	175	0	0	0	6506	1012	654	30	-1	
3	1	175	1	0	0	6506	1012	654	30	-1	
4	1	175	1	1	0	6506	1012	654	30	-1	
5	1	175	1	1	1	6506	1013	160	29	96.544060	REMOTE
5	1	175	1	1	2	6680	1013	191	29	96.269974	CONTROL
5	1	175	1	1	3	6884	1012	276	29	95.903481	TRANSMITTER
2	1	176	0	0	0	7799	1047	36	14	-1	
3	1	176	1	0	0	7799	1047	36	14	-1	
4	1	176	1	1	0	7799	1047	36	14	-1	
5	1	176	1	1	1	7799	1047	36	14	78.765358	-5V
2	1	177	0	0	0	7891	1033	112	58	-1	
3	1	177	1	0	0	7891	1033	112	58	-1	
4	1	177	1	1	0	7891	1033	112	58	-1	
5	1	177	1	1	1	7898	1033	28	31	87.163651	Vol
5	1	177	1	1	2	7891	1033	112	58	11.270416	Reguistor
2	1	178	0	0	0	8365	1043	125	18	-1	
3	1	178	1	0	0	8365	1043	125	18	-1	
4	1	178	1	1	0	8365	1043	125	18	-1	
5	1	178	1	1	1	8365	1043	125	18	96.127083	transformer
2	1	179	0	0	0	349	1052	25	15	-1	
3	1	179	1	0	0	349	1052	25	15	-1	
4	1	179	1	1	0	349	1052	25	15	-1	
5	1	179	1	1	1	349	1052	25	15	89.015846	A2
2	1	180	0	0	0	451	1050	157	15	-1	
3	1	180	1	0	0	451	1050	157	15	-1	
4	1	180	1	1	0	451	1050	157	15	-1	
5	1	180	1	1	1	451	1050	157	15	0.000000	ro-clco
2	1	181	0	0	0	1980	1038	42	32	-1	
3	1	181	1	0	0	1980	1038	42	32	-1	
4	1	181	1	1	0	1980	1038	42	32	-1	
5	1	181	1	1	1	1980	1038	42	32	27.761185	Iss
2	1	182	0	0	0	3228	1072	54	14	-1	
3	1	182	1	0	0	3228	1072	54	14	-1	
4	1	182	1	1	0	3228	1072	54	14	-1	
5	1	182	1	1	1	3228	1072	54	14	96.860878	Pause
2	1	183	0	0	0	3595	1015	38	51	-1	
3	1	183	1	0	0	3595	1015	38	51	-1	
4	1	183	1	1	0	3595	1015	38	51	-1	
5	1	183	1	1	1	3595	1015	38	51	0.000000	“Y
2	1	184	0	0	0	4320	1066	22	16	-1	
3	1	184	1	0	0	4320	1066	22	16	-1	
4	1	184	1	1	0	4320	1066	22	16	-1	
5	1	184	1	1	1	4320	1066	22	16	81.422340	21
2	1	185	0	0	0	7895	1033	108	58	-1	
3	1	185	1	0	0	7895	1033	108	58	-1	
4	1	185	1	1	0	7895	1033	108	58	-1	
5	1	185	1	1	1	7895	1033	108	58	11.270416	Reguistor
2	1	186	0	0	0	2558	1095	93	10	-1	
3	1	186	1	0	0	2558	1095	93	10	-1	
4	1	186	1	1	0	2558	1095	93	10	-1	
5	1	186	1	1	1	2558	1095	93	10	53.499714	-——_,
2	1	187	0	0	0	3621	1076	366	29	-1	
3	1	187	1	0	0	3621	1076	366	29	-1	
4	1	187	1	1	0	3621	1076	366	29	-1	
5	1	187	1	1	1	3617	1071	32	48	38.551750	Ma
5	1	187	1	1	2	3665	1071	24	48	14.250122	ne
5	1	187	1	1	3	3701	1096	64	9	16.960114	ae
5	1	187	1	1	4	3777	1071	23	48	21.200172	ee
5	1	187	1	1	5	3829	1096	40	9	29.929237	ee
5	1	187	1	1	6	3881	1071	28	48	39.632538	ae
5	1	187	1	1	7	3921	1071	28	48	25.757095	oe
2	1	188	0	0	0	3997	1075	135	17	-1	
3	1	188	1	0	0	3997	1075	135	17	-1	
4	1	188	1	1	0	3997	1075	135	17	-1	
5	1	188	1	1	1	3997	1075	135	17	84.170868	456
5	1	188	1	1	2	4078	1071	15	30	90.898270	7
5	1	188	1	1	3	4105	1071	31	30	96.430351	33
2	1	189	0	0	0	4203	1075	92	32	-1	
3	1	189	1	0	0	4203	1075	92	32	-1	
4	1	189	1	1	0	4203	1075	92	32	-1	
5	1	189	1	1	1	4203	1075	23	32	73.088242	22
5	1	189	1	1	2	4238	1076	23	30	91.961769	23
5	1	189	1	1	3	4269	1076	26	30	75.425728	34
2	1	190	0	0	0	6164	1082	52	17	-1	
3	1	190	1	0	0	6164	1082	52	17	-1	
4	1	190	1	1	0	6164	1082	52	17	-1	
5	1	190	1	1	1	6164	1082	52	17	94.558655	mote
2	1	191	0	0	0	8032	943	204	144	-1	
3	1	191	1	0	0	8032	943	204	144	-1	
4	1	191	1	1	0	8032	943	204	144	-1	
5	1	191	1	1	1	8032	943	204	144	56.394943	=
2	1	192	0	0	0	550	1107	45	8	-1	
3	1	192	1	0	0	550	1107	45	8	-1	
4	1	192	1	1	0	550	1107	45	8	-1	
5	1	192	1	1	1	550	1108	12	7	78.308571	K
5	1	192	1	1	2	583	1107	12	8	66.951309	A
2	1	193	0	0	0	6134	1110	25	13	-1	
3	1	193	1	0	0	6134	1110	25	13	-1	
4	1	193	1	1	0	6134	1110	25	13	-1	
5	1	193	1	1	1	6134	1110	25	13	91.016350	col
2	1	194	0	0	0	6191	1106	18	18	-1	
3	1	194	1	0	0	6191	1106	18	18	-1	
4	1	194	1	1	0	6191	1106	18	18	-1	
5	1	194	1	1	1	6191	1106	18	18	85.342278	‘ol
2	1	195	0	0	0	7903	1104	37	15	-1	
3	1	195	1	0	0	7903	1104	37	15	-1	
4	1	195	1	1	0	7903	1104	37	15	-1	
5	1	195	1	1	1	7903	1104	37	15	64.217216	Qi2
2	1	196	0	0	0	3228	1131	33	16	-1	
3	1	196	1	0	0	3228	1131	33	16	-1	
4	1	196	1	1	0	3228	1131	33	16	-1	
5	1	196	1	1	1	3228	1131	33	16	0.000000	Na,
2	1	197	0	0	0	4426	1125	53	15	-1	
3	1	197	1	0	0	4426	1125	53	15	-1	
4	1	197	1	1	0	4426	1125	53	15	-1	
5	1	197	1	1	1	4426	1125	53	15	68.256927	IC106
2	1	198	0	0	0	5887	1086	113	57	-1	
3	1	198	1	0	0	5887	1086	113	57	-1	
4	1	198	1	1	0	5887	1086	113	57	-1	
5	1	198	1	1	1	5887	1086	113	57	32.051872	an
2	1	199	0	0	0	6135	1134	84	14	-1	
3	1	199	1	0	0	6135	1134	84	14	-1	
4	1	199	1	1	0	6135	1134	84	14	-1	
5	1	199	1	1	1	6135	1134	84	14	95.649132	receiver
2	1	200	0	0	0	7808	1139	26	15	-1	
3	1	200	1	0	0	7808	1139	26	15	-1	
4	1	200	1	1	0	7808	1139	26	15	-1	
5	1	200	1	1	1	7808	1139	26	15	32.650787	BV
2	1	201	0	0	0	3702	1155	69	15	-1	
3	1	201	1	0	0	3702	1155	69	15	-1	
4	1	201	1	1	0	3702	1155	69	15	-1	
5	1	201	1	1	1	3702	1155	69	15	92.553963	MDATA
2	1	202	0	0	0	8315	1155	38	15	-1	
3	1	202	1	0	0	8315	1155	38	15	-1	
4	1	202	1	1	0	8315	1155	38	15	-1	
5	1	202	1	1	1	8315	1155	38	15	57.439381	ol2
2	1	203	0	0	0	8508	1141	155	28	-1	
3	1	203	1	0	0	8508	1141	155	28	-1	
4	1	203	1	1	0	8508	1141	155	28	-1	
5	1	203	1	1	1	8508	1141	155	28	96.552986	DIGITAL
2	1	204	0	0	0	374	1102	152	96	-1	
3	1	204	1	0	0	374	1102	152	96	-1	
4	1	204	1	1	0	374	1102	152	96	-1	
5	1	204	1	1	1	374	1102	152	96	26.932014	[jas
2	1	205	0	0	0	3208	1152	26	28	-1	
3	1	205	1	0	0	3208	1152	26	28	-1	
4	1	205	1	1	0	3208	1152	26	28	-1	
5	1	205	1	1	1	3208	1152	26	28	85.125900	4
2	1	206	0	0	0	3701	1186	53	15	-1	
3	1	206	1	0	0	3701	1186	53	15	-1	
4	1	206	1	1	0	3701	1186	53	15	-1	
5	1	206	1	1	1	3701	1186	53	15	92.795570	MCLK
2	1	207	0	0	0	3187	1195	73	17	-1	
3	1	207	1	0	0	3187	1195	73	17	-1	
4	1	207	1	1	0	3187	1195	73	17	-1	
5	1	207	1	1	1	3187	1195	73	17	90.128265	A.Space
2	1	208	0	0	0	3626	1149	63	54	-1	
3	1	208	1	0	0	3626	1149	63	54	-1	
4	1	208	1	1	0	3626	1149	63	54	-1	
5	1	208	1	1	1	3626	1149	63	54	39.322548	-
2	1	209	0	0	0	4069	1092	349	127	-1	
3	1	209	1	0	0	4069	1092	349	127	-1	
4	1	209	1	1	0	4069	1092	349	127	-1	
5	1	209	1	1	1	4069	1092	349	127	5.833168	iii
2	1	210	0	0	0	5890	1182	8	24	-1	
3	1	210	1	0	0	5890	1182	8	24	-1	
4	1	210	1	1	0	5890	1182	8	24	-1	
5	1	210	1	1	1	5890	1182	8	24	14.713509	{
2	1	211	0	0	0	7906	1194	38	15	-1	
3	1	211	1	0	0	7906	1194	38	15	-1	
4	1	211	1	1	0	7906	1194	38	15	-1	
5	1	211	1	1	1	7906	1194	38	15	89.224533	Qi3
2	1	212	0	0	0	8507	1187	161	29	-1	
3	1	212	1	0	0	8507	1187	161	29	-1	
4	1	212	1	1	0	8507	1187	161	29	-1	
5	1	212	1	1	1	8507	1187	161	29	96.036781	CIRCUIT
2	1	213	0	0	0	1576	1168	124	70	-1	
3	1	213	1	0	0	1576	1168	124	70	-1	
4	1	213	1	1	0	1576	1168	124	70	-1	
5	1	213	1	1	1	1576	1168	124	70	25.682327	ak
2	1	214	0	0	0	3627	1216	19	13	-1	
3	1	214	1	0	0	3627	1216	19	13	-1	
4	1	214	1	1	0	3627	1216	19	13	-1	
5	1	214	1	1	1	3627	1216	19	13	17.641373	I
2	1	215	0	0	0	3677	1206	12	23	-1	
3	1	215	1	0	0	3677	1206	12	23	-1	
4	1	215	1	1	0	3677	1206	12	23	-1	
5	1	215	1	1	1	3677	1206	12	23	86.631546	+
2	1	216	0	0	0	3716	1214	40	15	-1	
3	1	216	1	0	0	3716	1214	40	15	-1	
4	1	216	1	1	0	3716	1214	40	15	-1	
5	1	216	1	1	1	3716	1214	40	15	96.660568	MLD
2	1	217	0	0	0	5163	1196	736	52	-1	
3	1	217	1	0	0	5163	1196	736	52	-1	
4	1	217	1	1	0	5163	1196	736	52	-1	
5	1	217	1	1	1	5163	1200	256	40	27.941765	Lee
5	1	217	1	1	2	5613	1196	84	52	7.544128	ee
5	1	217	1	1	3	5756	1217	143	26	30.054062	eed
2	1	218	0	0	0	1736	1240	67	17	-1	
3	1	218	1	0	0	1736	1240	67	17	-1	
4	1	218	1	1	0	1736	1240	67	17	-1	
5	1	218	1	1	1	1736	1240	67	17	96.892525	switch
2	1	219	0	0	0	3612	1249	188	47	-1	
3	1	219	1	0	0	3612	1249	188	47	-1	
4	1	219	1	1	0	3612	1249	188	47	-1	
5	1	219	1	1	1	3612	1249	79	47	68.504799	iam
5	1	219	1	1	2	3711	1261	53	14	81.081398	stat
5	1	219	1	1	3	3793	1255	7	25	86.429596	}
2	1	220	0	0	0	8390	1272	50	15	-1	
3	1	220	1	0	0	8390	1272	50	15	-1	
4	1	220	1	1	0	8390	1272	50	15	-1	
5	1	220	1	1	1	8390	1272	50	15	71.039185	-33V
2	1	221	0	0	0	8500	1272	52	15	-1	
3	1	221	1	0	0	8500	1272	52	15	-1	
4	1	221	1	1	0	8500	1272	52	15	-1	
5	1	221	1	1	1	8500	1272	52	15	88.740074	ACSV
2	1	222	0	0	0	1979	1277	36	32	-1	
3	1	222	1	0	0	1979	1277	36	32	-1	
4	1	222	1	1	0	1979	1277	36	32	-1	
5	1	222	1	1	1	1979	1277	36	32	47.250656	lia
2	1	223	0	0	0	4576	1287	53	15	-1	
3	1	223	1	0	0	4576	1287	53	15	-1	
4	1	223	1	1	0	4576	1287	53	15	-1	
5	1	223	1	1	1	4576	1287	53	15	56.889359	1C103
2	1	224	0	0	0	7913	1290	48	15	-1	
3	1	224	1	0	0	7913	1290	48	15	-1	
4	1	224	1	1	0	7913	1290	48	15	-1	
5	1	224	1	1	1	7913	1290	48	15	33.601883	Ici3
2	1	225	0	0	0	8070	1289	38	14	-1	
3	1	225	1	0	0	8070	1289	38	14	-1	
4	1	225	1	1	0	8070	1289	38	14	-1	
5	1	225	1	1	1	8070	1289	38	14	61.858833	O17
2	1	226	0	0	0	474	1316	58	16	-1	
3	1	226	1	0	0	474	1316	58	16	-1	
4	1	226	1	1	0	474	1316	58	16	-1	
5	1	226	1	1	1	474	1316	58	16	96.674873	Laser
2	1	227	0	0	0	1576	1291	215	45	-1	
3	1	227	1	0	0	1576	1291	215	45	-1	
4	1	227	1	1	0	1576	1291	215	45	-1	
5	1	227	1	1	1	1576	1291	215	45	5.326302	Hse
2	1	228	0	0	0	2044	1307	107	28	-1	
3	1	228	1	0	0	2044	1307	107	28	-1	
4	1	228	1	1	0	2044	1307	107	28	-1	
5	1	228	1	1	1	2044	1307	17	28	18.308289	~{
5	1	228	1	1	2	2072	1308	79	26	81.008621	SENSE}
2	1	229	0	0	0	4790	1307	84	15	-1	
3	1	229	1	0	0	4790	1307	84	15	-1	
4	1	229	1	1	0	4790	1307	84	15	-1	
5	1	229	1	1	1	4790	1307	84	15	0.000000	Qlorio2
2	1	230	0	0	0	5660	1246	108	87	-1	
3	1	230	1	0	0	5660	1246	108	87	-1	
4	1	230	1	1	0	5660	1246	108	87	-1	
5	1	230	1	1	1	5660	1246	108	87	23.496681	7
2	1	231	0	0	0	8395	1316	68	4	-1	
3	1	231	1	0	0	8395	1316	68	4	-1	
4	1	231	1	1	0	8395	1316	68	4	-1	
5	1	231	1	1	1	8395	1316	68	4	38.691044	———
2	1	232	0	0	0	8492	1316	35	16	-1	
3	1	232	1	0	0	8492	1316	35	16	-1	
4	1	232	1	1	0	8492	1316	35	16	-1	
5	1	232	1	1	1	8492	1316	35	16	22.376106	77
2	1	233	0	0	0	8400	1347	37	15	-1	
3	1	233	1	0	0	8400	1347	37	15	-1	
4	1	233	1	1	0	8400	1347	37	15	-1	
5	1	233	1	1	1	8400	1347	37	15	18.243744	FL
2	1	234	0	0	0	253	1337	6	37	-1	
3	1	234	1	0	0	253	1337	6	37	-1	
4	1	234	1	1	0	253	1337	6	37	-1	
5	1	234	1	1	1	253	1337	6	37	87.328873	|
2	1	235	0	0	0	489	1341	48	27	-1	
3	1	235	1	0	0	489	1341	48	27	-1	
4	1	235	1	1	0	489	1341	48	27	-1	
5	1	235	1	1	1	489	1341	48	27	60.092144	Gy
2	1	236	0	0	0	7819	1332	34	14	-1	
3	1	236	1	0	0	7819	1312	182	52	-1	
4	1	236	1	1	0	7819	1332	34	14	-1	
5	1	236	1	1	1	7819	1332	34	14	0.000000	12V
2	1	237	0	0	0	489	1370	34	16	-1	
3	1	237	1	0	0	489	1370	34	16	-1	
4	1	237	1	1	0	489	1370	34	16	-1	
5	1	237	1	1	1	489	1370	34	16	63.236275	Nay,
2	1	238	0	0	0	1574	1358	89	50	-1	
3	1	238	1	0	0	1574	1358	89	50	-1	
4	1	238	1	1	0	1574	1358	89	50	-1	
5	1	238	1	1	1	1574	1358	89	50	10.296333	as
2	1	239	0	0	0	1793	1316	210	130	-1	
3	1	239	1	0	0	1793	1316	210	130	-1	
4	1	239	1	1	0	1793	1316	210	130	-1	
5	1	239	1	1	1	1793	1316	69	80	0.000000	~y
5	1	239	1	1	2	1895	1316	108	130	25.607620	oI
2	1	240	0	0	0	2084	1390	46	15	-1	
3	1	240	1	0	0	2084	1390	46	15	-1	
4	1	240	1	1	0	2084	1390	46	15	-1	
5	1	240	1	1	1	2084	1390	46	15	59.468201	CNT!
2	1	241	0	0	0	3898	1390	95	15	-1	
3	1	241	1	0	0	3898	1390	95	15	-1	
4	1	241	1	1	0	3898	1390	95	15	-1	
5	1	241	1	1	1	3898	1390	95	15	37.855583	Q411~413
2	1	242	0	0	0	4970	1324	16	64	-1	
3	1	242	1	0	0	4970	1324	16	64	-1	
4	1	242	1	1	0	4970	1324	16	64	-1	
5	1	242	1	1	1	4970	1324	16	64	69.083000	3
2	1	243	0	0	0	7911	1379	48	14	-1	
3	1	243	1	0	0	7911	1379	48	14	-1	
4	1	243	1	1	0	7911	1379	48	14	-1	
5	1	243	1	1	1	7911	1379	48	14	30.313278	C14
2	1	244	0	0	0	8061	1381	39	15	-1	
3	1	244	1	0	0	8061	1381	39	15	-1	
4	1	244	1	1	0	8061	1381	39	15	-1	
5	1	244	1	1	1	8061	1381	39	15	43.667007	O18
2	1	245	0	0	0	8370	1384	141	4	-1	
3	1	245	1	0	0	8370	1384	141	4	-1	
4	1	245	1	1	0	8370	1384	141	4	-1	
5	1	245	1	1	1	8370	1384	141	4	0.000000	—---
2	1	246	0	0	0	253	1381	6	33	-1	
3	1	246	1	0	0	253	1381	6	33	-1	
4	1	246	1	1	0	253	1381	6	33	-1	
5	1	246	1	1	1	253	1381	6	33	73.288803	|
2	1	247	0	0	0	1994	1397	23	14	-1	
3	1	247	1	0	0	1994	1397	23	14	-1	
4	1	247	1	1	0	1994	1397	23	14	-1	
5	1	247	1	1	1	1994	1397	23	14	96.800858	22
2	1	248	0	0	0	2083	1416	62	15	-1	
3	1	248	1	0	0	2083	1416	62	15	-1	
4	1	248	1	1	0	2083	1416	62	15	-1	
5	1	248	1	1	1	2083	1416	24	15	95.975716	FO
5	1	248	1	1	2	2120	1416	25	15	95.248802	ON
2	1	249	0	0	0	4935	1401	92	17	-1	
3	1	249	1	0	0	4935	1401	92	17	-1	
4	1	249	1	1	0	4935	1401	92	17	-1	
5	1	249	1	1	1	4935	1401	92	17	96.739075	Traverse
2	1	250	0	0	0	7805	1415	35	14	-1	
3	1	250	1	0	0	7805	1415	35	14	-1	
4	1	250	1	1	0	7805	1415	35	14	-1	
5	1	250	1	1	1	7805	1415	35	14	87.170593	-12
2	1	251	0	0	0	1051	1417	37	15	-1	
3	1	251	1	0	0	1051	1417	37	15	-1	
4	1	251	1	1	0	1051	1417	37	15	-1	
5	1	251	1	1	1	1051	1417	37	15	95.395554	LSA
2	1	252	0	0	0	2082	1438	51	15	-1	
3	1	252	1	0	0	2082	1438	51	15	-1	
4	1	252	1	1	0	2082	1438	51	15	-1	
5	1	252	1	1	1	2082	1438	51	15	91.371078	CNT2
2	1	253	0	0	0	4935	1426	36	17	-1	
3	1	253	1	0	0	4935	1426	36	17	-1	
4	1	253	1	1	0	4935	1426	36	17	-1	
5	1	253	1	1	1	4935	1426	36	17	96.845718	coil
2	1	254	0	0	0	5124	1430	25	18	-1	
3	1	254	1	0	0	5124	1430	25	18	-1	
4	1	254	1	1	0	5124	1430	25	18	-1	
5	1	254	1	1	1	5124	1430	25	18	74.345398	L
2	1	255	0	0	0	252	1424	187	31	-1	
3	1	255	1	0	0	252	1424	187	31	-1	
4	1	255	1	1	0	252	1424	187	31	-1	
5	1	255	1	1	1	252	1424	76	31	88.707527	[Focus
5	1	255	1	1	2	345	1425	94	22	96.824074	Tracking
2	1	256	0	0	0	263	1449	37	17	-1	
3	1	256	1	0	0	263	1449	37	17	-1	
4	1	256	1	1	0	263	1449	37	17	-1	
5	1	256	1	1	1	263	1449	37	17	94.914871	coil
2	1	257	0	0	0	345	1450	37	17	-1	
3	1	257	1	0	0	345	1450	37	17	-1	
4	1	257	1	1	0	345	1450	37	17	-1	
5	1	257	1	1	1	345	1450	37	17	96.833076	coil
2	1	258	0	0	0	495	1444	41	15	-1	
3	1	258	1	0	0	495	1444	41	15	-1	
4	1	258	1	1	0	495	1444	41	15	-1	
5	1	258	1	1	1	495	1444	41	15	37.974167	-J4d
2	1	259	0	0	0	1097	1435	28	34	-1	
3	1	259	1	0	0	1097	1435	28	34	-1	
4	1	259	1	1	0	1097	1435	28	34	-1	
5	1	259	1	1	1	1097	1435	28	34	87.378922	al
2	1	260	0	0	0	1301	1405	71	46	-1	
3	1	260	1	0	0	1301	1405	184	59	-1	
4	1	260	1	1	0	1301	1405	71	46	-1	
5	1	260	1	1	1	1301	1405	71	46	94.330101	compa
2	1	261	0	0	0	1303	1458	50	16	-1	
3	1	261	1	0	0	1303	1458	50	16	-1	
4	1	261	1	1	0	1303	1458	50	16	-1	
5	1	261	1	1	1	1303	1458	50	16	92.995209	rator
2	1	262	0	0	0	2082	1455	63	19	-1	
3	1	262	1	0	0	2082	1455	63	19	-1	
4	1	262	1	1	0	2082	1455	63	19	-1	
5	1	262	1	1	1	2082	1459	25	15	93.074089	TR
5	1	262	1	1	2	2120	1455	25	19	93.074089	ON
2	1	263	0	0	0	3663	1459	19	15	-1	
3	1	263	1	0	0	3663	1459	19	15	-1	
4	1	263	1	1	0	3663	1459	19	15	-1	
5	1	263	1	1	1	3663	1459	19	15	94.957382	+B
2	1	264	0	0	0	8567	1456	78	16	-1	
3	1	264	1	0	0	8567	1456	78	16	-1	
4	1	264	1	1	0	8567	1456	78	16	-1	
5	1	264	1	1	1	8567	1456	78	16	93.998795	phones
2	1	265	0	0	0	1792	1432	228	68	-1	
3	1	265	1	0	0	1792	1432	228	68	-1	
4	1	265	1	1	0	1792	1432	228	68	-1	
5	1	265	1	1	1	1792	1468	79	32	95.897057	Control
5	1	265	1	1	2	1902	1432	114	68	0.178688	ce
5	1	265	1	1	3	1996	1476	24	14	96.916969	24
2	1	266	0	0	0	2081	1481	52	14	-1	
3	1	266	1	0	0	2081	1481	52	14	-1	
4	1	266	1	1	0	2081	1481	52	14	-1	
5	1	266	1	1	1	2081	1481	52	14	88.448891	CNT3
2	1	267	0	0	0	4538	1459	343	29	-1	
3	1	267	1	0	0	4538	1459	343	29	-1	
4	1	267	1	1	0	4538	1459	343	29	-1	
5	1	267	1	1	1	4538	1459	201	29	96.340454	TRAVERSE
5	1	267	1	1	2	4753	1459	128	29	96.198425	SERVO
2	1	268	0	0	0	5101	1448	35	31	-1	
3	1	268	1	0	0	5101	1448	35	31	-1	
4	1	268	1	1	0	5101	1448	35	31	-1	
5	1	268	1	1	1	5101	1448	35	31	13.927094	L_
2	1	269	0	0	0	6471	1477	37	2	-1	
3	1	269	1	0	0	6471	1477	37	2	-1	
4	1	269	1	1	0	6471	1477	37	2	-1	
5	1	269	1	1	1	6471	1477	37	2	61.419144	—
2	1	270	0	0	0	250	1459	161	79	-1	
3	1	270	1	0	0	250	1459	161	79	-1	
4	1	270	1	1	0	250	1459	161	79	-1	
5	1	270	1	1	1	250	1459	161	79	24.317825	Pram
2	1	271	0	0	0	1048	1491	77	25	-1	
3	1	271	1	0	0	1048	1491	77	25	-1	
4	1	271	1	1	0	1048	1491	77	25	-1	
5	1	271	1	1	1	1048	1492	37	15	35.711983	ise
5	1	271	1	1	2	1117	1491	8	25	41.530373	|
2	1	272	0	0	0	1792	1498	50	22	-1	
3	1	272	1	0	0	1792	1498	50	22	-1	
4	1	272	1	1	0	1792	1498	50	22	-1	
5	1	272	1	1	1	1792	1498	50	22	96.913445	logic
2	1	273	0	0	0	2072	1501	59	16	-1	
3	1	273	1	0	0	2072	1501	59	16	-1	
4	1	273	1	1	0	2072	1501	59	16	-1	
5	1	273	1	1	1	2072	1501	59	16	92.027855	KICKF
2	1	274	0	0	0	308	1526	213	8	-1	
3	1	274	1	0	0	308	1526	213	8	-1	
4	1	274	1	1	0	308	1526	213	8	-1	
5	1	274	1	1	1	308	1527	31	7	73.326340	—
5	1	274	1	1	2	355	1515	29	28	36.317215	oe
5	1	274	1	1	3	397	1515	31	28	52.369305	oe
5	1	274	1	1	4	444	1515	31	28	43.466339	oe
5	1	274	1	1	5	490	1515	31	28	48.314114	oe
2	1	275	0	0	0	1902	1498	113	35	-1	
3	1	275	1	0	0	1902	1498	113	35	-1	
4	1	275	1	1	0	1902	1498	113	35	-1	
5	1	275	1	1	1	1902	1498	113	35	10.969376	__dzs
2	1	276	0	0	0	2088	1522	53	15	-1	
3	1	276	1	0	0	2088	1522	53	15	-1	
4	1	276	1	1	0	2088	1522	53	15	-1	
5	1	276	1	1	1	2088	1522	53	15	87.823059	CNT4
2	1	277	0	0	0	6610	1445	175	80	-1	
3	1	277	1	0	0	6610	1445	175	80	-1	
4	1	277	1	1	0	6610	1445	175	80	-1	
5	1	277	1	1	1	6610	1445	175	80	23.566322	—|
2	1	278	0	0	0	1117	1528	7	36	-1	
3	1	278	1	0	0	1117	1528	7	36	-1	
4	1	278	1	1	0	1117	1528	7	36	-1	
5	1	278	1	1	1	1117	1528	7	36	70.199005	|
2	1	279	0	0	0	1995	1554	24	14	-1	
3	1	279	1	0	0	1995	1554	24	14	-1	
4	1	279	1	1	0	1995	1554	24	14	-1	
5	1	279	1	1	1	1995	1554	24	14	96.748825	20
2	1	280	0	0	0	2078	1541	61	15	-1	
3	1	280	1	0	0	2078	1541	61	15	-1	
4	1	280	1	1	0	2078	1541	61	15	-1	
5	1	280	1	1	1	2078	1541	61	15	90.923477	KICKR
2	1	281	0	0	0	3298	1540	15	9	-1	
3	1	281	1	0	0	3298	1540	15	9	-1	
4	1	281	1	1	0	3298	1540	15	9	-1	
5	1	281	1	1	1	3298	1540	15	9	45.927502	u
2	1	282	0	0	0	4542	1524	160	28	-1	
3	1	282	1	0	0	4542	1524	160	28	-1	
4	1	282	1	1	0	4542	1524	160	28	-1	
5	1	282	1	1	1	4542	1524	64	28	96.247711	16K
5	1	282	1	1	2	4620	1524	82	28	96.135735	RAM
2	1	283	0	0	0	960	1563	41	15	-1	
3	1	283	1	0	0	960	1563	41	15	-1	
4	1	283	1	1	0	960	1563	41	15	-1	
5	1	283	1	1	1	960	1563	41	15	3.761528	QIol
2	1	284	0	0	0	2070	1569	88	16	-1	
3	1	284	1	0	0	2070	1569	88	16	-1	
4	1	284	1	1	0	2070	1569	88	16	-1	
5	1	284	1	1	1	2070	1569	88	16	90.993088	KICKF/R
2	1	285	0	0	0	4588	1564	489	9	-1	
3	1	285	1	0	0	4588	1564	489	9	-1	
4	1	285	1	1	0	4588	1564	489	9	-1	
5	1	285	1	1	1	4588	1565	31	8	80.950211	—
5	1	285	1	1	2	4651	1565	40	8	50.923618	ew
5	1	285	1	1	3	4702	1554	26	28	50.791412	ee
5	1	285	1	1	4	4742	1554	24	28	43.734852	ee
5	1	285	1	1	5	4777	1554	57	28	43.734852	eee
5	1	285	1	1	6	4854	1554	26	28	38.229156	ee
5	1	285	1	1	7	4894	1554	26	28	36.200871	ee
5	1	285	1	1	8	4934	1565	59	8	53.427734	ee
2	1	286	0	0	0	1097	1600	10	14	-1	
3	1	286	1	0	0	1097	1600	10	14	-1	
4	1	286	1	1	0	1097	1600	10	14	-1	
5	1	286	1	1	1	1097	1600	10	14	96.224159	5
2	1	287	0	0	0	1194	1583	50	17	-1	
3	1	287	1	0	0	1194	1583	50	17	-1	
4	1	287	1	1	0	1194	1583	50	17	-1	
5	1	287	1	1	1	1194	1583	50	17	96.705872	Auto
2	1	288	0	0	0	3626	1546	24	51	-1	
3	1	288	1	0	0	3626	1546	24	51	-1	
4	1	288	1	1	0	3626	1546	24	51	-1	
5	1	288	1	1	1	3626	1546	24	51	66.711678	U
2	1	289	0	0	0	4531	1598	22	14	-1	
3	1	289	1	0	0	4531	1598	22	14	-1	
4	1	289	1	1	0	4531	1598	22	14	-1	
5	1	289	1	1	1	4531	1598	22	14	92.666237	10
2	1	290	0	0	0	5086	1565	24	31	-1	
3	1	290	1	0	0	5086	1565	24	31	-1	
4	1	290	1	1	0	5086	1565	24	31	-1	
5	1	290	1	1	1	5086	1565	24	31	74.493774	4
2	1	291	0	0	0	8328	1588	57	14	-1	
3	1	291	1	0	0	8328	1588	57	14	-1	
4	1	291	1	1	0	8328	1588	57	14	-1	
5	1	291	1	1	1	8328	1588	57	14	0.000000	C851
2	1	292	0	0	0	1115	1614	11	10	-1	
3	1	292	1	0	0	1115	1614	11	10	-1	
4	1	292	1	1	0	1115	1614	11	10	-1	
5	1	292	1	1	1	1115	1614	11	10	69.114563	O
2	1	293	0	0	0	1192	1612	66	17	-1	
3	1	293	1	0	0	1192	1612	66	17	-1	
4	1	293	1	1	0	1192	1612	66	17	-1	
5	1	293	1	1	1	1192	1612	66	17	96.687202	power
2	1	294	0	0	0	1996	1622	17	14	-1	
3	1	294	1	0	0	1996	1622	17	14	-1	
4	1	294	1	1	0	1996	1622	17	14	-1	
5	1	294	1	1	1	1996	1622	17	14	89.214493	16
2	1	295	0	0	0	8185	1604	62	14	-1	
3	1	295	1	0	0	8185	1604	62	14	-1	
4	1	295	1	1	0	8185	1604	62	14	-1	
5	1	295	1	1	1	8185	1604	62	14	38.300533	VR851
2	1	296	0	0	0	8637	1505	42	117	-1	
3	1	296	1	0	0	8637	1505	42	117	-1	
4	1	296	1	1	0	8637	1505	42	117	-1	
5	1	296	1	1	1	8637	1505	42	117	60.005230	1
2	1	297	0	0	0	1082	1629	25	14	-1	
3	1	297	1	0	0	1082	1629	25	14	-1	
4	1	297	1	1	0	1082	1629	25	14	-1	
5	1	297	1	1	1	1082	1629	25	14	28.779320	AP
2	1	298	0	0	0	1191	1634	74	17	-1	
3	1	298	1	0	0	1191	1634	74	17	-1	
4	1	298	1	1	0	1191	1634	74	17	-1	
5	1	298	1	1	1	1191	1634	74	17	96.131035	control
2	1	299	0	0	0	1790	1595	68	45	-1	
3	1	299	1	0	0	1481	1563	377	77	-1	
4	1	299	1	1	0	1790	1595	68	45	-1	
5	1	299	1	1	1	1468	1542	195	78	0.000000	fel
2	1	300	0	0	0	1830	1622	49	18	-1	
3	1	300	1	0	0	1830	1622	49	18	-1	
4	1	300	1	1	0	1830	1622	49	18	-1	
5	1	300	1	1	1	1830	1622	49	18	69.089569	Hold
2	1	301	0	0	0	2081	1640	62	15	-1	
3	1	301	1	0	0	2081	1640	62	15	-1	
4	1	301	1	1	0	2081	1640	62	15	-1	
5	1	301	1	1	1	2081	1640	11	14	88.796394	H
5	1	301	1	1	2	2104	1640	39	15	96.039062	OUT
2	1	302	0	0	0	4710	1631	46	18	-1	
3	1	302	1	0	0	4710	1631	46	18	-1	
4	1	302	1	1	0	4710	1631	46	18	-1	
5	1	302	1	1	1	4710	1631	46	18	92.699532	Row
2	1	303	0	0	0	4803	1641	79	12	-1	
3	1	303	1	0	0	4803	1641	79	12	-1	
4	1	303	1	1	0	4803	1641	79	12	-1	
5	1	303	1	1	1	4803	1641	79	12	0.000000	Reaeoeset:
2	1	304	0	0	0	1829	1647	68	18	-1	
3	1	304	1	0	0	1829	1647	68	18	-1	
4	1	304	1	1	0	1829	1647	68	18	-1	
5	1	304	1	1	1	1829	1647	68	18	96.522766	switch
2	1	305	0	0	0	4709	1656	78	18	-1	
3	1	305	1	0	0	4709	1656	78	18	-1	
4	1	305	1	1	0	4709	1656	78	18	-1	
5	1	305	1	1	1	4709	1656	78	18	51.640888	decode:
2	1	306	0	0	0	2370	1686	151	16	-1	
3	1	306	1	0	0	2370	1686	151	16	-1	
4	1	306	1	1	0	2370	1686	151	16	-1	
5	1	306	1	1	1	2370	1686	151	16	79.077927	1C102,Q103,104
2	1	307	0	0	0	3226	1653	1048	34	-1	
3	1	307	1	0	0	3226	1653	1048	34	-1	
4	1	307	1	1	0	3226	1653	1048	34	-1	
5	1	307	1	1	1	3226	1659	96	28	91.094879	E.F.M.
5	1	307	1	1	2	3348	1657	189	29	96.058510	DECODER,
5	1	307	1	1	3	3562	1656	132	29	96.100525	ERROR
5	1	307	1	1	4	3708	1655	259	30	96.108276	CORRECTION
5	1	307	1	1	5	3982	1655	63	28	96.084015	and
5	1	307	1	1	6	4059	1654	74	29	59.236431	CLV
5	1	307	1	1	7	4146	1653	128	29	59.236431	SERVO
2	1	308	0	0	0	4520	1673	33	20	-1	
3	1	308	1	0	0	4520	1673	33	20	-1	
4	1	308	1	1	0	4520	1673	33	20	-1	
5	1	308	1	1	1	4520	1673	33	20	88.177193	198
2	1	309	0	0	0	1116	1683	96	33	-1	
3	1	309	1	0	0	1116	1683	96	33	-1	
4	1	309	1	1	0	1116	1683	96	33	-1	
5	1	309	1	1	1	1116	1683	96	33	22.366478	Le
2	1	310	0	0	0	1288	1705	232	11	-1	
3	1	310	1	0	0	1288	1705	232	11	-1	
4	1	310	1	1	0	1288	1705	232	11	-1	
5	1	310	1	1	1	1288	1708	196	8	20.789986	ces
5	1	310	1	1	2	1382	1697	26	28	39.432915	ee
5	1	310	1	1	3	1424	1708	59	8	47.979504	eee
5	1	310	1	1	4	1510	1705	10	11	25.730194	ont)
2	1	311	0	0	0	1759	1706	10	10	-1	
3	1	311	1	0	0	1759	1706	10	10	-1	
4	1	311	1	1	0	1759	1706	10	10	-1	
5	1	311	1	1	1	1759	1706	10	10	88.162262	©
2	1	312	0	0	0	1813	1680	172	36	-1	
3	1	312	1	0	0	1813	1680	172	36	-1	
4	1	312	1	1	0	1813	1680	172	36	-1	
5	1	312	1	1	1	1813	1680	172	36	44.390278	---—
2	1	313	0	0	0	4526	1709	26	16	-1	
3	1	313	1	0	0	4526	1709	26	16	-1	
4	1	313	1	1	0	4526	1709	26	16	-1	
5	1	313	1	1	1	4526	1709	26	16	74.712143	9Q
2	1	314	0	0	0	4960	1709	84	18	-1	
3	1	314	1	0	0	4960	1709	84	18	-1	
4	1	314	1	1	0	4960	1709	84	18	-1	
5	1	314	1	1	1	4960	1709	84	18	96.483978	Column
2	1	315	0	0	0	1223	1726	11	15	-1	
3	1	315	1	0	0	1223	1726	11	15	-1	
4	1	315	1	1	0	1223	1726	11	15	-1	
5	1	315	1	1	1	1223	1726	11	15	47.517590	°
2	1	316	0	0	0	3238	1733	37	14	-1	
3	1	316	1	0	0	3238	1733	37	14	-1	
4	1	316	1	1	0	3238	1733	37	14	-1	
5	1	316	1	1	1	3238	1733	37	14	90.608269	FPC
2	1	317	0	0	0	4625	1730	114	13	-1	
3	1	317	1	0	0	4625	1730	114	13	-1	
4	1	317	1	1	0	4625	1730	114	13	-1	
5	1	317	1	1	1	4621	1726	25	25	0.000000	aaa
5	1	317	1	1	2	4648	1726	34	25	0.000000	Raeac
5	1	317	1	1	3	4682	1730	57	13	17.483704	eee
2	1	318	0	0	0	4803	1719	47	17	-1	
3	1	318	1	0	0	4803	1719	47	17	-1	
4	1	318	1	1	0	4803	1719	47	17	-1	
5	1	318	1	1	1	4803	1719	47	17	96.950752	Data
2	1	319	0	0	0	4802	1744	74	18	-1	
3	1	319	1	0	0	4802	1744	74	18	-1	
4	1	319	1	1	0	4802	1744	74	18	-1	
5	1	319	1	1	1	4802	1744	74	18	96.267700	control
2	1	320	0	0	0	3623	1767	24	14	-1	
3	1	320	1	0	0	3623	1767	24	14	-1	
4	1	320	1	1	0	3623	1767	24	14	-1	
5	1	320	1	1	1	3623	1767	24	14	95.789764	78
2	1	321	0	0	0	3708	1765	24	15	-1	
3	1	321	1	0	0	3708	1765	24	15	-1	
4	1	321	1	1	0	3708	1765	24	15	-1	
5	1	321	1	1	1	3708	1765	24	15	96.457314	43
2	1	322	0	0	0	3728	1782	11	12	-1	
3	1	322	1	0	0	3728	1782	11	12	-1	
4	1	322	1	1	0	3728	1782	11	12	-1	
5	1	322	1	1	1	3728	1782	11	12	87.995102	O
2	1	323	0	0	0	3776	1759	29	39	-1	
3	1	323	1	0	0	3776	1759	29	39	-1	
4	1	323	1	1	0	3776	1759	29	39	-1	
5	1	323	1	1	1	3776	1759	29	39	35.934006	oo.
2	1	324	0	0	0	3822	1786	347	9	-1	
3	1	324	1	0	0	3822	1786	347	9	-1	
4	1	324	1	1	0	3822	1786	347	9	-1	
5	1	324	1	1	1	3822	1786	31	8	0.000000	=
5	1	324	1	1	2	3871	1776	27	28	0.000000	ow
5	1	324	1	1	3	3909	1776	28	28	36.801262	eee
5	1	324	1	1	4	3948	1776	20	28	38.233280	ee
5	1	324	1	1	5	3981	1776	24	28	56.712761	ee
5	1	324	1	1	6	4016	1776	22	28	37.679131	oe
5	1	324	1	1	7	4051	1776	22	28	46.887741	oe
5	1	324	1	1	8	4084	1776	21	28	34.383759	oe
5	1	324	1	1	9	4114	1776	22	28	43.375221	oe
5	1	324	1	1	10	4144	1776	25	28	42.343983	oe
2	1	325	0	0	0	4526	1754	27	53	-1	
3	1	325	1	0	0	4526	1754	27	53	-1	
4	1	325	1	1	0	4526	1754	27	53	-1	
5	1	325	1	1	1	4526	1754	27	53	80.773727	B
2	1	326	0	0	0	3336	1773	320	46	-1	
3	1	326	1	0	0	3336	1773	320	46	-1	
4	1	326	1	1	0	3336	1773	320	46	-1	
5	1	326	1	1	1	3336	1773	138	46	0.000000	Pree
5	1	326	1	1	2	3508	1785	116	8	0.000000	r
5	1	326	1	1	3	3646	1783	10	11	56.420193	O
2	1	327	0	0	0	4172	1787	18	35	-1	
3	1	327	1	0	0	4172	1787	18	35	-1	
4	1	327	1	1	0	4172	1787	18	35	-1	
5	1	327	1	1	1	4172	1787	18	35	93.282066	1
2	1	328	0	0	0	4594	1790	124	22	-1	
3	1	328	1	0	0	4594	1790	124	22	-1	
4	1	328	1	1	0	4594	1790	124	22	-1	
5	1	328	1	1	1	4594	1790	50	22	78.889061	Chip
5	1	328	1	1	2	4652	1791	66	20	96.968010	select,
2	1	329	0	0	0	4958	1792	78	17	-1	
3	1	329	1	0	0	4958	1792	78	17	-1	
4	1	329	1	1	0	4958	1792	78	17	-1	
5	1	329	1	1	1	4958	1792	78	17	92.220947	decode
2	1	330	0	0	0	4593	1815	135	21	-1	
3	1	330	1	0	0	4593	1815	135	21	-1	
4	1	330	1	1	0	4593	1815	135	21	-1	
5	1	330	1	1	1	4593	1815	52	18	73.186646	write
5	1	330	1	1	2	4653	1816	75	20	77.099197	enable,
2	1	331	0	0	0	3822	1839	49	22	-1	
3	1	331	1	0	0	3822	1839	49	22	-1	
4	1	331	1	1	0	3822	1839	49	22	-1	
5	1	331	1	1	1	3822	1839	49	22	90.629517	Syn-
2	1	332	0	0	0	4541	1796	121	71	-1	
3	1	332	1	0	0	4541	1796	121	71	-1	
4	1	332	1	1	0	4541	1796	121	71	-1	
5	1	332	1	1	1	4541	1796	46	71	0.000000	-
5	1	332	1	1	2	4596	1841	66	21	96.799438	output
2	1	333	0	0	0	311	1539	582	344	-1	
3	1	333	1	0	0	311	1539	582	344	-1	
4	1	333	1	1	0	311	1539	582	344	-1	
5	1	333	1	1	1	250	1498	643	385	52.339443	iti
2	1	334	0	0	0	3244	1855	38	14	-1	
3	1	334	1	0	0	3244	1855	38	14	-1	
4	1	334	1	1	0	3244	1855	38	14	-1	
5	1	334	1	1	1	3244	1855	38	14	88.547379	EFM
2	1	335	0	0	0	3750	1803	43	77	-1	
3	1	335	1	0	0	3750	1803	43	77	-1	
4	1	335	1	1	0	3750	1803	43	77	-1	
5	1	335	1	1	1	3750	1784	43	96	13.827736	L
2	1	336	0	0	0	3822	1865	12	17	-1	
3	1	336	1	0	0	3822	1865	12	17	-1	
4	1	336	1	1	0	3822	1865	12	17	-1	
5	1	336	1	1	1	3822	1865	12	17	91.016068	d
2	1	337	0	0	0	3837	1869	118	54	-1	
3	1	337	1	0	0	3837	1869	118	54	-1	
4	1	337	1	1	0	3837	1869	118	54	-1	
5	1	337	1	1	1	3837	1869	118	54	50.255898	a
2	1	338	0	0	0	3905	1850	170	54	-1	
3	1	338	1	0	0	3905	1850	170	54	-1	
4	1	338	1	1	0	3905	1850	170	54	-1	
5	1	338	1	1	1	3905	1850	113	54	0.762489	pL
5	1	338	1	1	2	4025	1856	50	18	84.066055	CCU
2	1	339	0	0	0	4606	1865	57	18	-1	
3	1	339	1	0	0	4606	1865	57	18	-1	
4	1	339	1	1	0	4606	1865	57	18	-1	
5	1	339	1	1	1	4606	1865	57	18	87.362144	nable
2	1	340	0	0	0	4175	1829	80	77	-1	
3	1	340	1	0	0	4175	1829	80	77	-1	
4	1	340	1	1	0	4175	1829	80	77	-1	
5	1	340	1	1	1	4175	1829	80	77	64.030136	Pa
2	1	341	0	0	0	4577	1900	171	9	-1	
3	1	341	1	0	0	4577	1900	171	9	-1	
4	1	341	1	1	0	4577	1900	171	9	-1	
5	1	341	1	1	1	4577	1900	41	8	21.182953	a
5	1	341	1	1	2	4657	1900	29	8	0.000000	se
2	1	342	0	0	0	4781	1900	70	8	-1	
3	1	342	1	0	0	4781	1900	70	8	-1	
4	1	342	1	1	0	4781	1900	70	8	-1	
5	1	342	1	1	1	4781	1900	70	8	11.066711	ae
2	1	343	0	0	0	4973	1890	139	18	-1	
3	1	343	1	0	0	4973	1890	139	18	-1	
4	1	343	1	1	0	4973	1890	139	18	-1	
5	1	343	1	1	1	4973	1890	139	18	0.000000	aaa
5	1	343	1	1	2	5090	1885	27	34	45.095070	ol
2	1	344	0	0	0	7588	1911	548	22	-1	
3	1	344	1	0	0	7588	1911	548	22	-1	
4	1	344	1	1	0	7588	1911	548	22	-1	
5	1	344	1	1	1	7588	1911	548	22	0.000000	pocttrcrc
5	1	344	1	1	2	7783	1899	52	38	0.000000	csc
5	1	344	1	1	3	7846	1899	106	38	0.000000	ocee
5	1	344	1	1	4	7967	1899	121	38	26.093857	errr
5	1	344	1	1	5	8106	1899	33	38	28.066948	4
2	1	345	0	0	0	3336	1873	96	119	-1	
3	1	345	1	0	0	3336	1873	97	119	-1	
4	1	345	1	1	0	3336	1873	96	119	-1	
5	1	345	1	1	1	3336	1873	96	119	43.297729	ies
2	1	346	0	0	0	3406	1924	106	21	-1	
3	1	346	1	0	0	3406	1924	106	21	-1	
4	1	346	1	1	0	3406	1924	106	21	-1	
5	1	346	1	1	1	3406	1924	106	21	86.409187	ynchroniz
2	1	347	0	0	0	3813	1875	143	80	-1	
3	1	347	1	0	0	3813	1875	143	80	-1	
4	1	347	1	1	0	3813	1875	143	80	-1	
5	1	347	1	1	1	3813	1929	30	18	7.247452	=
5	1	347	1	1	2	3882	1875	74	80	7.247452	m9
2	1	348	0	0	0	7589	1933	6	20	-1	
3	1	348	1	0	0	7589	1933	6	20	-1	
4	1	348	1	1	0	7589	1933	6	20	-1	
5	1	348	1	1	1	7589	1933	6	20	49.464043	J
2	1	349	0	0	0	2656	1961	89	14	-1	
3	1	349	1	0	0	2656	1961	89	14	-1	
4	1	349	1	1	0	2656	1961	89	14	-1	
5	1	349	1	1	1	2656	1961	89	14	92.847015	SUBCODE
2	1	350	0	0	0	3406	1950	93	16	-1	
3	1	350	1	0	0	3406	1950	93	16	-1	
4	1	350	1	1	0	3406	1950	93	16	-1	
5	1	350	1	1	1	3406	1950	93	16	91.593155	rotection
2	1	351	0	0	0	3989	1928	103	46	-1	
3	1	351	1	0	0	3989	1928	103	46	-1	
4	1	351	1	1	0	3989	1928	103	46	-1	
5	1	351	1	1	1	3989	1928	103	46	13.968750	Taw]
2	1	352	0	0	0	4198	1948	22	14	-1	
3	1	352	1	0	0	4198	1948	22	14	-1	
4	1	352	1	1	0	4198	1948	22	14	-1	
5	1	352	1	1	1	4198	1948	22	14	96.327507	32
2	1	353	0	0	0	7589	1960	7	19	-1	
3	1	353	1	0	0	7589	1960	7	19	-1	
4	1	353	1	1	0	7589	1960	7	19	-1	
5	1	353	1	1	1	7589	1960	7	19	34.628952	t
2	1	354	0	0	0	8129	1941	6	22	-1	
3	1	354	1	0	0	8129	1941	6	22	-1	
4	1	354	1	1	0	8129	1941	6	22	-1	
5	1	354	1	1	1	8129	1941	6	22	55.226940	|
2	1	355	0	0	0	2656	1981	63	14	-1	
3	1	355	1	0	0	2656	1981	63	14	-1	
4	1	355	1	1	0	2656	1981	63	14	-1	
5	1	355	1	1	1	2656	1981	63	14	50.118633	CLOCK
2	1	356	0	0	0	3847	1906	108	92	-1	
3	1	356	1	0	0	3847	1906	108	92	-1	
4	1	356	1	1	0	3847	1906	108	92	-1	
5	1	356	1	1	1	3847	1906	108	92	42.086044	is
2	1	357	0	0	0	3235	2010	37	14	-1	
3	1	357	1	0	0	3235	2010	37	14	-1	
4	1	357	1	1	0	3235	2010	37	14	-1	
5	1	357	1	1	1	3235	2010	37	14	91.702438	PCK
2	1	358	0	0	0	3310	2001	9	14	-1	
3	1	358	1	0	0	3310	1948	123	69	-1	
4	1	358	1	1	0	3310	2001	9	14	-1	
5	1	358	1	1	1	3310	2001	9	14	63.331749	.
2	1	359	0	0	0	3334	2014	55	34	-1	
3	1	359	1	0	0	3334	2014	55	34	-1	
4	1	359	1	1	0	3334	2014	55	34	-1	
5	1	359	1	1	1	3334	2014	55	34	49.276672	1]
2	1	360	0	0	0	3394	2003	90	53	-1	
3	1	360	1	0	0	3394	2003	90	53	-1	
4	1	360	1	1	0	3394	2003	90	53	-1	
5	1	360	1	1	1	3394	2003	90	53	39.096901	Ea
2	1	361	0	0	0	4604	1995	298	29	-1	
3	1	361	1	0	0	4604	1995	298	29	-1	
4	1	361	1	1	0	4604	1995	298	29	-1	
5	1	361	1	1	1	4604	1995	155	29	96.338905	DIGITAL
5	1	361	1	1	2	4773	1996	129	28	96.560654	FILTER
2	1	362	0	0	0	5785	1991	602	29	-1	
3	1	362	1	0	0	5785	1991	602	29	-1	
4	1	362	1	1	0	5785	1991	602	29	-1	
5	1	362	1	1	1	5785	1991	349	28	91.689590	SERIAL/PARALLEL
5	1	362	1	1	2	6148	1991	239	29	96.041420	CONVERTER
2	1	363	0	0	0	7590	1985	6	24	-1	
3	1	363	1	0	0	7590	1985	6	24	-1	
4	1	363	1	1	0	7590	1985	6	24	-1	
5	1	363	1	1	1	7590	1985	6	24	44.749245	I
2	1	364	0	0	0	8128	1999	10	11	-1	
3	1	364	1	0	0	8128	1999	10	11	-1	
4	1	364	1	1	0	8128	1999	10	11	-1	
5	1	364	1	1	1	8128	1999	10	11	88.081734	O
2	1	365	0	0	0	3598	2000	109	78	-1	
3	1	365	1	0	0	3598	2000	109	78	-1	
4	1	365	1	1	0	3598	2000	109	78	-1	
5	1	365	1	1	1	3598	2018	38	18	57.736832	Sub
5	1	365	1	1	2	3655	2000	52	78	0.000000	ox
5	1	365	1	1	3	3649	2019	51	17	92.354126	code
2	1	366	0	0	0	3750	1954	125	98	-1	
3	1	366	1	0	0	3750	1954	125	98	-1	
4	1	366	1	1	0	3750	1954	125	98	-1	
5	1	366	1	1	1	3750	1954	125	98	66.792374	Le
2	1	367	0	0	0	3877	1999	78	39	-1	
3	1	367	1	0	0	3877	1999	78	39	-1	
4	1	367	1	1	0	3877	1999	78	39	-1	
5	1	367	1	1	1	3877	1999	78	39	0.000000	“ai
2	1	368	0	0	0	4123	1969	216	77	-1	
3	1	368	1	0	0	4123	1969	216	77	-1	
4	1	368	1	1	0	4123	1969	216	77	-1	
5	1	368	1	1	1	4123	1969	216	77	22.212219	pats
5	1	368	1	1	2	4281	1965	63	108	62.334072	|
2	1	369	0	0	0	7590	2016	6	19	-1	
3	1	369	1	0	0	7590	2016	6	19	-1	
4	1	369	1	1	0	7590	2016	6	19	-1	
5	1	369	1	1	1	7590	2016	6	19	41.462257	J
2	1	370	0	0	0	7990	1986	97	62	-1	
3	1	370	1	0	0	7990	1986	97	62	-1	
4	1	370	1	1	0	7990	1986	97	62	-1	
5	1	370	1	1	1	7990	1986	97	62	48.544144	a
2	1	371	0	0	0	2657	2045	90	15	-1	
3	1	371	1	0	0	2657	2045	90	15	-1	
4	1	371	1	1	0	2657	2045	90	15	-1	
5	1	371	1	1	1	2657	2045	90	15	92.469864	SUBCODE
2	1	372	0	0	0	3035	1971	188	90	-1	
3	1	372	1	0	0	3035	1971	188	90	-1	
4	1	372	1	1	0	3035	1971	188	90	-1	
5	1	372	1	1	1	3035	1971	188	90	54.422119	—=
2	1	373	0	0	0	3227	2042	64	15	-1	
3	1	373	1	0	0	3227	2042	64	15	-1	
4	1	373	1	1	0	3227	2042	64	15	-1	
5	1	373	1	1	1	3227	2042	64	15	88.509438	CLDCK
2	1	374	0	0	0	3334	2021	55	33	-1	
3	1	374	1	0	0	3334	2021	55	33	-1	
4	1	374	1	1	0	3334	2021	55	33	-1	
5	1	374	1	1	1	3334	2021	55	33	25.832832	x
2	1	375	0	0	0	3590	2000	114	78	-1	
3	1	375	1	0	0	3590	2000	114	78	-1	
4	1	375	1	1	0	3590	2000	114	78	-1	
5	1	375	1	1	1	3590	2000	44	78	57.736832	Sub
5	1	375	1	1	2	3655	2004	49	70	0.000000	ox
2	1	376	0	0	0	3833	2039	59	17	-1	
3	1	376	1	0	0	3833	2039	59	17	-1	
4	1	376	1	1	0	3833	2039	59	17	-1	
5	1	376	1	1	1	3833	2039	59	17	18.011459	jompe
2	1	377	0	0	0	3958	2042	485	32	-1	
3	1	377	1	0	0	3958	2042	485	32	-1	
4	1	377	1	1	0	3958	2042	485	32	-1	
5	1	377	1	1	1	3958	2042	224	32	0.000000	————_
5	1	377	1	1	2	4174	2038	66	49	32.235855	hee
5	1	377	1	1	3	4190	2044	253	30	45.330738	TT
2	1	378	0	0	0	4580	2042	848	65	-1	
3	1	378	1	0	0	4580	2042	848	65	-1	
4	1	378	1	1	0	4580	2042	848	65	-1	
5	1	378	1	1	1	4580	2042	337	65	14.755875	Oe
5	1	378	1	1	2	5003	2042	425	57	35.387329	Ee
2	1	379	0	0	0	5832	2036	821	24	-1	
3	1	379	1	0	0	5832	2036	821	24	-1	
4	1	379	1	1	0	5832	2036	821	24	-1	
5	1	379	1	1	1	5832	2036	396	10	0.000000	——sae
5	1	379	1	1	2	6027	2026	23	38	26.125626	es
5	1	379	1	1	3	6068	2036	131	10	40.995094	eee
5	1	379	1	1	4	6252	2037	64	8	29.824341	ee
5	1	379	1	1	5	6336	2036	317	24	35.964592	eee
5	1	379	1	1	6	6464	2026	64	38	41.468483	ee
5	1	379	1	1	7	6549	2026	58	38	18.062317	ee
2	1	380	0	0	0	7590	2041	7	20	-1	
3	1	380	1	0	0	7590	2041	7	20	-1	
4	1	380	1	1	0	7590	2041	7	20	-1	
5	1	380	1	1	1	7590	2041	7	20	64.545799	J
2	1	381	0	0	0	8130	2041	7	23	-1	
3	1	381	1	0	0	8130	2041	7	23	-1	
4	1	381	1	1	0	8130	2041	7	23	-1	
5	1	381	1	1	1	8130	2041	7	23	76.181564	|
2	1	382	0	0	0	1270	2071	19	14	-1	
3	1	382	1	0	0	1270	2071	19	14	-1	
4	1	382	1	1	0	1270	2071	19	14	-1	
5	1	382	1	1	1	1270	2071	19	14	92.772697	-B
2	1	383	0	0	0	2657	2065	64	14	-1	
3	1	383	1	0	0	2657	2065	64	14	-1	
4	1	383	1	1	0	2657	2065	64	14	-1	
5	1	383	1	1	1	2657	2065	64	14	92.991302	BLKCK
2	1	384	0	0	0	3816	2061	76	16	-1	
3	1	384	1	0	0	3816	2061	76	16	-1	
4	1	384	1	1	0	3816	2061	76	16	-1	
5	1	384	1	1	1	3816	2061	76	16	52.237564	insation
2	1	385	0	0	0	5421	2074	7	20	-1	
3	1	385	1	0	0	5421	2074	7	20	-1	
4	1	385	1	1	0	5421	2074	7	20	-1	
5	1	385	1	1	1	5421	2074	7	20	46.574932	t
2	1	386	0	0	0	6848	2049	319	30	-1	
3	1	386	1	0	0	6848	2049	319	30	-1	
4	1	386	1	1	0	6848	2049	319	30	-1	
5	1	386	1	1	1	6848	2049	68	28	96.129333	D/A
5	1	386	1	1	2	6929	2049	238	30	95.238350	CONVERTER
2	1	387	0	0	0	7590	2067	6	16	-1	
3	1	387	1	0	0	7590	2067	6	16	-1	
4	1	387	1	1	0	7590	2067	6	16	-1	
5	1	387	1	1	1	7590	2067	6	16	37.149433	i]
2	1	388	0	0	0	1908	2090	19	15	-1	
3	1	388	1	0	0	1908	2090	19	15	-1	
4	1	388	1	1	0	1908	2090	19	15	-1	
5	1	388	1	1	1	1908	2090	19	15	93.304710	+B
2	1	389	0	0	0	3214	2072	132	47	-1	
3	1	389	1	0	0	3214	2072	132	47	-1	
4	1	389	1	1	0	3214	2072	132	47	-1	
5	1	389	1	1	1	3214	2079	7	24	55.634308	{
5	1	389	1	1	2	3232	2083	58	15	55.634308	BLKCK
5	1	389	1	1	3	3301	2072	26	47	0.000000	K
5	1	389	1	1	4	3335	2085	11	12	52.230839	o
2	1	390	0	0	0	3932	2074	308	34	-1	
3	1	390	1	0	0	3932	2074	308	34	-1	
4	1	390	1	1	0	3932	2074	308	34	-1	
5	1	390	1	1	1	3932	2074	283	33	47.851791	Pp
5	1	390	1	1	2	4178	2070	40	47	23.693481	Xie
2	1	391	0	0	0	4866	2090	57	17	-1	
3	1	391	1	0	0	4866	2090	57	17	-1	
4	1	391	1	1	0	4866	2090	57	17	-1	
5	1	391	1	1	1	4866	2090	57	17	92.010551	RAM1
2	1	392	0	0	0	5031	2089	28	18	-1	
3	1	392	1	0	0	5031	2089	28	18	-1	
4	1	392	1	1	0	5031	2089	28	18	-1	
5	1	392	1	1	1	5031	2089	28	18	95.150726	M2
2	1	393	0	0	0	6877	2097	258	23	-1	
3	1	393	1	0	0	6877	2097	258	23	-1	
4	1	393	1	1	0	6877	2097	258	23	-1	
5	1	393	1	1	1	6877	2097	258	23	1.432404	cee
5	1	393	1	1	2	7133	2084	4	40	79.237335	|
2	1	394	0	0	0	7590	2086	21	14	-1	
3	1	394	1	0	0	7590	2086	21	14	-1	
4	1	394	1	1	0	7590	2086	21	14	-1	
5	1	394	1	1	1	7590	2086	21	14	12.517151	.
2	1	395	0	0	0	7632	2091	184	11	-1	
3	1	395	1	0	0	7632	2091	184	11	-1	
4	1	395	1	1	0	7632	2091	184	11	-1	
5	1	395	1	1	1	7632	2091	35	11	65.676270	Om
5	1	395	1	1	2	7684	2095	38	6	34.745102	ae
5	1	395	1	1	3	7737	2082	45	28	32.651428	moe
2	1	396	0	0	0	7842	2092	11	10	-1	
3	1	396	1	0	0	7842	2092	11	10	-1	
4	1	396	1	1	0	7842	2092	11	10	-1	
5	1	396	1	1	1	7842	2092	11	10	80.940369	O
2	1	397	0	0	0	7895	2091	11	11	-1	
3	1	397	1	0	0	7895	2091	11	11	-1	
4	1	397	1	1	0	7895	2091	11	11	-1	
5	1	397	1	1	1	7895	2091	11	11	18.754990	‘o
2	1	398	0	0	0	7961	2070	175	32	-1	
3	1	398	1	0	0	7961	2070	175	32	-1	
4	1	398	1	1	0	7961	2070	175	32	-1	
5	1	398	1	1	1	7961	2091	72	11	33.495743	4
5	1	398	1	1	2	8048	2070	88	31	31.876953	J
2	1	399	0	0	0	2869	2116	48	15	-1	
3	1	399	1	0	0	2869	2116	48	15	-1	
4	1	399	1	1	0	2869	2116	48	15	-1	
5	1	399	1	1	1	2869	2116	48	15	59.441036	Q414
2	1	400	0	0	0	3231	2112	50	14	-1	
3	1	400	1	0	0	3231	2112	50	14	-1	
4	1	400	1	1	0	3231	2112	50	14	-1	
5	1	400	1	1	1	3231	2112	50	14	90.618210	SUBO
2	1	401	0	0	0	3852	2075	77	52	-1	
3	1	401	1	0	0	3852	2075	77	52	-1	
4	1	401	1	1	0	3852	2075	77	52	-1	
5	1	401	1	1	1	3852	2075	77	52	81.067429	=
2	1	402	0	0	0	4181	2105	51	28	-1	
3	1	402	1	0	0	4181	2105	51	28	-1	
4	1	402	1	1	0	4181	2105	51	28	-1	
5	1	402	1	1	1	4181	2105	51	28	29.650970	49)
2	1	403	0	0	0	4608	2108	123	38	-1	
3	1	403	1	0	0	4608	2108	123	38	-1	
4	1	403	1	1	0	4608	2108	123	38	-1	
5	1	403	1	1	1	4608	2119	54	27	38.664818	|
5	1	403	1	1	2	4677	2108	54	21	26.541641	Input
2	1	404	0	0	0	4862	2115	76	18	-1	
3	1	404	1	0	0	4862	2115	76	18	-1	
4	1	404	1	1	0	4862	2115	76	18	-1	
5	1	404	1	1	1	4862	2115	76	18	0.000000	Addres:
2	1	405	0	0	0	4993	2091	88	42	-1	
3	1	405	1	0	0	4993	2091	88	42	-1	
4	1	405	1	1	0	4993	2091	88	42	-1	
5	1	405	1	1	1	4993	2091	88	42	58.063412	Address
2	1	406	0	0	0	5756	2069	188	61	-1	
3	1	406	1	0	0	5756	2069	188	61	-1	
4	1	406	1	1	0	5756	2069	188	61	-1	
5	1	406	1	1	1	5756	2065	48	88	17.814240	mat
5	1	406	1	1	2	5825	2069	119	61	45.082478	Swing
2	1	407	0	0	0	6996	2093	105	74	-1	
3	1	407	1	0	0	6996	2093	139	74	-1	
4	1	407	1	1	0	6996	2093	105	74	-1	
5	1	407	1	1	1	6996	2093	105	74	0.000000	Liceza
2	1	408	0	0	0	7253	2125	104	14	-1	
3	1	408	1	0	0	7253	2125	104	14	-1	
4	1	408	1	1	0	7253	2125	104	14	-1	
5	1	408	1	1	1	7253	2125	104	14	70.223587	1C824,826
2	1	409	0	0	0	787	2099	509	60	-1	
3	1	409	1	0	0	787	2099	509	60	-1	
4	1	409	1	1	0	787	2099	509	60	-1	
5	1	409	1	1	1	787	2129	164	28	95.808914	SPINDLE
5	1	409	1	1	2	966	2129	141	30	96.880325	MOTOR
5	1	409	1	1	3	1123	2131	113	28	96.880325	DRIVE
5	1	409	1	1	4	1276	2099	20	56	56.671181	I
2	1	410	0	0	0	2658	2147	89	16	-1	
3	1	410	1	0	0	2658	2147	89	16	-1	
4	1	410	1	1	0	2658	2147	89	16	-1	
5	1	410	1	1	1	2658	2147	89	16	91.349365	SUBCODE
2	1	411	0	0	0	4197	2143	111	20	-1	
3	1	411	1	0	0	4197	2143	111	20	-1	
4	1	411	1	1	0	4197	2143	111	20	-1	
5	1	411	1	1	1	4197	2143	111	20	66.425751	53Address|
2	1	412	0	0	0	4608	2119	147	32	-1	
3	1	412	1	0	0	4608	2119	147	32	-1	
4	1	412	1	1	0	4608	2119	147	32	-1	
5	1	412	1	1	1	4608	2119	54	27	38.528297	|
5	1	412	1	1	2	4676	2133	79	18	88.600441	resistor
2	1	413	0	0	0	4862	2141	82	17	-1	
3	1	413	1	0	0	4862	2141	82	17	-1	
4	1	413	1	1	0	4862	2141	82	17	-1	
5	1	413	1	1	1	4862	2141	82	17	66.151016	counter
2	1	414	0	0	0	5006	2143	39	14	-1	
3	1	414	1	0	0	5006	2143	39	14	-1	
4	1	414	1	1	0	5006	2143	39	14	-1	
5	1	414	1	1	1	5006	2143	39	14	93.809250	oun
2	1	415	0	0	0	5759	2146	23	15	-1	
3	1	415	1	0	0	5759	2146	23	15	-1	
4	1	415	1	1	0	5759	2146	23	15	-1	
5	1	415	1	1	1	5759	2146	23	15	95.437378	58
2	1	416	0	0	0	2657	2167	65	15	-1	
3	1	416	1	0	0	2657	2167	65	15	-1	
4	1	416	1	1	0	2657	2167	65	15	-1	
5	1	416	1	1	1	2657	2167	65	15	96.495110	FLOCK
2	1	417	0	0	0	3223	2168	67	14	-1	
3	1	417	1	0	0	3223	2168	67	14	-1	
4	1	417	1	1	0	3223	2168	67	14	-1	
5	1	417	1	1	1	3223	2168	67	14	91.670807	EMPHA
2	1	418	0	0	0	3307	1999	372	322	-1	
3	1	418	1	0	0	3307	1999	379	322	-1	
4	1	418	1	1	0	3307	1999	372	322	-1	
5	1	418	1	1	1	3307	1999	372	322	29.415985	tate
2	1	419	0	0	0	4312	1956	205	215	-1	
3	1	419	1	0	0	4312	1956	205	215	-1	
4	1	419	1	1	0	4312	1956	205	215	-1	
5	1	419	1	1	1	4312	1956	205	215	38.702118	inj
2	1	420	0	0	0	5789	2163	12	12	-1	
3	1	420	1	0	0	5789	2163	12	12	-1	
4	1	420	1	1	0	5789	2163	12	12	-1	
5	1	420	1	1	1	5789	2163	12	12	60.721298	O
2	1	421	0	0	0	6667	2161	16	15	-1	
3	1	421	1	0	0	6667	2161	16	15	-1	
4	1	421	1	1	0	6667	2161	16	15	-1	
5	1	421	1	1	1	6667	2161	16	15	82.048042	12
2	1	422	0	0	0	6940	2162	74	18	-1	
3	1	422	1	0	0	6940	2162	74	18	-1	
4	1	422	1	1	0	6940	2162	74	18	-1	
5	1	422	1	1	1	6940	2162	74	18	69.369499	Ladder
2	1	423	0	0	0	757	2188	22	15	-1	
3	1	423	1	0	0	757	2188	22	15	-1	
4	1	423	1	1	0	757	2188	22	15	-1	
5	1	423	1	1	1	757	2188	22	15	95.750046	+B
2	1	424	0	0	0	1253	2196	24	14	-1	
3	1	424	1	0	0	1253	2196	24	14	-1	
4	1	424	1	1	0	1253	2196	24	14	-1	
5	1	424	1	1	1	1253	2196	24	14	96.805855	24
2	1	425	0	0	0	1431	2196	10	15	-1	
3	1	425	1	0	0	1431	2196	10	15	-1	
4	1	425	1	1	0	1431	2196	10	15	-1	
5	1	425	1	1	1	1431	2196	10	15	95.008865	3
2	1	426	0	0	0	1540	2194	10	15	-1	
3	1	426	1	0	0	1540	2194	10	15	-1	
4	1	426	1	1	0	1540	2194	10	15	-1	
5	1	426	1	1	1	1540	2194	10	15	96.639618	5
2	1	427	0	0	0	4181	2198	41	15	-1	
3	1	427	1	0	0	4181	2198	41	15	-1	
4	1	427	1	1	0	4181	2198	41	15	-1	
5	1	427	1	1	1	4181	2198	41	15	70.566795	O63
2	1	428	0	0	0	5789	2179	8	26	-1	
3	1	428	1	0	0	5789	2179	8	26	-1	
4	1	428	1	1	0	5789	2179	8	26	-1	
5	1	428	1	1	1	5789	2179	8	26	46.037746	J
2	1	429	0	0	0	6896	2187	123	26	-1	
3	1	429	1	0	0	6896	2187	123	26	-1	
4	1	429	1	1	0	6896	2187	123	26	-1	
5	1	429	1	1	1	6896	2187	123	26	18.653343	emyresistor
2	1	430	0	0	0	7127	2192	11	11	-1	
3	1	430	1	0	0	7127	2192	11	11	-1	
4	1	430	1	1	0	7127	2192	11	11	-1	
5	1	430	1	1	1	7127	2192	11	11	59.440498	O
2	1	431	0	0	0	7129	2147	39	44	-1	
3	1	431	1	0	0	7129	2147	39	44	-1	
4	1	431	1	1	0	7129	2147	39	44	-1	
5	1	431	1	1	1	7129	2147	39	44	51.272392	tos
2	1	432	0	0	0	844	2216	561	12	-1	
3	1	432	1	0	0	844	2216	561	12	-1	
4	1	432	1	1	0	844	2216	561	12	-1	
5	1	432	1	1	1	844	2216	98	6	45.740593	ee
5	1	432	1	1	2	952	2204	28	28	25.739166	cee
5	1	432	1	1	3	989	2204	26	28	41.814522	ee
5	1	432	1	1	4	1029	2204	21	28	45.808846	ee
5	1	432	1	1	5	1064	2204	21	28	42.068649	ee
5	1	432	1	1	6	1099	2204	24	28	47.725861	ee
5	1	432	1	1	7	1134	2204	21	28	42.175388	ee
5	1	432	1	1	8	1171	2204	26	28	41.647331	ee
5	1	432	1	1	9	1213	2204	26	28	41.908188	ee
5	1	432	1	1	10	1253	2204	21	28	25.437546	es
5	1	432	1	1	11	1294	2204	34	28	39.440235	ee
5	1	432	1	1	12	1341	2204	27	28	44.460377	ee
2	1	433	0	0	0	1446	2215	86	10	-1	
3	1	433	1	0	0	1446	2215	86	10	-1	
4	1	433	1	1	0	1446	2215	86	10	-1	
5	1	433	1	1	1	1446	2215	86	10	40.525612	O—
2	1	434	0	0	0	1559	2214	46	11	-1	
3	1	434	1	0	0	1559	2214	46	11	-1	
4	1	434	1	1	0	1559	2214	46	11	-1	
5	1	434	1	1	1	1559	2214	46	11	28.384819	O—
2	1	435	0	0	0	1639	2213	12	12	-1	
3	1	435	1	0	0	1639	2213	12	12	-1	
4	1	435	1	1	0	1639	2213	12	12	-1	
5	1	435	1	1	1	1639	2213	12	12	60.765095	oO
2	1	436	0	0	0	3239	2215	36	14	-1	
3	1	436	1	0	0	3239	2215	36	14	-1	
4	1	436	1	1	0	3239	2215	36	14	-1	
5	1	436	1	1	1	3239	2215	36	14	96.378296	SRF
2	1	437	0	0	0	6666	2215	17	14	-1	
3	1	437	1	0	0	6666	2215	17	14	-1	
4	1	437	1	1	0	6666	2215	17	14	-1	
5	1	437	1	1	1	6666	2215	17	14	94.867958	16
2	1	438	0	0	0	6952	2213	72	17	-1	
3	1	438	1	0	0	6952	2213	72	17	-1	
4	1	438	1	1	0	6952	2213	72	17	-1	
5	1	438	1	1	1	6952	2213	72	17	16.155624	etwork
2	1	439	0	0	0	8213	2153	210	63	-1	
3	1	439	1	0	0	8213	2153	210	63	-1	
4	1	439	1	1	0	8213	2153	210	63	-1	
5	1	439	1	1	1	8213	2153	210	63	0.000000	Ll
2	1	440	0	0	0	8259	2212	117	18	-1	
3	1	440	1	0	0	8259	2212	117	18	-1	
4	1	440	1	1	0	8259	2212	117	18	-1	
5	1	440	1	1	1	8259	2212	117	18	91.717033	CLASS-AA
2	1	441	0	0	0	8661	2212	11	10	-1	
3	1	441	1	0	0	8661	2212	11	10	-1	
4	1	441	1	1	0	8661	2212	11	10	-1	
5	1	441	1	1	1	8661	2212	11	10	83.631439	O
2	1	442	0	0	0	8698	2205	37	14	-1	
3	1	442	1	0	0	8698	2205	37	14	-1	
4	1	442	1	1	0	8698	2205	37	14	-1	
5	1	442	1	1	1	8698	2205	37	14	78.663712	Leh
2	1	443	0	0	0	1316	2230	128	21	-1	
3	1	443	1	0	0	1316	2230	128	21	-1	
4	1	443	1	1	0	1316	2230	128	21	-1	
5	1	443	1	1	1	1316	2230	128	21	96.479546	Comparator
2	1	444	0	0	0	3860	2195	121	61	-1	
3	1	444	1	0	0	3860	2195	121	61	-1	
4	1	444	1	1	0	3860	2195	121	61	-1	
5	1	444	1	1	1	3860	2195	121	61	39.927410	rt
2	1	445	0	0	0	4248	2228	28	15	-1	
3	1	445	1	0	0	4248	2228	28	15	-1	
4	1	445	1	1	0	4248	2228	28	15	-1	
5	1	445	1	1	1	4248	2228	28	15	78.613266	WE
2	1	446	0	0	0	6854	2231	16	14	-1	
3	1	446	1	0	0	6854	2231	16	14	-1	
4	1	446	1	1	0	6854	2231	16	14	-1	
5	1	446	1	1	1	6854	2231	16	14	94.967560	18
2	1	447	0	0	0	7129	2224	6	17	-1	
3	1	447	1	0	0	7129	2224	6	17	-1	
4	1	447	1	1	0	7129	2224	6	17	-1	
5	1	447	1	1	1	7129	2224	6	17	67.827393	t
2	1	448	0	0	0	8259	2237	65	18	-1	
3	1	448	1	0	0	8259	2237	65	18	-1	
4	1	448	1	1	0	8259	2237	65	18	-1	
5	1	448	1	1	1	8259	2237	65	18	96.481979	Buffer
2	1	449	0	0	0	1911	2265	19	15	-1	
3	1	449	1	0	0	1911	2265	19	15	-1	
4	1	449	1	1	0	1911	2265	19	15	-1	
5	1	449	1	1	1	1911	2265	19	15	87.806267	+B
2	1	450	0	0	0	3817	2263	61	18	-1	
3	1	450	1	0	0	3817	2263	61	18	-1	
4	1	450	1	1	0	3817	2263	61	18	-1	
5	1	450	1	1	1	3817	2263	61	18	96.519814	Proce:
2	1	451	0	0	0	3879	2267	10	13	-1	
3	1	451	1	0	0	3879	2267	10	13	-1	
4	1	451	1	1	0	3879	2267	10	13	-1	
5	1	451	1	1	1	3879	2267	10	13	41.848942	'S-
2	1	452	0	0	0	4096	2234	119	27	-1	
3	1	452	1	0	0	4096	2229	119	32	-1	
4	1	452	1	1	0	4096	2234	119	27	-1	
5	1	452	1	1	1	4092	2225	83	45	3.358490	Cr
5	1	452	1	1	2	4180	2229	35	29	0.000000	¥s:
2	1	453	0	0	0	5754	2254	23	14	-1	
3	1	453	1	0	0	5754	2254	23	14	-1	
4	1	453	1	1	0	5754	2254	23	14	-1	
5	1	453	1	1	1	5754	2254	23	14	95.359413	62
2	1	454	0	0	0	5869	2246	60	18	-1	
3	1	454	1	0	0	5869	2246	60	18	-1	
4	1	454	1	1	0	5869	2246	60	18	-1	
5	1	454	1	1	1	5869	2246	60	18	96.827286	Clock
2	1	455	0	0	0	6668	2247	16	14	-1	
3	1	455	1	0	0	6668	2247	16	14	-1	
4	1	455	1	1	0	6668	2247	16	14	-1	
5	1	455	1	1	1	6668	2247	16	14	88.962776	19
2	1	456	0	0	0	6876	2253	7	15	-1	
3	1	456	1	0	0	6876	2253	7	15	-1	
4	1	456	1	1	0	6876	2253	7	15	-1	
5	1	456	1	1	1	6876	2253	7	15	45.984818	1
2	1	457	0	0	0	7597	2146	262	132	-1	
3	1	457	1	0	0	7597	2146	262	132	-1	
4	1	457	1	1	0	7597	2146	262	132	-1	
5	1	457	1	1	1	7597	2146	262	132	34.106560	=
2	1	458	0	0	0	784	2248	32	48	-1	
3	1	458	1	0	0	784	2248	32	48	-1	
4	1	458	1	1	0	784	2248	32	48	-1	
5	1	458	1	1	1	784	2248	32	48	61.937935	ull
2	1	459	0	0	0	806	2285	11	11	-1	
3	1	459	1	0	0	806	2285	11	11	-1	
4	1	459	1	1	0	806	2285	11	11	-1	
5	1	459	1	1	1	806	2285	11	11	31.438614	Oo
2	1	460	0	0	0	1384	2257	37	43	-1	
3	1	460	1	0	0	1384	2257	37	43	-1	
4	1	460	1	1	0	1384	2257	37	43	-1	
5	1	460	1	1	1	1384	2257	37	43	72.807274	q
2	1	461	0	0	0	3818	2288	43	16	-1	
3	1	461	1	0	0	3818	2288	43	16	-1	
4	1	461	1	1	0	3818	2288	43	16	-1	
5	1	461	1	1	1	3818	2288	43	16	96.286896	sing
2	1	462	0	0	0	4175	2252	98	50	-1	
3	1	462	1	0	0	4175	2252	98	50	-1	
4	1	462	1	1	0	4175	2252	98	50	-1	
5	1	462	1	1	1	4175	2252	15	27	0.000000	©,
5	1	462	1	1	2	4225	2256	48	46	0.000000	‘e
2	1	463	0	0	0	5868	2273	46	20	-1	
3	1	463	1	0	0	5868	2273	46	20	-1	
4	1	463	1	1	0	5868	2273	46	20	-1	
5	1	463	1	1	1	5868	2273	46	20	96.946793	gate
2	1	464	0	0	0	6877	2271	260	21	-1	
3	1	464	1	0	0	6877	2271	260	21	-1	
4	1	464	1	1	0	6877	2271	260	21	-1	
5	1	464	1	1	1	6877	2271	260	21	41.620071	eres
5	1	464	1	1	2	7132	2266	10	37	92.743675	|
2	1	465	0	0	0	1261	2306	89	21	-1	
3	1	465	1	0	0	1261	2306	89	21	-1	
4	1	465	1	1	0	1261	2306	89	21	-1	
5	1	465	1	1	1	1261	2306	89	21	96.391365	Triangle
2	1	466	0	0	0	3305	2298	69	53	-1	
3	1	466	1	0	0	3305	2298	69	53	-1	
4	1	466	1	1	0	3305	2298	69	53	-1	
5	1	466	1	1	1	3305	2298	69	53	34.163795	ea
2	1	467	0	0	0	6664	2304	22	15	-1	
3	1	467	1	0	0	6664	2304	22	15	-1	
4	1	467	1	1	0	6664	2304	22	15	-1	
5	1	467	1	1	1	6664	2304	22	15	96.289497	22
2	1	468	0	0	0	8279	2308	63	15	-1	
3	1	468	1	0	0	8279	2308	63	15	-1	
4	1	468	1	1	0	8279	2308	63	15	-1	
5	1	468	1	1	1	8279	2308	63	15	74.110245	1c828
2	1	469	0	0	0	807	2329	11	11	-1	
3	1	469	1	0	0	807	2329	11	11	-1	
4	1	469	1	1	0	807	2329	11	11	-1	
5	1	469	1	1	1	807	2329	11	11	37.118683	oO
2	1	470	0	0	0	1262	2335	52	13	-1	
3	1	470	1	0	0	1262	2335	52	13	-1	
4	1	470	1	1	0	1262	2335	52	13	-1	
5	1	470	1	1	1	1262	2335	52	13	96.516701	wave
2	1	471	0	0	0	1404	2325	95	18	-1	
3	1	471	1	0	0	1404	2325	95	18	-1	
4	1	471	1	1	0	1404	2325	95	18	-1	
5	1	471	1	1	1	1404	2325	95	18	96.144226	Direction
2	1	472	0	0	0	1615	2316	53	20	-1	
3	1	472	1	0	0	1615	2316	53	20	-1	
4	1	472	1	1	0	1615	2316	53	20	-1	
5	1	472	1	1	1	1615	2316	53	20	96.297928	Loop
2	1	473	0	0	0	3173	2303	98	29	-1	
3	1	473	1	0	0	3173	2303	98	29	-1	
4	1	473	1	1	0	3173	2303	98	29	-1	
5	1	473	1	1	1	3173	2303	98	29	78.547195	—{
5	1	473	1	1	2	3243	2299	31	37	87.306664	Pc
2	1	474	0	0	0	3372	2222	145	145	-1	
3	1	474	1	0	0	3372	2222	145	145	-1	
4	1	474	1	1	0	3372	2222	145	145	-1	
5	1	474	1	1	1	3372	2222	145	145	49.424244	fan:
2	1	475	0	0	0	4197	2323	23	16	-1	
3	1	475	1	0	0	4197	2323	23	16	-1	
4	1	475	1	1	0	4197	2323	23	16	-1	
5	1	475	1	1	1	4197	2323	23	16	95.391426	73
2	1	476	0	0	0	7627	2300	510	42	-1	
3	1	476	1	0	0	7598	2300	539	42	-1	
4	1	476	1	1	0	7627	2300	510	42	-1	
5	1	476	1	1	1	7627	2300	200	42	14.119713	enter
5	1	476	1	1	2	7919	2300	207	42	0.000000	eeeeientens
5	1	476	1	1	3	8133	2313	4	25	81.398849	|
2	1	477	0	0	0	8455	2317	30	21	-1	
3	1	477	1	0	0	8455	2317	30	21	-1	
4	1	477	1	1	0	8455	2317	30	21	-1	
5	1	477	1	1	1	8455	2317	30	21	57.953499	“7
2	1	478	0	0	0	1264	2357	101	16	-1	
3	1	478	1	0	0	1264	2357	101	16	-1	
4	1	478	1	1	0	1264	2357	101	16	-1	
5	1	478	1	1	1	1264	2357	101	16	96.182907	generator
2	1	479	0	0	0	1403	2351	76	17	-1	
3	1	479	1	0	0	1403	2351	76	17	-1	
4	1	479	1	1	0	1403	2351	76	17	-1	
5	1	479	1	1	1	1403	2351	76	17	92.732323	discrim
2	1	480	0	0	0	1615	2341	100	19	-1	
3	1	480	1	0	0	1615	2341	100	19	-1	
4	1	480	1	1	0	1615	2341	100	19	-1	
5	1	480	1	1	1	1615	2341	48	17	96.153763	filter
5	1	480	1	1	2	1670	2343	45	17	96.153763	amp
2	1	481	0	0	0	1807	2333	24	37	-1	
3	1	481	1	0	0	1807	2333	24	37	-1	
4	1	481	1	1	0	1807	2333	24	37	-1	
5	1	481	1	1	1	1807	2333	24	37	70.142273	I,
2	1	482	0	0	0	3215	2319	159	48	-1	
3	1	482	1	0	0	3215	2319	159	48	-1	
4	1	482	1	1	0	3215	2319	159	48	-1	
5	1	482	1	1	1	3215	2338	9	29	89.128571	{
5	1	482	1	1	2	3243	2344	20	14	65.803589	ec
5	1	482	1	1	3	3287	2319	87	47	0.000000	pee
2	1	483	0	0	0	3420	2337	74	17	-1	
3	1	483	1	0	0	3420	2337	74	17	-1	
4	1	483	1	1	0	3420	2337	74	17	-1	
5	1	483	1	1	1	3420	2337	74	17	96.101601	control
2	1	484	0	0	0	4197	2352	17	14	-1	
3	1	484	1	0	0	4197	2352	17	14	-1	
4	1	484	1	1	0	4197	2352	17	14	-1	
5	1	484	1	1	1	4197	2352	17	14	46.633533	3)
2	1	485	0	0	0	5437	2340	23	14	-1	
3	1	485	1	0	0	5437	2340	23	14	-1	
4	1	485	1	1	0	5437	2340	23	14	-1	
5	1	485	1	1	1	5437	2340	23	14	96.254242	20
2	1	486	0	0	0	5759	2324	44	43	-1	
3	1	486	1	0	0	5759	2324	44	43	-1	
4	1	486	1	1	0	5759	2324	44	43	-1	
5	1	486	1	1	1	5759	2324	44	43	55.094360	63},
2	1	487	0	0	0	6642	2328	46	38	-1	
3	1	487	1	0	0	6642	2328	46	38	-1	
4	1	487	1	1	0	6642	2328	46	38	-1	
5	1	487	1	1	1	6642	2328	46	38	38.534752	ea
2	1	488	0	0	0	7598	2339	6	17	-1	
3	1	488	1	0	0	7598	2339	6	17	-1	
4	1	488	1	1	0	7598	2339	6	17	-1	
5	1	488	1	1	1	7598	2339	6	17	44.158169	i]
2	1	489	0	0	0	7808	2337	68	19	-1	
3	1	489	1	0	0	7808	2337	68	19	-1	
4	1	489	1	1	0	7808	2337	68	19	-1	
5	1	489	1	1	1	7808	2337	68	19	73.634552	1C831
2	1	490	0	0	0	1403	2377	44	16	-1	
3	1	490	1	0	0	1403	2377	44	16	-1	
4	1	490	1	1	0	1403	2377	44	16	-1	
5	1	490	1	1	1	1403	2377	44	16	96.014015	nate
2	1	491	0	0	0	2660	2379	90	15	-1	
3	1	491	1	0	0	2660	2379	90	15	-1	
4	1	491	1	1	0	2660	2379	90	15	-1	
5	1	491	1	1	1	2660	2379	90	15	92.137093	SUBCODE
2	1	492	0	0	0	6664	2380	23	14	-1	
3	1	492	1	0	0	6664	2380	23	14	-1	
4	1	492	1	1	0	6664	2380	23	14	-1	
5	1	492	1	1	1	6664	2380	23	14	95.106102	53
2	1	493	0	0	0	7598	2367	6	18	-1	
3	1	493	1	0	0	7598	2367	6	18	-1	
4	1	493	1	1	0	7598	2367	6	18	-1	
5	1	493	1	1	1	7598	2367	6	18	25.176811	'
2	1	494	0	0	0	808	2374	8	32	-1	
3	1	494	1	0	0	808	2374	8	32	-1	
4	1	494	1	1	0	808	2374	8	32	-1	
5	1	494	1	1	1	808	2374	8	32	30.752274	{
2	1	495	0	0	0	4215	2393	37	15	-1	
3	1	495	1	0	0	4215	2393	37	15	-1	
4	1	495	1	1	0	4215	2393	37	15	-1	
5	1	495	1	1	1	4215	2393	37	15	96.783463	RST
2	1	496	0	0	0	4312	2263	72	135	-1	
3	1	496	1	0	0	4312	2263	72	135	-1	
4	1	496	1	1	0	4312	2263	72	135	-1	
5	1	496	1	1	1	4312	2263	72	135	26.770393	|
2	1	497	0	0	0	4449	2377	199	54	-1	
3	1	497	1	0	0	4449	2377	199	54	-1	
4	1	497	1	1	0	4449	2377	199	54	-1	
5	1	497	1	1	1	4449	2393	38	15	60.203323	rst
5	1	497	1	1	2	4503	2377	145	54	0.000000	}—St*
2	1	498	0	0	0	4768	2362	207	43	-1	
3	1	498	1	0	0	4768	2362	207	43	-1	
4	1	498	1	1	0	4768	2362	207	43	-1	
5	1	498	1	1	1	4768	2358	62	72	53.440964	|]
5	1	498	1	1	2	4811	2362	164	64	53.440964	88
2	1	499	0	0	0	7598	2393	6	17	-1	
3	1	499	1	0	0	7598	2393	6	17	-1	
4	1	499	1	1	0	7598	2393	6	17	-1	
5	1	499	1	1	1	7598	2393	6	17	47.993160	i]
2	1	500	0	0	0	2700	2409	98	15	-1	
3	1	500	1	0	0	2700	2409	98	15	-1	
4	1	500	1	1	0	2700	2409	98	15	-1	
5	1	500	1	1	1	2700	2409	49	15	63.986050	suBc
5	1	500	1	1	2	2759	2411	39	9	56.959122	+—
2	1	501	0	0	0	3212	2413	49	15	-1	
3	1	501	1	0	0	3212	2413	49	15	-1	
4	1	501	1	1	0	3212	2413	49	15	-1	
5	1	501	1	1	1	3212	2413	49	15	92.431503	SUBC
2	1	502	0	0	0	5442	2410	16	14	-1	
3	1	502	1	0	0	5442	2410	16	14	-1	
4	1	502	1	1	0	5442	2410	16	14	-1	
5	1	502	1	1	1	5442	2410	16	14	88.457458	15
2	1	503	0	0	0	5760	2411	24	14	-1	
3	1	503	1	0	0	5760	2411	24	14	-1	
4	1	503	1	1	0	5760	2411	24	14	-1	
5	1	503	1	1	1	5760	2411	24	14	94.531754	64
2	1	504	0	0	0	7988	2380	98	62	-1	
3	1	504	1	0	0	7988	2380	98	62	-1	
4	1	504	1	1	0	7988	2380	98	62	-1	
5	1	504	1	1	1	7988	2380	98	62	9.890823	Po
2	1	505	0	0	0	808	2419	8	30	-1	
3	1	505	1	0	0	808	2419	8	30	-1	
4	1	505	1	1	0	808	2419	8	30	-1	
5	1	505	1	1	1	808	2419	8	30	44.809628	I
2	1	506	0	0	0	901	2414	190	100	-1	
3	1	506	1	0	0	901	2414	190	100	-1	
4	1	506	1	1	0	901	2414	190	100	-1	
5	1	506	1	1	1	901	2414	190	100	49.520355	i
2	1	507	0	0	0	1807	2409	74	47	-1	
3	1	507	1	0	0	1807	2409	74	47	-1	
4	1	507	1	1	0	1807	2409	74	47	-1	
5	1	507	1	1	1	1807	2409	74	47	51.535912	iL
2	1	508	0	0	0	2704	2445	101	15	-1	
3	1	508	1	0	0	2704	2445	101	15	-1	
4	1	508	1	1	0	2704	2445	101	15	-1	
5	1	508	1	1	1	2704	2445	49	15	90.239990	SBCK
5	1	508	1	1	2	2760	2450	45	10	43.310196	<—
2	1	509	0	0	0	3211	2450	50	15	-1	
3	1	509	1	0	0	3211	2450	50	15	-1	
4	1	509	1	1	0	3211	2450	50	15	-1	
5	1	509	1	1	1	3211	2450	50	15	91.761993	SBCK
2	1	510	0	0	0	3306	2319	195	175	-1	
3	1	510	1	0	0	3306	2319	195	175	-1	
4	1	510	1	1	0	3306	2319	195	175	-1	
5	1	510	1	1	1	3306	2319	195	175	25.323425	in
2	1	511	0	0	0	3401	2228	363	267	-1	
3	1	511	1	0	0	3401	2228	363	267	-1	
4	1	511	1	1	0	3401	2228	363	267	-1	
5	1	511	1	1	1	3401	2257	157	197	20.269249	PR
5	1	511	1	1	2	3649	2228	115	267	28.519508	re
2	1	512	0	0	0	6040	2276	228	168	-1	
3	1	512	1	0	0	6040	2276	228	168	-1	
4	1	512	1	1	0	6040	2276	228	168	-1	
5	1	512	1	1	1	6040	2276	228	168	50.485779	Le
2	1	513	0	0	0	6665	2446	24	13	-1	
3	1	513	1	0	0	6665	2446	24	13	-1	
4	1	513	1	1	0	6665	2446	24	13	-1	
5	1	513	1	1	1	6665	2446	24	13	95.461868	54
2	1	514	0	0	0	7598	2445	6	16	-1	
3	1	514	1	0	0	7598	2445	6	16	-1	
4	1	514	1	1	0	7598	2445	6	16	-1	
5	1	514	1	1	1	7598	2445	6	16	41.450352	‘
2	1	515	0	0	0	3947	2425	96	65	-1	
3	1	515	1	0	0	3947	2425	96	65	-1	
4	1	515	1	1	0	3947	2425	96	65	-1	
5	1	515	1	1	1	3947	2439	37	22	84.938850	Dg
5	1	515	1	1	2	4008	2425	35	65	22.322784	TI
2	1	516	0	0	0	5420	2446	37	26	-1	
3	1	516	1	0	0	5420	2446	37	26	-1	
4	1	516	1	1	0	5420	2446	37	26	-1	
5	1	516	1	1	1	5420	2446	37	26	62.609463	Vig
2	1	517	0	0	0	5759	2454	23	14	-1	
3	1	517	1	0	0	5759	2454	23	14	-1	
4	1	517	1	1	0	5759	2454	23	14	-1	
5	1	517	1	1	1	5759	2454	23	14	95.302879	52
2	1	518	0	0	0	5771	2466	57	16	-1	
3	1	518	1	0	0	5771	2466	57	16	-1	
4	1	518	1	1	0	5771	2466	57	16	-1	
5	1	518	1	1	1	5771	2466	57	16	0.000000	—O—-
2	1	519	0	0	0	6852	2443	319	29	-1	
3	1	519	1	0	0	6852	2443	319	29	-1	
4	1	519	1	1	0	6852	2443	319	29	-1	
5	1	519	1	1	1	6852	2443	67	28	95.676086	D/A
5	1	519	1	1	2	6932	2443	239	29	95.834419	CONVERTER
2	1	520	0	0	0	666	2482	80	22	-1	
3	1	520	1	0	0	666	2482	80	22	-1	
4	1	520	1	1	0	666	2482	80	22	-1	
5	1	520	1	1	1	666	2482	80	22	95.671249	Spindle
2	1	521	0	0	0	3804	2482	11	11	-1	
3	1	521	1	0	0	3804	2482	11	11	-1	
4	1	521	1	1	0	3804	2482	11	11	-1	
5	1	521	1	1	1	3804	2482	11	11	19.968254	Oo
2	1	522	0	0	0	3903	2483	42	11	-1	
3	1	522	1	0	0	3903	2483	42	11	-1	
4	1	522	1	1	0	3903	2483	42	11	-1	
5	1	522	1	1	1	3903	2483	42	11	5.952377	OmO
2	1	523	0	0	0	3981	2483	41	12	-1	
3	1	523	1	0	0	3981	2483	41	12	-1	
4	1	523	1	1	0	3981	2483	41	12	-1	
5	1	523	1	1	1	3981	2483	41	12	37.640308	Om)
2	1	524	0	0	0	4039	2483	12	11	-1	
3	1	524	1	0	0	4039	2483	12	11	-1	
4	1	524	1	1	0	4039	2483	12	11	-1	
5	1	524	1	1	1	4039	2483	12	11	44.250645	‘e
2	1	525	0	0	0	4066	2445	125	49	-1	
3	1	525	1	0	0	4066	2445	125	49	-1	
4	1	525	1	1	0	4066	2445	125	49	-1	
5	1	525	1	1	1	4066	2445	125	49	25.459976	bid
2	1	526	0	0	0	6920	2488	220	20	-1	
3	1	526	1	0	0	6920	2488	220	20	-1	
4	1	526	1	1	0	6920	2488	220	20	-1	
5	1	526	1	1	1	6920	2488	220	20	0.000000	erro
5	1	526	1	1	2	7088	2475	57	37	0.000000	-4
2	1	527	0	0	0	7598	2464	539	32	-1	
3	1	527	1	0	0	7598	2464	539	32	-1	
4	1	527	1	1	0	7598	2464	539	32	-1	
5	1	527	1	1	1	7598	2470	217	25	28.366829	LA.
5	1	527	1	1	2	7840	2484	60	12	28.366829	4.
5	1	527	1	1	3	7887	2460	26	43	54.549873	%
5	1	527	1	1	4	7932	2464	205	32	0.000000	4.
5	1	527	1	1	5	8056	2460	47	43	27.340401	~~
5	1	527	1	1	6	8117	2460	22	43	27.340401	J
2	1	528	0	0	0	666	2508	106	17	-1	
3	1	528	1	0	0	666	2508	106	17	-1	
4	1	528	1	1	0	666	2508	106	17	-1	
5	1	528	1	1	1	666	2509	62	16	96.657501	motor
5	1	528	1	1	2	736	2508	36	17	96.801018	coil
2	1	529	0	0	0	3376	2478	94	47	-1	
3	1	529	1	0	0	3376	2478	94	47	-1	
4	1	529	1	1	0	3376	2478	94	47	-1	
5	1	529	1	1	1	3376	2478	94	47	27.284821	med
2	1	530	0	0	0	3589	2485	43	30	-1	
3	1	530	1	0	0	3589	2485	43	30	-1	
4	1	530	1	1	0	3589	2485	43	30	-1	
5	1	530	1	1	1	3589	2485	43	30	59.367367	a7
2	1	531	0	0	0	3690	2485	42	36	-1	
3	1	531	1	0	0	3690	2485	42	36	-1	
4	1	531	1	1	0	3690	2485	42	36	-1	
5	1	531	1	1	1	3690	2485	42	36	38.854679	ms
2	1	532	0	0	0	3724	2413	63	102	-1	
3	1	532	1	0	0	3724	2413	63	102	-1	
4	1	532	1	1	0	3724	2413	63	102	-1	
5	1	532	1	1	1	3724	2413	63	102	6.502876	h
2	1	533	0	0	0	3823	2501	76	17	-1	
3	1	533	1	0	0	3823	2501	76	17	-1	
4	1	533	1	1	0	3823	2501	76	17	-1	
5	1	533	1	1	1	3823	2501	24	15	75.410233	20]
5	1	533	1	1	2	3876	2503	23	15	96.251320	25
2	1	534	0	0	0	3998	2503	92	17	-1	
3	1	534	1	0	0	3998	2503	92	17	-1	
4	1	534	1	1	0	3998	2503	92	17	-1	
5	1	534	1	1	1	3998	2499	49	30	34.642075	617]
5	1	534	1	1	2	4054	2506	36	14	34.642075	el
2	1	535	0	0	0	5420	2497	43	28	-1	
3	1	535	1	0	0	5420	2497	43	28	-1	
4	1	535	1	1	0	5420	2497	43	28	-1	
5	1	535	1	1	1	5420	2497	8	22	0.000000	I
5	1	535	1	1	2	5440	2510	23	15	0.000000	37
2	1	536	0	0	0	6645	2496	42	17	-1	
3	1	536	1	0	0	6645	2496	42	17	-1	
4	1	536	1	1	0	6645	2496	42	17	-1	
5	1	536	1	1	1	6645	2496	42	17	74.756355	P27
2	1	537	0	0	0	6884	2509	6	17	-1	
3	1	537	1	0	0	6884	2509	6	17	-1	
4	1	537	1	1	0	6884	2509	6	17	-1	
5	1	537	1	1	1	6884	2509	6	17	37.455368	i]
2	1	538	0	0	0	7031	2505	75	21	-1	
3	1	538	1	0	0	7031	2505	75	21	-1	
4	1	538	1	1	0	7031	2505	75	21	-1	
5	1	538	1	1	1	7031	2505	75	21	55.032749	1C823
2	1	539	0	0	0	7250	2514	102	14	-1	
3	1	539	1	0	0	7250	2514	102	14	-1	
4	1	539	1	1	0	7250	2514	102	14	-1	
5	1	539	1	1	1	7250	2514	102	14	63.003975	1C825,827
2	1	540	0	0	0	1808	2515	34	36	-1	
3	1	540	1	0	0	1808	2515	34	36	-1	
4	1	540	1	1	0	1808	2515	34	36	-1	
5	1	540	1	1	1	1808	2515	34	36	74.377396	Lis
2	1	541	0	0	0	3805	2545	14	11	-1	
3	1	541	1	0	0	3805	2545	14	11	-1	
4	1	541	1	1	0	3805	2545	14	11	-1	
5	1	541	1	1	1	3805	2545	14	11	5.490952	is)
2	1	542	0	0	0	3805	2532	14	10	-1	
3	1	542	1	0	0	3805	2532	14	10	-1	
4	1	542	1	1	0	3805	2532	14	10	-1	
5	1	542	1	1	1	3805	2532	14	10	43.452370	se
2	1	543	0	0	0	5437	2541	23	14	-1	
3	1	543	1	0	0	5437	2541	23	14	-1	
4	1	543	1	1	0	5437	2541	23	14	-1	
5	1	543	1	1	1	5437	2541	23	14	95.871986	34
2	1	544	0	0	0	6501	2511	136	29	-1	
3	1	544	1	0	0	6501	2511	136	29	-1	
4	1	544	1	1	0	6501	2511	136	29	-1	
5	1	544	1	1	1	6501	2511	136	29	38.175285	ee
2	1	545	0	0	0	7134	2538	6	16	-1	
3	1	545	1	0	0	7134	2538	6	16	-1	
4	1	545	1	1	0	7134	2538	6	16	-1	
5	1	545	1	1	1	7134	2538	6	16	26.517036	'
2	1	546	0	0	0	1210	2550	28	18	-1	
3	1	546	1	0	0	1210	2550	28	18	-1	
4	1	546	1	1	0	1210	2550	28	18	-1	
5	1	546	1	1	1	1210	2550	28	18	35.965439	I-V
2	1	547	0	0	0	3779	2560	14	10	-1	
3	1	547	1	0	0	3779	2560	14	10	-1	
4	1	547	1	1	0	3779	2560	14	10	-1	
5	1	547	1	1	1	3779	2560	14	10	73.782806	7)
2	1	548	0	0	0	3805	2560	13	13	-1	
3	1	548	1	0	0	3805	2560	13	13	-1	
4	1	548	1	1	0	3805	2560	13	13	-1	
5	1	548	1	1	1	3805	2560	13	13	95.928192	=
2	1	549	0	0	0	4136	2549	53	15	-1	
3	1	549	1	0	0	4136	2549	53	15	-1	
4	1	549	1	1	0	4136	2549	53	15	-1	
5	1	549	1	1	1	4136	2549	53	15	95.928696	STAT
2	1	550	0	0	0	4601	2406	470	195	-1	
3	1	550	1	0	0	4601	2406	470	195	-1	
4	1	550	1	1	0	4601	2406	470	195	-1	
5	1	550	1	1	1	4573	2339	36	222	0.000000	T
5	1	550	1	1	2	4689	2339	382	262	24.550583	[ie
2	1	551	0	0	0	4828	2553	11	11	-1	
3	1	551	1	0	0	4828	2553	11	11	-1	
4	1	551	1	1	0	4828	2553	11	11	-1	
5	1	551	1	1	1	4828	2553	11	11	75.425697	O
2	1	552	0	0	0	5124	2556	74	23	-1	
3	1	552	1	0	0	4831	2533	367	48	-1	
4	1	552	1	1	0	5124	2556	74	23	-1	
5	1	552	1	1	1	5124	2556	74	23	87.019287	Timing
2	1	553	0	0	0	6862	2559	9	14	-1	
3	1	553	1	0	0	6862	2559	9	14	-1	
4	1	553	1	1	0	6862	2559	9	14	-1	
5	1	553	1	1	1	6862	2559	9	14	96.669403	3
2	1	554	0	0	0	6951	2553	74	18	-1	
3	1	554	1	0	0	6951	2553	74	18	-1	
4	1	554	1	1	0	6951	2553	74	18	-1	
5	1	554	1	1	1	6951	2553	74	18	96.637924	Ladder
2	1	555	0	0	0	789	2563	27	33	-1	
3	1	555	1	0	0	789	2563	27	33	-1	
4	1	555	1	1	0	789	2563	27	33	-1	
5	1	555	1	1	1	789	2563	27	33	67.309052	gl
2	1	556	0	0	0	1209	2579	45	17	-1	
3	1	556	1	0	0	1209	2579	45	17	-1	
4	1	556	1	1	0	1209	2579	45	17	-1	
5	1	556	1	1	1	1209	2579	45	17	96.937355	amp
2	1	557	0	0	0	1827	2570	17	14	-1	
3	1	557	1	0	0	1827	2570	17	14	-1	
4	1	557	1	1	0	1827	2570	17	14	-1	
5	1	557	1	1	1	1827	2570	17	14	89.357002	17
2	1	558	0	0	0	3779	2574	14	11	-1	
3	1	558	1	0	0	3779	2574	14	11	-1	
4	1	558	1	1	0	3779	2574	14	11	-1	
5	1	558	1	1	1	3779	2574	14	11	22.508621	°
2	1	559	0	0	0	3805	2576	13	10	-1	
3	1	559	1	0	0	3805	2576	13	10	-1	
4	1	559	1	1	0	3805	2576	13	10	-1	
5	1	559	1	1	1	3805	2576	13	10	68.479736	ao
2	1	560	0	0	0	5125	2584	103	19	-1	
3	1	560	1	0	0	5125	2584	103	19	-1	
4	1	560	1	1	0	5125	2584	103	19	-1	
5	1	560	1	1	1	5125	2584	103	19	90.070114	generator
2	1	561	0	0	0	5436	2585	22	15	-1	
3	1	561	1	0	0	5436	2585	22	15	-1	
4	1	561	1	1	0	5436	2585	22	15	-1	
5	1	561	1	1	1	5436	2585	22	15	96.507904	28
2	1	562	0	0	0	6645	2572	43	17	-1	
3	1	562	1	0	0	6645	2572	43	17	-1	
4	1	562	1	1	0	6645	2572	43	17	-1	
5	1	562	1	1	1	6645	2572	43	17	74.823814	937
2	1	563	0	0	0	6951	2579	79	17	-1	
3	1	563	1	0	0	6951	2579	79	17	-1	
4	1	563	1	1	0	6951	2579	79	17	-1	
5	1	563	1	1	1	6951	2579	79	17	96.090088	resistor
2	1	564	0	0	0	7134	2560	37	22	-1	
3	1	564	1	0	0	7134	2560	37	22	-1	
4	1	564	1	1	0	7134	2560	37	22	-1	
5	1	564	1	1	1	7134	2560	37	22	40.408497	03
2	1	565	0	0	0	1081	2589	85	22	-1	
3	1	565	1	0	0	1081	2589	85	22	-1	
4	1	565	1	1	0	1081	2589	85	22	-1	
5	1	565	1	1	1	1081	2589	85	22	91.918877	Compa-
2	1	566	0	0	0	3404	2526	109	97	-1	
3	1	566	1	0	0	3404	2526	109	97	-1	
4	1	566	1	1	0	3404	2526	109	97	-1	
5	1	566	1	1	1	3404	2526	109	97	23.374931	it
2	1	567	0	0	0	4099	2597	69	15	-1	
3	1	567	1	0	0	4099	2597	69	15	-1	
4	1	567	1	1	0	4099	2597	69	15	-1	
5	1	567	1	1	1	4099	2597	69	15	91.309357	MDATA
2	1	568	0	0	0	4444	2591	69	15	-1	
3	1	568	1	0	0	4444	2591	69	15	-1	
4	1	568	1	1	0	4444	2591	69	15	-1	
5	1	568	1	1	1	4444	2591	69	15	92.348549	MDATA
2	1	569	0	0	0	4572	2581	136	46	-1	
3	1	569	1	0	0	4572	2581	136	46	-1	
4	1	569	1	1	0	4572	2581	136	46	-1	
5	1	569	1	1	1	4572	2581	23	38	43.518314	33
5	1	569	1	1	2	4599	2593	49	34	49.091064	x
5	1	569	1	1	3	4661	2601	47	18	95.892395	CPU
2	1	570	0	0	0	6645	2600	47	15	-1	
3	1	570	1	0	0	6645	2600	47	15	-1	
4	1	570	1	1	0	6645	2600	47	15	-1	
5	1	570	1	1	1	6645	2600	47	15	49.931381	047
2	1	571	0	0	0	6870	2605	9	14	-1	
3	1	571	1	0	0	6870	2605	9	14	-1	
4	1	571	1	1	0	6870	2605	9	14	-1	
5	1	571	1	1	1	6870	2605	9	14	95.796059	5
2	1	572	0	0	0	6950	2603	85	18	-1	
3	1	572	1	0	0	6950	2603	85	18	-1	
4	1	572	1	1	0	6950	2603	85	18	-1	
5	1	572	1	1	1	6950	2603	85	18	0.000000	network]
2	1	573	0	0	0	8256	2604	102	19	-1	
3	1	573	1	0	0	8256	2604	102	19	-1	
4	1	573	1	1	0	8256	2604	102	19	-1	
5	1	573	1	1	1	8256	2604	102	19	26.049553	CLASS-A;
2	1	574	0	0	0	1081	2615	50	16	-1	
3	1	574	1	0	0	1081	2615	50	16	-1	
4	1	574	1	1	0	1081	2615	50	16	-1	
5	1	574	1	1	1	1081	2615	50	16	93.023590	rator
2	1	575	0	0	0	1803	2623	43	21	-1	
3	1	575	1	0	0	1803	2623	43	21	-1	
4	1	575	1	1	0	1803	2623	43	21	-1	
5	1	575	1	1	1	1803	2623	43	21	58.139610	616
2	1	576	0	0	0	4081	2624	54	14	-1	
3	1	576	1	0	0	4081	2624	54	14	-1	
4	1	576	1	1	0	4081	2624	54	14	-1	
5	1	576	1	1	1	4081	2624	54	14	91.592720	MCLK
2	1	577	0	0	0	4446	2617	52	14	-1	
3	1	577	1	0	0	4446	2617	52	14	-1	
4	1	577	1	1	0	4446	2617	52	14	-1	
5	1	577	1	1	1	4446	2617	52	14	91.508934	MCLK
2	1	578	0	0	0	4589	2612	165	44	-1	
3	1	578	1	0	0	4589	2612	165	44	-1	
4	1	578	1	1	0	4589	2612	165	44	-1	
5	1	578	1	1	1	4589	2612	62	44	56.204185	nad
5	1	578	1	1	2	4661	2619	93	32	96.849678	interface
2	1	579	0	0	0	6856	2634	16	14	-1	
3	1	579	1	0	0	6856	2634	16	14	-1	
4	1	579	1	1	0	6856	2634	16	14	-1	
5	1	579	1	1	1	6856	2634	16	14	93.261421	18
2	1	580	0	0	0	7134	2620	6	15	-1	
3	1	580	1	0	0	7134	2620	6	15	-1	
4	1	580	1	1	0	7134	2620	6	15	-1	
5	1	580	1	1	1	7134	2620	6	15	33.822327	i]
2	1	581	0	0	0	8256	2630	66	17	-1	
3	1	581	1	0	0	8256	2630	66	17	-1	
4	1	581	1	1	0	8256	2630	66	17	-1	
5	1	581	1	1	1	8256	2630	66	17	95.509079	Buffer
2	1	582	0	0	0	8649	2592	80	43	-1	
3	1	582	1	0	0	8649	2592	80	43	-1	
4	1	582	1	1	0	8649	2592	80	43	-1	
5	1	582	1	1	1	8649	2592	33	43	36.616425	©)
5	1	582	1	1	2	8692	2613	37	15	86.152435	Reh
2	1	583	0	0	0	3642	2598	182	69	-1	
3	1	583	1	0	0	3642	2598	182	69	-1	
4	1	583	1	1	0	3642	2598	182	69	-1	
5	1	583	1	1	1	3642	2598	182	69	65.655571	—
2	1	584	0	0	0	4066	2650	39	15	-1	
3	1	584	1	0	0	4066	2650	39	15	-1	
4	1	584	1	1	0	4066	2650	39	15	-1	
5	1	584	1	1	1	4066	2650	39	15	95.826378	MLD
2	1	585	0	0	0	4451	2647	39	15	-1	
3	1	585	1	0	0	4451	2647	39	15	-1	
4	1	585	1	1	0	4451	2647	39	15	-1	
5	1	585	1	1	1	4451	2647	39	15	86.678810	MLD
2	1	586	0	0	0	5790	2628	7	28	-1	
3	1	586	1	0	0	5790	2628	144	42	-1	
4	1	586	1	1	0	5790	2628	7	28	-1	
5	1	586	1	1	1	5790	2628	7	28	14.353943	!
2	1	587	0	0	0	6646	2629	44	22	-1	
3	1	587	1	0	0	6646	2629	44	22	-1	
4	1	587	1	1	0	6646	2629	44	22	-1	
5	1	587	1	1	1	6646	2629	44	22	20.452202	748
2	1	588	0	0	0	7134	2643	6	15	-1	
3	1	588	1	0	0	7134	2643	6	15	-1	
4	1	588	1	1	0	7134	2643	6	15	-1	
5	1	588	1	1	1	7134	2643	6	15	34.985878	i]
2	1	589	0	0	0	7591	2537	269	130	-1	
3	1	589	1	0	0	7591	2537	269	130	-1	
4	1	589	1	1	0	7591	2537	269	130	-1	
5	1	589	1	1	1	7591	2537	269	130	40.248741	as
2	1	590	0	0	0	872	2519	190	162	-1	
3	1	590	1	0	0	872	2519	190	162	-1	
4	1	590	1	1	0	872	2519	190	162	-1	
5	1	590	1	1	1	872	2519	190	162	27.111145	PIE
2	1	591	0	0	0	1756	2642	87	36	-1	
3	1	591	1	0	0	1756	2642	87	36	-1	
4	1	591	1	1	0	1756	2642	87	36	-1	
5	1	591	1	1	1	1756	2642	87	36	56.071190	Tis
2	1	592	0	0	0	6646	2659	44	19	-1	
3	1	592	1	0	0	6646	2659	44	19	-1	
4	1	592	1	1	0	6646	2659	44	19	-1	
5	1	592	1	1	1	6646	2659	44	19	74.265198	950
2	1	593	0	0	0	6884	2666	257	16	-1	
3	1	593	1	0	0	6884	2666	257	16	-1	
4	1	593	1	1	0	6884	2666	257	16	-1	
5	1	593	1	1	1	6884	2666	16	16	37.952770	a
5	1	593	1	1	2	6918	2662	16	29	32.818741	ee
5	1	593	1	1	3	6943	2666	198	16	35.749138	eee
5	1	593	1	1	4	7022	2662	42	29	24.903915	ee
5	1	593	1	1	5	7075	2662	18	29	29.337532	ee
5	1	593	1	1	6	7102	2662	42	29	31.387146	ad
2	1	594	0	0	0	6645	2690	37	17	-1	
3	1	594	1	0	0	6645	2690	37	17	-1	
4	1	594	1	1	0	6645	2690	37	17	-1	
5	1	594	1	1	1	6645	2690	37	17	63.244335	O51
2	1	595	0	0	0	8273	2699	62	14	-1	
3	1	595	1	0	0	8273	2699	62	14	-1	
4	1	595	1	1	0	8273	2699	62	14	-1	
5	1	595	1	1	1	8273	2699	62	14	41.761631	1c829
2	1	596	0	0	0	1885	2707	85	17	-1	
3	1	596	1	0	0	1885	2707	85	17	-1	
4	1	596	1	1	0	1885	2707	85	17	-1	
5	1	596	1	1	1	1885	2707	85	17	96.846718	Position
2	1	597	0	0	0	4637	2705	791	17	-1	
3	1	597	1	0	0	4637	2705	791	17	-1	
4	1	597	1	1	0	4637	2705	791	17	-1	
5	1	597	1	1	1	4633	2700	32	32	51.397190	om
5	1	597	1	1	2	4681	2700	22	32	21.979446	ee
5	1	597	1	1	3	4713	2700	27	32	38.015320	oe
5	1	597	1	1	4	4753	2700	19	32	32.034729	ee
5	1	597	1	1	5	4785	2700	22	32	39.657944	es
5	1	597	1	1	6	4841	2700	40	32	42.831665	es
5	1	597	1	1	7	4897	2700	27	32	52.255436	es
5	1	597	1	1	8	4937	2700	24	32	38.376480	ee
5	1	597	1	1	9	4977	2712	59	10	57.106552	ee
5	1	597	1	1	10	5054	2713	62	9	44.225502	ee
5	1	597	1	1	11	5131	2700	28	32	44.574402	ee
5	1	597	1	1	12	5174	2700	30	32	43.322533	ee
5	1	597	1	1	13	5217	2700	24	32	43.322533	ee
5	1	597	1	1	14	5259	2700	28	32	41.901340	ee
5	1	597	1	1	15	5302	2700	30	32	47.598782	oe
5	1	597	1	1	16	5345	2700	24	32	40.122757	oe
5	1	597	1	1	17	5379	2700	25	32	29.908653	oe
2	1	598	0	0	0	8455	2706	32	17	-1	
3	1	598	1	0	0	8455	2706	32	17	-1	
4	1	598	1	1	0	8455	2706	32	17	-1	
5	1	598	1	1	1	8455	2706	32	17	64.264145	-4
2	1	599	0	0	0	1884	2732	89	17	-1	
3	1	599	1	0	0	1884	2732	89	17	-1	
4	1	599	1	1	0	1884	2732	89	17	-1	
5	1	599	1	1	1	1884	2732	89	17	96.396751	detector
2	1	600	0	0	0	5790	2736	864	25	-1	
3	1	600	1	0	0	5790	2736	864	25	-1	
4	1	600	1	1	0	5790	2736	864	25	-1	
5	1	600	1	1	1	5786	2732	41	37	45.444794	be
5	1	600	1	1	2	5850	2750	116	10	49.063858	ee
5	1	600	1	1	3	6085	2750	119	10	45.178680	ee
5	1	600	1	1	4	6263	2749	97	10	49.892292	eee
5	1	600	1	1	5	6381	2750	62	9	39.962448	ee
5	1	600	1	1	6	6464	2736	190	22	48.994713	ee
5	1	600	1	1	7	6596	2732	23	37	34.481079	ee
2	1	601	0	0	0	1823	2770	17	14	-1	
3	1	601	1	0	0	1823	2770	17	14	-1	
4	1	601	1	1	0	1823	2770	17	14	-1	
5	1	601	1	1	1	1823	2770	17	14	57.097591	19
2	1	602	0	0	0	8102	2767	93	15	-1	
3	1	602	1	0	0	8102	2767	93	15	-1	
4	1	602	1	1	0	8102	2767	93	15	-1	
5	1	602	1	1	1	8102	2767	93	15	91.486572	SUBCODE
2	1	603	0	0	0	8240	2821	52	15	-1	
3	1	603	1	0	0	8240	2821	52	15	-1	
4	1	603	1	1	0	8240	2821	52	15	-1	
5	1	603	1	1	1	8240	2821	52	15	86.633362	Q822
2	1	604	0	0	0	807	2851	82	26	-1	
3	1	604	1	0	0	807	2851	82	26	-1	
4	1	604	1	1	0	807	2851	82	26	-1	
5	1	604	1	1	1	807	2851	82	26	0.648895	LW
2	1	605	0	0	0	1087	2870	71	7	-1	
3	1	605	1	0	0	1087	2870	71	7	-1	
4	1	605	1	1	0	1087	2870	71	7	-1	
5	1	605	1	1	1	1087	2870	71	7	35.529938	ed
2	1	606	0	0	0	1339	2838	476	48	-1	
3	1	606	1	0	0	1339	2838	476	48	-1	
4	1	606	1	1	0	1339	2838	476	48	-1	
5	1	606	1	1	1	1339	2838	204	48	14.175797	—-———_—
5	1	606	1	1	2	1679	2838	136	48	22.865372	dS
2	1	607	0	0	0	2553	2840	181	30	-1	
3	1	607	1	0	0	2553	2840	181	30	-1	
4	1	607	1	1	0	2553	2840	181	30	-1	
5	1	607	1	1	1	2553	2852	31	18	88.424316	+B
5	1	607	1	1	2	2602	2840	132	30	31.555733	>—00
2	1	608	0	0	0	7206	2860	45	15	-1	
3	1	608	1	0	0	7206	2860	45	15	-1	
4	1	608	1	1	0	7206	2860	45	15	-1	
5	1	608	1	1	1	7206	2860	45	15	0.000000	Q821
2	1	609	0	0	0	888	2882	17	15	-1	
3	1	609	1	0	0	888	2882	17	15	-1	
4	1	609	1	1	0	888	2882	17	15	-1	
5	1	609	1	1	1	888	2882	17	15	48.041195	Ke)
2	1	610	0	0	0	2665	2879	86	21	-1	
3	1	610	1	0	0	2665	2879	86	21	-1	
4	1	610	1	1	0	2665	2879	86	21	-1	
5	1	610	1	1	1	2665	2879	86	21	96.944328	(PITCH)
2	1	611	0	0	0	903	2929	20	15	-1	
3	1	611	1	0	0	903	2929	20	15	-1	
4	1	611	1	1	0	903	2929	20	15	-1	
5	1	611	1	1	1	903	2929	20	15	90.719284	-B
2	1	612	0	0	0	947	2883	47	61	-1	
3	1	612	1	0	0	947	2883	47	61	-1	
4	1	612	1	1	0	947	2883	47	61	-1	
5	1	612	1	1	1	947	2883	47	61	19.940117	wt
2	1	613	0	0	0	1026	2928	21	15	-1	
3	1	613	1	0	0	1026	2928	21	15	-1	
4	1	613	1	1	0	1026	2928	21	15	-1	
5	1	613	1	1	1	1026	2928	21	15	92.834862	-B
2	1	614	0	0	0	2735	2919	135	18	-1	
3	1	614	1	0	0	2735	2919	135	18	-1	
4	1	614	1	1	0	2735	2919	135	18	-1	
5	1	614	1	1	1	2735	2919	80	18	96.423714	16.9344
5	1	614	1	1	2	2824	2919	46	17	96.670982	MHz
2	1	615	0	0	0	6956	2879	144	69	-1	
3	1	615	1	0	0	6956	2879	144	69	-1	
4	1	615	1	1	0	6956	2879	144	69	-1	
5	1	615	1	1	1	6956	2879	12	69	0.000000	}
5	1	615	1	1	2	6979	2883	98	61	34.679817	switning
5	1	615	1	1	3	7088	2879	12	69	77.454849	|
2	1	616	0	0	0	1273	2959	20	15	-1	
3	1	616	1	0	0	1273	2959	20	15	-1	
4	1	616	1	1	0	1273	2959	20	15	-1	
5	1	616	1	1	1	1273	2959	20	15	91.424759	-B
2	1	617	0	0	0	7174	2966	30	25	-1	
3	1	617	1	0	0	7174	2966	30	25	-1	
4	1	617	1	1	0	7174	2966	30	25	-1	
5	1	617	1	1	1	7174	2966	30	25	39.887764	tf
2	1	618	0	0	0	7125	2972	41	41	-1	
3	1	618	1	0	0	7125	2972	41	41	-1	
4	1	618	1	1	0	7125	2972	41	41	-1	
5	1	618	1	1	1	7125	2972	41	41	71.264099	@)
2	1	619	0	0	0	7190	2995	84	17	-1	
3	1	619	1	0	0	7190	2995	84	17	-1	
4	1	619	1	1	0	7190	2995	84	17	-1	
5	1	619	1	1	1	7190	2995	84	17	96.092598	emphasis
2	1	620	0	0	0	7172	3043	20	14	-1	
3	1	620	1	0	0	7172	3043	20	14	-1	
4	1	620	1	1	0	7172	3043	20	14	-1	
5	1	620	1	1	1	7172	3043	20	14	91.252800	+B
2	1	621	0	0	0	8694	3170	252	29	-1	
3	1	621	1	0	0	8694	3170	252	29	-1	
4	1	621	1	1	0	8694	3170	252	29	-1	
5	1	621	1	1	1	8694	3171	109	26	96.527115	Printed
5	1	621	1	1	2	8816	3176	25	18	95.783875	in
5	1	621	1	1	3	8853	3170	93	29	95.783875	Japan
2	1	622	0	0	0	8688	3210	262	33	-1	
3	1	622	1	0	0	8688	3210	262	33	-1	
4	1	622	1	1	0	8688	3210	262	33	-1	
5	1	622	1	1	1	8688	3212	163	27	95.172325	861009500
5	1	622	1	1	2	8861	3210	33	33	94.642128	©
5	1	622	1	1	3	8905	3212	45	25	95.457588	HS
2	1	623	0	0	0	1017	3234	133	26	-1	
3	1	623	1	0	0	1017	3234	133	26	-1	
4	1	623	1	1	0	1017	3234	133	26	-1	
5	1	623	1	1	1	1017	3248	30	3	77.176308	—
5	1	623	1	1	2	1066	3234	84	26	90.828064	67
5	1	623	1	1	3	1125	3220	27	45	90.828064	—
2	1	624	0	0	0	7846	3225	133	25	-1	
3	1	624	1	0	0	7846	3225	133	25	-1	
4	1	624	1	1	0	7846	3225	133	25	-1	
5	1	624	1	1	1	7846	3238	30	4	86.205681	—
5	1	624	1	1	2	7895	3225	84	25	85.842720	70
5	1	624	1	1	3	7954	3211	27	45	85.842720	—
